======================================================
 量子ハンター (永続キャッシュ・等差アクセル総力戦仕様) Step: 0.01
 Device: cuda | Seed: 42 | Base LR: 1e-05
======================================================

Epoch    1 | Cost: 1.105812 | Acc: 38.89% (Best: 38.89% @ Ep1) | LR: 0.000010 | Rev: 0/99999
Epoch    2 | Cost: 1.102104 | Acc: 38.89% (Best: 38.89% @ Ep1) | LR: 0.000010 | Rev: 0/99999
Epoch    3 | Cost: 1.107047 | Acc: 38.89% (Best: 38.89% @ Ep1) | LR: 0.000010 | Rev: 1/99999
Epoch    4 | Cost: 1.099572 | Acc: 38.89% (Best: 38.89% @ Ep1) | LR: 0.000010 | Rev: 0/99999
Epoch    5 | Cost: 1.107985 | Acc: 38.89% (Best: 38.89% @ Ep1) | LR: 0.000010 | Rev: 1/99999
Epoch    6 | Cost: 1.104788 | Acc: 38.89% (Best: 38.89% @ Ep1) | LR: 0.000010 | Rev: 0/99999
Epoch    7 | Cost: 1.101658 | Acc: 38.89% (Best: 38.89% @ Ep1) | LR: 0.000010 | Rev: 0/99999
Epoch    8 | Cost: 1.105390 | Acc: 38.89% (Best: 38.89% @ Ep1) | LR: 0.000010 | Rev: 1/99999
Epoch    9 | Cost: 1.103118 | Acc: 38.89% (Best: 38.89% @ Ep1) | LR: 0.000010 | Rev: 0/99999
Epoch   10 | Cost: 1.104360 | Acc: 38.89% (Best: 38.89% @ Ep1) | LR: 0.000010 | Rev: 1/99999
Epoch   11 | Cost: 1.102923 | Acc: 38.89% (Best: 38.89% @ Ep1) | LR: 0.000010 | Rev: 0/99999
Epoch   12 | Cost: 1.099681 | Acc: 38.89% (Best: 38.89% @ Ep1) | LR: 0.000010 | Rev: 0/99999
Epoch   13 | Cost: 1.105069 | Acc: 38.89% (Best: 38.89% @ Ep1) | LR: 0.000010 | Rev: 1/99999
Epoch   14 | Cost: 1.107780 | Acc: 38.89% (Best: 38.89% @ Ep1) | LR: 0.000010 | Rev: 2/99999
Epoch   15 | Cost: 1.108288 | Acc: 38.89% (Best: 38.89% @ Ep1) | LR: 0.000010 | Rev: 3/99999
Epoch   16 | Cost: 1.100684 | Acc: 38.89% (Best: 38.89% @ Ep1) | LR: 0.000010 | Rev: 0/99999
Epoch   17 | Cost: 1.097979 | Acc: 38.89% (Best: 38.89% @ Ep1) | LR: 0.000010 | Rev: 0/99999
Epoch   18 | Cost: 1.099789 | Acc: 38.89% (Best: 38.89% @ Ep1) | LR: 0.000010 | Rev: 1/99999
Epoch   19 | Cost: 1.099327 | Acc: 38.89% (Best: 38.89% @ Ep1) | LR: 0.000010 | Rev: 0/99999
Epoch   20 | Cost: 1.098103 | Acc: 38.89% (Best: 38.89% @ Ep1) | LR: 0.000010 | Rev: 0/99999
Epoch   21 | Cost: 1.097016 | Acc: 38.89% (Best: 38.89% @ Ep1) | LR: 0.000010 | Rev: 0/99999
Epoch   22 | Cost: 1.101526 | Acc: 38.89% (Best: 38.89% @ Ep1) | LR: 0.000010 | Rev: 1/99999
Epoch   23 | Cost: 1.101726 | Acc: 38.89% (Best: 38.89% @ Ep1) | LR: 0.000010 | Rev: 2/99999
Epoch   24 | Cost: 1.101118 | Acc: 38.89% (Best: 38.89% @ Ep1) | LR: 0.000010 | Rev: 0/99999
Epoch   25 | Cost: 1.095767 | Acc: 38.89% (Best: 38.89% @ Ep1) | LR: 0.000010 | Rev: 0/99999
Epoch   26 | Cost: 1.095482 | Acc: 38.89% (Best: 38.89% @ Ep1) | LR: 0.000010 | Rev: 0/99999
Epoch   27 | Cost: 1.093071 | Acc: 38.89% (Best: 38.89% @ Ep1) | LR: 0.000010 | Rev: 0/99999
Epoch   28 | Cost: 1.088901 | Acc: 38.89% (Best: 38.89% @ Ep1) | LR: 0.000010 | Rev: 0/99999
Epoch   29 | Cost: 1.096413 | Acc: 38.89% (Best: 38.89% @ Ep1) | LR: 0.000010 | Rev: 1/99999
Epoch   30 | Cost: 1.099848 | Acc: 38.89% (Best: 38.89% @ Ep1) | LR: 0.000010 | Rev: 2/99999
Epoch   31 | Cost: 1.090835 | Acc: 38.89% (Best: 38.89% @ Ep1) | LR: 0.000010 | Rev: 0/99999
Epoch   32 | Cost: 1.093590 | Acc: 38.89% (Best: 38.89% @ Ep1) | LR: 0.000010 | Rev: 1/99999
Epoch   33 | Cost: 1.089274 | Acc: 38.89% (Best: 38.89% @ Ep1) | LR: 0.000010 | Rev: 0/99999
Epoch   34 | Cost: 1.088734 | Acc: 38.89% (Best: 38.89% @ Ep1) | LR: 0.000010 | Rev: 0/99999
Epoch   35 | Cost: 1.093718 | Acc: 38.89% (Best: 38.89% @ Ep1) | LR: 0.000010 | Rev: 1/99999
Epoch   36 | Cost: 1.089919 | Acc: 38.89% (Best: 38.89% @ Ep1) | LR: 0.000010 | Rev: 0/99999
Epoch   37 | Cost: 1.092754 | Acc: 38.89% (Best: 38.89% @ Ep1) | LR: 0.000010 | Rev: 1/99999
Epoch   38 | Cost: 1.084304 | Acc: 38.89% (Best: 38.89% @ Ep1) | LR: 0.000010 | Rev: 0/99999
Epoch   39 | Cost: 1.086032 | Acc: 38.89% (Best: 38.89% @ Ep1) | LR: 0.000010 | Rev: 1/99999
Epoch   40 | Cost: 1.084655 | Acc: 38.89% (Best: 38.89% @ Ep1) | LR: 0.000010 | Rev: 0/99999
Epoch   41 | Cost: 1.088583 | Acc: 38.89% (Best: 38.89% @ Ep1) | LR: 0.000010 | Rev: 1/99999
Epoch   42 | Cost: 1.083492 | Acc: 38.89% (Best: 38.89% @ Ep1) | LR: 0.000010 | Rev: 0/99999
Epoch   43 | Cost: 1.089597 | Acc: 38.89% (Best: 38.89% @ Ep1) | LR: 0.000010 | Rev: 1/99999
Epoch   44 | Cost: 1.082944 | Acc: 38.89% (Best: 38.89% @ Ep1) | LR: 0.000010 | Rev: 0/99999
Epoch   45 | Cost: 1.094118 | Acc: 38.89% (Best: 38.89% @ Ep1) | LR: 0.000010 | Rev: 1/99999
Epoch   46 | Cost: 1.086799 | Acc: 38.89% (Best: 38.89% @ Ep1) | LR: 0.000010 | Rev: 0/99999
Epoch   47 | Cost: 1.092134 | Acc: 38.89% (Best: 38.89% @ Ep1) | LR: 0.000010 | Rev: 1/99999
Epoch   48 | Cost: 1.083240 | Acc: 38.89% (Best: 38.89% @ Ep1) | LR: 0.000010 | Rev: 0/99999
Epoch   49 | Cost: 1.084901 | Acc: 38.89% (Best: 38.89% @ Ep1) | LR: 0.000010 | Rev: 1/99999
Epoch   50 | Cost: 1.079961 | Acc: 38.89% (Best: 38.89% @ Ep1) | LR: 0.000010 | Rev: 0/99999
Epoch   51 | Cost: 1.082176 | Acc: 38.89% (Best: 38.89% @ Ep1) | LR: 0.000020 | Rev: 1/99999
Epoch   52 | Cost: 1.084848 | Acc: 38.89% (Best: 38.89% @ Ep1) | LR: 0.000020 | Rev: 2/99999
Epoch   53 | Cost: 1.080920 | Acc: 38.89% (Best: 38.89% @ Ep1) | LR: 0.000020 | Rev: 0/99999
Epoch   54 | Cost: 1.078770 | Acc: 38.89% (Best: 38.89% @ Ep1) | LR: 0.000020 | Rev: 0/99999
Epoch   55 | Cost: 1.092208 | Acc: 38.89% (Best: 38.89% @ Ep1) | LR: 0.000020 | Rev: 1/99999
Epoch   56 | Cost: 1.075149 | Acc: 38.89% (Best: 38.89% @ Ep1) | LR: 0.000020 | Rev: 0/99999
Epoch   57 | Cost: 1.080265 | Acc: 38.89% (Best: 38.89% @ Ep1) | LR: 0.000020 | Rev: 1/99999
Epoch   58 | Cost: 1.078588 | Acc: 38.89% (Best: 38.89% @ Ep1) | LR: 0.000020 | Rev: 0/99999
Epoch   59 | Cost: 1.075095 | Acc: 38.89% (Best: 38.89% @ Ep1) | LR: 0.000020 | Rev: 0/99999
Epoch   60 | Cost: 1.074854 | Acc: 38.89% (Best: 38.89% @ Ep1) | LR: 0.000020 | Rev: 0/99999
Epoch   61 | Cost: 1.074736 | Acc: 38.89% (Best: 38.89% @ Ep1) | LR: 0.000030 | Rev: 0/99999
Epoch   62 | Cost: 1.068324 | Acc: 38.89% (Best: 38.89% @ Ep1) | LR: 0.000030 | Rev: 0/99999
Epoch   63 | Cost: 1.070723 | Acc: 38.89% (Best: 38.89% @ Ep1) | LR: 0.000030 | Rev: 1/99999
Epoch   64 | Cost: 1.071640 | Acc: 38.89% (Best: 38.89% @ Ep1) | LR: 0.000030 | Rev: 2/99999
Epoch   65 | Cost: 1.067977 | Acc: 38.89% (Best: 38.89% @ Ep1) | LR: 0.000030 | Rev: 0/99999
Epoch   66 | Cost: 1.073356 | Acc: 38.89% (Best: 38.89% @ Ep1) | LR: 0.000030 | Rev: 1/99999
Epoch   67 | Cost: 1.069041 | Acc: 38.89% (Best: 38.89% @ Ep1) | LR: 0.000030 | Rev: 0/99999
Epoch   68 | Cost: 1.065553 | Acc: 38.89% (Best: 38.89% @ Ep1) | LR: 0.000030 | Rev: 0/99999
Epoch   69 | Cost: 1.059532 | Acc: 38.89% (Best: 38.89% @ Ep1) | LR: 0.000030 | Rev: 0/99999
Epoch   70 | Cost: 1.059614 | Acc: 38.89% (Best: 38.89% @ Ep1) | LR: 0.000030 | Rev: 1/99999
Epoch   71 | Cost: 1.059444 | Acc: 38.89% (Best: 38.89% @ Ep1) | LR: 0.000040 | Rev: 0/99999
Epoch   72 | Cost: 1.062849 | Acc: 38.89% (Best: 38.89% @ Ep1) | LR: 0.000040 | Rev: 1/99999
Epoch   73 | Cost: 1.059538 | Acc: 38.89% (Best: 38.89% @ Ep1) | LR: 0.000040 | Rev: 0/99999
Epoch   74 | Cost: 1.055625 | Acc: 38.89% (Best: 38.89% @ Ep1) | LR: 0.000040 | Rev: 0/99999
Epoch   75 | Cost: 1.053673 | Acc: 38.89% (Best: 38.89% @ Ep1) | LR: 0.000040 | Rev: 0/99999
Epoch   76 | Cost: 1.048360 | Acc: 38.89% (Best: 38.89% @ Ep1) | LR: 0.000040 | Rev: 0/99999
Epoch   77 | Cost: 1.049637 | Acc: 38.89% (Best: 38.89% @ Ep1) | LR: 0.000040 | Rev: 1/99999
Epoch   78 | Cost: 1.044833 | Acc: 38.89% (Best: 38.89% @ Ep1) | LR: 0.000040 | Rev: 0/99999
Epoch   79 | Cost: 1.046589 | Acc: 38.89% (Best: 38.89% @ Ep1) | LR: 0.000040 | Rev: 1/99999
Epoch   80 | Cost: 1.043740 | Acc: 38.89% (Best: 38.89% @ Ep1) | LR: 0.000040 | Rev: 0/99999
Epoch   81 | Cost: 1.040051 | Acc: 38.89% (Best: 38.89% @ Ep1) | LR: 0.000050 | Rev: 0/99999
Epoch   82 | Cost: 1.041637 | Acc: 38.89% (Best: 38.89% @ Ep1) | LR: 0.000050 | Rev: 1/99999
Epoch   83 | Cost: 1.038359 | Acc: 38.89% (Best: 38.89% @ Ep1) | LR: 0.000050 | Rev: 0/99999
Epoch   84 | Cost: 1.037357 | Acc: 38.89% (Best: 38.89% @ Ep1) | LR: 0.000050 | Rev: 0/99999
Epoch   85 | Cost: 1.033918 | Acc: 41.67% (Best: 41.67% @ Ep85) | LR: 0.000010 | Rev: 0/99999
Epoch   86 | Cost: 1.033107 | Acc: 41.67% (Best: 41.67% @ Ep85) | LR: 0.000010 | Rev: 0/99999
Epoch   87 | Cost: 1.034266 | Acc: 41.67% (Best: 41.67% @ Ep85) | LR: 0.000010 | Rev: 1/99999
Epoch   88 | Cost: 1.028656 | Acc: 44.44% (Best: 44.44% @ Ep88) | LR: 0.000010 | Rev: 0/99999
Epoch   89 | Cost: 1.033987 | Acc: 44.44% (Best: 44.44% @ Ep88) | LR: 0.000010 | Rev: 1/99999
Epoch   90 | Cost: 1.029569 | Acc: 44.44% (Best: 44.44% @ Ep88) | LR: 0.000010 | Rev: 0/99999
Epoch   91 | Cost: 1.029970 | Acc: 44.44% (Best: 44.44% @ Ep88) | LR: 0.000010 | Rev: 1/99999
Epoch   92 | Cost: 1.028401 | Acc: 44.44% (Best: 44.44% @ Ep88) | LR: 0.000010 | Rev: 0/99999
Epoch   93 | Cost: 1.032189 | Acc: 44.44% (Best: 44.44% @ Ep88) | LR: 0.000010 | Rev: 1/99999
Epoch   94 | Cost: 1.025052 | Acc: 44.44% (Best: 44.44% @ Ep88) | LR: 0.000010 | Rev: 0/99999
Epoch   95 | Cost: 1.028669 | Acc: 44.44% (Best: 44.44% @ Ep88) | LR: 0.000010 | Rev: 1/99999
Epoch   96 | Cost: 1.027335 | Acc: 44.44% (Best: 44.44% @ Ep88) | LR: 0.000010 | Rev: 0/99999
Epoch   97 | Cost: 1.026628 | Acc: 44.44% (Best: 44.44% @ Ep88) | LR: 0.000010 | Rev: 0/99999
Epoch   98 | Cost: 1.025758 | Acc: 44.44% (Best: 44.44% @ Ep88) | LR: 0.000010 | Rev: 0/99999
Epoch   99 | Cost: 1.029504 | Acc: 44.44% (Best: 44.44% @ Ep88) | LR: 0.000010 | Rev: 1/99999
Epoch  100 | Cost: 1.023154 | Acc: 44.44% (Best: 44.44% @ Ep88) | LR: 0.000010 | Rev: 0/99999
Epoch  101 | Cost: 1.023885 | Acc: 44.44% (Best: 44.44% @ Ep88) | LR: 0.000010 | Rev: 1/99999
Epoch  102 | Cost: 1.023147 | Acc: 44.44% (Best: 44.44% @ Ep88) | LR: 0.000010 | Rev: 0/99999
Epoch  103 | Cost: 1.025646 | Acc: 44.44% (Best: 44.44% @ Ep88) | LR: 0.000010 | Rev: 1/99999
Epoch  104 | Cost: 1.031379 | Acc: 44.44% (Best: 44.44% @ Ep88) | LR: 0.000010 | Rev: 2/99999
Epoch  105 | Cost: 1.016260 | Acc: 44.44% (Best: 44.44% @ Ep88) | LR: 0.000010 | Rev: 0/99999
Epoch  106 | Cost: 1.021894 | Acc: 44.44% (Best: 44.44% @ Ep88) | LR: 0.000010 | Rev: 1/99999
Epoch  107 | Cost: 1.023742 | Acc: 44.44% (Best: 44.44% @ Ep88) | LR: 0.000010 | Rev: 2/99999
Epoch  108 | Cost: 1.023616 | Acc: 44.44% (Best: 44.44% @ Ep88) | LR: 0.000010 | Rev: 0/99999
Epoch  109 | Cost: 1.016784 | Acc: 44.44% (Best: 44.44% @ Ep88) | LR: 0.000010 | Rev: 0/99999
Epoch  110 | Cost: 1.018439 | Acc: 44.44% (Best: 44.44% @ Ep88) | LR: 0.000010 | Rev: 1/99999
Epoch  111 | Cost: 1.023440 | Acc: 44.44% (Best: 44.44% @ Ep88) | LR: 0.000010 | Rev: 2/99999
Epoch  112 | Cost: 1.020578 | Acc: 44.44% (Best: 44.44% @ Ep88) | LR: 0.000010 | Rev: 0/99999
Epoch  113 | Cost: 1.024273 | Acc: 44.44% (Best: 44.44% @ Ep88) | LR: 0.000010 | Rev: 1/99999
Epoch  114 | Cost: 1.015264 | Acc: 44.44% (Best: 44.44% @ Ep88) | LR: 0.000010 | Rev: 0/99999
Epoch  115 | Cost: 1.018580 | Acc: 44.44% (Best: 44.44% @ Ep88) | LR: 0.000010 | Rev: 1/99999
Epoch  116 | Cost: 1.020101 | Acc: 44.44% (Best: 44.44% @ Ep88) | LR: 0.000010 | Rev: 2/99999
Epoch  117 | Cost: 1.015568 | Acc: 44.44% (Best: 44.44% @ Ep88) | LR: 0.000010 | Rev: 0/99999
Epoch  118 | Cost: 1.018177 | Acc: 44.44% (Best: 44.44% @ Ep88) | LR: 0.000010 | Rev: 1/99999
Epoch  119 | Cost: 1.016095 | Acc: 44.44% (Best: 44.44% @ Ep88) | LR: 0.000010 | Rev: 0/99999
Epoch  120 | Cost: 1.015937 | Acc: 44.44% (Best: 44.44% @ Ep88) | LR: 0.000010 | Rev: 0/99999
Epoch  121 | Cost: 1.015195 | Acc: 44.44% (Best: 44.44% @ Ep88) | LR: 0.000010 | Rev: 0/99999
Epoch  122 | Cost: 1.021353 | Acc: 44.44% (Best: 44.44% @ Ep88) | LR: 0.000010 | Rev: 1/99999
Epoch  123 | Cost: 1.013583 | Acc: 44.44% (Best: 44.44% @ Ep88) | LR: 0.000010 | Rev: 0/99999
Epoch  124 | Cost: 1.011845 | Acc: 44.44% (Best: 44.44% @ Ep88) | LR: 0.000010 | Rev: 0/99999
Epoch  125 | Cost: 1.009434 | Acc: 44.44% (Best: 44.44% @ Ep88) | LR: 0.000010 | Rev: 0/99999
Epoch  126 | Cost: 1.013929 | Acc: 44.44% (Best: 44.44% @ Ep88) | LR: 0.000010 | Rev: 1/99999
Epoch  127 | Cost: 1.019123 | Acc: 44.44% (Best: 44.44% @ Ep88) | LR: 0.000010 | Rev: 2/99999
Epoch  128 | Cost: 1.013459 | Acc: 44.44% (Best: 44.44% @ Ep88) | LR: 0.000010 | Rev: 0/99999
Epoch  129 | Cost: 1.021410 | Acc: 44.44% (Best: 44.44% @ Ep88) | LR: 0.000010 | Rev: 1/99999
Epoch  130 | Cost: 1.014767 | Acc: 44.44% (Best: 44.44% @ Ep88) | LR: 0.000010 | Rev: 0/99999
Epoch  131 | Cost: 1.013491 | Acc: 44.44% (Best: 44.44% @ Ep88) | LR: 0.000010 | Rev: 0/99999
Epoch  132 | Cost: 1.017389 | Acc: 44.44% (Best: 44.44% @ Ep88) | LR: 0.000010 | Rev: 1/99999
Epoch  133 | Cost: 1.007191 | Acc: 44.44% (Best: 44.44% @ Ep88) | LR: 0.000010 | Rev: 0/99999
Epoch  134 | Cost: 1.012285 | Acc: 44.44% (Best: 44.44% @ Ep88) | LR: 0.000010 | Rev: 1/99999
Epoch  135 | Cost: 1.008001 | Acc: 44.44% (Best: 44.44% @ Ep88) | LR: 0.000010 | Rev: 0/99999
Epoch  136 | Cost: 1.013250 | Acc: 44.44% (Best: 44.44% @ Ep88) | LR: 0.000010 | Rev: 1/99999
Epoch  137 | Cost: 1.005544 | Acc: 44.44% (Best: 44.44% @ Ep88) | LR: 0.000010 | Rev: 0/99999
Epoch  138 | Cost: 1.005183 | Acc: 44.44% (Best: 44.44% @ Ep88) | LR: 0.000020 | Rev: 0/99999
Epoch  139 | Cost: 1.011222 | Acc: 44.44% (Best: 44.44% @ Ep88) | LR: 0.000020 | Rev: 1/99999
Epoch  140 | Cost: 1.008999 | Acc: 44.44% (Best: 44.44% @ Ep88) | LR: 0.000020 | Rev: 0/99999
Epoch  141 | Cost: 1.008175 | Acc: 44.44% (Best: 44.44% @ Ep88) | LR: 0.000020 | Rev: 0/99999
Epoch  142 | Cost: 1.001683 | Acc: 44.44% (Best: 44.44% @ Ep88) | LR: 0.000020 | Rev: 0/99999
Epoch  143 | Cost: 1.002662 | Acc: 44.44% (Best: 44.44% @ Ep88) | LR: 0.000020 | Rev: 1/99999
Epoch  144 | Cost: 1.009121 | Acc: 44.44% (Best: 44.44% @ Ep88) | LR: 0.000020 | Rev: 2/99999
Epoch  145 | Cost: 1.004713 | Acc: 44.44% (Best: 44.44% @ Ep88) | LR: 0.000020 | Rev: 0/99999
Epoch  146 | Cost: 1.004204 | Acc: 47.22% (Best: 47.22% @ Ep146) | LR: 0.000010 | Rev: 0/99999
Epoch  147 | Cost: 1.000715 | Acc: 47.22% (Best: 47.22% @ Ep146) | LR: 0.000010 | Rev: 0/99999
Epoch  148 | Cost: 1.001601 | Acc: 47.22% (Best: 47.22% @ Ep146) | LR: 0.000010 | Rev: 1/99999
Epoch  149 | Cost: 1.000483 | Acc: 47.22% (Best: 47.22% @ Ep146) | LR: 0.000010 | Rev: 0/99999
Epoch  150 | Cost: 0.997901 | Acc: 47.22% (Best: 47.22% @ Ep146) | LR: 0.000010 | Rev: 0/99999
Epoch  151 | Cost: 1.005935 | Acc: 47.22% (Best: 47.22% @ Ep146) | LR: 0.000010 | Rev: 1/99999
Epoch  152 | Cost: 0.999102 | Acc: 47.22% (Best: 47.22% @ Ep146) | LR: 0.000010 | Rev: 0/99999
Epoch  153 | Cost: 0.998205 | Acc: 47.22% (Best: 47.22% @ Ep146) | LR: 0.000010 | Rev: 0/99999
Epoch  154 | Cost: 0.993801 | Acc: 47.22% (Best: 47.22% @ Ep146) | LR: 0.000010 | Rev: 0/99999
Epoch  155 | Cost: 0.997671 | Acc: 47.22% (Best: 47.22% @ Ep146) | LR: 0.000010 | Rev: 1/99999
Epoch  156 | Cost: 0.993352 | Acc: 47.22% (Best: 47.22% @ Ep146) | LR: 0.000010 | Rev: 0/99999
Epoch  157 | Cost: 0.995249 | Acc: 47.22% (Best: 47.22% @ Ep146) | LR: 0.000010 | Rev: 1/99999
Epoch  158 | Cost: 0.996478 | Acc: 47.22% (Best: 47.22% @ Ep146) | LR: 0.000010 | Rev: 2/99999
Epoch  159 | Cost: 0.995680 | Acc: 47.22% (Best: 47.22% @ Ep146) | LR: 0.000010 | Rev: 0/99999
Epoch  160 | Cost: 0.991132 | Acc: 47.22% (Best: 47.22% @ Ep146) | LR: 0.000010 | Rev: 0/99999
Epoch  161 | Cost: 0.995222 | Acc: 47.22% (Best: 47.22% @ Ep146) | LR: 0.000010 | Rev: 1/99999
Epoch  162 | Cost: 0.989027 | Acc: 47.22% (Best: 47.22% @ Ep146) | LR: 0.000010 | Rev: 0/99999
Epoch  163 | Cost: 0.986767 | Acc: 47.22% (Best: 47.22% @ Ep146) | LR: 0.000010 | Rev: 0/99999
Epoch  164 | Cost: 0.987493 | Acc: 47.22% (Best: 47.22% @ Ep146) | LR: 0.000010 | Rev: 1/99999
Epoch  165 | Cost: 0.993669 | Acc: 47.22% (Best: 47.22% @ Ep146) | LR: 0.000010 | Rev: 2/99999
Epoch  166 | Cost: 0.986464 | Acc: 47.22% (Best: 47.22% @ Ep146) | LR: 0.000010 | Rev: 0/99999
Epoch  167 | Cost: 0.986505 | Acc: 47.22% (Best: 47.22% @ Ep146) | LR: 0.000010 | Rev: 1/99999
Epoch  168 | Cost: 0.990578 | Acc: 50.00% (Best: 50.00% @ Ep168) | LR: 0.000010 | Rev: 2/99999
Epoch  169 | Cost: 0.983670 | Acc: 52.78% (Best: 52.78% @ Ep169) | LR: 0.000010 | Rev: 0/99999
Epoch  170 | Cost: 0.993020 | Acc: 52.78% (Best: 52.78% @ Ep169) | LR: 0.000010 | Rev: 1/99999
Epoch  171 | Cost: 0.989201 | Acc: 52.78% (Best: 52.78% @ Ep169) | LR: 0.000010 | Rev: 0/99999
Epoch  172 | Cost: 0.985530 | Acc: 52.78% (Best: 52.78% @ Ep169) | LR: 0.000010 | Rev: 0/99999
Epoch  173 | Cost: 0.988488 | Acc: 52.78% (Best: 52.78% @ Ep169) | LR: 0.000010 | Rev: 1/99999
Epoch  174 | Cost: 0.995442 | Acc: 55.56% (Best: 55.56% @ Ep174) | LR: 0.000010 | Rev: 2/99999
Epoch  175 | Cost: 0.985209 | Acc: 55.56% (Best: 55.56% @ Ep174) | LR: 0.000010 | Rev: 0/99999
Epoch  176 | Cost: 0.986573 | Acc: 55.56% (Best: 55.56% @ Ep174) | LR: 0.000010 | Rev: 1/99999
Epoch  177 | Cost: 0.979025 | Acc: 55.56% (Best: 55.56% @ Ep174) | LR: 0.000010 | Rev: 0/99999
Epoch  178 | Cost: 0.986482 | Acc: 55.56% (Best: 55.56% @ Ep174) | LR: 0.000010 | Rev: 1/99999
Epoch  179 | Cost: 0.988247 | Acc: 55.56% (Best: 55.56% @ Ep174) | LR: 0.000010 | Rev: 2/99999
Epoch  180 | Cost: 0.979950 | Acc: 55.56% (Best: 55.56% @ Ep174) | LR: 0.000010 | Rev: 0/99999
Epoch  181 | Cost: 0.988842 | Acc: 55.56% (Best: 55.56% @ Ep174) | LR: 0.000010 | Rev: 1/99999
Epoch  182 | Cost: 0.981486 | Acc: 55.56% (Best: 55.56% @ Ep174) | LR: 0.000010 | Rev: 0/99999
Epoch  183 | Cost: 0.986855 | Acc: 55.56% (Best: 55.56% @ Ep174) | LR: 0.000010 | Rev: 1/99999
Epoch  184 | Cost: 0.985376 | Acc: 55.56% (Best: 55.56% @ Ep174) | LR: 0.000010 | Rev: 0/99999
Epoch  185 | Cost: 0.986595 | Acc: 55.56% (Best: 55.56% @ Ep174) | LR: 0.000010 | Rev: 1/99999
Epoch  186 | Cost: 0.984589 | Acc: 55.56% (Best: 55.56% @ Ep174) | LR: 0.000010 | Rev: 0/99999
Epoch  187 | Cost: 0.988134 | Acc: 55.56% (Best: 55.56% @ Ep174) | LR: 0.000010 | Rev: 1/99999
Epoch  188 | Cost: 0.981911 | Acc: 55.56% (Best: 55.56% @ Ep174) | LR: 0.000010 | Rev: 0/99999
Epoch  189 | Cost: 0.978759 | Acc: 55.56% (Best: 55.56% @ Ep174) | LR: 0.000010 | Rev: 0/99999
Epoch  190 | Cost: 0.983073 | Acc: 55.56% (Best: 55.56% @ Ep174) | LR: 0.000010 | Rev: 1/99999
Epoch  191 | Cost: 0.978408 | Acc: 55.56% (Best: 55.56% @ Ep174) | LR: 0.000010 | Rev: 0/99999
Epoch  192 | Cost: 0.984733 | Acc: 55.56% (Best: 55.56% @ Ep174) | LR: 0.000010 | Rev: 1/99999
Epoch  193 | Cost: 0.986751 | Acc: 55.56% (Best: 55.56% @ Ep174) | LR: 0.000010 | Rev: 2/99999
Epoch  194 | Cost: 0.982771 | Acc: 55.56% (Best: 55.56% @ Ep174) | LR: 0.000010 | Rev: 0/99999
Epoch  195 | Cost: 0.979468 | Acc: 55.56% (Best: 55.56% @ Ep174) | LR: 0.000010 | Rev: 0/99999
Epoch  196 | Cost: 0.978971 | Acc: 55.56% (Best: 55.56% @ Ep174) | LR: 0.000010 | Rev: 0/99999
Epoch  197 | Cost: 0.978221 | Acc: 55.56% (Best: 55.56% @ Ep174) | LR: 0.000010 | Rev: 0/99999
Epoch  198 | Cost: 0.973919 | Acc: 55.56% (Best: 55.56% @ Ep174) | LR: 0.000010 | Rev: 0/99999
Epoch  199 | Cost: 0.974739 | Acc: 55.56% (Best: 55.56% @ Ep174) | LR: 0.000010 | Rev: 1/99999
Epoch  200 | Cost: 0.972772 | Acc: 55.56% (Best: 55.56% @ Ep174) | LR: 0.000010 | Rev: 0/99999
Epoch  201 | Cost: 0.976504 | Acc: 55.56% (Best: 55.56% @ Ep174) | LR: 0.000010 | Rev: 1/99999
Epoch  202 | Cost: 0.975690 | Acc: 55.56% (Best: 55.56% @ Ep174) | LR: 0.000010 | Rev: 0/99999
Epoch  203 | Cost: 0.977313 | Acc: 55.56% (Best: 55.56% @ Ep174) | LR: 0.000010 | Rev: 1/99999
Epoch  204 | Cost: 0.974771 | Acc: 55.56% (Best: 55.56% @ Ep174) | LR: 0.000010 | Rev: 0/99999
Epoch  205 | Cost: 0.970231 | Acc: 55.56% (Best: 55.56% @ Ep174) | LR: 0.000010 | Rev: 0/99999
Epoch  206 | Cost: 0.967072 | Acc: 55.56% (Best: 55.56% @ Ep174) | LR: 0.000010 | Rev: 0/99999
Epoch  207 | Cost: 0.969603 | Acc: 55.56% (Best: 55.56% @ Ep174) | LR: 0.000010 | Rev: 1/99999
Epoch  208 | Cost: 0.970929 | Acc: 55.56% (Best: 55.56% @ Ep174) | LR: 0.000010 | Rev: 2/99999
Epoch  209 | Cost: 0.970598 | Acc: 55.56% (Best: 55.56% @ Ep174) | LR: 0.000010 | Rev: 0/99999
Epoch  210 | Cost: 0.975730 | Acc: 55.56% (Best: 55.56% @ Ep174) | LR: 0.000010 | Rev: 1/99999
Epoch  211 | Cost: 0.969545 | Acc: 55.56% (Best: 55.56% @ Ep174) | LR: 0.000010 | Rev: 0/99999
Epoch  212 | Cost: 0.968581 | Acc: 55.56% (Best: 55.56% @ Ep174) | LR: 0.000010 | Rev: 0/99999
Epoch  213 | Cost: 0.970410 | Acc: 55.56% (Best: 55.56% @ Ep174) | LR: 0.000010 | Rev: 1/99999
Epoch  214 | Cost: 0.969038 | Acc: 55.56% (Best: 55.56% @ Ep174) | LR: 0.000010 | Rev: 0/99999
Epoch  215 | Cost: 0.970972 | Acc: 55.56% (Best: 55.56% @ Ep174) | LR: 0.000010 | Rev: 1/99999
Epoch  216 | Cost: 0.968544 | Acc: 61.11% (Best: 61.11% @ Ep216) | LR: 0.000010 | Rev: 0/99999
Epoch  217 | Cost: 0.967806 | Acc: 61.11% (Best: 61.11% @ Ep216) | LR: 0.000010 | Rev: 0/99999
Epoch  218 | Cost: 0.963997 | Acc: 61.11% (Best: 61.11% @ Ep216) | LR: 0.000010 | Rev: 0/99999
Epoch  219 | Cost: 0.967943 | Acc: 61.11% (Best: 61.11% @ Ep216) | LR: 0.000010 | Rev: 1/99999
Epoch  220 | Cost: 0.965763 | Acc: 61.11% (Best: 61.11% @ Ep216) | LR: 0.000010 | Rev: 0/99999
Epoch  221 | Cost: 0.963671 | Acc: 61.11% (Best: 61.11% @ Ep216) | LR: 0.000010 | Rev: 0/99999
Epoch  222 | Cost: 0.968942 | Acc: 61.11% (Best: 61.11% @ Ep216) | LR: 0.000010 | Rev: 1/99999
Epoch  223 | Cost: 0.969054 | Acc: 61.11% (Best: 61.11% @ Ep216) | LR: 0.000010 | Rev: 2/99999
Epoch  224 | Cost: 0.966772 | Acc: 61.11% (Best: 61.11% @ Ep216) | LR: 0.000010 | Rev: 0/99999
Epoch  225 | Cost: 0.965550 | Acc: 61.11% (Best: 61.11% @ Ep216) | LR: 0.000010 | Rev: 0/99999
Epoch  226 | Cost: 0.968153 | Acc: 61.11% (Best: 61.11% @ Ep216) | LR: 0.000010 | Rev: 1/99999
Epoch  227 | Cost: 0.959835 | Acc: 61.11% (Best: 61.11% @ Ep216) | LR: 0.000010 | Rev: 0/99999
Epoch  228 | Cost: 0.960786 | Acc: 61.11% (Best: 61.11% @ Ep216) | LR: 0.000010 | Rev: 1/99999
Epoch  229 | Cost: 0.960401 | Acc: 61.11% (Best: 61.11% @ Ep216) | LR: 0.000010 | Rev: 0/99999
Epoch  230 | Cost: 0.962008 | Acc: 61.11% (Best: 61.11% @ Ep216) | LR: 0.000010 | Rev: 1/99999
Epoch  231 | Cost: 0.970035 | Acc: 61.11% (Best: 61.11% @ Ep216) | LR: 0.000010 | Rev: 2/99999
Epoch  232 | Cost: 0.961935 | Acc: 61.11% (Best: 61.11% @ Ep216) | LR: 0.000010 | Rev: 0/99999
Epoch  233 | Cost: 0.956460 | Acc: 61.11% (Best: 61.11% @ Ep216) | LR: 0.000010 | Rev: 0/99999
Epoch  234 | Cost: 0.962138 | Acc: 61.11% (Best: 61.11% @ Ep216) | LR: 0.000010 | Rev: 1/99999
Epoch  235 | Cost: 0.960051 | Acc: 61.11% (Best: 61.11% @ Ep216) | LR: 0.000010 | Rev: 0/99999
Epoch  236 | Cost: 0.958880 | Acc: 61.11% (Best: 61.11% @ Ep216) | LR: 0.000010 | Rev: 0/99999
Epoch  237 | Cost: 0.957341 | Acc: 61.11% (Best: 61.11% @ Ep216) | LR: 0.000010 | Rev: 0/99999
Epoch  238 | Cost: 0.958573 | Acc: 61.11% (Best: 61.11% @ Ep216) | LR: 0.000010 | Rev: 1/99999
Epoch  239 | Cost: 0.964938 | Acc: 61.11% (Best: 61.11% @ Ep216) | LR: 0.000010 | Rev: 2/99999
Epoch  240 | Cost: 0.956796 | Acc: 61.11% (Best: 61.11% @ Ep216) | LR: 0.000010 | Rev: 0/99999
Epoch  241 | Cost: 0.957544 | Acc: 61.11% (Best: 61.11% @ Ep216) | LR: 0.000010 | Rev: 1/99999
Epoch  242 | Cost: 0.956201 | Acc: 61.11% (Best: 61.11% @ Ep216) | LR: 0.000010 | Rev: 0/99999
Epoch  243 | Cost: 0.952330 | Acc: 61.11% (Best: 61.11% @ Ep216) | LR: 0.000010 | Rev: 0/99999
Epoch  244 | Cost: 0.966187 | Acc: 63.89% (Best: 63.89% @ Ep244) | LR: 0.000010 | Rev: 1/99999
Epoch  245 | Cost: 0.954721 | Acc: 63.89% (Best: 63.89% @ Ep244) | LR: 0.000010 | Rev: 0/99999
Epoch  246 | Cost: 0.962077 | Acc: 63.89% (Best: 63.89% @ Ep244) | LR: 0.000010 | Rev: 1/99999
Epoch  247 | Cost: 0.950712 | Acc: 66.67% (Best: 66.67% @ Ep247) | LR: 0.000010 | Rev: 0/99999
Epoch  248 | Cost: 0.957375 | Acc: 66.67% (Best: 66.67% @ Ep247) | LR: 0.000010 | Rev: 1/99999
Epoch  249 | Cost: 0.960910 | Acc: 66.67% (Best: 66.67% @ Ep247) | LR: 0.000010 | Rev: 2/99999
Epoch  250 | Cost: 0.958532 | Acc: 66.67% (Best: 66.67% @ Ep247) | LR: 0.000010 | Rev: 0/99999
Epoch  251 | Cost: 0.956792 | Acc: 66.67% (Best: 66.67% @ Ep247) | LR: 0.000010 | Rev: 0/99999
Epoch  252 | Cost: 0.952934 | Acc: 66.67% (Best: 66.67% @ Ep247) | LR: 0.000010 | Rev: 0/99999
Epoch  253 | Cost: 0.948304 | Acc: 66.67% (Best: 66.67% @ Ep247) | LR: 0.000010 | Rev: 0/99999
Epoch  254 | Cost: 0.950412 | Acc: 69.44% (Best: 69.44% @ Ep254) | LR: 0.000010 | Rev: 1/99999
Epoch  255 | Cost: 0.954258 | Acc: 69.44% (Best: 69.44% @ Ep254) | LR: 0.000010 | Rev: 2/99999
Epoch  256 | Cost: 0.953751 | Acc: 69.44% (Best: 69.44% @ Ep254) | LR: 0.000010 | Rev: 0/99999
Epoch  257 | Cost: 0.948202 | Acc: 69.44% (Best: 69.44% @ Ep254) | LR: 0.000010 | Rev: 0/99999
Epoch  258 | Cost: 0.944664 | Acc: 69.44% (Best: 69.44% @ Ep254) | LR: 0.000010 | Rev: 0/99999
Epoch  259 | Cost: 0.942704 | Acc: 69.44% (Best: 69.44% @ Ep254) | LR: 0.000010 | Rev: 0/99999
Epoch  260 | Cost: 0.942583 | Acc: 69.44% (Best: 69.44% @ Ep254) | LR: 0.000010 | Rev: 0/99999
Epoch  261 | Cost: 0.952681 | Acc: 69.44% (Best: 69.44% @ Ep254) | LR: 0.000010 | Rev: 1/99999
Epoch  262 | Cost: 0.948940 | Acc: 69.44% (Best: 69.44% @ Ep254) | LR: 0.000010 | Rev: 0/99999
Epoch  263 | Cost: 0.947773 | Acc: 69.44% (Best: 69.44% @ Ep254) | LR: 0.000010 | Rev: 0/99999
Epoch  264 | Cost: 0.946946 | Acc: 69.44% (Best: 69.44% @ Ep254) | LR: 0.000010 | Rev: 0/99999
Epoch  265 | Cost: 0.941223 | Acc: 69.44% (Best: 69.44% @ Ep254) | LR: 0.000010 | Rev: 0/99999
Epoch  266 | Cost: 0.947718 | Acc: 69.44% (Best: 69.44% @ Ep254) | LR: 0.000010 | Rev: 1/99999
Epoch  267 | Cost: 0.948473 | Acc: 69.44% (Best: 69.44% @ Ep254) | LR: 0.000010 | Rev: 2/99999
Epoch  268 | Cost: 0.942743 | Acc: 69.44% (Best: 69.44% @ Ep254) | LR: 0.000010 | Rev: 0/99999
Epoch  269 | Cost: 0.948255 | Acc: 69.44% (Best: 69.44% @ Ep254) | LR: 0.000010 | Rev: 1/99999
Epoch  270 | Cost: 0.945061 | Acc: 69.44% (Best: 69.44% @ Ep254) | LR: 0.000010 | Rev: 0/99999
Epoch  271 | Cost: 0.942840 | Acc: 72.22% (Best: 72.22% @ Ep271) | LR: 0.000010 | Rev: 0/99999
Epoch  272 | Cost: 0.939677 | Acc: 72.22% (Best: 72.22% @ Ep271) | LR: 0.000010 | Rev: 0/99999
Epoch  273 | Cost: 0.939867 | Acc: 72.22% (Best: 72.22% @ Ep271) | LR: 0.000010 | Rev: 1/99999
Epoch  274 | Cost: 0.946363 | Acc: 72.22% (Best: 72.22% @ Ep271) | LR: 0.000010 | Rev: 2/99999
Epoch  275 | Cost: 0.937880 | Acc: 72.22% (Best: 72.22% @ Ep271) | LR: 0.000010 | Rev: 0/99999
Epoch  276 | Cost: 0.939088 | Acc: 72.22% (Best: 72.22% @ Ep271) | LR: 0.000010 | Rev: 1/99999
Epoch  277 | Cost: 0.948934 | Acc: 72.22% (Best: 72.22% @ Ep271) | LR: 0.000010 | Rev: 2/99999
Epoch  278 | Cost: 0.935166 | Acc: 72.22% (Best: 72.22% @ Ep271) | LR: 0.000010 | Rev: 0/99999
Epoch  279 | Cost: 0.945433 | Acc: 72.22% (Best: 72.22% @ Ep271) | LR: 0.000010 | Rev: 1/99999
Epoch  280 | Cost: 0.941683 | Acc: 72.22% (Best: 72.22% @ Ep271) | LR: 0.000010 | Rev: 0/99999
Epoch  281 | Cost: 0.946149 | Acc: 72.22% (Best: 72.22% @ Ep271) | LR: 0.000010 | Rev: 1/99999
Epoch  282 | Cost: 0.946063 | Acc: 72.22% (Best: 72.22% @ Ep271) | LR: 0.000010 | Rev: 0/99999
Epoch  283 | Cost: 0.934872 | Acc: 72.22% (Best: 72.22% @ Ep271) | LR: 0.000010 | Rev: 0/99999
Epoch  284 | Cost: 0.937704 | Acc: 72.22% (Best: 72.22% @ Ep271) | LR: 0.000010 | Rev: 1/99999
Epoch  285 | Cost: 0.936552 | Acc: 72.22% (Best: 72.22% @ Ep271) | LR: 0.000010 | Rev: 0/99999
Epoch  286 | Cost: 0.939119 | Acc: 72.22% (Best: 72.22% @ Ep271) | LR: 0.000010 | Rev: 1/99999
Epoch  287 | Cost: 0.940898 | Acc: 72.22% (Best: 72.22% @ Ep271) | LR: 0.000010 | Rev: 2/99999
Epoch  288 | Cost: 0.938136 | Acc: 72.22% (Best: 72.22% @ Ep271) | LR: 0.000010 | Rev: 0/99999
Epoch  289 | Cost: 0.931885 | Acc: 72.22% (Best: 72.22% @ Ep271) | LR: 0.000010 | Rev: 0/99999
Epoch  290 | Cost: 0.930317 | Acc: 72.22% (Best: 72.22% @ Ep271) | LR: 0.000010 | Rev: 0/99999
Epoch  291 | Cost: 0.938042 | Acc: 72.22% (Best: 72.22% @ Ep271) | LR: 0.000010 | Rev: 1/99999
Epoch  292 | Cost: 0.933210 | Acc: 69.44% (Best: 72.22% @ Ep271) | LR: 0.000010 | Rev: 0/99999
Epoch  293 | Cost: 0.926572 | Acc: 69.44% (Best: 72.22% @ Ep271) | LR: 0.000010 | Rev: 0/99999
Epoch  294 | Cost: 0.929928 | Acc: 69.44% (Best: 72.22% @ Ep271) | LR: 0.000010 | Rev: 1/99999
Epoch  295 | Cost: 0.926880 | Acc: 69.44% (Best: 72.22% @ Ep271) | LR: 0.000010 | Rev: 0/99999
Epoch  296 | Cost: 0.934749 | Acc: 69.44% (Best: 72.22% @ Ep271) | LR: 0.000010 | Rev: 1/99999
Epoch  297 | Cost: 0.927398 | Acc: 69.44% (Best: 72.22% @ Ep271) | LR: 0.000010 | Rev: 0/99999
Epoch  298 | Cost: 0.928111 | Acc: 69.44% (Best: 72.22% @ Ep271) | LR: 0.000010 | Rev: 1/99999
Epoch  299 | Cost: 0.926926 | Acc: 69.44% (Best: 72.22% @ Ep271) | LR: 0.000010 | Rev: 0/99999
Epoch  300 | Cost: 0.925058 | Acc: 69.44% (Best: 72.22% @ Ep271) | LR: 0.000010 | Rev: 0/99999
Epoch  301 | Cost: 0.926227 | Acc: 69.44% (Best: 72.22% @ Ep271) | LR: 0.000010 | Rev: 1/99999
Epoch  302 | Cost: 0.925239 | Acc: 69.44% (Best: 72.22% @ Ep271) | LR: 0.000010 | Rev: 0/99999
Epoch  303 | Cost: 0.925153 | Acc: 69.44% (Best: 72.22% @ Ep271) | LR: 0.000010 | Rev: 0/99999
Epoch  304 | Cost: 0.935270 | Acc: 69.44% (Best: 72.22% @ Ep271) | LR: 0.000010 | Rev: 1/99999
Epoch  305 | Cost: 0.926122 | Acc: 69.44% (Best: 72.22% @ Ep271) | LR: 0.000010 | Rev: 0/99999
Epoch  306 | Cost: 0.923912 | Acc: 69.44% (Best: 72.22% @ Ep271) | LR: 0.000010 | Rev: 0/99999
Epoch  307 | Cost: 0.928213 | Acc: 69.44% (Best: 72.22% @ Ep271) | LR: 0.000010 | Rev: 1/99999
Epoch  308 | Cost: 0.922882 | Acc: 69.44% (Best: 72.22% @ Ep271) | LR: 0.000010 | Rev: 0/99999
Epoch  309 | Cost: 0.925286 | Acc: 69.44% (Best: 72.22% @ Ep271) | LR: 0.000010 | Rev: 1/99999
Epoch  310 | Cost: 0.929165 | Acc: 69.44% (Best: 72.22% @ Ep271) | LR: 0.000010 | Rev: 2/99999
Epoch  311 | Cost: 0.921314 | Acc: 69.44% (Best: 72.22% @ Ep271) | LR: 0.000010 | Rev: 0/99999
Epoch  312 | Cost: 0.921399 | Acc: 69.44% (Best: 72.22% @ Ep271) | LR: 0.000010 | Rev: 1/99999
Epoch  313 | Cost: 0.922197 | Acc: 69.44% (Best: 72.22% @ Ep271) | LR: 0.000010 | Rev: 2/99999
Epoch  314 | Cost: 0.923795 | Acc: 69.44% (Best: 72.22% @ Ep271) | LR: 0.000010 | Rev: 3/99999
Epoch  315 | Cost: 0.928454 | Acc: 69.44% (Best: 72.22% @ Ep271) | LR: 0.000010 | Rev: 4/99999
Epoch  316 | Cost: 0.918000 | Acc: 69.44% (Best: 72.22% @ Ep271) | LR: 0.000010 | Rev: 0/99999
Epoch  317 | Cost: 0.925976 | Acc: 69.44% (Best: 72.22% @ Ep271) | LR: 0.000010 | Rev: 1/99999
Epoch  318 | Cost: 0.916900 | Acc: 69.44% (Best: 72.22% @ Ep271) | LR: 0.000010 | Rev: 0/99999
Epoch  319 | Cost: 0.917812 | Acc: 69.44% (Best: 72.22% @ Ep271) | LR: 0.000010 | Rev: 1/99999
Epoch  320 | Cost: 0.919613 | Acc: 69.44% (Best: 72.22% @ Ep271) | LR: 0.000010 | Rev: 2/99999
Epoch  321 | Cost: 0.912911 | Acc: 69.44% (Best: 72.22% @ Ep271) | LR: 0.000020 | Rev: 0/99999
Epoch  322 | Cost: 0.915601 | Acc: 69.44% (Best: 72.22% @ Ep271) | LR: 0.000020 | Rev: 1/99999
Epoch  323 | Cost: 0.922914 | Acc: 69.44% (Best: 72.22% @ Ep271) | LR: 0.000020 | Rev: 2/99999
Epoch  324 | Cost: 0.907626 | Acc: 69.44% (Best: 72.22% @ Ep271) | LR: 0.000020 | Rev: 0/99999
Epoch  325 | Cost: 0.924920 | Acc: 69.44% (Best: 72.22% @ Ep271) | LR: 0.000020 | Rev: 1/99999
Epoch  326 | Cost: 0.915779 | Acc: 69.44% (Best: 72.22% @ Ep271) | LR: 0.000020 | Rev: 0/99999
Epoch  327 | Cost: 0.913277 | Acc: 69.44% (Best: 72.22% @ Ep271) | LR: 0.000020 | Rev: 0/99999
Epoch  328 | Cost: 0.914888 | Acc: 69.44% (Best: 72.22% @ Ep271) | LR: 0.000020 | Rev: 1/99999
Epoch  329 | Cost: 0.910321 | Acc: 69.44% (Best: 72.22% @ Ep271) | LR: 0.000020 | Rev: 0/99999
Epoch  330 | Cost: 0.909809 | Acc: 69.44% (Best: 72.22% @ Ep271) | LR: 0.000020 | Rev: 0/99999
Epoch  331 | Cost: 0.915807 | Acc: 69.44% (Best: 72.22% @ Ep271) | LR: 0.000030 | Rev: 1/99999
Epoch  332 | Cost: 0.913085 | Acc: 69.44% (Best: 72.22% @ Ep271) | LR: 0.000030 | Rev: 0/99999
Epoch  333 | Cost: 0.911461 | Acc: 69.44% (Best: 72.22% @ Ep271) | LR: 0.000030 | Rev: 0/99999
Epoch  334 | Cost: 0.903820 | Acc: 72.22% (Best: 72.22% @ Ep271) | LR: 0.000030 | Rev: 0/99999
Epoch  335 | Cost: 0.900333 | Acc: 72.22% (Best: 72.22% @ Ep271) | LR: 0.000030 | Rev: 0/99999
Epoch  336 | Cost: 0.896757 | Acc: 75.00% (Best: 75.00% @ Ep336) | LR: 0.000010 | Rev: 0/99999
Epoch  337 | Cost: 0.902582 | Acc: 77.78% (Best: 77.78% @ Ep337) | LR: 0.000010 | Rev: 1/99999
Epoch  338 | Cost: 0.897594 | Acc: 77.78% (Best: 77.78% @ Ep337) | LR: 0.000010 | Rev: 0/99999
Epoch  339 | Cost: 0.900611 | Acc: 77.78% (Best: 77.78% @ Ep337) | LR: 0.000010 | Rev: 1/99999
Epoch  340 | Cost: 0.900924 | Acc: 77.78% (Best: 77.78% @ Ep337) | LR: 0.000010 | Rev: 2/99999
Epoch  341 | Cost: 0.903508 | Acc: 77.78% (Best: 77.78% @ Ep337) | LR: 0.000010 | Rev: 3/99999
Epoch  342 | Cost: 0.900220 | Acc: 77.78% (Best: 77.78% @ Ep337) | LR: 0.000010 | Rev: 0/99999
Epoch  343 | Cost: 0.897396 | Acc: 77.78% (Best: 77.78% @ Ep337) | LR: 0.000010 | Rev: 0/99999
Epoch  344 | Cost: 0.902316 | Acc: 77.78% (Best: 77.78% @ Ep337) | LR: 0.000010 | Rev: 1/99999
Epoch  345 | Cost: 0.897583 | Acc: 77.78% (Best: 77.78% @ Ep337) | LR: 0.000010 | Rev: 0/99999
Epoch  346 | Cost: 0.892339 | Acc: 77.78% (Best: 77.78% @ Ep337) | LR: 0.000010 | Rev: 0/99999
Epoch  347 | Cost: 0.897109 | Acc: 77.78% (Best: 77.78% @ Ep337) | LR: 0.000010 | Rev: 1/99999
Epoch  348 | Cost: 0.889796 | Acc: 77.78% (Best: 77.78% @ Ep337) | LR: 0.000010 | Rev: 0/99999
Epoch  349 | Cost: 0.892228 | Acc: 77.78% (Best: 77.78% @ Ep337) | LR: 0.000010 | Rev: 1/99999
Epoch  350 | Cost: 0.896311 | Acc: 77.78% (Best: 77.78% @ Ep337) | LR: 0.000010 | Rev: 2/99999
Epoch  351 | Cost: 0.897305 | Acc: 77.78% (Best: 77.78% @ Ep337) | LR: 0.000010 | Rev: 3/99999
Epoch  352 | Cost: 0.895945 | Acc: 77.78% (Best: 77.78% @ Ep337) | LR: 0.000010 | Rev: 0/99999
Epoch  353 | Cost: 0.893042 | Acc: 77.78% (Best: 77.78% @ Ep337) | LR: 0.000010 | Rev: 0/99999
Epoch  354 | Cost: 0.887776 | Acc: 77.78% (Best: 77.78% @ Ep337) | LR: 0.000010 | Rev: 0/99999
Epoch  355 | Cost: 0.889370 | Acc: 77.78% (Best: 77.78% @ Ep337) | LR: 0.000010 | Rev: 1/99999
Epoch  356 | Cost: 0.888790 | Acc: 77.78% (Best: 77.78% @ Ep337) | LR: 0.000010 | Rev: 0/99999
Epoch  357 | Cost: 0.890248 | Acc: 77.78% (Best: 77.78% @ Ep337) | LR: 0.000010 | Rev: 1/99999
Epoch  358 | Cost: 0.897511 | Acc: 77.78% (Best: 77.78% @ Ep337) | LR: 0.000010 | Rev: 2/99999
Epoch  359 | Cost: 0.893860 | Acc: 77.78% (Best: 77.78% @ Ep337) | LR: 0.000010 | Rev: 0/99999
Epoch  360 | Cost: 0.893879 | Acc: 77.78% (Best: 77.78% @ Ep337) | LR: 0.000010 | Rev: 1/99999
Epoch  361 | Cost: 0.893822 | Acc: 77.78% (Best: 77.78% @ Ep337) | LR: 0.000010 | Rev: 0/99999
Epoch  362 | Cost: 0.887408 | Acc: 77.78% (Best: 77.78% @ Ep337) | LR: 0.000010 | Rev: 0/99999
Epoch  363 | Cost: 0.883906 | Acc: 77.78% (Best: 77.78% @ Ep337) | LR: 0.000010 | Rev: 0/99999
Epoch  364 | Cost: 0.883273 | Acc: 77.78% (Best: 77.78% @ Ep337) | LR: 0.000010 | Rev: 0/99999
Epoch  365 | Cost: 0.885190 | Acc: 77.78% (Best: 77.78% @ Ep337) | LR: 0.000010 | Rev: 1/99999
Epoch  366 | Cost: 0.885453 | Acc: 77.78% (Best: 77.78% @ Ep337) | LR: 0.000010 | Rev: 2/99999
Epoch  367 | Cost: 0.889067 | Acc: 77.78% (Best: 77.78% @ Ep337) | LR: 0.000010 | Rev: 3/99999
Epoch  368 | Cost: 0.897444 | Acc: 77.78% (Best: 77.78% @ Ep337) | LR: 0.000010 | Rev: 4/99999
Epoch  369 | Cost: 0.888104 | Acc: 77.78% (Best: 77.78% @ Ep337) | LR: 0.000010 | Rev: 0/99999
Epoch  370 | Cost: 0.891920 | Acc: 77.78% (Best: 77.78% @ Ep337) | LR: 0.000010 | Rev: 1/99999
Epoch  371 | Cost: 0.878884 | Acc: 77.78% (Best: 77.78% @ Ep337) | LR: 0.000010 | Rev: 0/99999
Epoch  372 | Cost: 0.885136 | Acc: 77.78% (Best: 77.78% @ Ep337) | LR: 0.000010 | Rev: 1/99999
Epoch  373 | Cost: 0.885045 | Acc: 77.78% (Best: 77.78% @ Ep337) | LR: 0.000010 | Rev: 0/99999
Epoch  374 | Cost: 0.880320 | Acc: 77.78% (Best: 77.78% @ Ep337) | LR: 0.000010 | Rev: 0/99999
Epoch  375 | Cost: 0.889184 | Acc: 77.78% (Best: 77.78% @ Ep337) | LR: 0.000010 | Rev: 1/99999
Epoch  376 | Cost: 0.877711 | Acc: 77.78% (Best: 77.78% @ Ep337) | LR: 0.000010 | Rev: 0/99999
Epoch  377 | Cost: 0.877062 | Acc: 77.78% (Best: 77.78% @ Ep337) | LR: 0.000010 | Rev: 0/99999
Epoch  378 | Cost: 0.882815 | Acc: 77.78% (Best: 77.78% @ Ep337) | LR: 0.000010 | Rev: 1/99999
Epoch  379 | Cost: 0.882541 | Acc: 77.78% (Best: 77.78% @ Ep337) | LR: 0.000010 | Rev: 0/99999
Epoch  380 | Cost: 0.883969 | Acc: 77.78% (Best: 77.78% @ Ep337) | LR: 0.000010 | Rev: 1/99999
Epoch  381 | Cost: 0.881646 | Acc: 77.78% (Best: 77.78% @ Ep337) | LR: 0.000010 | Rev: 0/99999
Epoch  382 | Cost: 0.887646 | Acc: 77.78% (Best: 77.78% @ Ep337) | LR: 0.000010 | Rev: 1/99999
Epoch  383 | Cost: 0.879349 | Acc: 77.78% (Best: 77.78% @ Ep337) | LR: 0.000010 | Rev: 0/99999
Epoch  384 | Cost: 0.882081 | Acc: 77.78% (Best: 77.78% @ Ep337) | LR: 0.000010 | Rev: 1/99999
Epoch  385 | Cost: 0.880869 | Acc: 77.78% (Best: 77.78% @ Ep337) | LR: 0.000010 | Rev: 0/99999
Epoch  386 | Cost: 0.871993 | Acc: 80.56% (Best: 80.56% @ Ep386) | LR: 0.000010 | Rev: 0/99999
Epoch  387 | Cost: 0.886152 | Acc: 80.56% (Best: 80.56% @ Ep386) | LR: 0.000010 | Rev: 1/99999
Epoch  388 | Cost: 0.881962 | Acc: 80.56% (Best: 80.56% @ Ep386) | LR: 0.000010 | Rev: 0/99999
Epoch  389 | Cost: 0.881236 | Acc: 80.56% (Best: 80.56% @ Ep386) | LR: 0.000010 | Rev: 0/99999
Epoch  390 | Cost: 0.878353 | Acc: 80.56% (Best: 80.56% @ Ep386) | LR: 0.000010 | Rev: 0/99999
Epoch  391 | Cost: 0.876172 | Acc: 80.56% (Best: 80.56% @ Ep386) | LR: 0.000010 | Rev: 0/99999
Epoch  392 | Cost: 0.878791 | Acc: 83.33% (Best: 83.33% @ Ep392) | LR: 0.000010 | Rev: 1/99999
Epoch  393 | Cost: 0.880570 | Acc: 83.33% (Best: 83.33% @ Ep392) | LR: 0.000010 | Rev: 2/99999
Epoch  394 | Cost: 0.878273 | Acc: 83.33% (Best: 83.33% @ Ep392) | LR: 0.000010 | Rev: 0/99999
Epoch  395 | Cost: 0.870594 | Acc: 83.33% (Best: 83.33% @ Ep392) | LR: 0.000010 | Rev: 0/99999
Epoch  396 | Cost: 0.873615 | Acc: 83.33% (Best: 83.33% @ Ep392) | LR: 0.000010 | Rev: 1/99999
Epoch  397 | Cost: 0.871545 | Acc: 83.33% (Best: 83.33% @ Ep392) | LR: 0.000010 | Rev: 0/99999
Epoch  398 | Cost: 0.885551 | Acc: 83.33% (Best: 83.33% @ Ep392) | LR: 0.000010 | Rev: 1/99999
Epoch  399 | Cost: 0.868818 | Acc: 83.33% (Best: 83.33% @ Ep392) | LR: 0.000010 | Rev: 0/99999
Epoch  400 | Cost: 0.869933 | Acc: 83.33% (Best: 83.33% @ Ep392) | LR: 0.000010 | Rev: 1/99999
Epoch  401 | Cost: 0.870265 | Acc: 86.11% (Best: 86.11% @ Ep401) | LR: 0.000010 | Rev: 2/99999
Epoch  402 | Cost: 0.874854 | Acc: 86.11% (Best: 86.11% @ Ep401) | LR: 0.000010 | Rev: 3/99999
Epoch  403 | Cost: 0.875479 | Acc: 86.11% (Best: 86.11% @ Ep401) | LR: 0.000010 | Rev: 4/99999
Epoch  404 | Cost: 0.860676 | Acc: 86.11% (Best: 86.11% @ Ep401) | LR: 0.000010 | Rev: 0/99999
Epoch  405 | Cost: 0.870819 | Acc: 86.11% (Best: 86.11% @ Ep401) | LR: 0.000010 | Rev: 1/99999
Epoch  406 | Cost: 0.869259 | Acc: 86.11% (Best: 86.11% @ Ep401) | LR: 0.000010 | Rev: 0/99999
Epoch  407 | Cost: 0.880194 | Acc: 86.11% (Best: 86.11% @ Ep401) | LR: 0.000010 | Rev: 1/99999
Epoch  408 | Cost: 0.863381 | Acc: 86.11% (Best: 86.11% @ Ep401) | LR: 0.000010 | Rev: 0/99999
Epoch  409 | Cost: 0.861466 | Acc: 86.11% (Best: 86.11% @ Ep401) | LR: 0.000010 | Rev: 0/99999
Epoch  410 | Cost: 0.867040 | Acc: 86.11% (Best: 86.11% @ Ep401) | LR: 0.000010 | Rev: 1/99999
Epoch  411 | Cost: 0.862775 | Acc: 86.11% (Best: 86.11% @ Ep401) | LR: 0.000010 | Rev: 0/99999
Epoch  412 | Cost: 0.868447 | Acc: 86.11% (Best: 86.11% @ Ep401) | LR: 0.000010 | Rev: 1/99999
Epoch  413 | Cost: 0.870496 | Acc: 86.11% (Best: 86.11% @ Ep401) | LR: 0.000010 | Rev: 2/99999
Epoch  414 | Cost: 0.863821 | Acc: 86.11% (Best: 86.11% @ Ep401) | LR: 0.000010 | Rev: 0/99999
Epoch  415 | Cost: 0.870223 | Acc: 86.11% (Best: 86.11% @ Ep401) | LR: 0.000010 | Rev: 1/99999
Epoch  416 | Cost: 0.866689 | Acc: 86.11% (Best: 86.11% @ Ep401) | LR: 0.000010 | Rev: 0/99999
Epoch  417 | Cost: 0.869449 | Acc: 86.11% (Best: 86.11% @ Ep401) | LR: 0.000010 | Rev: 1/99999
Epoch  418 | Cost: 0.869675 | Acc: 86.11% (Best: 86.11% @ Ep401) | LR: 0.000010 | Rev: 2/99999
Epoch  419 | Cost: 0.865383 | Acc: 86.11% (Best: 86.11% @ Ep401) | LR: 0.000010 | Rev: 0/99999
Epoch  420 | Cost: 0.855817 | Acc: 86.11% (Best: 86.11% @ Ep401) | LR: 0.000010 | Rev: 0/99999
Epoch  421 | Cost: 0.863887 | Acc: 86.11% (Best: 86.11% @ Ep401) | LR: 0.000010 | Rev: 1/99999
Epoch  422 | Cost: 0.860431 | Acc: 86.11% (Best: 86.11% @ Ep401) | LR: 0.000010 | Rev: 0/99999
Epoch  423 | Cost: 0.860218 | Acc: 86.11% (Best: 86.11% @ Ep401) | LR: 0.000010 | Rev: 0/99999
Epoch  424 | Cost: 0.855332 | Acc: 86.11% (Best: 86.11% @ Ep401) | LR: 0.000010 | Rev: 0/99999
Epoch  425 | Cost: 0.854116 | Acc: 86.11% (Best: 86.11% @ Ep401) | LR: 0.000010 | Rev: 0/99999
Epoch  426 | Cost: 0.863651 | Acc: 86.11% (Best: 86.11% @ Ep401) | LR: 0.000010 | Rev: 1/99999
Epoch  427 | Cost: 0.863693 | Acc: 86.11% (Best: 86.11% @ Ep401) | LR: 0.000010 | Rev: 2/99999
Epoch  428 | Cost: 0.861497 | Acc: 86.11% (Best: 86.11% @ Ep401) | LR: 0.000010 | Rev: 0/99999
Epoch  429 | Cost: 0.860575 | Acc: 86.11% (Best: 86.11% @ Ep401) | LR: 0.000010 | Rev: 0/99999
Epoch  430 | Cost: 0.858004 | Acc: 86.11% (Best: 86.11% @ Ep401) | LR: 0.000010 | Rev: 0/99999
Epoch  431 | Cost: 0.854796 | Acc: 86.11% (Best: 86.11% @ Ep401) | LR: 0.000010 | Rev: 0/99999
Epoch  432 | Cost: 0.850990 | Acc: 86.11% (Best: 86.11% @ Ep401) | LR: 0.000010 | Rev: 0/99999
Epoch  433 | Cost: 0.856496 | Acc: 86.11% (Best: 86.11% @ Ep401) | LR: 0.000010 | Rev: 1/99999
Epoch  434 | Cost: 0.851776 | Acc: 86.11% (Best: 86.11% @ Ep401) | LR: 0.000010 | Rev: 0/99999
Epoch  435 | Cost: 0.856049 | Acc: 86.11% (Best: 86.11% @ Ep401) | LR: 0.000010 | Rev: 1/99999
Epoch  436 | Cost: 0.852279 | Acc: 86.11% (Best: 86.11% @ Ep401) | LR: 0.000010 | Rev: 0/99999
Epoch  437 | Cost: 0.853205 | Acc: 86.11% (Best: 86.11% @ Ep401) | LR: 0.000010 | Rev: 1/99999
Epoch  438 | Cost: 0.849648 | Acc: 86.11% (Best: 86.11% @ Ep401) | LR: 0.000010 | Rev: 0/99999
Epoch  439 | Cost: 0.860985 | Acc: 86.11% (Best: 86.11% @ Ep401) | LR: 0.000010 | Rev: 1/99999
Epoch  440 | Cost: 0.856845 | Acc: 86.11% (Best: 86.11% @ Ep401) | LR: 0.000010 | Rev: 0/99999
Epoch  441 | Cost: 0.861159 | Acc: 86.11% (Best: 86.11% @ Ep401) | LR: 0.000010 | Rev: 1/99999
Epoch  442 | Cost: 0.848651 | Acc: 86.11% (Best: 86.11% @ Ep401) | LR: 0.000010 | Rev: 0/99999
Epoch  443 | Cost: 0.852722 | Acc: 86.11% (Best: 86.11% @ Ep401) | LR: 0.000010 | Rev: 1/99999
Epoch  444 | Cost: 0.842903 | Acc: 86.11% (Best: 86.11% @ Ep401) | LR: 0.000010 | Rev: 0/99999
Epoch  445 | Cost: 0.846449 | Acc: 86.11% (Best: 86.11% @ Ep401) | LR: 0.000010 | Rev: 1/99999
Epoch  446 | Cost: 0.854271 | Acc: 86.11% (Best: 86.11% @ Ep401) | LR: 0.000010 | Rev: 2/99999
Epoch  447 | Cost: 0.854772 | Acc: 86.11% (Best: 86.11% @ Ep401) | LR: 0.000010 | Rev: 3/99999
Epoch  448 | Cost: 0.847971 | Acc: 86.11% (Best: 86.11% @ Ep401) | LR: 0.000010 | Rev: 0/99999
Epoch  449 | Cost: 0.850965 | Acc: 86.11% (Best: 86.11% @ Ep401) | LR: 0.000010 | Rev: 1/99999
Epoch  450 | Cost: 0.845772 | Acc: 86.11% (Best: 86.11% @ Ep401) | LR: 0.000010 | Rev: 0/99999
Epoch  451 | Cost: 0.847138 | Acc: 86.11% (Best: 86.11% @ Ep401) | LR: 0.000020 | Rev: 1/99999
Epoch  452 | Cost: 0.850027 | Acc: 86.11% (Best: 86.11% @ Ep401) | LR: 0.000020 | Rev: 2/99999
Epoch  453 | Cost: 0.854258 | Acc: 86.11% (Best: 86.11% @ Ep401) | LR: 0.000020 | Rev: 3/99999
Epoch  454 | Cost: 0.837155 | Acc: 86.11% (Best: 86.11% @ Ep401) | LR: 0.000020 | Rev: 0/99999
Epoch  455 | Cost: 0.847603 | Acc: 86.11% (Best: 86.11% @ Ep401) | LR: 0.000020 | Rev: 1/99999
Epoch  456 | Cost: 0.842346 | Acc: 86.11% (Best: 86.11% @ Ep401) | LR: 0.000020 | Rev: 0/99999
Epoch  457 | Cost: 0.839022 | Acc: 86.11% (Best: 86.11% @ Ep401) | LR: 0.000020 | Rev: 0/99999
Epoch  458 | Cost: 0.842463 | Acc: 86.11% (Best: 86.11% @ Ep401) | LR: 0.000020 | Rev: 1/99999
Epoch  459 | Cost: 0.837046 | Acc: 86.11% (Best: 86.11% @ Ep401) | LR: 0.000020 | Rev: 0/99999
Epoch  460 | Cost: 0.837902 | Acc: 86.11% (Best: 86.11% @ Ep401) | LR: 0.000020 | Rev: 1/99999
Epoch  461 | Cost: 0.834230 | Acc: 86.11% (Best: 86.11% @ Ep401) | LR: 0.000030 | Rev: 0/99999
Epoch  462 | Cost: 0.834438 | Acc: 86.11% (Best: 86.11% @ Ep401) | LR: 0.000030 | Rev: 1/99999
Epoch  463 | Cost: 0.834777 | Acc: 86.11% (Best: 86.11% @ Ep401) | LR: 0.000030 | Rev: 2/99999
Epoch  464 | Cost: 0.833005 | Acc: 86.11% (Best: 86.11% @ Ep401) | LR: 0.000030 | Rev: 0/99999
Epoch  465 | Cost: 0.832964 | Acc: 86.11% (Best: 86.11% @ Ep401) | LR: 0.000030 | Rev: 0/99999
Epoch  466 | Cost: 0.826373 | Acc: 86.11% (Best: 86.11% @ Ep401) | LR: 0.000030 | Rev: 0/99999
Epoch  467 | Cost: 0.832769 | Acc: 86.11% (Best: 86.11% @ Ep401) | LR: 0.000030 | Rev: 1/99999
Epoch  468 | Cost: 0.821373 | Acc: 86.11% (Best: 86.11% @ Ep401) | LR: 0.000030 | Rev: 0/99999
Epoch  469 | Cost: 0.824486 | Acc: 86.11% (Best: 86.11% @ Ep401) | LR: 0.000030 | Rev: 1/99999
Epoch  470 | Cost: 0.814809 | Acc: 88.89% (Best: 88.89% @ Ep470) | LR: 0.000010 | Rev: 0/99999
Epoch  471 | Cost: 0.826321 | Acc: 88.89% (Best: 88.89% @ Ep470) | LR: 0.000010 | Rev: 1/99999
Epoch  472 | Cost: 0.819735 | Acc: 88.89% (Best: 88.89% @ Ep470) | LR: 0.000010 | Rev: 0/99999
Epoch  473 | Cost: 0.820215 | Acc: 88.89% (Best: 88.89% @ Ep470) | LR: 0.000010 | Rev: 1/99999
Epoch  474 | Cost: 0.831996 | Acc: 88.89% (Best: 88.89% @ Ep470) | LR: 0.000010 | Rev: 2/99999
Epoch  475 | Cost: 0.818515 | Acc: 88.89% (Best: 88.89% @ Ep470) | LR: 0.000010 | Rev: 0/99999
Epoch  476 | Cost: 0.818842 | Acc: 88.89% (Best: 88.89% @ Ep470) | LR: 0.000010 | Rev: 1/99999
Epoch  477 | Cost: 0.821884 | Acc: 88.89% (Best: 88.89% @ Ep470) | LR: 0.000010 | Rev: 2/99999
Epoch  478 | Cost: 0.825023 | Acc: 88.89% (Best: 88.89% @ Ep470) | LR: 0.000010 | Rev: 3/99999
Epoch  479 | Cost: 0.817075 | Acc: 88.89% (Best: 88.89% @ Ep470) | LR: 0.000010 | Rev: 0/99999
Epoch  480 | Cost: 0.819175 | Acc: 88.89% (Best: 88.89% @ Ep470) | LR: 0.000010 | Rev: 1/99999
Epoch  481 | Cost: 0.813487 | Acc: 88.89% (Best: 88.89% @ Ep470) | LR: 0.000010 | Rev: 0/99999
Epoch  482 | Cost: 0.814434 | Acc: 88.89% (Best: 88.89% @ Ep470) | LR: 0.000010 | Rev: 1/99999
Epoch  483 | Cost: 0.821316 | Acc: 88.89% (Best: 88.89% @ Ep470) | LR: 0.000010 | Rev: 2/99999
Epoch  484 | Cost: 0.818344 | Acc: 88.89% (Best: 88.89% @ Ep470) | LR: 0.000010 | Rev: 0/99999
Epoch  485 | Cost: 0.823966 | Acc: 88.89% (Best: 88.89% @ Ep470) | LR: 0.000010 | Rev: 1/99999
Epoch  486 | Cost: 0.814388 | Acc: 88.89% (Best: 88.89% @ Ep470) | LR: 0.000010 | Rev: 0/99999
Epoch  487 | Cost: 0.813261 | Acc: 88.89% (Best: 88.89% @ Ep470) | LR: 0.000010 | Rev: 0/99999
Epoch  488 | Cost: 0.817947 | Acc: 88.89% (Best: 88.89% @ Ep470) | LR: 0.000010 | Rev: 1/99999
Epoch  489 | Cost: 0.813028 | Acc: 88.89% (Best: 88.89% @ Ep470) | LR: 0.000010 | Rev: 0/99999
Epoch  490 | Cost: 0.814206 | Acc: 88.89% (Best: 88.89% @ Ep470) | LR: 0.000010 | Rev: 1/99999
Epoch  491 | Cost: 0.812809 | Acc: 88.89% (Best: 88.89% @ Ep470) | LR: 0.000010 | Rev: 0/99999
Epoch  492 | Cost: 0.816395 | Acc: 88.89% (Best: 88.89% @ Ep470) | LR: 0.000010 | Rev: 1/99999
Epoch  493 | Cost: 0.813699 | Acc: 88.89% (Best: 88.89% @ Ep470) | LR: 0.000010 | Rev: 0/99999
Epoch  494 | Cost: 0.813948 | Acc: 88.89% (Best: 88.89% @ Ep470) | LR: 0.000010 | Rev: 1/99999
Epoch  495 | Cost: 0.817679 | Acc: 88.89% (Best: 88.89% @ Ep470) | LR: 0.000010 | Rev: 2/99999
Epoch  496 | Cost: 0.813880 | Acc: 88.89% (Best: 88.89% @ Ep470) | LR: 0.000010 | Rev: 0/99999
Epoch  497 | Cost: 0.813290 | Acc: 88.89% (Best: 88.89% @ Ep470) | LR: 0.000010 | Rev: 0/99999
Epoch  498 | Cost: 0.808415 | Acc: 88.89% (Best: 88.89% @ Ep470) | LR: 0.000010 | Rev: 0/99999
Epoch  499 | Cost: 0.814735 | Acc: 88.89% (Best: 88.89% @ Ep470) | LR: 0.000010 | Rev: 1/99999
Epoch  500 | Cost: 0.808834 | Acc: 88.89% (Best: 88.89% @ Ep470) | LR: 0.000010 | Rev: 0/99999
Epoch  501 | Cost: 0.810881 | Acc: 88.89% (Best: 88.89% @ Ep470) | LR: 0.000010 | Rev: 1/99999
Epoch  502 | Cost: 0.813910 | Acc: 88.89% (Best: 88.89% @ Ep470) | LR: 0.000010 | Rev: 2/99999
Epoch  503 | Cost: 0.800667 | Acc: 88.89% (Best: 88.89% @ Ep470) | LR: 0.000010 | Rev: 0/99999
Epoch  504 | Cost: 0.813991 | Acc: 88.89% (Best: 88.89% @ Ep470) | LR: 0.000010 | Rev: 1/99999
Epoch  505 | Cost: 0.808508 | Acc: 88.89% (Best: 88.89% @ Ep470) | LR: 0.000010 | Rev: 0/99999
Epoch  506 | Cost: 0.807768 | Acc: 88.89% (Best: 88.89% @ Ep470) | LR: 0.000010 | Rev: 0/99999
Epoch  507 | Cost: 0.809732 | Acc: 88.89% (Best: 88.89% @ Ep470) | LR: 0.000010 | Rev: 1/99999
Epoch  508 | Cost: 0.807743 | Acc: 88.89% (Best: 88.89% @ Ep470) | LR: 0.000010 | Rev: 0/99999
Epoch  509 | Cost: 0.807933 | Acc: 88.89% (Best: 88.89% @ Ep470) | LR: 0.000010 | Rev: 1/99999
Epoch  510 | Cost: 0.803217 | Acc: 88.89% (Best: 88.89% @ Ep470) | LR: 0.000010 | Rev: 0/99999
Epoch  511 | Cost: 0.802377 | Acc: 88.89% (Best: 88.89% @ Ep470) | LR: 0.000010 | Rev: 0/99999
Epoch  512 | Cost: 0.798715 | Acc: 88.89% (Best: 88.89% @ Ep470) | LR: 0.000010 | Rev: 0/99999
Epoch  513 | Cost: 0.804314 | Acc: 88.89% (Best: 88.89% @ Ep470) | LR: 0.000010 | Rev: 1/99999
Epoch  514 | Cost: 0.808029 | Acc: 88.89% (Best: 88.89% @ Ep470) | LR: 0.000010 | Rev: 2/99999
Epoch  515 | Cost: 0.808666 | Acc: 88.89% (Best: 88.89% @ Ep470) | LR: 0.000010 | Rev: 3/99999
Epoch  516 | Cost: 0.802748 | Acc: 88.89% (Best: 88.89% @ Ep470) | LR: 0.000010 | Rev: 0/99999
Epoch  517 | Cost: 0.797253 | Acc: 88.89% (Best: 88.89% @ Ep470) | LR: 0.000010 | Rev: 0/99999
Epoch  518 | Cost: 0.807540 | Acc: 88.89% (Best: 88.89% @ Ep470) | LR: 0.000010 | Rev: 1/99999
Epoch  519 | Cost: 0.800881 | Acc: 88.89% (Best: 88.89% @ Ep470) | LR: 0.000010 | Rev: 0/99999
Epoch  520 | Cost: 0.797273 | Acc: 88.89% (Best: 88.89% @ Ep470) | LR: 0.000020 | Rev: 0/99999
Epoch  521 | Cost: 0.807104 | Acc: 88.89% (Best: 88.89% @ Ep470) | LR: 0.000020 | Rev: 1/99999
Epoch  522 | Cost: 0.806848 | Acc: 88.89% (Best: 88.89% @ Ep470) | LR: 0.000020 | Rev: 0/99999
Epoch  523 | Cost: 0.799494 | Acc: 88.89% (Best: 88.89% @ Ep470) | LR: 0.000020 | Rev: 0/99999
Epoch  524 | Cost: 0.795461 | Acc: 88.89% (Best: 88.89% @ Ep470) | LR: 0.000020 | Rev: 0/99999
Epoch  525 | Cost: 0.791476 | Acc: 88.89% (Best: 88.89% @ Ep470) | LR: 0.000020 | Rev: 0/99999
Epoch  526 | Cost: 0.801438 | Acc: 88.89% (Best: 88.89% @ Ep470) | LR: 0.000020 | Rev: 1/99999
Epoch  527 | Cost: 0.797847 | Acc: 88.89% (Best: 88.89% @ Ep470) | LR: 0.000020 | Rev: 0/99999
Epoch  528 | Cost: 0.795273 | Acc: 88.89% (Best: 88.89% @ Ep470) | LR: 0.000020 | Rev: 0/99999
Epoch  529 | Cost: 0.788416 | Acc: 88.89% (Best: 88.89% @ Ep470) | LR: 0.000020 | Rev: 0/99999
Epoch  530 | Cost: 0.788443 | Acc: 88.89% (Best: 88.89% @ Ep470) | LR: 0.000030 | Rev: 1/99999
Epoch  531 | Cost: 0.785449 | Acc: 88.89% (Best: 88.89% @ Ep470) | LR: 0.000030 | Rev: 0/99999
Epoch  532 | Cost: 0.790403 | Acc: 88.89% (Best: 88.89% @ Ep470) | LR: 0.000030 | Rev: 1/99999
Epoch  533 | Cost: 0.784175 | Acc: 88.89% (Best: 88.89% @ Ep470) | LR: 0.000030 | Rev: 0/99999
Epoch  534 | Cost: 0.779043 | Acc: 86.11% (Best: 88.89% @ Ep470) | LR: 0.000030 | Rev: 0/99999
Epoch  535 | Cost: 0.787603 | Acc: 86.11% (Best: 88.89% @ Ep470) | LR: 0.000030 | Rev: 1/99999
Epoch  536 | Cost: 0.787429 | Acc: 86.11% (Best: 88.89% @ Ep470) | LR: 0.000030 | Rev: 0/99999
Epoch  537 | Cost: 0.788462 | Acc: 86.11% (Best: 88.89% @ Ep470) | LR: 0.000030 | Rev: 1/99999
Epoch  538 | Cost: 0.781350 | Acc: 86.11% (Best: 88.89% @ Ep470) | LR: 0.000030 | Rev: 0/99999
Epoch  539 | Cost: 0.779714 | Acc: 86.11% (Best: 88.89% @ Ep470) | LR: 0.000030 | Rev: 0/99999
Epoch  540 | Cost: 0.782922 | Acc: 86.11% (Best: 88.89% @ Ep470) | LR: 0.000040 | Rev: 1/99999
Epoch  541 | Cost: 0.778301 | Acc: 86.11% (Best: 88.89% @ Ep470) | LR: 0.000040 | Rev: 0/99999
Epoch  542 | Cost: 0.778979 | Acc: 86.11% (Best: 88.89% @ Ep470) | LR: 0.000040 | Rev: 1/99999
Epoch  543 | Cost: 0.773719 | Acc: 86.11% (Best: 88.89% @ Ep470) | LR: 0.000040 | Rev: 0/99999
Epoch  544 | Cost: 0.768603 | Acc: 86.11% (Best: 88.89% @ Ep470) | LR: 0.000040 | Rev: 0/99999
Epoch  545 | Cost: 0.772903 | Acc: 86.11% (Best: 88.89% @ Ep470) | LR: 0.000040 | Rev: 1/99999
Epoch  546 | Cost: 0.774086 | Acc: 86.11% (Best: 88.89% @ Ep470) | LR: 0.000040 | Rev: 2/99999
Epoch  547 | Cost: 0.764734 | Acc: 86.11% (Best: 88.89% @ Ep470) | LR: 0.000040 | Rev: 0/99999
Epoch  548 | Cost: 0.767828 | Acc: 86.11% (Best: 88.89% @ Ep470) | LR: 0.000040 | Rev: 1/99999
Epoch  549 | Cost: 0.756230 | Acc: 88.89% (Best: 88.89% @ Ep470) | LR: 0.000040 | Rev: 0/99999
Epoch  550 | Cost: 0.765377 | Acc: 88.89% (Best: 88.89% @ Ep470) | LR: 0.000050 | Rev: 1/99999
Epoch  551 | Cost: 0.758841 | Acc: 88.89% (Best: 88.89% @ Ep470) | LR: 0.000050 | Rev: 0/99999
Epoch  552 | Cost: 0.749700 | Acc: 88.89% (Best: 88.89% @ Ep470) | LR: 0.000050 | Rev: 0/99999
Epoch  553 | Cost: 0.759093 | Acc: 88.89% (Best: 88.89% @ Ep470) | LR: 0.000050 | Rev: 1/99999
Epoch  554 | Cost: 0.753431 | Acc: 88.89% (Best: 88.89% @ Ep470) | LR: 0.000050 | Rev: 0/99999
Epoch  555 | Cost: 0.750045 | Acc: 88.89% (Best: 88.89% @ Ep470) | LR: 0.000050 | Rev: 0/99999
Epoch  556 | Cost: 0.742874 | Acc: 88.89% (Best: 88.89% @ Ep470) | LR: 0.000050 | Rev: 0/99999
Epoch  557 | Cost: 0.744893 | Acc: 88.89% (Best: 88.89% @ Ep470) | LR: 0.000050 | Rev: 1/99999
Epoch  558 | Cost: 0.746304 | Acc: 88.89% (Best: 88.89% @ Ep470) | LR: 0.000050 | Rev: 2/99999
Epoch  559 | Cost: 0.741591 | Acc: 88.89% (Best: 88.89% @ Ep470) | LR: 0.000050 | Rev: 0/99999
Epoch  560 | Cost: 0.738029 | Acc: 88.89% (Best: 88.89% @ Ep470) | LR: 0.000060 | Rev: 0/99999
Epoch  561 | Cost: 0.735767 | Acc: 88.89% (Best: 88.89% @ Ep470) | LR: 0.000060 | Rev: 0/99999
Epoch  562 | Cost: 0.730548 | Acc: 88.89% (Best: 88.89% @ Ep470) | LR: 0.000060 | Rev: 0/99999
Epoch  563 | Cost: 0.721019 | Acc: 88.89% (Best: 88.89% @ Ep470) | LR: 0.000060 | Rev: 0/99999
Epoch  564 | Cost: 0.726984 | Acc: 88.89% (Best: 88.89% @ Ep470) | LR: 0.000060 | Rev: 1/99999
Epoch  565 | Cost: 0.726460 | Acc: 88.89% (Best: 88.89% @ Ep470) | LR: 0.000060 | Rev: 0/99999
Epoch  566 | Cost: 0.721268 | Acc: 88.89% (Best: 88.89% @ Ep470) | LR: 0.000060 | Rev: 0/99999
Epoch  567 | Cost: 0.720497 | Acc: 88.89% (Best: 88.89% @ Ep470) | LR: 0.000060 | Rev: 0/99999
Epoch  568 | Cost: 0.719623 | Acc: 88.89% (Best: 88.89% @ Ep470) | LR: 0.000060 | Rev: 0/99999
Epoch  569 | Cost: 0.726481 | Acc: 88.89% (Best: 88.89% @ Ep470) | LR: 0.000060 | Rev: 1/99999
Epoch  570 | Cost: 0.711561 | Acc: 88.89% (Best: 88.89% @ Ep470) | LR: 0.000070 | Rev: 0/99999
Epoch  571 | Cost: 0.700925 | Acc: 88.89% (Best: 88.89% @ Ep470) | LR: 0.000070 | Rev: 0/99999
Epoch  572 | Cost: 0.704298 | Acc: 88.89% (Best: 88.89% @ Ep470) | LR: 0.000070 | Rev: 1/99999
Epoch  573 | Cost: 0.705306 | Acc: 88.89% (Best: 88.89% @ Ep470) | LR: 0.000070 | Rev: 2/99999
Epoch  574 | Cost: 0.695863 | Acc: 91.67% (Best: 91.67% @ Ep574) | LR: 0.000010 | Rev: 0/99999
Epoch  575 | Cost: 0.700038 | Acc: 91.67% (Best: 91.67% @ Ep574) | LR: 0.000010 | Rev: 1/99999
Epoch  576 | Cost: 0.704193 | Acc: 91.67% (Best: 91.67% @ Ep574) | LR: 0.000010 | Rev: 2/99999
Epoch  577 | Cost: 0.699311 | Acc: 91.67% (Best: 91.67% @ Ep574) | LR: 0.000010 | Rev: 0/99999
Epoch  578 | Cost: 0.698399 | Acc: 91.67% (Best: 91.67% @ Ep574) | LR: 0.000010 | Rev: 0/99999
Epoch  579 | Cost: 0.695366 | Acc: 91.67% (Best: 91.67% @ Ep574) | LR: 0.000010 | Rev: 0/99999
Epoch  580 | Cost: 0.695372 | Acc: 91.67% (Best: 91.67% @ Ep574) | LR: 0.000010 | Rev: 1/99999
Epoch  581 | Cost: 0.699956 | Acc: 91.67% (Best: 91.67% @ Ep574) | LR: 0.000010 | Rev: 2/99999
Epoch  582 | Cost: 0.697799 | Acc: 91.67% (Best: 91.67% @ Ep574) | LR: 0.000010 | Rev: 0/99999
Epoch  583 | Cost: 0.698749 | Acc: 91.67% (Best: 91.67% @ Ep574) | LR: 0.000010 | Rev: 1/99999
Epoch  584 | Cost: 0.689389 | Acc: 91.67% (Best: 91.67% @ Ep574) | LR: 0.000010 | Rev: 0/99999
Epoch  585 | Cost: 0.698703 | Acc: 91.67% (Best: 91.67% @ Ep574) | LR: 0.000010 | Rev: 1/99999
Epoch  586 | Cost: 0.686308 | Acc: 91.67% (Best: 91.67% @ Ep574) | LR: 0.000010 | Rev: 0/99999
Epoch  587 | Cost: 0.693979 | Acc: 91.67% (Best: 91.67% @ Ep574) | LR: 0.000010 | Rev: 1/99999
Epoch  588 | Cost: 0.694053 | Acc: 91.67% (Best: 91.67% @ Ep574) | LR: 0.000010 | Rev: 2/99999
Epoch  589 | Cost: 0.700076 | Acc: 91.67% (Best: 91.67% @ Ep574) | LR: 0.000010 | Rev: 3/99999
Epoch  590 | Cost: 0.691556 | Acc: 91.67% (Best: 91.67% @ Ep574) | LR: 0.000010 | Rev: 0/99999
Epoch  591 | Cost: 0.691029 | Acc: 91.67% (Best: 91.67% @ Ep574) | LR: 0.000010 | Rev: 0/99999
Epoch  592 | Cost: 0.688618 | Acc: 91.67% (Best: 91.67% @ Ep574) | LR: 0.000010 | Rev: 0/99999
Epoch  593 | Cost: 0.687469 | Acc: 91.67% (Best: 91.67% @ Ep574) | LR: 0.000010 | Rev: 0/99999
Epoch  594 | Cost: 0.686990 | Acc: 91.67% (Best: 91.67% @ Ep574) | LR: 0.000010 | Rev: 0/99999
Epoch  595 | Cost: 0.692778 | Acc: 91.67% (Best: 91.67% @ Ep574) | LR: 0.000010 | Rev: 1/99999
Epoch  596 | Cost: 0.694144 | Acc: 91.67% (Best: 91.67% @ Ep574) | LR: 0.000010 | Rev: 2/99999
Epoch  597 | Cost: 0.683184 | Acc: 91.67% (Best: 91.67% @ Ep574) | LR: 0.000010 | Rev: 0/99999
Epoch  598 | Cost: 0.694359 | Acc: 91.67% (Best: 91.67% @ Ep574) | LR: 0.000010 | Rev: 1/99999
Epoch  599 | Cost: 0.690417 | Acc: 91.67% (Best: 91.67% @ Ep574) | LR: 0.000010 | Rev: 0/99999
Epoch  600 | Cost: 0.682426 | Acc: 91.67% (Best: 91.67% @ Ep574) | LR: 0.000010 | Rev: 0/99999
Epoch  601 | Cost: 0.693512 | Acc: 91.67% (Best: 91.67% @ Ep574) | LR: 0.000010 | Rev: 1/99999
Epoch  602 | Cost: 0.687905 | Acc: 91.67% (Best: 91.67% @ Ep574) | LR: 0.000010 | Rev: 0/99999
Epoch  603 | Cost: 0.688451 | Acc: 91.67% (Best: 91.67% @ Ep574) | LR: 0.000010 | Rev: 1/99999
Epoch  604 | Cost: 0.689424 | Acc: 91.67% (Best: 91.67% @ Ep574) | LR: 0.000010 | Rev: 2/99999
Epoch  605 | Cost: 0.694136 | Acc: 91.67% (Best: 91.67% @ Ep574) | LR: 0.000010 | Rev: 3/99999
Epoch  606 | Cost: 0.681691 | Acc: 91.67% (Best: 91.67% @ Ep574) | LR: 0.000010 | Rev: 0/99999
Epoch  607 | Cost: 0.690480 | Acc: 91.67% (Best: 91.67% @ Ep574) | LR: 0.000010 | Rev: 1/99999
Epoch  608 | Cost: 0.676870 | Acc: 91.67% (Best: 91.67% @ Ep574) | LR: 0.000010 | Rev: 0/99999
Epoch  609 | Cost: 0.680847 | Acc: 91.67% (Best: 91.67% @ Ep574) | LR: 0.000010 | Rev: 1/99999
Epoch  610 | Cost: 0.687365 | Acc: 91.67% (Best: 91.67% @ Ep574) | LR: 0.000010 | Rev: 2/99999
Epoch  611 | Cost: 0.679407 | Acc: 91.67% (Best: 91.67% @ Ep574) | LR: 0.000010 | Rev: 0/99999
Epoch  612 | Cost: 0.677455 | Acc: 91.67% (Best: 91.67% @ Ep574) | LR: 0.000010 | Rev: 0/99999
Epoch  613 | Cost: 0.684394 | Acc: 91.67% (Best: 91.67% @ Ep574) | LR: 0.000010 | Rev: 1/99999
Epoch  614 | Cost: 0.677408 | Acc: 91.67% (Best: 91.67% @ Ep574) | LR: 0.000010 | Rev: 0/99999
Epoch  615 | Cost: 0.680527 | Acc: 91.67% (Best: 91.67% @ Ep574) | LR: 0.000010 | Rev: 1/99999
Epoch  616 | Cost: 0.675447 | Acc: 91.67% (Best: 91.67% @ Ep574) | LR: 0.000010 | Rev: 0/99999
Epoch  617 | Cost: 0.685101 | Acc: 91.67% (Best: 91.67% @ Ep574) | LR: 0.000010 | Rev: 1/99999
Epoch  618 | Cost: 0.674960 | Acc: 91.67% (Best: 91.67% @ Ep574) | LR: 0.000010 | Rev: 0/99999
Epoch  619 | Cost: 0.679840 | Acc: 91.67% (Best: 91.67% @ Ep574) | LR: 0.000010 | Rev: 1/99999
Epoch  620 | Cost: 0.676244 | Acc: 91.67% (Best: 91.67% @ Ep574) | LR: 0.000010 | Rev: 0/99999
Epoch  621 | Cost: 0.680931 | Acc: 91.67% (Best: 91.67% @ Ep574) | LR: 0.000010 | Rev: 1/99999
Epoch  622 | Cost: 0.678762 | Acc: 91.67% (Best: 91.67% @ Ep574) | LR: 0.000010 | Rev: 0/99999
Epoch  623 | Cost: 0.683206 | Acc: 91.67% (Best: 91.67% @ Ep574) | LR: 0.000010 | Rev: 1/99999
Epoch  624 | Cost: 0.677800 | Acc: 91.67% (Best: 91.67% @ Ep574) | LR: 0.000020 | Rev: 0/99999
Epoch  625 | Cost: 0.675906 | Acc: 91.67% (Best: 91.67% @ Ep574) | LR: 0.000020 | Rev: 0/99999
Epoch  626 | Cost: 0.677564 | Acc: 91.67% (Best: 91.67% @ Ep574) | LR: 0.000020 | Rev: 1/99999
Epoch  627 | Cost: 0.675549 | Acc: 91.67% (Best: 91.67% @ Ep574) | LR: 0.000020 | Rev: 0/99999
Epoch  628 | Cost: 0.681561 | Acc: 91.67% (Best: 91.67% @ Ep574) | LR: 0.000020 | Rev: 1/99999
Epoch  629 | Cost: 0.667374 | Acc: 91.67% (Best: 91.67% @ Ep574) | LR: 0.000020 | Rev: 0/99999
Epoch  630 | Cost: 0.672577 | Acc: 91.67% (Best: 91.67% @ Ep574) | LR: 0.000020 | Rev: 1/99999
Epoch  631 | Cost: 0.673108 | Acc: 91.67% (Best: 91.67% @ Ep574) | LR: 0.000020 | Rev: 2/99999
Epoch  632 | Cost: 0.672255 | Acc: 91.67% (Best: 91.67% @ Ep574) | LR: 0.000020 | Rev: 0/99999
Epoch  633 | Cost: 0.679797 | Acc: 91.67% (Best: 91.67% @ Ep574) | LR: 0.000020 | Rev: 1/99999
Epoch  634 | Cost: 0.669724 | Acc: 91.67% (Best: 91.67% @ Ep574) | LR: 0.000030 | Rev: 0/99999
Epoch  635 | Cost: 0.676782 | Acc: 91.67% (Best: 91.67% @ Ep574) | LR: 0.000030 | Rev: 1/99999
Epoch  636 | Cost: 0.673318 | Acc: 91.67% (Best: 91.67% @ Ep574) | LR: 0.000030 | Rev: 0/99999
Epoch  637 | Cost: 0.674677 | Acc: 91.67% (Best: 91.67% @ Ep574) | LR: 0.000030 | Rev: 1/99999
Epoch  638 | Cost: 0.657331 | Acc: 91.67% (Best: 91.67% @ Ep574) | LR: 0.000030 | Rev: 0/99999
Epoch  639 | Cost: 0.659016 | Acc: 91.67% (Best: 91.67% @ Ep574) | LR: 0.000030 | Rev: 1/99999
Epoch  640 | Cost: 0.665620 | Acc: 91.67% (Best: 91.67% @ Ep574) | LR: 0.000030 | Rev: 2/99999
Epoch  641 | Cost: 0.664744 | Acc: 91.67% (Best: 91.67% @ Ep574) | LR: 0.000030 | Rev: 0/99999
Epoch  642 | Cost: 0.668974 | Acc: 91.67% (Best: 91.67% @ Ep574) | LR: 0.000030 | Rev: 1/99999
Epoch  643 | Cost: 0.674117 | Acc: 91.67% (Best: 91.67% @ Ep574) | LR: 0.000030 | Rev: 2/99999
Epoch  644 | Cost: 0.656855 | Acc: 91.67% (Best: 91.67% @ Ep574) | LR: 0.000040 | Rev: 0/99999
Epoch  645 | Cost: 0.664323 | Acc: 91.67% (Best: 91.67% @ Ep574) | LR: 0.000040 | Rev: 1/99999
Epoch  646 | Cost: 0.655220 | Acc: 91.67% (Best: 91.67% @ Ep574) | LR: 0.000040 | Rev: 0/99999
Epoch  647 | Cost: 0.649457 | Acc: 91.67% (Best: 91.67% @ Ep574) | LR: 0.000040 | Rev: 0/99999
Epoch  648 | Cost: 0.666699 | Acc: 91.67% (Best: 91.67% @ Ep574) | LR: 0.000040 | Rev: 1/99999
Epoch  649 | Cost: 0.639664 | Acc: 91.67% (Best: 91.67% @ Ep574) | LR: 0.000040 | Rev: 0/99999
Epoch  650 | Cost: 0.656396 | Acc: 91.67% (Best: 91.67% @ Ep574) | LR: 0.000040 | Rev: 1/99999
Epoch  651 | Cost: 0.644971 | Acc: 91.67% (Best: 91.67% @ Ep574) | LR: 0.000040 | Rev: 0/99999
Epoch  652 | Cost: 0.655337 | Acc: 91.67% (Best: 91.67% @ Ep574) | LR: 0.000040 | Rev: 1/99999
Epoch  653 | Cost: 0.637958 | Acc: 91.67% (Best: 91.67% @ Ep574) | LR: 0.000040 | Rev: 0/99999
Epoch  654 | Cost: 0.641765 | Acc: 91.67% (Best: 91.67% @ Ep574) | LR: 0.000050 | Rev: 1/99999
Epoch  655 | Cost: 0.638221 | Acc: 91.67% (Best: 91.67% @ Ep574) | LR: 0.000050 | Rev: 0/99999
Epoch  656 | Cost: 0.648027 | Acc: 91.67% (Best: 91.67% @ Ep574) | LR: 0.000050 | Rev: 1/99999
Epoch  657 | Cost: 0.638768 | Acc: 91.67% (Best: 91.67% @ Ep574) | LR: 0.000050 | Rev: 0/99999
Epoch  658 | Cost: 0.642141 | Acc: 91.67% (Best: 91.67% @ Ep574) | LR: 0.000050 | Rev: 1/99999
Epoch  659 | Cost: 0.644298 | Acc: 91.67% (Best: 91.67% @ Ep574) | LR: 0.000050 | Rev: 2/99999
Epoch  660 | Cost: 0.635995 | Acc: 91.67% (Best: 91.67% @ Ep574) | LR: 0.000050 | Rev: 0/99999
Epoch  661 | Cost: 0.627432 | Acc: 91.67% (Best: 91.67% @ Ep574) | LR: 0.000050 | Rev: 0/99999
Epoch  662 | Cost: 0.636326 | Acc: 91.67% (Best: 91.67% @ Ep574) | LR: 0.000050 | Rev: 1/99999
Epoch  663 | Cost: 0.624640 | Acc: 91.67% (Best: 91.67% @ Ep574) | LR: 0.000050 | Rev: 0/99999
Epoch  664 | Cost: 0.624742 | Acc: 91.67% (Best: 91.67% @ Ep574) | LR: 0.000060 | Rev: 1/99999
Epoch  665 | Cost: 0.624166 | Acc: 91.67% (Best: 91.67% @ Ep574) | LR: 0.000060 | Rev: 0/99999
Epoch  666 | Cost: 0.617953 | Acc: 91.67% (Best: 91.67% @ Ep574) | LR: 0.000060 | Rev: 0/99999
Epoch  667 | Cost: 0.625011 | Acc: 91.67% (Best: 91.67% @ Ep574) | LR: 0.000060 | Rev: 1/99999
Epoch  668 | Cost: 0.619070 | Acc: 91.67% (Best: 91.67% @ Ep574) | LR: 0.000060 | Rev: 0/99999
Epoch  669 | Cost: 0.620540 | Acc: 91.67% (Best: 91.67% @ Ep574) | LR: 0.000060 | Rev: 1/99999
Epoch  670 | Cost: 0.612943 | Acc: 91.67% (Best: 91.67% @ Ep574) | LR: 0.000060 | Rev: 0/99999
Epoch  671 | Cost: 0.614387 | Acc: 91.67% (Best: 91.67% @ Ep574) | LR: 0.000060 | Rev: 1/99999
Epoch  672 | Cost: 0.618152 | Acc: 91.67% (Best: 91.67% @ Ep574) | LR: 0.000060 | Rev: 2/99999
Epoch  673 | Cost: 0.613343 | Acc: 91.67% (Best: 91.67% @ Ep574) | LR: 0.000060 | Rev: 0/99999
Epoch  674 | Cost: 0.601450 | Acc: 91.67% (Best: 91.67% @ Ep574) | LR: 0.000070 | Rev: 0/99999
Epoch  675 | Cost: 0.603127 | Acc: 91.67% (Best: 91.67% @ Ep574) | LR: 0.000070 | Rev: 1/99999
Epoch  676 | Cost: 0.604572 | Acc: 91.67% (Best: 91.67% @ Ep574) | LR: 0.000070 | Rev: 2/99999
Epoch  677 | Cost: 0.592834 | Acc: 91.67% (Best: 91.67% @ Ep574) | LR: 0.000070 | Rev: 0/99999
Epoch  678 | Cost: 0.599098 | Acc: 91.67% (Best: 91.67% @ Ep574) | LR: 0.000070 | Rev: 1/99999
Epoch  679 | Cost: 0.594877 | Acc: 91.67% (Best: 91.67% @ Ep574) | LR: 0.000070 | Rev: 0/99999
Epoch  680 | Cost: 0.590847 | Acc: 91.67% (Best: 91.67% @ Ep574) | LR: 0.000070 | Rev: 0/99999
Epoch  681 | Cost: 0.594270 | Acc: 91.67% (Best: 91.67% @ Ep574) | LR: 0.000070 | Rev: 1/99999
Epoch  682 | Cost: 0.590935 | Acc: 91.67% (Best: 91.67% @ Ep574) | LR: 0.000070 | Rev: 0/99999
Epoch  683 | Cost: 0.591377 | Acc: 91.67% (Best: 91.67% @ Ep574) | LR: 0.000070 | Rev: 1/99999
Epoch  684 | Cost: 0.589237 | Acc: 91.67% (Best: 91.67% @ Ep574) | LR: 0.000080 | Rev: 0/99999
Epoch  685 | Cost: 0.581993 | Acc: 91.67% (Best: 91.67% @ Ep574) | LR: 0.000080 | Rev: 0/99999
Epoch  686 | Cost: 0.576855 | Acc: 91.67% (Best: 91.67% @ Ep574) | LR: 0.000080 | Rev: 0/99999
Epoch  687 | Cost: 0.581131 | Acc: 91.67% (Best: 91.67% @ Ep574) | LR: 0.000080 | Rev: 1/99999
Epoch  688 | Cost: 0.571447 | Acc: 91.67% (Best: 91.67% @ Ep574) | LR: 0.000080 | Rev: 0/99999
Epoch  689 | Cost: 0.567065 | Acc: 91.67% (Best: 91.67% @ Ep574) | LR: 0.000080 | Rev: 0/99999
Epoch  690 | Cost: 0.581015 | Acc: 91.67% (Best: 91.67% @ Ep574) | LR: 0.000080 | Rev: 1/99999
Epoch  691 | Cost: 0.565734 | Acc: 91.67% (Best: 91.67% @ Ep574) | LR: 0.000080 | Rev: 0/99999
Epoch  692 | Cost: 0.575675 | Acc: 91.67% (Best: 91.67% @ Ep574) | LR: 0.000080 | Rev: 1/99999
Epoch  693 | Cost: 0.567770 | Acc: 91.67% (Best: 91.67% @ Ep574) | LR: 0.000080 | Rev: 0/99999
Epoch  694 | Cost: 0.562041 | Acc: 91.67% (Best: 91.67% @ Ep574) | LR: 0.000090 | Rev: 0/99999
Epoch  695 | Cost: 0.549286 | Acc: 91.67% (Best: 91.67% @ Ep574) | LR: 0.000090 | Rev: 0/99999
Epoch  696 | Cost: 0.563877 | Acc: 91.67% (Best: 91.67% @ Ep574) | LR: 0.000090 | Rev: 1/99999
Epoch  697 | Cost: 0.557989 | Acc: 91.67% (Best: 91.67% @ Ep574) | LR: 0.000090 | Rev: 0/99999
Epoch  698 | Cost: 0.550899 | Acc: 91.67% (Best: 91.67% @ Ep574) | LR: 0.000090 | Rev: 0/99999
Epoch  699 | Cost: 0.548383 | Acc: 91.67% (Best: 91.67% @ Ep574) | LR: 0.000090 | Rev: 0/99999
Epoch  700 | Cost: 0.551514 | Acc: 91.67% (Best: 91.67% @ Ep574) | LR: 0.000090 | Rev: 1/99999
Epoch  701 | Cost: 0.540940 | Acc: 91.67% (Best: 91.67% @ Ep574) | LR: 0.000090 | Rev: 0/99999
Epoch  702 | Cost: 0.550820 | Acc: 91.67% (Best: 91.67% @ Ep574) | LR: 0.000090 | Rev: 1/99999
Epoch  703 | Cost: 0.551101 | Acc: 91.67% (Best: 91.67% @ Ep574) | LR: 0.000090 | Rev: 2/99999
Epoch  704 | Cost: 0.546089 | Acc: 91.67% (Best: 91.67% @ Ep574) | LR: 0.000100 | Rev: 0/99999
Epoch  705 | Cost: 0.530449 | Acc: 91.67% (Best: 91.67% @ Ep574) | LR: 0.000100 | Rev: 0/99999
Epoch  706 | Cost: 0.547152 | Acc: 91.67% (Best: 91.67% @ Ep574) | LR: 0.000100 | Rev: 1/99999
Epoch  707 | Cost: 0.531351 | Acc: 91.67% (Best: 91.67% @ Ep574) | LR: 0.000100 | Rev: 0/99999
Epoch  708 | Cost: 0.531059 | Acc: 91.67% (Best: 91.67% @ Ep574) | LR: 0.000100 | Rev: 0/99999
Epoch  709 | Cost: 0.535669 | Acc: 91.67% (Best: 91.67% @ Ep574) | LR: 0.000100 | Rev: 1/99999
Epoch  710 | Cost: 0.512490 | Acc: 91.67% (Best: 91.67% @ Ep574) | LR: 0.000100 | Rev: 0/99999
Epoch  711 | Cost: 0.530849 | Acc: 91.67% (Best: 91.67% @ Ep574) | LR: 0.000100 | Rev: 1/99999
Epoch  712 | Cost: 0.531827 | Acc: 91.67% (Best: 91.67% @ Ep574) | LR: 0.000100 | Rev: 2/99999
Epoch  713 | Cost: 0.518156 | Acc: 91.67% (Best: 91.67% @ Ep574) | LR: 0.000100 | Rev: 0/99999
Epoch  714 | Cost: 0.523539 | Acc: 91.67% (Best: 91.67% @ Ep574) | LR: 0.000110 | Rev: 1/99999
Epoch  715 | Cost: 0.519465 | Acc: 91.67% (Best: 91.67% @ Ep574) | LR: 0.000110 | Rev: 0/99999
Epoch  716 | Cost: 0.514458 | Acc: 91.67% (Best: 91.67% @ Ep574) | LR: 0.000110 | Rev: 0/99999
Epoch  717 | Cost: 0.503348 | Acc: 91.67% (Best: 91.67% @ Ep574) | LR: 0.000110 | Rev: 0/99999
Epoch  718 | Cost: 0.512463 | Acc: 91.67% (Best: 91.67% @ Ep574) | LR: 0.000110 | Rev: 1/99999
Epoch  719 | Cost: 0.505746 | Acc: 91.67% (Best: 91.67% @ Ep574) | LR: 0.000110 | Rev: 0/99999
Epoch  720 | Cost: 0.502879 | Acc: 91.67% (Best: 91.67% @ Ep574) | LR: 0.000110 | Rev: 0/99999
Epoch  721 | Cost: 0.493504 | Acc: 91.67% (Best: 91.67% @ Ep574) | LR: 0.000110 | Rev: 0/99999
Epoch  722 | Cost: 0.497415 | Acc: 91.67% (Best: 91.67% @ Ep574) | LR: 0.000110 | Rev: 1/99999
Epoch  723 | Cost: 0.504244 | Acc: 91.67% (Best: 91.67% @ Ep574) | LR: 0.000110 | Rev: 2/99999
Epoch  724 | Cost: 0.499694 | Acc: 91.67% (Best: 91.67% @ Ep574) | LR: 0.000120 | Rev: 0/99999
Epoch  725 | Cost: 0.486432 | Acc: 91.67% (Best: 91.67% @ Ep574) | LR: 0.000120 | Rev: 0/99999
Epoch  726 | Cost: 0.488984 | Acc: 91.67% (Best: 91.67% @ Ep574) | LR: 0.000120 | Rev: 1/99999
Epoch  727 | Cost: 0.498224 | Acc: 91.67% (Best: 91.67% @ Ep574) | LR: 0.000120 | Rev: 2/99999
Epoch  728 | Cost: 0.487776 | Acc: 91.67% (Best: 91.67% @ Ep574) | LR: 0.000120 | Rev: 0/99999
Epoch  729 | Cost: 0.484014 | Acc: 91.67% (Best: 91.67% @ Ep574) | LR: 0.000120 | Rev: 0/99999
Epoch  730 | Cost: 0.481935 | Acc: 91.67% (Best: 91.67% @ Ep574) | LR: 0.000120 | Rev: 0/99999
Epoch  731 | Cost: 0.488669 | Acc: 91.67% (Best: 91.67% @ Ep574) | LR: 0.000120 | Rev: 1/99999
Epoch  732 | Cost: 0.487603 | Acc: 91.67% (Best: 91.67% @ Ep574) | LR: 0.000120 | Rev: 0/99999
Epoch  733 | Cost: 0.473547 | Acc: 91.67% (Best: 91.67% @ Ep574) | LR: 0.000120 | Rev: 0/99999
Epoch  734 | Cost: 0.476112 | Acc: 91.67% (Best: 91.67% @ Ep574) | LR: 0.000130 | Rev: 1/99999
Epoch  735 | Cost: 0.474924 | Acc: 91.67% (Best: 91.67% @ Ep574) | LR: 0.000130 | Rev: 0/99999
Epoch  736 | Cost: 0.460454 | Acc: 91.67% (Best: 91.67% @ Ep574) | LR: 0.000130 | Rev: 0/99999
Epoch  737 | Cost: 0.468665 | Acc: 91.67% (Best: 91.67% @ Ep574) | LR: 0.000130 | Rev: 1/99999
Epoch  738 | Cost: 0.466677 | Acc: 91.67% (Best: 91.67% @ Ep574) | LR: 0.000130 | Rev: 0/99999
Epoch  739 | Cost: 0.468419 | Acc: 91.67% (Best: 91.67% @ Ep574) | LR: 0.000130 | Rev: 1/99999
Epoch  740 | Cost: 0.458115 | Acc: 91.67% (Best: 91.67% @ Ep574) | LR: 0.000130 | Rev: 0/99999
Epoch  741 | Cost: 0.461534 | Acc: 91.67% (Best: 91.67% @ Ep574) | LR: 0.000130 | Rev: 1/99999
Epoch  742 | Cost: 0.443067 | Acc: 91.67% (Best: 91.67% @ Ep574) | LR: 0.000130 | Rev: 0/99999
Epoch  743 | Cost: 0.463389 | Acc: 91.67% (Best: 91.67% @ Ep574) | LR: 0.000130 | Rev: 1/99999
Epoch  744 | Cost: 0.449264 | Acc: 91.67% (Best: 91.67% @ Ep574) | LR: 0.000140 | Rev: 0/99999
Epoch  745 | Cost: 0.452351 | Acc: 91.67% (Best: 91.67% @ Ep574) | LR: 0.000140 | Rev: 1/99999
Epoch  746 | Cost: 0.456909 | Acc: 91.67% (Best: 91.67% @ Ep574) | LR: 0.000140 | Rev: 2/99999
Epoch  747 | Cost: 0.449506 | Acc: 91.67% (Best: 91.67% @ Ep574) | LR: 0.000140 | Rev: 0/99999
Epoch  748 | Cost: 0.452111 | Acc: 91.67% (Best: 91.67% @ Ep574) | LR: 0.000140 | Rev: 1/99999
Epoch  749 | Cost: 0.444808 | Acc: 91.67% (Best: 91.67% @ Ep574) | LR: 0.000140 | Rev: 0/99999
Epoch  750 | Cost: 0.435062 | Acc: 91.67% (Best: 91.67% @ Ep574) | LR: 0.000140 | Rev: 0/99999
Epoch  751 | Cost: 0.435849 | Acc: 91.67% (Best: 91.67% @ Ep574) | LR: 0.000140 | Rev: 1/99999
Epoch  752 | Cost: 0.438079 | Acc: 91.67% (Best: 91.67% @ Ep574) | LR: 0.000140 | Rev: 2/99999
Epoch  753 | Cost: 0.435908 | Acc: 91.67% (Best: 91.67% @ Ep574) | LR: 0.000140 | Rev: 0/99999
Epoch  754 | Cost: 0.435454 | Acc: 91.67% (Best: 91.67% @ Ep574) | LR: 0.000150 | Rev: 0/99999
Epoch  755 | Cost: 0.437502 | Acc: 91.67% (Best: 91.67% @ Ep574) | LR: 0.000150 | Rev: 1/99999
Epoch  756 | Cost: 0.437303 | Acc: 91.67% (Best: 91.67% @ Ep574) | LR: 0.000150 | Rev: 0/99999
Epoch  757 | Cost: 0.430584 | Acc: 91.67% (Best: 91.67% @ Ep574) | LR: 0.000150 | Rev: 0/99999
Epoch  758 | Cost: 0.439671 | Acc: 91.67% (Best: 91.67% @ Ep574) | LR: 0.000150 | Rev: 1/99999
Epoch  759 | Cost: 0.432683 | Acc: 91.67% (Best: 91.67% @ Ep574) | LR: 0.000150 | Rev: 0/99999
Epoch  760 | Cost: 0.409501 | Acc: 91.67% (Best: 91.67% @ Ep574) | LR: 0.000150 | Rev: 0/99999
Epoch  761 | Cost: 0.429757 | Acc: 91.67% (Best: 91.67% @ Ep574) | LR: 0.000150 | Rev: 1/99999
Epoch  762 | Cost: 0.421657 | Acc: 91.67% (Best: 91.67% @ Ep574) | LR: 0.000150 | Rev: 0/99999
Epoch  763 | Cost: 0.418586 | Acc: 91.67% (Best: 91.67% @ Ep574) | LR: 0.000150 | Rev: 0/99999
Epoch  764 | Cost: 0.429695 | Acc: 91.67% (Best: 91.67% @ Ep574) | LR: 0.000160 | Rev: 1/99999
Epoch  765 | Cost: 0.423429 | Acc: 91.67% (Best: 91.67% @ Ep574) | LR: 0.000160 | Rev: 0/99999
Epoch  766 | Cost: 0.425928 | Acc: 91.67% (Best: 91.67% @ Ep574) | LR: 0.000160 | Rev: 1/99999
Epoch  767 | Cost: 0.429188 | Acc: 91.67% (Best: 91.67% @ Ep574) | LR: 0.000160 | Rev: 2/99999
Epoch  768 | Cost: 0.415965 | Acc: 91.67% (Best: 91.67% @ Ep574) | LR: 0.000160 | Rev: 0/99999
Epoch  769 | Cost: 0.419426 | Acc: 91.67% (Best: 91.67% @ Ep574) | LR: 0.000160 | Rev: 1/99999
Epoch  770 | Cost: 0.409404 | Acc: 91.67% (Best: 91.67% @ Ep574) | LR: 0.000160 | Rev: 0/99999
Epoch  771 | Cost: 0.411711 | Acc: 91.67% (Best: 91.67% @ Ep574) | LR: 0.000160 | Rev: 1/99999
Epoch  772 | Cost: 0.408505 | Acc: 91.67% (Best: 91.67% @ Ep574) | LR: 0.000160 | Rev: 0/99999
Epoch  773 | Cost: 0.414503 | Acc: 91.67% (Best: 91.67% @ Ep574) | LR: 0.000160 | Rev: 1/99999
Epoch  774 | Cost: 0.405109 | Acc: 91.67% (Best: 91.67% @ Ep574) | LR: 0.000170 | Rev: 0/99999
Epoch  775 | Cost: 0.398486 | Acc: 91.67% (Best: 91.67% @ Ep574) | LR: 0.000170 | Rev: 0/99999
Epoch  776 | Cost: 0.395368 | Acc: 91.67% (Best: 91.67% @ Ep574) | LR: 0.000170 | Rev: 0/99999
Epoch  777 | Cost: 0.402241 | Acc: 91.67% (Best: 91.67% @ Ep574) | LR: 0.000170 | Rev: 1/99999
Epoch  778 | Cost: 0.406070 | Acc: 91.67% (Best: 91.67% @ Ep574) | LR: 0.000170 | Rev: 2/99999
Epoch  779 | Cost: 0.391722 | Acc: 91.67% (Best: 91.67% @ Ep574) | LR: 0.000170 | Rev: 0/99999
Epoch  780 | Cost: 0.397425 | Acc: 91.67% (Best: 91.67% @ Ep574) | LR: 0.000170 | Rev: 1/99999
Epoch  781 | Cost: 0.385836 | Acc: 91.67% (Best: 91.67% @ Ep574) | LR: 0.000170 | Rev: 0/99999
Epoch  782 | Cost: 0.400449 | Acc: 91.67% (Best: 91.67% @ Ep574) | LR: 0.000170 | Rev: 1/99999
Epoch  783 | Cost: 0.390190 | Acc: 91.67% (Best: 91.67% @ Ep574) | LR: 0.000170 | Rev: 0/99999
Epoch  784 | Cost: 0.404460 | Acc: 91.67% (Best: 91.67% @ Ep574) | LR: 0.000180 | Rev: 1/99999
Epoch  785 | Cost: 0.389936 | Acc: 91.67% (Best: 91.67% @ Ep574) | LR: 0.000180 | Rev: 0/99999
Epoch  786 | Cost: 0.395751 | Acc: 91.67% (Best: 91.67% @ Ep574) | LR: 0.000180 | Rev: 1/99999
Epoch  787 | Cost: 0.387883 | Acc: 91.67% (Best: 91.67% @ Ep574) | LR: 0.000180 | Rev: 0/99999
Epoch  788 | Cost: 0.379061 | Acc: 91.67% (Best: 91.67% @ Ep574) | LR: 0.000180 | Rev: 0/99999
Epoch  789 | Cost: 0.387057 | Acc: 91.67% (Best: 91.67% @ Ep574) | LR: 0.000180 | Rev: 1/99999
Epoch  790 | Cost: 0.377962 | Acc: 91.67% (Best: 91.67% @ Ep574) | LR: 0.000180 | Rev: 0/99999
Epoch  791 | Cost: 0.378954 | Acc: 91.67% (Best: 91.67% @ Ep574) | LR: 0.000180 | Rev: 1/99999
Epoch  792 | Cost: 0.394118 | Acc: 91.67% (Best: 91.67% @ Ep574) | LR: 0.000180 | Rev: 2/99999
Epoch  793 | Cost: 0.382781 | Acc: 91.67% (Best: 91.67% @ Ep574) | LR: 0.000180 | Rev: 0/99999
Epoch  794 | Cost: 0.374627 | Acc: 91.67% (Best: 91.67% @ Ep574) | LR: 0.000190 | Rev: 0/99999
Epoch  795 | Cost: 0.381297 | Acc: 91.67% (Best: 91.67% @ Ep574) | LR: 0.000190 | Rev: 1/99999
Epoch  796 | Cost: 0.381468 | Acc: 91.67% (Best: 91.67% @ Ep574) | LR: 0.000190 | Rev: 2/99999
Epoch  797 | Cost: 0.375624 | Acc: 91.67% (Best: 91.67% @ Ep574) | LR: 0.000190 | Rev: 0/99999
Epoch  798 | Cost: 0.363254 | Acc: 91.67% (Best: 91.67% @ Ep574) | LR: 0.000190 | Rev: 0/99999
Epoch  799 | Cost: 0.375489 | Acc: 91.67% (Best: 91.67% @ Ep574) | LR: 0.000190 | Rev: 1/99999
Epoch  800 | Cost: 0.376075 | Acc: 91.67% (Best: 91.67% @ Ep574) | LR: 0.000190 | Rev: 2/99999
Epoch  801 | Cost: 0.367979 | Acc: 91.67% (Best: 91.67% @ Ep574) | LR: 0.000190 | Rev: 0/99999
Epoch  802 | Cost: 0.381595 | Acc: 91.67% (Best: 91.67% @ Ep574) | LR: 0.000190 | Rev: 1/99999
Epoch  803 | Cost: 0.367436 | Acc: 91.67% (Best: 91.67% @ Ep574) | LR: 0.000190 | Rev: 0/99999
Epoch  804 | Cost: 0.378416 | Acc: 91.67% (Best: 91.67% @ Ep574) | LR: 0.000200 | Rev: 1/99999
Epoch  805 | Cost: 0.363252 | Acc: 91.67% (Best: 91.67% @ Ep574) | LR: 0.000200 | Rev: 0/99999
Epoch  806 | Cost: 0.358235 | Acc: 91.67% (Best: 91.67% @ Ep574) | LR: 0.000200 | Rev: 0/99999
Epoch  807 | Cost: 0.368093 | Acc: 91.67% (Best: 91.67% @ Ep574) | LR: 0.000200 | Rev: 1/99999
Epoch  808 | Cost: 0.367676 | Acc: 91.67% (Best: 91.67% @ Ep574) | LR: 0.000200 | Rev: 0/99999
Epoch  809 | Cost: 0.370426 | Acc: 91.67% (Best: 91.67% @ Ep574) | LR: 0.000200 | Rev: 1/99999
Epoch  810 | Cost: 0.370718 | Acc: 91.67% (Best: 91.67% @ Ep574) | LR: 0.000200 | Rev: 2/99999
Epoch  811 | Cost: 0.359008 | Acc: 91.67% (Best: 91.67% @ Ep574) | LR: 0.000200 | Rev: 0/99999
Epoch  812 | Cost: 0.351877 | Acc: 91.67% (Best: 91.67% @ Ep574) | LR: 0.000200 | Rev: 0/99999
Epoch  813 | Cost: 0.359030 | Acc: 91.67% (Best: 91.67% @ Ep574) | LR: 0.000200 | Rev: 1/99999
Epoch  814 | Cost: 0.348309 | Acc: 91.67% (Best: 91.67% @ Ep574) | LR: 0.000210 | Rev: 0/99999
Epoch  815 | Cost: 0.362739 | Acc: 91.67% (Best: 91.67% @ Ep574) | LR: 0.000210 | Rev: 1/99999
Epoch  816 | Cost: 0.360352 | Acc: 91.67% (Best: 91.67% @ Ep574) | LR: 0.000210 | Rev: 0/99999
Epoch  817 | Cost: 0.358613 | Acc: 91.67% (Best: 91.67% @ Ep574) | LR: 0.000210 | Rev: 0/99999
Epoch  818 | Cost: 0.358929 | Acc: 91.67% (Best: 91.67% @ Ep574) | LR: 0.000210 | Rev: 1/99999
Epoch  819 | Cost: 0.360877 | Acc: 91.67% (Best: 91.67% @ Ep574) | LR: 0.000210 | Rev: 2/99999
Epoch  820 | Cost: 0.351640 | Acc: 91.67% (Best: 91.67% @ Ep574) | LR: 0.000210 | Rev: 0/99999
Epoch  821 | Cost: 0.353247 | Acc: 91.67% (Best: 91.67% @ Ep574) | LR: 0.000210 | Rev: 1/99999
Epoch  822 | Cost: 0.362297 | Acc: 91.67% (Best: 91.67% @ Ep574) | LR: 0.000210 | Rev: 2/99999
Epoch  823 | Cost: 0.351303 | Acc: 91.67% (Best: 91.67% @ Ep574) | LR: 0.000210 | Rev: 0/99999
Epoch  824 | Cost: 0.359202 | Acc: 91.67% (Best: 91.67% @ Ep574) | LR: 0.000220 | Rev: 1/99999
Epoch  825 | Cost: 0.341235 | Acc: 91.67% (Best: 91.67% @ Ep574) | LR: 0.000220 | Rev: 0/99999
Epoch  826 | Cost: 0.351980 | Acc: 91.67% (Best: 91.67% @ Ep574) | LR: 0.000220 | Rev: 1/99999
Epoch  827 | Cost: 0.348836 | Acc: 91.67% (Best: 91.67% @ Ep574) | LR: 0.000220 | Rev: 0/99999
Epoch  828 | Cost: 0.339141 | Acc: 91.67% (Best: 91.67% @ Ep574) | LR: 0.000220 | Rev: 0/99999
Epoch  829 | Cost: 0.361760 | Acc: 91.67% (Best: 91.67% @ Ep574) | LR: 0.000220 | Rev: 1/99999
Epoch  830 | Cost: 0.335902 | Acc: 91.67% (Best: 91.67% @ Ep574) | LR: 0.000220 | Rev: 0/99999
Epoch  831 | Cost: 0.332453 | Acc: 91.67% (Best: 91.67% @ Ep574) | LR: 0.000220 | Rev: 0/99999
Epoch  832 | Cost: 0.339210 | Acc: 91.67% (Best: 91.67% @ Ep574) | LR: 0.000220 | Rev: 1/99999
Epoch  833 | Cost: 0.338104 | Acc: 91.67% (Best: 91.67% @ Ep574) | LR: 0.000220 | Rev: 0/99999
Epoch  834 | Cost: 0.327527 | Acc: 91.67% (Best: 91.67% @ Ep574) | LR: 0.000230 | Rev: 0/99999
Epoch  835 | Cost: 0.334980 | Acc: 91.67% (Best: 91.67% @ Ep574) | LR: 0.000230 | Rev: 1/99999
Epoch  836 | Cost: 0.341705 | Acc: 91.67% (Best: 91.67% @ Ep574) | LR: 0.000230 | Rev: 2/99999
Epoch  837 | Cost: 0.343382 | Acc: 91.67% (Best: 91.67% @ Ep574) | LR: 0.000230 | Rev: 3/99999
Epoch  838 | Cost: 0.345432 | Acc: 91.67% (Best: 91.67% @ Ep574) | LR: 0.000230 | Rev: 4/99999
Epoch  839 | Cost: 0.331210 | Acc: 91.67% (Best: 91.67% @ Ep574) | LR: 0.000230 | Rev: 0/99999
Epoch  840 | Cost: 0.351471 | Acc: 91.67% (Best: 91.67% @ Ep574) | LR: 0.000230 | Rev: 1/99999
Epoch  841 | Cost: 0.328718 | Acc: 91.67% (Best: 91.67% @ Ep574) | LR: 0.000230 | Rev: 0/99999
Epoch  842 | Cost: 0.313375 | Acc: 91.67% (Best: 91.67% @ Ep574) | LR: 0.000230 | Rev: 0/99999
Epoch  843 | Cost: 0.325553 | Acc: 91.67% (Best: 91.67% @ Ep574) | LR: 0.000230 | Rev: 1/99999
Epoch  844 | Cost: 0.341364 | Acc: 91.67% (Best: 91.67% @ Ep574) | LR: 0.000240 | Rev: 2/99999
Epoch  845 | Cost: 0.334367 | Acc: 91.67% (Best: 91.67% @ Ep574) | LR: 0.000240 | Rev: 0/99999
Epoch  846 | Cost: 0.334086 | Acc: 91.67% (Best: 91.67% @ Ep574) | LR: 0.000240 | Rev: 0/99999
Epoch  847 | Cost: 0.313067 | Acc: 91.67% (Best: 91.67% @ Ep574) | LR: 0.000240 | Rev: 0/99999
Epoch  848 | Cost: 0.325427 | Acc: 91.67% (Best: 91.67% @ Ep574) | LR: 0.000240 | Rev: 1/99999
Epoch  849 | Cost: 0.339019 | Acc: 91.67% (Best: 91.67% @ Ep574) | LR: 0.000240 | Rev: 2/99999
Epoch  850 | Cost: 0.330292 | Acc: 91.67% (Best: 91.67% @ Ep574) | LR: 0.000240 | Rev: 0/99999
Epoch  851 | Cost: 0.316829 | Acc: 91.67% (Best: 91.67% @ Ep574) | LR: 0.000240 | Rev: 0/99999
Epoch  852 | Cost: 0.318890 | Acc: 91.67% (Best: 91.67% @ Ep574) | LR: 0.000240 | Rev: 1/99999
Epoch  853 | Cost: 0.345396 | Acc: 91.67% (Best: 91.67% @ Ep574) | LR: 0.000240 | Rev: 2/99999
Epoch  854 | Cost: 0.337582 | Acc: 91.67% (Best: 91.67% @ Ep574) | LR: 0.000250 | Rev: 0/99999
Epoch  855 | Cost: 0.337139 | Acc: 91.67% (Best: 91.67% @ Ep574) | LR: 0.000250 | Rev: 0/99999
Epoch  856 | Cost: 0.319660 | Acc: 91.67% (Best: 91.67% @ Ep574) | LR: 0.000250 | Rev: 0/99999
Epoch  857 | Cost: 0.327209 | Acc: 91.67% (Best: 91.67% @ Ep574) | LR: 0.000250 | Rev: 1/99999
Epoch  858 | Cost: 0.314015 | Acc: 91.67% (Best: 91.67% @ Ep574) | LR: 0.000250 | Rev: 0/99999
Epoch  859 | Cost: 0.322872 | Acc: 91.67% (Best: 91.67% @ Ep574) | LR: 0.000250 | Rev: 1/99999
Epoch  860 | Cost: 0.335792 | Acc: 91.67% (Best: 91.67% @ Ep574) | LR: 0.000250 | Rev: 2/99999
Epoch  861 | Cost: 0.310162 | Acc: 91.67% (Best: 91.67% @ Ep574) | LR: 0.000250 | Rev: 0/99999
Epoch  862 | Cost: 0.324489 | Acc: 91.67% (Best: 91.67% @ Ep574) | LR: 0.000250 | Rev: 1/99999
Epoch  863 | Cost: 0.309704 | Acc: 91.67% (Best: 91.67% @ Ep574) | LR: 0.000250 | Rev: 0/99999
Epoch  864 | Cost: 0.316014 | Acc: 91.67% (Best: 91.67% @ Ep574) | LR: 0.000260 | Rev: 1/99999
Epoch  865 | Cost: 0.318045 | Acc: 91.67% (Best: 91.67% @ Ep574) | LR: 0.000260 | Rev: 2/99999
Epoch  866 | Cost: 0.310245 | Acc: 91.67% (Best: 91.67% @ Ep574) | LR: 0.000260 | Rev: 0/99999
Epoch  867 | Cost: 0.329271 | Acc: 91.67% (Best: 91.67% @ Ep574) | LR: 0.000260 | Rev: 1/99999
Epoch  868 | Cost: 0.329463 | Acc: 91.67% (Best: 91.67% @ Ep574) | LR: 0.000260 | Rev: 2/99999
Epoch  869 | Cost: 0.315255 | Acc: 91.67% (Best: 91.67% @ Ep574) | LR: 0.000260 | Rev: 0/99999
Epoch  870 | Cost: 0.321193 | Acc: 91.67% (Best: 91.67% @ Ep574) | LR: 0.000260 | Rev: 1/99999
Epoch  871 | Cost: 0.312401 | Acc: 91.67% (Best: 91.67% @ Ep574) | LR: 0.000260 | Rev: 0/99999
Epoch  872 | Cost: 0.312699 | Acc: 91.67% (Best: 91.67% @ Ep574) | LR: 0.000260 | Rev: 1/99999
Epoch  873 | Cost: 0.320599 | Acc: 91.67% (Best: 91.67% @ Ep574) | LR: 0.000260 | Rev: 2/99999
Epoch  874 | Cost: 0.309657 | Acc: 91.67% (Best: 91.67% @ Ep574) | LR: 0.000270 | Rev: 0/99999
Epoch  875 | Cost: 0.311104 | Acc: 91.67% (Best: 91.67% @ Ep574) | LR: 0.000270 | Rev: 1/99999
Epoch  876 | Cost: 0.315794 | Acc: 91.67% (Best: 91.67% @ Ep574) | LR: 0.000270 | Rev: 2/99999
Epoch  877 | Cost: 0.309370 | Acc: 91.67% (Best: 91.67% @ Ep574) | LR: 0.000270 | Rev: 0/99999
Epoch  878 | Cost: 0.308483 | Acc: 91.67% (Best: 91.67% @ Ep574) | LR: 0.000270 | Rev: 0/99999
Epoch  879 | Cost: 0.311034 | Acc: 91.67% (Best: 91.67% @ Ep574) | LR: 0.000270 | Rev: 1/99999
Epoch  880 | Cost: 0.308967 | Acc: 91.67% (Best: 91.67% @ Ep574) | LR: 0.000270 | Rev: 0/99999
Epoch  881 | Cost: 0.300966 | Acc: 91.67% (Best: 91.67% @ Ep574) | LR: 0.000270 | Rev: 0/99999
Epoch  882 | Cost: 0.306329 | Acc: 91.67% (Best: 91.67% @ Ep574) | LR: 0.000270 | Rev: 1/99999
Epoch  883 | Cost: 0.308651 | Acc: 91.67% (Best: 91.67% @ Ep574) | LR: 0.000270 | Rev: 2/99999
Epoch  884 | Cost: 0.308890 | Acc: 91.67% (Best: 91.67% @ Ep574) | LR: 0.000280 | Rev: 3/99999
Epoch  885 | Cost: 0.315442 | Acc: 91.67% (Best: 91.67% @ Ep574) | LR: 0.000280 | Rev: 4/99999
Epoch  886 | Cost: 0.304262 | Acc: 91.67% (Best: 91.67% @ Ep574) | LR: 0.000280 | Rev: 0/99999
Epoch  887 | Cost: 0.303727 | Acc: 91.67% (Best: 91.67% @ Ep574) | LR: 0.000280 | Rev: 0/99999
Epoch  888 | Cost: 0.317494 | Acc: 91.67% (Best: 91.67% @ Ep574) | LR: 0.000280 | Rev: 1/99999
Epoch  889 | Cost: 0.294141 | Acc: 91.67% (Best: 91.67% @ Ep574) | LR: 0.000280 | Rev: 0/99999
Epoch  890 | Cost: 0.299663 | Acc: 91.67% (Best: 91.67% @ Ep574) | LR: 0.000280 | Rev: 1/99999
Epoch  891 | Cost: 0.320847 | Acc: 91.67% (Best: 91.67% @ Ep574) | LR: 0.000280 | Rev: 2/99999
Epoch  892 | Cost: 0.305684 | Acc: 91.67% (Best: 91.67% @ Ep574) | LR: 0.000280 | Rev: 0/99999
Epoch  893 | Cost: 0.290081 | Acc: 91.67% (Best: 91.67% @ Ep574) | LR: 0.000280 | Rev: 0/99999
Epoch  894 | Cost: 0.298925 | Acc: 91.67% (Best: 91.67% @ Ep574) | LR: 0.000290 | Rev: 1/99999
Epoch  895 | Cost: 0.312549 | Acc: 91.67% (Best: 91.67% @ Ep574) | LR: 0.000290 | Rev: 2/99999
Epoch  896 | Cost: 0.311354 | Acc: 91.67% (Best: 91.67% @ Ep574) | LR: 0.000290 | Rev: 0/99999
Epoch  897 | Cost: 0.296656 | Acc: 91.67% (Best: 91.67% @ Ep574) | LR: 0.000290 | Rev: 0/99999
Epoch  898 | Cost: 0.292580 | Acc: 91.67% (Best: 91.67% @ Ep574) | LR: 0.000290 | Rev: 0/99999
Epoch  899 | Cost: 0.308368 | Acc: 91.67% (Best: 91.67% @ Ep574) | LR: 0.000290 | Rev: 1/99999
Epoch  900 | Cost: 0.297760 | Acc: 91.67% (Best: 91.67% @ Ep574) | LR: 0.000290 | Rev: 0/99999
Epoch  901 | Cost: 0.303909 | Acc: 91.67% (Best: 91.67% @ Ep574) | LR: 0.000290 | Rev: 1/99999
Epoch  902 | Cost: 0.295380 | Acc: 91.67% (Best: 91.67% @ Ep574) | LR: 0.000290 | Rev: 0/99999
Epoch  903 | Cost: 0.286460 | Acc: 91.67% (Best: 91.67% @ Ep574) | LR: 0.000290 | Rev: 0/99999
Epoch  904 | Cost: 0.296291 | Acc: 91.67% (Best: 91.67% @ Ep574) | LR: 0.000300 | Rev: 1/99999
Epoch  905 | Cost: 0.280432 | Acc: 91.67% (Best: 91.67% @ Ep574) | LR: 0.000300 | Rev: 0/99999
Epoch  906 | Cost: 0.309399 | Acc: 91.67% (Best: 91.67% @ Ep574) | LR: 0.000300 | Rev: 1/99999
Epoch  907 | Cost: 0.297937 | Acc: 91.67% (Best: 91.67% @ Ep574) | LR: 0.000300 | Rev: 0/99999
Epoch  908 | Cost: 0.286866 | Acc: 91.67% (Best: 91.67% @ Ep574) | LR: 0.000300 | Rev: 0/99999
Epoch  909 | Cost: 0.286178 | Acc: 91.67% (Best: 91.67% @ Ep574) | LR: 0.000300 | Rev: 0/99999
Epoch  910 | Cost: 0.287050 | Acc: 91.67% (Best: 91.67% @ Ep574) | LR: 0.000300 | Rev: 1/99999
Epoch  911 | Cost: 0.284414 | Acc: 91.67% (Best: 91.67% @ Ep574) | LR: 0.000300 | Rev: 0/99999
Epoch  912 | Cost: 0.300600 | Acc: 91.67% (Best: 91.67% @ Ep574) | LR: 0.000300 | Rev: 1/99999
Epoch  913 | Cost: 0.291930 | Acc: 91.67% (Best: 91.67% @ Ep574) | LR: 0.000300 | Rev: 0/99999
Epoch  914 | Cost: 0.281797 | Acc: 91.67% (Best: 91.67% @ Ep574) | LR: 0.000300 | Rev: 0/99999
Epoch  915 | Cost: 0.283784 | Acc: 91.67% (Best: 91.67% @ Ep574) | LR: 0.000300 | Rev: 1/99999
Epoch  916 | Cost: 0.276918 | Acc: 91.67% (Best: 91.67% @ Ep574) | LR: 0.000300 | Rev: 0/99999
Epoch  917 | Cost: 0.292954 | Acc: 91.67% (Best: 91.67% @ Ep574) | LR: 0.000300 | Rev: 1/99999
Epoch  918 | Cost: 0.299940 | Acc: 91.67% (Best: 91.67% @ Ep574) | LR: 0.000300 | Rev: 2/99999
Epoch  919 | Cost: 0.288205 | Acc: 91.67% (Best: 91.67% @ Ep574) | LR: 0.000300 | Rev: 0/99999
Epoch  920 | Cost: 0.269676 | Acc: 91.67% (Best: 91.67% @ Ep574) | LR: 0.000300 | Rev: 0/99999
Epoch  921 | Cost: 0.282938 | Acc: 91.67% (Best: 91.67% @ Ep574) | LR: 0.000300 | Rev: 1/99999
Epoch  922 | Cost: 0.289470 | Acc: 91.67% (Best: 91.67% @ Ep574) | LR: 0.000300 | Rev: 2/99999
Epoch  923 | Cost: 0.286281 | Acc: 91.67% (Best: 91.67% @ Ep574) | LR: 0.000300 | Rev: 0/99999
Epoch  924 | Cost: 0.283190 | Acc: 91.67% (Best: 91.67% @ Ep574) | LR: 0.000300 | Rev: 0/99999
Epoch  925 | Cost: 0.279463 | Acc: 91.67% (Best: 91.67% @ Ep574) | LR: 0.000300 | Rev: 0/99999
Epoch  926 | Cost: 0.289083 | Acc: 94.44% (Best: 94.44% @ Ep926) | LR: 0.000010 | Rev: 1/99999
Epoch  927 | Cost: 0.281279 | Acc: 94.44% (Best: 94.44% @ Ep926) | LR: 0.000010 | Rev: 0/99999
Epoch  928 | Cost: 0.276402 | Acc: 94.44% (Best: 94.44% @ Ep926) | LR: 0.000010 | Rev: 0/99999
Epoch  929 | Cost: 0.284691 | Acc: 94.44% (Best: 94.44% @ Ep926) | LR: 0.000010 | Rev: 1/99999
Epoch  930 | Cost: 0.298720 | Acc: 94.44% (Best: 94.44% @ Ep926) | LR: 0.000010 | Rev: 2/99999
Epoch  931 | Cost: 0.279341 | Acc: 94.44% (Best: 94.44% @ Ep926) | LR: 0.000010 | Rev: 0/99999
Epoch  932 | Cost: 0.276799 | Acc: 94.44% (Best: 94.44% @ Ep926) | LR: 0.000010 | Rev: 0/99999
Epoch  933 | Cost: 0.290020 | Acc: 94.44% (Best: 94.44% @ Ep926) | LR: 0.000010 | Rev: 1/99999
Epoch  934 | Cost: 0.285943 | Acc: 94.44% (Best: 94.44% @ Ep926) | LR: 0.000010 | Rev: 0/99999
Epoch  935 | Cost: 0.272004 | Acc: 94.44% (Best: 94.44% @ Ep926) | LR: 0.000010 | Rev: 0/99999
Epoch  936 | Cost: 0.278739 | Acc: 94.44% (Best: 94.44% @ Ep926) | LR: 0.000010 | Rev: 1/99999
Epoch  937 | Cost: 0.273506 | Acc: 94.44% (Best: 94.44% @ Ep926) | LR: 0.000010 | Rev: 0/99999
Epoch  938 | Cost: 0.288822 | Acc: 94.44% (Best: 94.44% @ Ep926) | LR: 0.000010 | Rev: 1/99999
Epoch  939 | Cost: 0.263662 | Acc: 94.44% (Best: 94.44% @ Ep926) | LR: 0.000010 | Rev: 0/99999
Epoch  940 | Cost: 0.265315 | Acc: 94.44% (Best: 94.44% @ Ep926) | LR: 0.000010 | Rev: 1/99999
Epoch  941 | Cost: 0.273635 | Acc: 94.44% (Best: 94.44% @ Ep926) | LR: 0.000010 | Rev: 2/99999
Epoch  942 | Cost: 0.275210 | Acc: 94.44% (Best: 94.44% @ Ep926) | LR: 0.000010 | Rev: 3/99999
Epoch  943 | Cost: 0.274550 | Acc: 94.44% (Best: 94.44% @ Ep926) | LR: 0.000010 | Rev: 0/99999
Epoch  944 | Cost: 0.263827 | Acc: 94.44% (Best: 94.44% @ Ep926) | LR: 0.000010 | Rev: 0/99999
Epoch  945 | Cost: 0.291643 | Acc: 94.44% (Best: 94.44% @ Ep926) | LR: 0.000010 | Rev: 1/99999
Epoch  946 | Cost: 0.292436 | Acc: 94.44% (Best: 94.44% @ Ep926) | LR: 0.000010 | Rev: 2/99999
Epoch  947 | Cost: 0.269040 | Acc: 94.44% (Best: 94.44% @ Ep926) | LR: 0.000010 | Rev: 0/99999
Epoch  948 | Cost: 0.293883 | Acc: 94.44% (Best: 94.44% @ Ep926) | LR: 0.000010 | Rev: 1/99999
Epoch  949 | Cost: 0.273230 | Acc: 94.44% (Best: 94.44% @ Ep926) | LR: 0.000010 | Rev: 0/99999
Epoch  950 | Cost: 0.272707 | Acc: 94.44% (Best: 94.44% @ Ep926) | LR: 0.000010 | Rev: 0/99999
Epoch  951 | Cost: 0.271242 | Acc: 94.44% (Best: 94.44% @ Ep926) | LR: 0.000010 | Rev: 0/99999
Epoch  952 | Cost: 0.272127 | Acc: 94.44% (Best: 94.44% @ Ep926) | LR: 0.000010 | Rev: 1/99999
Epoch  953 | Cost: 0.291417 | Acc: 94.44% (Best: 94.44% @ Ep926) | LR: 0.000010 | Rev: 2/99999
Epoch  954 | Cost: 0.277199 | Acc: 94.44% (Best: 94.44% @ Ep926) | LR: 0.000010 | Rev: 0/99999
Epoch  955 | Cost: 0.282969 | Acc: 94.44% (Best: 94.44% @ Ep926) | LR: 0.000010 | Rev: 1/99999
Epoch  956 | Cost: 0.274992 | Acc: 94.44% (Best: 94.44% @ Ep926) | LR: 0.000010 | Rev: 0/99999
Epoch  957 | Cost: 0.276566 | Acc: 94.44% (Best: 94.44% @ Ep926) | LR: 0.000010 | Rev: 1/99999
Epoch  958 | Cost: 0.272188 | Acc: 94.44% (Best: 94.44% @ Ep926) | LR: 0.000010 | Rev: 0/99999
Epoch  959 | Cost: 0.293261 | Acc: 94.44% (Best: 94.44% @ Ep926) | LR: 0.000010 | Rev: 1/99999
Epoch  960 | Cost: 0.277378 | Acc: 94.44% (Best: 94.44% @ Ep926) | LR: 0.000010 | Rev: 0/99999
Epoch  961 | Cost: 0.274752 | Acc: 94.44% (Best: 94.44% @ Ep926) | LR: 0.000010 | Rev: 0/99999
Epoch  962 | Cost: 0.291226 | Acc: 94.44% (Best: 94.44% @ Ep926) | LR: 0.000010 | Rev: 1/99999
Epoch  963 | Cost: 0.279236 | Acc: 94.44% (Best: 94.44% @ Ep926) | LR: 0.000010 | Rev: 0/99999
Epoch  964 | Cost: 0.273145 | Acc: 94.44% (Best: 94.44% @ Ep926) | LR: 0.000010 | Rev: 0/99999
Epoch  965 | Cost: 0.284870 | Acc: 94.44% (Best: 94.44% @ Ep926) | LR: 0.000010 | Rev: 1/99999
Epoch  966 | Cost: 0.286295 | Acc: 94.44% (Best: 94.44% @ Ep926) | LR: 0.000010 | Rev: 2/99999
Epoch  967 | Cost: 0.271602 | Acc: 94.44% (Best: 94.44% @ Ep926) | LR: 0.000010 | Rev: 0/99999
Epoch  968 | Cost: 0.270286 | Acc: 94.44% (Best: 94.44% @ Ep926) | LR: 0.000010 | Rev: 0/99999
Epoch  969 | Cost: 0.264468 | Acc: 94.44% (Best: 94.44% @ Ep926) | LR: 0.000010 | Rev: 0/99999
Epoch  970 | Cost: 0.281195 | Acc: 94.44% (Best: 94.44% @ Ep926) | LR: 0.000010 | Rev: 1/99999
Epoch  971 | Cost: 0.275444 | Acc: 94.44% (Best: 94.44% @ Ep926) | LR: 0.000010 | Rev: 0/99999
Epoch  972 | Cost: 0.264810 | Acc: 94.44% (Best: 94.44% @ Ep926) | LR: 0.000010 | Rev: 0/99999
Epoch  973 | Cost: 0.271807 | Acc: 94.44% (Best: 94.44% @ Ep926) | LR: 0.000010 | Rev: 1/99999
Epoch  974 | Cost: 0.282435 | Acc: 94.44% (Best: 94.44% @ Ep926) | LR: 0.000010 | Rev: 2/99999
Epoch  975 | Cost: 0.282592 | Acc: 94.44% (Best: 94.44% @ Ep926) | LR: 0.000010 | Rev: 3/99999
Epoch  976 | Cost: 0.276929 | Acc: 94.44% (Best: 94.44% @ Ep926) | LR: 0.000020 | Rev: 0/99999
Epoch  977 | Cost: 0.272494 | Acc: 94.44% (Best: 94.44% @ Ep926) | LR: 0.000020 | Rev: 0/99999
Epoch  978 | Cost: 0.269395 | Acc: 94.44% (Best: 94.44% @ Ep926) | LR: 0.000020 | Rev: 0/99999
Epoch  979 | Cost: 0.276056 | Acc: 94.44% (Best: 94.44% @ Ep926) | LR: 0.000020 | Rev: 1/99999
Epoch  980 | Cost: 0.280981 | Acc: 94.44% (Best: 94.44% @ Ep926) | LR: 0.000020 | Rev: 2/99999
Epoch  981 | Cost: 0.281243 | Acc: 94.44% (Best: 94.44% @ Ep926) | LR: 0.000020 | Rev: 3/99999
Epoch  982 | Cost: 0.281198 | Acc: 94.44% (Best: 94.44% @ Ep926) | LR: 0.000020 | Rev: 0/99999
Epoch  983 | Cost: 0.264995 | Acc: 94.44% (Best: 94.44% @ Ep926) | LR: 0.000020 | Rev: 0/99999
Epoch  984 | Cost: 0.281021 | Acc: 94.44% (Best: 94.44% @ Ep926) | LR: 0.000020 | Rev: 1/99999
Epoch  985 | Cost: 0.283071 | Acc: 94.44% (Best: 94.44% @ Ep926) | LR: 0.000020 | Rev: 2/99999
Epoch  986 | Cost: 0.274831 | Acc: 94.44% (Best: 94.44% @ Ep926) | LR: 0.000030 | Rev: 0/99999
Epoch  987 | Cost: 0.267628 | Acc: 94.44% (Best: 94.44% @ Ep926) | LR: 0.000030 | Rev: 0/99999
Epoch  988 | Cost: 0.266704 | Acc: 94.44% (Best: 94.44% @ Ep926) | LR: 0.000030 | Rev: 0/99999
Epoch  989 | Cost: 0.284923 | Acc: 94.44% (Best: 94.44% @ Ep926) | LR: 0.000030 | Rev: 1/99999
Epoch  990 | Cost: 0.274267 | Acc: 94.44% (Best: 94.44% @ Ep926) | LR: 0.000030 | Rev: 0/99999
Epoch  991 | Cost: 0.281012 | Acc: 94.44% (Best: 94.44% @ Ep926) | LR: 0.000030 | Rev: 1/99999
Epoch  992 | Cost: 0.271547 | Acc: 94.44% (Best: 94.44% @ Ep926) | LR: 0.000030 | Rev: 0/99999
Epoch  993 | Cost: 0.269772 | Acc: 94.44% (Best: 94.44% @ Ep926) | LR: 0.000030 | Rev: 0/99999
Epoch  994 | Cost: 0.270872 | Acc: 94.44% (Best: 94.44% @ Ep926) | LR: 0.000030 | Rev: 1/99999
Epoch  995 | Cost: 0.296488 | Acc: 94.44% (Best: 94.44% @ Ep926) | LR: 0.000030 | Rev: 2/99999
Epoch  996 | Cost: 0.272711 | Acc: 94.44% (Best: 94.44% @ Ep926) | LR: 0.000040 | Rev: 0/99999
Epoch  997 | Cost: 0.259192 | Acc: 94.44% (Best: 94.44% @ Ep926) | LR: 0.000040 | Rev: 0/99999
Epoch  998 | Cost: 0.278012 | Acc: 94.44% (Best: 94.44% @ Ep926) | LR: 0.000040 | Rev: 1/99999
Epoch  999 | Cost: 0.280064 | Acc: 94.44% (Best: 94.44% @ Ep926) | LR: 0.000040 | Rev: 2/99999
Epoch 1000 | Cost: 0.279601 | Acc: 94.44% (Best: 94.44% @ Ep926) | LR: 0.000040 | Rev: 0/99999
Epoch 1001 | Cost: 0.270225 | Acc: 94.44% (Best: 94.44% @ Ep926) | LR: 0.000040 | Rev: 0/99999
Epoch 1002 | Cost: 0.268918 | Acc: 94.44% (Best: 94.44% @ Ep926) | LR: 0.000040 | Rev: 0/99999
Epoch 1003 | Cost: 0.274015 | Acc: 94.44% (Best: 94.44% @ Ep926) | LR: 0.000040 | Rev: 1/99999
Epoch 1004 | Cost: 0.279117 | Acc: 94.44% (Best: 94.44% @ Ep926) | LR: 0.000040 | Rev: 2/99999
Epoch 1005 | Cost: 0.275356 | Acc: 94.44% (Best: 94.44% @ Ep926) | LR: 0.000040 | Rev: 0/99999
Epoch 1006 | Cost: 0.282299 | Acc: 94.44% (Best: 94.44% @ Ep926) | LR: 0.000050 | Rev: 1/99999
Epoch 1007 | Cost: 0.276868 | Acc: 94.44% (Best: 94.44% @ Ep926) | LR: 0.000050 | Rev: 0/99999
Epoch 1008 | Cost: 0.281082 | Acc: 94.44% (Best: 94.44% @ Ep926) | LR: 0.000050 | Rev: 1/99999
Epoch 1009 | Cost: 0.279778 | Acc: 94.44% (Best: 94.44% @ Ep926) | LR: 0.000050 | Rev: 0/99999
Epoch 1010 | Cost: 0.276557 | Acc: 94.44% (Best: 94.44% @ Ep926) | LR: 0.000050 | Rev: 0/99999
Epoch 1011 | Cost: 0.262519 | Acc: 94.44% (Best: 94.44% @ Ep926) | LR: 0.000050 | Rev: 0/99999
Epoch 1012 | Cost: 0.266355 | Acc: 94.44% (Best: 94.44% @ Ep926) | LR: 0.000050 | Rev: 1/99999
Epoch 1013 | Cost: 0.273052 | Acc: 94.44% (Best: 94.44% @ Ep926) | LR: 0.000050 | Rev: 2/99999
Epoch 1014 | Cost: 0.273067 | Acc: 94.44% (Best: 94.44% @ Ep926) | LR: 0.000050 | Rev: 3/99999
Epoch 1015 | Cost: 0.270009 | Acc: 94.44% (Best: 94.44% @ Ep926) | LR: 0.000050 | Rev: 0/99999
Epoch 1016 | Cost: 0.270236 | Acc: 94.44% (Best: 94.44% @ Ep926) | LR: 0.000060 | Rev: 1/99999
Epoch 1017 | Cost: 0.261287 | Acc: 94.44% (Best: 94.44% @ Ep926) | LR: 0.000060 | Rev: 0/99999
Epoch 1018 | Cost: 0.265119 | Acc: 94.44% (Best: 94.44% @ Ep926) | LR: 0.000060 | Rev: 1/99999
Epoch 1019 | Cost: 0.268190 | Acc: 94.44% (Best: 94.44% @ Ep926) | LR: 0.000060 | Rev: 2/99999
Epoch 1020 | Cost: 0.266168 | Acc: 94.44% (Best: 94.44% @ Ep926) | LR: 0.000060 | Rev: 0/99999
Epoch 1021 | Cost: 0.279261 | Acc: 94.44% (Best: 94.44% @ Ep926) | LR: 0.000060 | Rev: 1/99999
Epoch 1022 | Cost: 0.277065 | Acc: 94.44% (Best: 94.44% @ Ep926) | LR: 0.000060 | Rev: 0/99999
Epoch 1023 | Cost: 0.267999 | Acc: 94.44% (Best: 94.44% @ Ep926) | LR: 0.000060 | Rev: 0/99999
Epoch 1024 | Cost: 0.274729 | Acc: 94.44% (Best: 94.44% @ Ep926) | LR: 0.000060 | Rev: 1/99999
Epoch 1025 | Cost: 0.270761 | Acc: 94.44% (Best: 94.44% @ Ep926) | LR: 0.000060 | Rev: 0/99999
Epoch 1026 | Cost: 0.267035 | Acc: 94.44% (Best: 94.44% @ Ep926) | LR: 0.000070 | Rev: 0/99999
Epoch 1027 | Cost: 0.282084 | Acc: 94.44% (Best: 94.44% @ Ep926) | LR: 0.000070 | Rev: 1/99999
Epoch 1028 | Cost: 0.291235 | Acc: 91.67% (Best: 94.44% @ Ep926) | LR: 0.000070 | Rev: 2/99999
Epoch 1029 | Cost: 0.279778 | Acc: 91.67% (Best: 94.44% @ Ep926) | LR: 0.000070 | Rev: 0/99999
Epoch 1030 | Cost: 0.267429 | Acc: 91.67% (Best: 94.44% @ Ep926) | LR: 0.000070 | Rev: 0/99999
Epoch 1031 | Cost: 0.276797 | Acc: 94.44% (Best: 94.44% @ Ep926) | LR: 0.000070 | Rev: 1/99999
Epoch 1032 | Cost: 0.265862 | Acc: 94.44% (Best: 94.44% @ Ep926) | LR: 0.000070 | Rev: 0/99999
Epoch 1033 | Cost: 0.289737 | Acc: 94.44% (Best: 94.44% @ Ep926) | LR: 0.000070 | Rev: 1/99999
Epoch 1034 | Cost: 0.283234 | Acc: 94.44% (Best: 94.44% @ Ep926) | LR: 0.000070 | Rev: 0/99999
Epoch 1035 | Cost: 0.287175 | Acc: 94.44% (Best: 94.44% @ Ep926) | LR: 0.000070 | Rev: 1/99999
Epoch 1036 | Cost: 0.267396 | Acc: 94.44% (Best: 94.44% @ Ep926) | LR: 0.000080 | Rev: 0/99999
Epoch 1037 | Cost: 0.279373 | Acc: 94.44% (Best: 94.44% @ Ep926) | LR: 0.000080 | Rev: 1/99999
Epoch 1038 | Cost: 0.269346 | Acc: 94.44% (Best: 94.44% @ Ep926) | LR: 0.000080 | Rev: 0/99999
Epoch 1039 | Cost: 0.264200 | Acc: 94.44% (Best: 94.44% @ Ep926) | LR: 0.000080 | Rev: 0/99999
Epoch 1040 | Cost: 0.278519 | Acc: 94.44% (Best: 94.44% @ Ep926) | LR: 0.000080 | Rev: 1/99999
Epoch 1041 | Cost: 0.287329 | Acc: 94.44% (Best: 94.44% @ Ep926) | LR: 0.000080 | Rev: 2/99999
Epoch 1042 | Cost: 0.275387 | Acc: 94.44% (Best: 94.44% @ Ep926) | LR: 0.000080 | Rev: 0/99999
Epoch 1043 | Cost: 0.286837 | Acc: 91.67% (Best: 94.44% @ Ep926) | LR: 0.000080 | Rev: 1/99999
Epoch 1044 | Cost: 0.284690 | Acc: 91.67% (Best: 94.44% @ Ep926) | LR: 0.000080 | Rev: 0/99999
Epoch 1045 | Cost: 0.260299 | Acc: 91.67% (Best: 94.44% @ Ep926) | LR: 0.000080 | Rev: 0/99999
Epoch 1046 | Cost: 0.272923 | Acc: 91.67% (Best: 94.44% @ Ep926) | LR: 0.000090 | Rev: 1/99999
Epoch 1047 | Cost: 0.265585 | Acc: 91.67% (Best: 94.44% @ Ep926) | LR: 0.000090 | Rev: 0/99999
Epoch 1048 | Cost: 0.255426 | Acc: 91.67% (Best: 94.44% @ Ep926) | LR: 0.000090 | Rev: 0/99999
Epoch 1049 | Cost: 0.271256 | Acc: 91.67% (Best: 94.44% @ Ep926) | LR: 0.000090 | Rev: 1/99999
Epoch 1050 | Cost: 0.256850 | Acc: 91.67% (Best: 94.44% @ Ep926) | LR: 0.000090 | Rev: 0/99999
Epoch 1051 | Cost: 0.271478 | Acc: 91.67% (Best: 94.44% @ Ep926) | LR: 0.000090 | Rev: 1/99999
Epoch 1052 | Cost: 0.282973 | Acc: 91.67% (Best: 94.44% @ Ep926) | LR: 0.000090 | Rev: 2/99999
Epoch 1053 | Cost: 0.267421 | Acc: 91.67% (Best: 94.44% @ Ep926) | LR: 0.000090 | Rev: 0/99999
Epoch 1054 | Cost: 0.263988 | Acc: 91.67% (Best: 94.44% @ Ep926) | LR: 0.000090 | Rev: 0/99999
Epoch 1055 | Cost: 0.276079 | Acc: 91.67% (Best: 94.44% @ Ep926) | LR: 0.000090 | Rev: 1/99999
Epoch 1056 | Cost: 0.275703 | Acc: 91.67% (Best: 94.44% @ Ep926) | LR: 0.000100 | Rev: 0/99999
Epoch 1057 | Cost: 0.254658 | Acc: 91.67% (Best: 94.44% @ Ep926) | LR: 0.000100 | Rev: 0/99999
Epoch 1058 | Cost: 0.283573 | Acc: 91.67% (Best: 94.44% @ Ep926) | LR: 0.000100 | Rev: 1/99999
Epoch 1059 | Cost: 0.262990 | Acc: 91.67% (Best: 94.44% @ Ep926) | LR: 0.000100 | Rev: 0/99999
Epoch 1060 | Cost: 0.277435 | Acc: 91.67% (Best: 94.44% @ Ep926) | LR: 0.000100 | Rev: 1/99999
Epoch 1061 | Cost: 0.269430 | Acc: 91.67% (Best: 94.44% @ Ep926) | LR: 0.000100 | Rev: 0/99999
Epoch 1062 | Cost: 0.275592 | Acc: 91.67% (Best: 94.44% @ Ep926) | LR: 0.000100 | Rev: 1/99999
Epoch 1063 | Cost: 0.270979 | Acc: 91.67% (Best: 94.44% @ Ep926) | LR: 0.000100 | Rev: 0/99999
Epoch 1064 | Cost: 0.294217 | Acc: 91.67% (Best: 94.44% @ Ep926) | LR: 0.000100 | Rev: 1/99999
Epoch 1065 | Cost: 0.264568 | Acc: 91.67% (Best: 94.44% @ Ep926) | LR: 0.000100 | Rev: 0/99999
Epoch 1066 | Cost: 0.268227 | Acc: 91.67% (Best: 94.44% @ Ep926) | LR: 0.000110 | Rev: 1/99999
Epoch 1067 | Cost: 0.261757 | Acc: 91.67% (Best: 94.44% @ Ep926) | LR: 0.000110 | Rev: 0/99999
Epoch 1068 | Cost: 0.281953 | Acc: 91.67% (Best: 94.44% @ Ep926) | LR: 0.000110 | Rev: 1/99999
Epoch 1069 | Cost: 0.264165 | Acc: 91.67% (Best: 94.44% @ Ep926) | LR: 0.000110 | Rev: 0/99999
Epoch 1070 | Cost: 0.267541 | Acc: 91.67% (Best: 94.44% @ Ep926) | LR: 0.000110 | Rev: 1/99999
Epoch 1071 | Cost: 0.276714 | Acc: 91.67% (Best: 94.44% @ Ep926) | LR: 0.000110 | Rev: 2/99999
Epoch 1072 | Cost: 0.291784 | Acc: 91.67% (Best: 94.44% @ Ep926) | LR: 0.000110 | Rev: 3/99999
Epoch 1073 | Cost: 0.264084 | Acc: 91.67% (Best: 94.44% @ Ep926) | LR: 0.000110 | Rev: 0/99999
Epoch 1074 | Cost: 0.259922 | Acc: 91.67% (Best: 94.44% @ Ep926) | LR: 0.000110 | Rev: 0/99999
Epoch 1075 | Cost: 0.281072 | Acc: 91.67% (Best: 94.44% @ Ep926) | LR: 0.000110 | Rev: 1/99999
Epoch 1076 | Cost: 0.278549 | Acc: 91.67% (Best: 94.44% @ Ep926) | LR: 0.000120 | Rev: 0/99999
Epoch 1077 | Cost: 0.267881 | Acc: 91.67% (Best: 94.44% @ Ep926) | LR: 0.000120 | Rev: 0/99999
Epoch 1078 | Cost: 0.259453 | Acc: 91.67% (Best: 94.44% @ Ep926) | LR: 0.000120 | Rev: 0/99999
Epoch 1079 | Cost: 0.270073 | Acc: 91.67% (Best: 94.44% @ Ep926) | LR: 0.000120 | Rev: 1/99999
Epoch 1080 | Cost: 0.281865 | Acc: 91.67% (Best: 94.44% @ Ep926) | LR: 0.000120 | Rev: 2/99999
Epoch 1081 | Cost: 0.276007 | Acc: 91.67% (Best: 94.44% @ Ep926) | LR: 0.000120 | Rev: 0/99999
Epoch 1082 | Cost: 0.274952 | Acc: 91.67% (Best: 94.44% @ Ep926) | LR: 0.000120 | Rev: 0/99999
Epoch 1083 | Cost: 0.256910 | Acc: 91.67% (Best: 94.44% @ Ep926) | LR: 0.000120 | Rev: 0/99999
Epoch 1084 | Cost: 0.274674 | Acc: 91.67% (Best: 94.44% @ Ep926) | LR: 0.000120 | Rev: 1/99999
Epoch 1085 | Cost: 0.259816 | Acc: 91.67% (Best: 94.44% @ Ep926) | LR: 0.000120 | Rev: 0/99999
Epoch 1086 | Cost: 0.270906 | Acc: 91.67% (Best: 94.44% @ Ep926) | LR: 0.000130 | Rev: 1/99999
Epoch 1087 | Cost: 0.268203 | Acc: 91.67% (Best: 94.44% @ Ep926) | LR: 0.000130 | Rev: 0/99999
Epoch 1088 | Cost: 0.267599 | Acc: 91.67% (Best: 94.44% @ Ep926) | LR: 0.000130 | Rev: 0/99999
Epoch 1089 | Cost: 0.260906 | Acc: 91.67% (Best: 94.44% @ Ep926) | LR: 0.000130 | Rev: 0/99999
Epoch 1090 | Cost: 0.276498 | Acc: 91.67% (Best: 94.44% @ Ep926) | LR: 0.000130 | Rev: 1/99999
Epoch 1091 | Cost: 0.273428 | Acc: 91.67% (Best: 94.44% @ Ep926) | LR: 0.000130 | Rev: 0/99999
Epoch 1092 | Cost: 0.248449 | Acc: 91.67% (Best: 94.44% @ Ep926) | LR: 0.000130 | Rev: 0/99999
Epoch 1093 | Cost: 0.262929 | Acc: 91.67% (Best: 94.44% @ Ep926) | LR: 0.000130 | Rev: 1/99999
Epoch 1094 | Cost: 0.287988 | Acc: 91.67% (Best: 94.44% @ Ep926) | LR: 0.000130 | Rev: 2/99999
Epoch 1095 | Cost: 0.260316 | Acc: 91.67% (Best: 94.44% @ Ep926) | LR: 0.000130 | Rev: 0/99999
Epoch 1096 | Cost: 0.273253 | Acc: 91.67% (Best: 94.44% @ Ep926) | LR: 0.000140 | Rev: 1/99999
Epoch 1097 | Cost: 0.270573 | Acc: 91.67% (Best: 94.44% @ Ep926) | LR: 0.000140 | Rev: 0/99999
Epoch 1098 | Cost: 0.264734 | Acc: 91.67% (Best: 94.44% @ Ep926) | LR: 0.000140 | Rev: 0/99999
Epoch 1099 | Cost: 0.260265 | Acc: 91.67% (Best: 94.44% @ Ep926) | LR: 0.000140 | Rev: 0/99999
Epoch 1100 | Cost: 0.268523 | Acc: 91.67% (Best: 94.44% @ Ep926) | LR: 0.000140 | Rev: 1/99999
Epoch 1101 | Cost: 0.266278 | Acc: 91.67% (Best: 94.44% @ Ep926) | LR: 0.000140 | Rev: 0/99999
Epoch 1102 | Cost: 0.260186 | Acc: 91.67% (Best: 94.44% @ Ep926) | LR: 0.000140 | Rev: 0/99999
Epoch 1103 | Cost: 0.261057 | Acc: 91.67% (Best: 94.44% @ Ep926) | LR: 0.000140 | Rev: 1/99999
Epoch 1104 | Cost: 0.266025 | Acc: 91.67% (Best: 94.44% @ Ep926) | LR: 0.000140 | Rev: 2/99999
Epoch 1105 | Cost: 0.249107 | Acc: 91.67% (Best: 94.44% @ Ep926) | LR: 0.000140 | Rev: 0/99999
Epoch 1106 | Cost: 0.267254 | Acc: 91.67% (Best: 94.44% @ Ep926) | LR: 0.000150 | Rev: 1/99999
Epoch 1107 | Cost: 0.266437 | Acc: 91.67% (Best: 94.44% @ Ep926) | LR: 0.000150 | Rev: 0/99999
Epoch 1108 | Cost: 0.258844 | Acc: 91.67% (Best: 94.44% @ Ep926) | LR: 0.000150 | Rev: 0/99999
Epoch 1109 | Cost: 0.250991 | Acc: 91.67% (Best: 94.44% @ Ep926) | LR: 0.000150 | Rev: 0/99999
Epoch 1110 | Cost: 0.258537 | Acc: 91.67% (Best: 94.44% @ Ep926) | LR: 0.000150 | Rev: 1/99999
Epoch 1111 | Cost: 0.276904 | Acc: 91.67% (Best: 94.44% @ Ep926) | LR: 0.000150 | Rev: 2/99999
Epoch 1112 | Cost: 0.248455 | Acc: 91.67% (Best: 94.44% @ Ep926) | LR: 0.000150 | Rev: 0/99999
Epoch 1113 | Cost: 0.266754 | Acc: 91.67% (Best: 94.44% @ Ep926) | LR: 0.000150 | Rev: 1/99999
Epoch 1114 | Cost: 0.252174 | Acc: 91.67% (Best: 94.44% @ Ep926) | LR: 0.000150 | Rev: 0/99999
Epoch 1115 | Cost: 0.267990 | Acc: 91.67% (Best: 94.44% @ Ep926) | LR: 0.000150 | Rev: 1/99999
Epoch 1116 | Cost: 0.250282 | Acc: 91.67% (Best: 94.44% @ Ep926) | LR: 0.000160 | Rev: 0/99999
Epoch 1117 | Cost: 0.263103 | Acc: 91.67% (Best: 94.44% @ Ep926) | LR: 0.000160 | Rev: 1/99999
Epoch 1118 | Cost: 0.251009 | Acc: 91.67% (Best: 94.44% @ Ep926) | LR: 0.000160 | Rev: 0/99999
Epoch 1119 | Cost: 0.258640 | Acc: 91.67% (Best: 94.44% @ Ep926) | LR: 0.000160 | Rev: 1/99999
Epoch 1120 | Cost: 0.252947 | Acc: 91.67% (Best: 94.44% @ Ep926) | LR: 0.000160 | Rev: 0/99999
Epoch 1121 | Cost: 0.244123 | Acc: 91.67% (Best: 94.44% @ Ep926) | LR: 0.000160 | Rev: 0/99999
Epoch 1122 | Cost: 0.262816 | Acc: 91.67% (Best: 94.44% @ Ep926) | LR: 0.000160 | Rev: 1/99999
Epoch 1123 | Cost: 0.262749 | Acc: 91.67% (Best: 94.44% @ Ep926) | LR: 0.000160 | Rev: 0/99999
Epoch 1124 | Cost: 0.267391 | Acc: 91.67% (Best: 94.44% @ Ep926) | LR: 0.000160 | Rev: 1/99999
Epoch 1125 | Cost: 0.241861 | Acc: 91.67% (Best: 94.44% @ Ep926) | LR: 0.000160 | Rev: 0/99999
Epoch 1126 | Cost: 0.255541 | Acc: 91.67% (Best: 94.44% @ Ep926) | LR: 0.000170 | Rev: 1/99999
Epoch 1127 | Cost: 0.254402 | Acc: 91.67% (Best: 94.44% @ Ep926) | LR: 0.000170 | Rev: 0/99999
Epoch 1128 | Cost: 0.254804 | Acc: 91.67% (Best: 94.44% @ Ep926) | LR: 0.000170 | Rev: 1/99999
Epoch 1129 | Cost: 0.262732 | Acc: 91.67% (Best: 94.44% @ Ep926) | LR: 0.000170 | Rev: 2/99999
Epoch 1130 | Cost: 0.255205 | Acc: 91.67% (Best: 94.44% @ Ep926) | LR: 0.000170 | Rev: 0/99999
Epoch 1131 | Cost: 0.261306 | Acc: 91.67% (Best: 94.44% @ Ep926) | LR: 0.000170 | Rev: 1/99999
Epoch 1132 | Cost: 0.256547 | Acc: 91.67% (Best: 94.44% @ Ep926) | LR: 0.000170 | Rev: 0/99999
Epoch 1133 | Cost: 0.254877 | Acc: 91.67% (Best: 94.44% @ Ep926) | LR: 0.000170 | Rev: 0/99999
Epoch 1134 | Cost: 0.261761 | Acc: 91.67% (Best: 94.44% @ Ep926) | LR: 0.000170 | Rev: 1/99999
Epoch 1135 | Cost: 0.244915 | Acc: 91.67% (Best: 94.44% @ Ep926) | LR: 0.000170 | Rev: 0/99999
Epoch 1136 | Cost: 0.241567 | Acc: 91.67% (Best: 94.44% @ Ep926) | LR: 0.000180 | Rev: 0/99999
Epoch 1137 | Cost: 0.264492 | Acc: 91.67% (Best: 94.44% @ Ep926) | LR: 0.000180 | Rev: 1/99999
Epoch 1138 | Cost: 0.252757 | Acc: 91.67% (Best: 94.44% @ Ep926) | LR: 0.000180 | Rev: 0/99999
Epoch 1139 | Cost: 0.247727 | Acc: 91.67% (Best: 94.44% @ Ep926) | LR: 0.000180 | Rev: 0/99999
Epoch 1140 | Cost: 0.250860 | Acc: 91.67% (Best: 94.44% @ Ep926) | LR: 0.000180 | Rev: 1/99999
Epoch 1141 | Cost: 0.262076 | Acc: 91.67% (Best: 94.44% @ Ep926) | LR: 0.000180 | Rev: 2/99999
Epoch 1142 | Cost: 0.261254 | Acc: 91.67% (Best: 94.44% @ Ep926) | LR: 0.000180 | Rev: 0/99999
Epoch 1143 | Cost: 0.248166 | Acc: 91.67% (Best: 94.44% @ Ep926) | LR: 0.000180 | Rev: 0/99999
Epoch 1144 | Cost: 0.235782 | Acc: 91.67% (Best: 94.44% @ Ep926) | LR: 0.000180 | Rev: 0/99999
Epoch 1145 | Cost: 0.254312 | Acc: 91.67% (Best: 94.44% @ Ep926) | LR: 0.000180 | Rev: 1/99999
Epoch 1146 | Cost: 0.252720 | Acc: 91.67% (Best: 94.44% @ Ep926) | LR: 0.000190 | Rev: 0/99999
Epoch 1147 | Cost: 0.237041 | Acc: 91.67% (Best: 94.44% @ Ep926) | LR: 0.000190 | Rev: 0/99999
Epoch 1148 | Cost: 0.254766 | Acc: 91.67% (Best: 94.44% @ Ep926) | LR: 0.000190 | Rev: 1/99999
Epoch 1149 | Cost: 0.245079 | Acc: 91.67% (Best: 94.44% @ Ep926) | LR: 0.000190 | Rev: 0/99999
Epoch 1150 | Cost: 0.236456 | Acc: 91.67% (Best: 94.44% @ Ep926) | LR: 0.000190 | Rev: 0/99999
Epoch 1151 | Cost: 0.256408 | Acc: 91.67% (Best: 94.44% @ Ep926) | LR: 0.000190 | Rev: 1/99999
Epoch 1152 | Cost: 0.263629 | Acc: 91.67% (Best: 94.44% @ Ep926) | LR: 0.000190 | Rev: 2/99999
Epoch 1153 | Cost: 0.255979 | Acc: 91.67% (Best: 94.44% @ Ep926) | LR: 0.000190 | Rev: 0/99999
Epoch 1154 | Cost: 0.246556 | Acc: 91.67% (Best: 94.44% @ Ep926) | LR: 0.000190 | Rev: 0/99999
Epoch 1155 | Cost: 0.250121 | Acc: 91.67% (Best: 94.44% @ Ep926) | LR: 0.000190 | Rev: 1/99999
Epoch 1156 | Cost: 0.250777 | Acc: 91.67% (Best: 94.44% @ Ep926) | LR: 0.000200 | Rev: 2/99999
Epoch 1157 | Cost: 0.263537 | Acc: 91.67% (Best: 94.44% @ Ep926) | LR: 0.000200 | Rev: 3/99999
Epoch 1158 | Cost: 0.239582 | Acc: 91.67% (Best: 94.44% @ Ep926) | LR: 0.000200 | Rev: 0/99999
Epoch 1159 | Cost: 0.236513 | Acc: 91.67% (Best: 94.44% @ Ep926) | LR: 0.000200 | Rev: 0/99999
Epoch 1160 | Cost: 0.248120 | Acc: 91.67% (Best: 94.44% @ Ep926) | LR: 0.000200 | Rev: 1/99999
Epoch 1161 | Cost: 0.245197 | Acc: 91.67% (Best: 94.44% @ Ep926) | LR: 0.000200 | Rev: 0/99999
Epoch 1162 | Cost: 0.247748 | Acc: 91.67% (Best: 94.44% @ Ep926) | LR: 0.000200 | Rev: 1/99999
Epoch 1163 | Cost: 0.237971 | Acc: 91.67% (Best: 94.44% @ Ep926) | LR: 0.000200 | Rev: 0/99999
Epoch 1164 | Cost: 0.235439 | Acc: 91.67% (Best: 94.44% @ Ep926) | LR: 0.000200 | Rev: 0/99999
Epoch 1165 | Cost: 0.232775 | Acc: 91.67% (Best: 94.44% @ Ep926) | LR: 0.000200 | Rev: 0/99999
Epoch 1166 | Cost: 0.259339 | Acc: 91.67% (Best: 94.44% @ Ep926) | LR: 0.000210 | Rev: 1/99999
Epoch 1167 | Cost: 0.250675 | Acc: 91.67% (Best: 94.44% @ Ep926) | LR: 0.000210 | Rev: 0/99999
Epoch 1168 | Cost: 0.237060 | Acc: 91.67% (Best: 94.44% @ Ep926) | LR: 0.000210 | Rev: 0/99999
Epoch 1169 | Cost: 0.259726 | Acc: 91.67% (Best: 94.44% @ Ep926) | LR: 0.000210 | Rev: 1/99999
Epoch 1170 | Cost: 0.238207 | Acc: 91.67% (Best: 94.44% @ Ep926) | LR: 0.000210 | Rev: 0/99999
Epoch 1171 | Cost: 0.238029 | Acc: 91.67% (Best: 94.44% @ Ep926) | LR: 0.000210 | Rev: 0/99999
Epoch 1172 | Cost: 0.241957 | Acc: 91.67% (Best: 94.44% @ Ep926) | LR: 0.000210 | Rev: 1/99999
Epoch 1173 | Cost: 0.239146 | Acc: 91.67% (Best: 94.44% @ Ep926) | LR: 0.000210 | Rev: 0/99999
Epoch 1174 | Cost: 0.254964 | Acc: 91.67% (Best: 94.44% @ Ep926) | LR: 0.000210 | Rev: 1/99999
Epoch 1175 | Cost: 0.245775 | Acc: 91.67% (Best: 94.44% @ Ep926) | LR: 0.000210 | Rev: 0/99999
Epoch 1176 | Cost: 0.242785 | Acc: 91.67% (Best: 94.44% @ Ep926) | LR: 0.000220 | Rev: 0/99999
Epoch 1177 | Cost: 0.246039 | Acc: 91.67% (Best: 94.44% @ Ep926) | LR: 0.000220 | Rev: 1/99999
Epoch 1178 | Cost: 0.229329 | Acc: 91.67% (Best: 94.44% @ Ep926) | LR: 0.000220 | Rev: 0/99999
Epoch 1179 | Cost: 0.225993 | Acc: 91.67% (Best: 94.44% @ Ep926) | LR: 0.000220 | Rev: 0/99999
Epoch 1180 | Cost: 0.233577 | Acc: 91.67% (Best: 94.44% @ Ep926) | LR: 0.000220 | Rev: 1/99999
Epoch 1181 | Cost: 0.236591 | Acc: 91.67% (Best: 94.44% @ Ep926) | LR: 0.000220 | Rev: 2/99999
Epoch 1182 | Cost: 0.234562 | Acc: 91.67% (Best: 94.44% @ Ep926) | LR: 0.000220 | Rev: 0/99999
Epoch 1183 | Cost: 0.241336 | Acc: 91.67% (Best: 94.44% @ Ep926) | LR: 0.000220 | Rev: 1/99999
Epoch 1184 | Cost: 0.252855 | Acc: 91.67% (Best: 94.44% @ Ep926) | LR: 0.000220 | Rev: 2/99999
Epoch 1185 | Cost: 0.253660 | Acc: 91.67% (Best: 94.44% @ Ep926) | LR: 0.000220 | Rev: 3/99999
Epoch 1186 | Cost: 0.247143 | Acc: 91.67% (Best: 94.44% @ Ep926) | LR: 0.000230 | Rev: 0/99999
Epoch 1187 | Cost: 0.238192 | Acc: 91.67% (Best: 94.44% @ Ep926) | LR: 0.000230 | Rev: 0/99999
Epoch 1188 | Cost: 0.239386 | Acc: 91.67% (Best: 94.44% @ Ep926) | LR: 0.000230 | Rev: 1/99999
Epoch 1189 | Cost: 0.238364 | Acc: 91.67% (Best: 94.44% @ Ep926) | LR: 0.000230 | Rev: 0/99999
Epoch 1190 | Cost: 0.225672 | Acc: 91.67% (Best: 94.44% @ Ep926) | LR: 0.000230 | Rev: 0/99999
Epoch 1191 | Cost: 0.231004 | Acc: 91.67% (Best: 94.44% @ Ep926) | LR: 0.000230 | Rev: 1/99999
Epoch 1192 | Cost: 0.241313 | Acc: 91.67% (Best: 94.44% @ Ep926) | LR: 0.000230 | Rev: 2/99999
Epoch 1193 | Cost: 0.230415 | Acc: 91.67% (Best: 94.44% @ Ep926) | LR: 0.000230 | Rev: 0/99999
Epoch 1194 | Cost: 0.231488 | Acc: 91.67% (Best: 94.44% @ Ep926) | LR: 0.000230 | Rev: 1/99999
Epoch 1195 | Cost: 0.224890 | Acc: 91.67% (Best: 94.44% @ Ep926) | LR: 0.000230 | Rev: 0/99999
Epoch 1196 | Cost: 0.230745 | Acc: 91.67% (Best: 94.44% @ Ep926) | LR: 0.000240 | Rev: 1/99999
Epoch 1197 | Cost: 0.240155 | Acc: 91.67% (Best: 94.44% @ Ep926) | LR: 0.000240 | Rev: 2/99999
Epoch 1198 | Cost: 0.226596 | Acc: 91.67% (Best: 94.44% @ Ep926) | LR: 0.000240 | Rev: 0/99999
Epoch 1199 | Cost: 0.233538 | Acc: 91.67% (Best: 94.44% @ Ep926) | LR: 0.000240 | Rev: 1/99999
Epoch 1200 | Cost: 0.236694 | Acc: 91.67% (Best: 94.44% @ Ep926) | LR: 0.000240 | Rev: 2/99999
Epoch 1201 | Cost: 0.231800 | Acc: 91.67% (Best: 94.44% @ Ep926) | LR: 0.000240 | Rev: 0/99999
Epoch 1202 | Cost: 0.219260 | Acc: 91.67% (Best: 94.44% @ Ep926) | LR: 0.000240 | Rev: 0/99999
Epoch 1203 | Cost: 0.224107 | Acc: 91.67% (Best: 94.44% @ Ep926) | LR: 0.000240 | Rev: 1/99999
Epoch 1204 | Cost: 0.244370 | Acc: 91.67% (Best: 94.44% @ Ep926) | LR: 0.000240 | Rev: 2/99999
Epoch 1205 | Cost: 0.233369 | Acc: 91.67% (Best: 94.44% @ Ep926) | LR: 0.000240 | Rev: 0/99999
Epoch 1206 | Cost: 0.228341 | Acc: 91.67% (Best: 94.44% @ Ep926) | LR: 0.000250 | Rev: 0/99999
Epoch 1207 | Cost: 0.235914 | Acc: 91.67% (Best: 94.44% @ Ep926) | LR: 0.000250 | Rev: 1/99999
Epoch 1208 | Cost: 0.216976 | Acc: 91.67% (Best: 94.44% @ Ep926) | LR: 0.000250 | Rev: 0/99999
Epoch 1209 | Cost: 0.223714 | Acc: 91.67% (Best: 94.44% @ Ep926) | LR: 0.000250 | Rev: 1/99999
Epoch 1210 | Cost: 0.249496 | Acc: 91.67% (Best: 94.44% @ Ep926) | LR: 0.000250 | Rev: 2/99999
Epoch 1211 | Cost: 0.228233 | Acc: 91.67% (Best: 94.44% @ Ep926) | LR: 0.000250 | Rev: 0/99999
Epoch 1212 | Cost: 0.219194 | Acc: 91.67% (Best: 94.44% @ Ep926) | LR: 0.000250 | Rev: 0/99999
Epoch 1213 | Cost: 0.234343 | Acc: 91.67% (Best: 94.44% @ Ep926) | LR: 0.000250 | Rev: 1/99999
Epoch 1214 | Cost: 0.219374 | Acc: 91.67% (Best: 94.44% @ Ep926) | LR: 0.000250 | Rev: 0/99999
Epoch 1215 | Cost: 0.216867 | Acc: 91.67% (Best: 94.44% @ Ep926) | LR: 0.000250 | Rev: 0/99999
Epoch 1216 | Cost: 0.230153 | Acc: 91.67% (Best: 94.44% @ Ep926) | LR: 0.000260 | Rev: 1/99999
Epoch 1217 | Cost: 0.224710 | Acc: 91.67% (Best: 94.44% @ Ep926) | LR: 0.000260 | Rev: 0/99999
Epoch 1218 | Cost: 0.237748 | Acc: 91.67% (Best: 94.44% @ Ep926) | LR: 0.000260 | Rev: 1/99999
Epoch 1219 | Cost: 0.234829 | Acc: 91.67% (Best: 94.44% @ Ep926) | LR: 0.000260 | Rev: 0/99999
Epoch 1220 | Cost: 0.229952 | Acc: 91.67% (Best: 94.44% @ Ep926) | LR: 0.000260 | Rev: 0/99999
Epoch 1221 | Cost: 0.242619 | Acc: 91.67% (Best: 94.44% @ Ep926) | LR: 0.000260 | Rev: 1/99999
Epoch 1222 | Cost: 0.213946 | Acc: 91.67% (Best: 94.44% @ Ep926) | LR: 0.000260 | Rev: 0/99999
Epoch 1223 | Cost: 0.235260 | Acc: 91.67% (Best: 94.44% @ Ep926) | LR: 0.000260 | Rev: 1/99999
Epoch 1224 | Cost: 0.226778 | Acc: 91.67% (Best: 94.44% @ Ep926) | LR: 0.000260 | Rev: 0/99999
Epoch 1225 | Cost: 0.232718 | Acc: 91.67% (Best: 94.44% @ Ep926) | LR: 0.000260 | Rev: 1/99999
Epoch 1226 | Cost: 0.226222 | Acc: 91.67% (Best: 94.44% @ Ep926) | LR: 0.000270 | Rev: 0/99999
Epoch 1227 | Cost: 0.212373 | Acc: 91.67% (Best: 94.44% @ Ep926) | LR: 0.000270 | Rev: 0/99999
Epoch 1228 | Cost: 0.229355 | Acc: 91.67% (Best: 94.44% @ Ep926) | LR: 0.000270 | Rev: 1/99999
Epoch 1229 | Cost: 0.224924 | Acc: 91.67% (Best: 94.44% @ Ep926) | LR: 0.000270 | Rev: 0/99999
Epoch 1230 | Cost: 0.229550 | Acc: 91.67% (Best: 94.44% @ Ep926) | LR: 0.000270 | Rev: 1/99999
Epoch 1231 | Cost: 0.220437 | Acc: 91.67% (Best: 94.44% @ Ep926) | LR: 0.000270 | Rev: 0/99999
Epoch 1232 | Cost: 0.228888 | Acc: 91.67% (Best: 94.44% @ Ep926) | LR: 0.000270 | Rev: 1/99999
Epoch 1233 | Cost: 0.231889 | Acc: 91.67% (Best: 94.44% @ Ep926) | LR: 0.000270 | Rev: 2/99999
Epoch 1234 | Cost: 0.229475 | Acc: 91.67% (Best: 94.44% @ Ep926) | LR: 0.000270 | Rev: 0/99999
Epoch 1235 | Cost: 0.228255 | Acc: 91.67% (Best: 94.44% @ Ep926) | LR: 0.000270 | Rev: 0/99999
Epoch 1236 | Cost: 0.235194 | Acc: 91.67% (Best: 94.44% @ Ep926) | LR: 0.000280 | Rev: 1/99999
Epoch 1237 | Cost: 0.231103 | Acc: 91.67% (Best: 94.44% @ Ep926) | LR: 0.000280 | Rev: 0/99999
Epoch 1238 | Cost: 0.229035 | Acc: 91.67% (Best: 94.44% @ Ep926) | LR: 0.000280 | Rev: 0/99999
Epoch 1239 | Cost: 0.216986 | Acc: 91.67% (Best: 94.44% @ Ep926) | LR: 0.000280 | Rev: 0/99999
Epoch 1240 | Cost: 0.218373 | Acc: 91.67% (Best: 94.44% @ Ep926) | LR: 0.000280 | Rev: 1/99999
Epoch 1241 | Cost: 0.203072 | Acc: 91.67% (Best: 94.44% @ Ep926) | LR: 0.000280 | Rev: 0/99999
Epoch 1242 | Cost: 0.224598 | Acc: 91.67% (Best: 94.44% @ Ep926) | LR: 0.000280 | Rev: 1/99999
Epoch 1243 | Cost: 0.206621 | Acc: 91.67% (Best: 94.44% @ Ep926) | LR: 0.000280 | Rev: 0/99999
Epoch 1244 | Cost: 0.228844 | Acc: 91.67% (Best: 94.44% @ Ep926) | LR: 0.000280 | Rev: 1/99999
Epoch 1245 | Cost: 0.225247 | Acc: 91.67% (Best: 94.44% @ Ep926) | LR: 0.000280 | Rev: 0/99999
Epoch 1246 | Cost: 0.218928 | Acc: 91.67% (Best: 94.44% @ Ep926) | LR: 0.000290 | Rev: 0/99999
Epoch 1247 | Cost: 0.221509 | Acc: 91.67% (Best: 94.44% @ Ep926) | LR: 0.000290 | Rev: 1/99999
Epoch 1248 | Cost: 0.209607 | Acc: 91.67% (Best: 94.44% @ Ep926) | LR: 0.000290 | Rev: 0/99999
Epoch 1249 | Cost: 0.218663 | Acc: 91.67% (Best: 94.44% @ Ep926) | LR: 0.000290 | Rev: 1/99999
Epoch 1250 | Cost: 0.216348 | Acc: 91.67% (Best: 94.44% @ Ep926) | LR: 0.000290 | Rev: 0/99999
Epoch 1251 | Cost: 0.224070 | Acc: 91.67% (Best: 94.44% @ Ep926) | LR: 0.000290 | Rev: 1/99999
Epoch 1252 | Cost: 0.235131 | Acc: 91.67% (Best: 94.44% @ Ep926) | LR: 0.000290 | Rev: 2/99999
Epoch 1253 | Cost: 0.222973 | Acc: 91.67% (Best: 94.44% @ Ep926) | LR: 0.000290 | Rev: 0/99999
Epoch 1254 | Cost: 0.222899 | Acc: 91.67% (Best: 94.44% @ Ep926) | LR: 0.000290 | Rev: 0/99999
Epoch 1255 | Cost: 0.215004 | Acc: 91.67% (Best: 94.44% @ Ep926) | LR: 0.000290 | Rev: 0/99999
Epoch 1256 | Cost: 0.216077 | Acc: 91.67% (Best: 94.44% @ Ep926) | LR: 0.000300 | Rev: 1/99999
Epoch 1257 | Cost: 0.221791 | Acc: 91.67% (Best: 94.44% @ Ep926) | LR: 0.000300 | Rev: 2/99999
Epoch 1258 | Cost: 0.208031 | Acc: 91.67% (Best: 94.44% @ Ep926) | LR: 0.000300 | Rev: 0/99999
Epoch 1259 | Cost: 0.228938 | Acc: 91.67% (Best: 94.44% @ Ep926) | LR: 0.000300 | Rev: 1/99999
Epoch 1260 | Cost: 0.211969 | Acc: 91.67% (Best: 94.44% @ Ep926) | LR: 0.000300 | Rev: 0/99999
Epoch 1261 | Cost: 0.202854 | Acc: 91.67% (Best: 94.44% @ Ep926) | LR: 0.000300 | Rev: 0/99999
Epoch 1262 | Cost: 0.227198 | Acc: 91.67% (Best: 94.44% @ Ep926) | LR: 0.000300 | Rev: 1/99999
Epoch 1263 | Cost: 0.208179 | Acc: 91.67% (Best: 94.44% @ Ep926) | LR: 0.000300 | Rev: 0/99999
Epoch 1264 | Cost: 0.213590 | Acc: 91.67% (Best: 94.44% @ Ep926) | LR: 0.000300 | Rev: 1/99999
Epoch 1265 | Cost: 0.210817 | Acc: 91.67% (Best: 94.44% @ Ep926) | LR: 0.000300 | Rev: 0/99999
Epoch 1266 | Cost: 0.216543 | Acc: 91.67% (Best: 94.44% @ Ep926) | LR: 0.000300 | Rev: 1/99999
Epoch 1267 | Cost: 0.209840 | Acc: 91.67% (Best: 94.44% @ Ep926) | LR: 0.000300 | Rev: 0/99999
Epoch 1268 | Cost: 0.205974 | Acc: 91.67% (Best: 94.44% @ Ep926) | LR: 0.000300 | Rev: 0/99999
Epoch 1269 | Cost: 0.207124 | Acc: 91.67% (Best: 94.44% @ Ep926) | LR: 0.000300 | Rev: 1/99999
Epoch 1270 | Cost: 0.194760 | Acc: 91.67% (Best: 94.44% @ Ep926) | LR: 0.000300 | Rev: 0/99999
Epoch 1271 | Cost: 0.200878 | Acc: 91.67% (Best: 94.44% @ Ep926) | LR: 0.000300 | Rev: 1/99999
Epoch 1272 | Cost: 0.210121 | Acc: 91.67% (Best: 94.44% @ Ep926) | LR: 0.000300 | Rev: 2/99999
Epoch 1273 | Cost: 0.224167 | Acc: 91.67% (Best: 94.44% @ Ep926) | LR: 0.000300 | Rev: 3/99999
Epoch 1274 | Cost: 0.221686 | Acc: 91.67% (Best: 94.44% @ Ep926) | LR: 0.000300 | Rev: 0/99999
Epoch 1275 | Cost: 0.212551 | Acc: 91.67% (Best: 94.44% @ Ep926) | LR: 0.000300 | Rev: 0/99999
Epoch 1276 | Cost: 0.199194 | Acc: 91.67% (Best: 94.44% @ Ep926) | LR: 0.000300 | Rev: 0/99999
Epoch 1277 | Cost: 0.194364 | Acc: 91.67% (Best: 94.44% @ Ep926) | LR: 0.000300 | Rev: 0/99999
Epoch 1278 | Cost: 0.208126 | Acc: 91.67% (Best: 94.44% @ Ep926) | LR: 0.000300 | Rev: 1/99999
Epoch 1279 | Cost: 0.197100 | Acc: 91.67% (Best: 94.44% @ Ep926) | LR: 0.000300 | Rev: 0/99999
Epoch 1280 | Cost: 0.217354 | Acc: 91.67% (Best: 94.44% @ Ep926) | LR: 0.000300 | Rev: 1/99999
Epoch 1281 | Cost: 0.217784 | Acc: 91.67% (Best: 94.44% @ Ep926) | LR: 0.000300 | Rev: 2/99999
Epoch 1282 | Cost: 0.217220 | Acc: 91.67% (Best: 94.44% @ Ep926) | LR: 0.000300 | Rev: 0/99999
Epoch 1283 | Cost: 0.209557 | Acc: 91.67% (Best: 94.44% @ Ep926) | LR: 0.000300 | Rev: 0/99999
Epoch 1284 | Cost: 0.232996 | Acc: 91.67% (Best: 94.44% @ Ep926) | LR: 0.000300 | Rev: 1/99999
Epoch 1285 | Cost: 0.223847 | Acc: 91.67% (Best: 94.44% @ Ep926) | LR: 0.000300 | Rev: 0/99999
Epoch 1286 | Cost: 0.217765 | Acc: 91.67% (Best: 94.44% @ Ep926) | LR: 0.000300 | Rev: 0/99999
Epoch 1287 | Cost: 0.211849 | Acc: 91.67% (Best: 94.44% @ Ep926) | LR: 0.000300 | Rev: 0/99999
Epoch 1288 | Cost: 0.210487 | Acc: 91.67% (Best: 94.44% @ Ep926) | LR: 0.000300 | Rev: 0/99999
Epoch 1289 | Cost: 0.195352 | Acc: 91.67% (Best: 94.44% @ Ep926) | LR: 0.000300 | Rev: 0/99999
Epoch 1290 | Cost: 0.214180 | Acc: 91.67% (Best: 94.44% @ Ep926) | LR: 0.000300 | Rev: 1/99999
Epoch 1291 | Cost: 0.214642 | Acc: 91.67% (Best: 94.44% @ Ep926) | LR: 0.000300 | Rev: 2/99999
Epoch 1292 | Cost: 0.206550 | Acc: 91.67% (Best: 94.44% @ Ep926) | LR: 0.000300 | Rev: 0/99999
Epoch 1293 | Cost: 0.196523 | Acc: 91.67% (Best: 94.44% @ Ep926) | LR: 0.000300 | Rev: 0/99999
Epoch 1294 | Cost: 0.199484 | Acc: 91.67% (Best: 94.44% @ Ep926) | LR: 0.000300 | Rev: 1/99999
Epoch 1295 | Cost: 0.192917 | Acc: 91.67% (Best: 94.44% @ Ep926) | LR: 0.000300 | Rev: 0/99999
Epoch 1296 | Cost: 0.211567 | Acc: 91.67% (Best: 94.44% @ Ep926) | LR: 0.000300 | Rev: 1/99999
Epoch 1297 | Cost: 0.230583 | Acc: 91.67% (Best: 94.44% @ Ep926) | LR: 0.000300 | Rev: 2/99999
Epoch 1298 | Cost: 0.201255 | Acc: 91.67% (Best: 94.44% @ Ep926) | LR: 0.000300 | Rev: 0/99999
Epoch 1299 | Cost: 0.211964 | Acc: 91.67% (Best: 94.44% @ Ep926) | LR: 0.000300 | Rev: 1/99999
Epoch 1300 | Cost: 0.208400 | Acc: 91.67% (Best: 94.44% @ Ep926) | LR: 0.000300 | Rev: 0/99999
Epoch 1301 | Cost: 0.195884 | Acc: 91.67% (Best: 94.44% @ Ep926) | LR: 0.000300 | Rev: 0/99999
Epoch 1302 | Cost: 0.213258 | Acc: 91.67% (Best: 94.44% @ Ep926) | LR: 0.000300 | Rev: 1/99999
Epoch 1303 | Cost: 0.209635 | Acc: 91.67% (Best: 94.44% @ Ep926) | LR: 0.000300 | Rev: 0/99999
Epoch 1304 | Cost: 0.206623 | Acc: 91.67% (Best: 94.44% @ Ep926) | LR: 0.000300 | Rev: 0/99999
Epoch 1305 | Cost: 0.202858 | Acc: 91.67% (Best: 94.44% @ Ep926) | LR: 0.000300 | Rev: 0/99999
Epoch 1306 | Cost: 0.208828 | Acc: 91.67% (Best: 94.44% @ Ep926) | LR: 0.000300 | Rev: 1/99999
Epoch 1307 | Cost: 0.202773 | Acc: 91.67% (Best: 94.44% @ Ep926) | LR: 0.000300 | Rev: 0/99999
Epoch 1308 | Cost: 0.199640 | Acc: 91.67% (Best: 94.44% @ Ep926) | LR: 0.000300 | Rev: 0/99999
Epoch 1309 | Cost: 0.199203 | Acc: 91.67% (Best: 94.44% @ Ep926) | LR: 0.000300 | Rev: 0/99999
Epoch 1310 | Cost: 0.207753 | Acc: 91.67% (Best: 94.44% @ Ep926) | LR: 0.000300 | Rev: 1/99999
Epoch 1311 | Cost: 0.202398 | Acc: 91.67% (Best: 94.44% @ Ep926) | LR: 0.000300 | Rev: 0/99999
Epoch 1312 | Cost: 0.181768 | Acc: 91.67% (Best: 94.44% @ Ep926) | LR: 0.000300 | Rev: 0/99999
Epoch 1313 | Cost: 0.190481 | Acc: 91.67% (Best: 94.44% @ Ep926) | LR: 0.000300 | Rev: 1/99999
Epoch 1314 | Cost: 0.193588 | Acc: 91.67% (Best: 94.44% @ Ep926) | LR: 0.000300 | Rev: 2/99999
Epoch 1315 | Cost: 0.191556 | Acc: 91.67% (Best: 94.44% @ Ep926) | LR: 0.000300 | Rev: 0/99999
Epoch 1316 | Cost: 0.172660 | Acc: 91.67% (Best: 94.44% @ Ep926) | LR: 0.000300 | Rev: 0/99999
Epoch 1317 | Cost: 0.193759 | Acc: 91.67% (Best: 94.44% @ Ep926) | LR: 0.000300 | Rev: 1/99999
Epoch 1318 | Cost: 0.173118 | Acc: 91.67% (Best: 94.44% @ Ep926) | LR: 0.000300 | Rev: 0/99999
Epoch 1319 | Cost: 0.202223 | Acc: 91.67% (Best: 94.44% @ Ep926) | LR: 0.000300 | Rev: 1/99999
Epoch 1320 | Cost: 0.192576 | Acc: 91.67% (Best: 94.44% @ Ep926) | LR: 0.000300 | Rev: 0/99999
Epoch 1321 | Cost: 0.194655 | Acc: 91.67% (Best: 94.44% @ Ep926) | LR: 0.000300 | Rev: 1/99999
Epoch 1322 | Cost: 0.193631 | Acc: 91.67% (Best: 94.44% @ Ep926) | LR: 0.000300 | Rev: 0/99999
Epoch 1323 | Cost: 0.183848 | Acc: 91.67% (Best: 94.44% @ Ep926) | LR: 0.000300 | Rev: 0/99999
Epoch 1324 | Cost: 0.194877 | Acc: 91.67% (Best: 94.44% @ Ep926) | LR: 0.000300 | Rev: 1/99999
Epoch 1325 | Cost: 0.198026 | Acc: 91.67% (Best: 94.44% @ Ep926) | LR: 0.000300 | Rev: 2/99999
Epoch 1326 | Cost: 0.196849 | Acc: 91.67% (Best: 94.44% @ Ep926) | LR: 0.000300 | Rev: 0/99999
Epoch 1327 | Cost: 0.193581 | Acc: 91.67% (Best: 94.44% @ Ep926) | LR: 0.000300 | Rev: 0/99999
Epoch 1328 | Cost: 0.192191 | Acc: 91.67% (Best: 94.44% @ Ep926) | LR: 0.000300 | Rev: 0/99999
Epoch 1329 | Cost: 0.197223 | Acc: 91.67% (Best: 94.44% @ Ep926) | LR: 0.000300 | Rev: 1/99999
Epoch 1330 | Cost: 0.204609 | Acc: 91.67% (Best: 94.44% @ Ep926) | LR: 0.000300 | Rev: 2/99999
Epoch 1331 | Cost: 0.187074 | Acc: 91.67% (Best: 94.44% @ Ep926) | LR: 0.000300 | Rev: 0/99999
Epoch 1332 | Cost: 0.188654 | Acc: 91.67% (Best: 94.44% @ Ep926) | LR: 0.000300 | Rev: 1/99999
Epoch 1333 | Cost: 0.193873 | Acc: 91.67% (Best: 94.44% @ Ep926) | LR: 0.000300 | Rev: 2/99999
Epoch 1334 | Cost: 0.181233 | Acc: 91.67% (Best: 94.44% @ Ep926) | LR: 0.000300 | Rev: 0/99999
Epoch 1335 | Cost: 0.199420 | Acc: 91.67% (Best: 94.44% @ Ep926) | LR: 0.000300 | Rev: 1/99999
Epoch 1336 | Cost: 0.191995 | Acc: 91.67% (Best: 94.44% @ Ep926) | LR: 0.000300 | Rev: 0/99999
Epoch 1337 | Cost: 0.201518 | Acc: 91.67% (Best: 94.44% @ Ep926) | LR: 0.000300 | Rev: 1/99999
Epoch 1338 | Cost: 0.187126 | Acc: 91.67% (Best: 94.44% @ Ep926) | LR: 0.000300 | Rev: 0/99999
Epoch 1339 | Cost: 0.182731 | Acc: 91.67% (Best: 94.44% @ Ep926) | LR: 0.000300 | Rev: 0/99999
Epoch 1340 | Cost: 0.208742 | Acc: 91.67% (Best: 94.44% @ Ep926) | LR: 0.000300 | Rev: 1/99999
Epoch 1341 | Cost: 0.187773 | Acc: 91.67% (Best: 94.44% @ Ep926) | LR: 0.000300 | Rev: 0/99999
Epoch 1342 | Cost: 0.191371 | Acc: 91.67% (Best: 94.44% @ Ep926) | LR: 0.000300 | Rev: 1/99999
Epoch 1343 | Cost: 0.191658 | Acc: 91.67% (Best: 94.44% @ Ep926) | LR: 0.000300 | Rev: 2/99999
Epoch 1344 | Cost: 0.189110 | Acc: 91.67% (Best: 94.44% @ Ep926) | LR: 0.000300 | Rev: 0/99999
Epoch 1345 | Cost: 0.202361 | Acc: 91.67% (Best: 94.44% @ Ep926) | LR: 0.000300 | Rev: 1/99999
Epoch 1346 | Cost: 0.188131 | Acc: 91.67% (Best: 94.44% @ Ep926) | LR: 0.000300 | Rev: 0/99999
Epoch 1347 | Cost: 0.186089 | Acc: 91.67% (Best: 94.44% @ Ep926) | LR: 0.000300 | Rev: 0/99999
Epoch 1348 | Cost: 0.189738 | Acc: 91.67% (Best: 94.44% @ Ep926) | LR: 0.000300 | Rev: 1/99999
Epoch 1349 | Cost: 0.182886 | Acc: 91.67% (Best: 94.44% @ Ep926) | LR: 0.000300 | Rev: 0/99999
Epoch 1350 | Cost: 0.206317 | Acc: 91.67% (Best: 94.44% @ Ep926) | LR: 0.000300 | Rev: 1/99999
Epoch 1351 | Cost: 0.193258 | Acc: 91.67% (Best: 94.44% @ Ep926) | LR: 0.000300 | Rev: 0/99999
Epoch 1352 | Cost: 0.190298 | Acc: 91.67% (Best: 94.44% @ Ep926) | LR: 0.000300 | Rev: 0/99999
Epoch 1353 | Cost: 0.187272 | Acc: 91.67% (Best: 94.44% @ Ep926) | LR: 0.000300 | Rev: 0/99999
Epoch 1354 | Cost: 0.180491 | Acc: 91.67% (Best: 94.44% @ Ep926) | LR: 0.000300 | Rev: 0/99999
Epoch 1355 | Cost: 0.178480 | Acc: 91.67% (Best: 94.44% @ Ep926) | LR: 0.000300 | Rev: 0/99999
Epoch 1356 | Cost: 0.178360 | Acc: 91.67% (Best: 94.44% @ Ep926) | LR: 0.000300 | Rev: 0/99999
Epoch 1357 | Cost: 0.184969 | Acc: 91.67% (Best: 94.44% @ Ep926) | LR: 0.000300 | Rev: 1/99999
Epoch 1358 | Cost: 0.190653 | Acc: 91.67% (Best: 94.44% @ Ep926) | LR: 0.000300 | Rev: 2/99999
Epoch 1359 | Cost: 0.205679 | Acc: 88.89% (Best: 94.44% @ Ep926) | LR: 0.000300 | Rev: 3/99999
Epoch 1360 | Cost: 0.185522 | Acc: 91.67% (Best: 94.44% @ Ep926) | LR: 0.000300 | Rev: 0/99999
Epoch 1361 | Cost: 0.199668 | Acc: 91.67% (Best: 94.44% @ Ep926) | LR: 0.000300 | Rev: 1/99999
Epoch 1362 | Cost: 0.186071 | Acc: 91.67% (Best: 94.44% @ Ep926) | LR: 0.000300 | Rev: 0/99999
Epoch 1363 | Cost: 0.185506 | Acc: 91.67% (Best: 94.44% @ Ep926) | LR: 0.000300 | Rev: 0/99999
Epoch 1364 | Cost: 0.194892 | Acc: 91.67% (Best: 94.44% @ Ep926) | LR: 0.000300 | Rev: 1/99999
Epoch 1365 | Cost: 0.184851 | Acc: 91.67% (Best: 94.44% @ Ep926) | LR: 0.000300 | Rev: 0/99999
Epoch 1366 | Cost: 0.198656 | Acc: 91.67% (Best: 94.44% @ Ep926) | LR: 0.000300 | Rev: 1/99999
Epoch 1367 | Cost: 0.186978 | Acc: 91.67% (Best: 94.44% @ Ep926) | LR: 0.000300 | Rev: 0/99999
Epoch 1368 | Cost: 0.184805 | Acc: 91.67% (Best: 94.44% @ Ep926) | LR: 0.000300 | Rev: 0/99999
Epoch 1369 | Cost: 0.190066 | Acc: 91.67% (Best: 94.44% @ Ep926) | LR: 0.000300 | Rev: 1/99999
Epoch 1370 | Cost: 0.192877 | Acc: 91.67% (Best: 94.44% @ Ep926) | LR: 0.000300 | Rev: 2/99999
Epoch 1371 | Cost: 0.172138 | Acc: 91.67% (Best: 94.44% @ Ep926) | LR: 0.000300 | Rev: 0/99999
Epoch 1372 | Cost: 0.187565 | Acc: 91.67% (Best: 94.44% @ Ep926) | LR: 0.000300 | Rev: 1/99999
Epoch 1373 | Cost: 0.192003 | Acc: 91.67% (Best: 94.44% @ Ep926) | LR: 0.000300 | Rev: 2/99999
Epoch 1374 | Cost: 0.204505 | Acc: 91.67% (Best: 94.44% @ Ep926) | LR: 0.000300 | Rev: 3/99999
Epoch 1375 | Cost: 0.179186 | Acc: 91.67% (Best: 94.44% @ Ep926) | LR: 0.000300 | Rev: 0/99999
Epoch 1376 | Cost: 0.180271 | Acc: 91.67% (Best: 94.44% @ Ep926) | LR: 0.000300 | Rev: 1/99999
Epoch 1377 | Cost: 0.178364 | Acc: 91.67% (Best: 94.44% @ Ep926) | LR: 0.000300 | Rev: 0/99999
Epoch 1378 | Cost: 0.177594 | Acc: 91.67% (Best: 94.44% @ Ep926) | LR: 0.000300 | Rev: 0/99999
Epoch 1379 | Cost: 0.175432 | Acc: 91.67% (Best: 94.44% @ Ep926) | LR: 0.000300 | Rev: 0/99999
Epoch 1380 | Cost: 0.191568 | Acc: 91.67% (Best: 94.44% @ Ep926) | LR: 0.000300 | Rev: 1/99999
Epoch 1381 | Cost: 0.182074 | Acc: 91.67% (Best: 94.44% @ Ep926) | LR: 0.000300 | Rev: 0/99999
Epoch 1382 | Cost: 0.179679 | Acc: 91.67% (Best: 94.44% @ Ep926) | LR: 0.000300 | Rev: 0/99999
Epoch 1383 | Cost: 0.181960 | Acc: 91.67% (Best: 94.44% @ Ep926) | LR: 0.000300 | Rev: 1/99999
Epoch 1384 | Cost: 0.180855 | Acc: 91.67% (Best: 94.44% @ Ep926) | LR: 0.000300 | Rev: 0/99999
Epoch 1385 | Cost: 0.182990 | Acc: 91.67% (Best: 94.44% @ Ep926) | LR: 0.000300 | Rev: 1/99999
Epoch 1386 | Cost: 0.178195 | Acc: 91.67% (Best: 94.44% @ Ep926) | LR: 0.000300 | Rev: 0/99999
Epoch 1387 | Cost: 0.183037 | Acc: 91.67% (Best: 94.44% @ Ep926) | LR: 0.000300 | Rev: 1/99999
Epoch 1388 | Cost: 0.188888 | Acc: 91.67% (Best: 94.44% @ Ep926) | LR: 0.000300 | Rev: 2/99999
Epoch 1389 | Cost: 0.183755 | Acc: 91.67% (Best: 94.44% @ Ep926) | LR: 0.000300 | Rev: 0/99999
Epoch 1390 | Cost: 0.187671 | Acc: 91.67% (Best: 94.44% @ Ep926) | LR: 0.000300 | Rev: 1/99999
Epoch 1391 | Cost: 0.171604 | Acc: 91.67% (Best: 94.44% @ Ep926) | LR: 0.000300 | Rev: 0/99999
Epoch 1392 | Cost: 0.177723 | Acc: 91.67% (Best: 94.44% @ Ep926) | LR: 0.000300 | Rev: 1/99999
Epoch 1393 | Cost: 0.185491 | Acc: 91.67% (Best: 94.44% @ Ep926) | LR: 0.000300 | Rev: 2/99999
Epoch 1394 | Cost: 0.171949 | Acc: 91.67% (Best: 94.44% @ Ep926) | LR: 0.000300 | Rev: 0/99999
Epoch 1395 | Cost: 0.178668 | Acc: 91.67% (Best: 94.44% @ Ep926) | LR: 0.000300 | Rev: 1/99999
Epoch 1396 | Cost: 0.184996 | Acc: 91.67% (Best: 94.44% @ Ep926) | LR: 0.000300 | Rev: 2/99999
Epoch 1397 | Cost: 0.166355 | Acc: 91.67% (Best: 94.44% @ Ep926) | LR: 0.000300 | Rev: 0/99999
Epoch 1398 | Cost: 0.166815 | Acc: 91.67% (Best: 94.44% @ Ep926) | LR: 0.000300 | Rev: 1/99999
Epoch 1399 | Cost: 0.167878 | Acc: 91.67% (Best: 94.44% @ Ep926) | LR: 0.000300 | Rev: 2/99999
Epoch 1400 | Cost: 0.182867 | Acc: 91.67% (Best: 94.44% @ Ep926) | LR: 0.000300 | Rev: 3/99999
Epoch 1401 | Cost: 0.175234 | Acc: 91.67% (Best: 94.44% @ Ep926) | LR: 0.000300 | Rev: 0/99999
Epoch 1402 | Cost: 0.177204 | Acc: 91.67% (Best: 94.44% @ Ep926) | LR: 0.000300 | Rev: 1/99999
Epoch 1403 | Cost: 0.172083 | Acc: 91.67% (Best: 94.44% @ Ep926) | LR: 0.000300 | Rev: 0/99999
Epoch 1404 | Cost: 0.181478 | Acc: 94.44% (Best: 94.44% @ Ep926) | LR: 0.000300 | Rev: 1/99999
Epoch 1405 | Cost: 0.169438 | Acc: 94.44% (Best: 94.44% @ Ep926) | LR: 0.000300 | Rev: 0/99999
Epoch 1406 | Cost: 0.185190 | Acc: 94.44% (Best: 94.44% @ Ep926) | LR: 0.000300 | Rev: 1/99999
Epoch 1407 | Cost: 0.168158 | Acc: 94.44% (Best: 94.44% @ Ep926) | LR: 0.000300 | Rev: 0/99999
Epoch 1408 | Cost: 0.194347 | Acc: 94.44% (Best: 94.44% @ Ep926) | LR: 0.000300 | Rev: 1/99999
Epoch 1409 | Cost: 0.168908 | Acc: 94.44% (Best: 94.44% @ Ep926) | LR: 0.000300 | Rev: 0/99999
Epoch 1410 | Cost: 0.172034 | Acc: 94.44% (Best: 94.44% @ Ep926) | LR: 0.000300 | Rev: 1/99999
Epoch 1411 | Cost: 0.162395 | Acc: 94.44% (Best: 94.44% @ Ep926) | LR: 0.000300 | Rev: 0/99999
Epoch 1412 | Cost: 0.182503 | Acc: 94.44% (Best: 94.44% @ Ep926) | LR: 0.000300 | Rev: 1/99999
Epoch 1413 | Cost: 0.181131 | Acc: 94.44% (Best: 94.44% @ Ep926) | LR: 0.000300 | Rev: 0/99999
Epoch 1414 | Cost: 0.173478 | Acc: 94.44% (Best: 94.44% @ Ep926) | LR: 0.000300 | Rev: 0/99999
Epoch 1415 | Cost: 0.168317 | Acc: 94.44% (Best: 94.44% @ Ep926) | LR: 0.000300 | Rev: 0/99999
Epoch 1416 | Cost: 0.164085 | Acc: 94.44% (Best: 94.44% @ Ep926) | LR: 0.000300 | Rev: 0/99999
Epoch 1417 | Cost: 0.182121 | Acc: 94.44% (Best: 94.44% @ Ep926) | LR: 0.000300 | Rev: 1/99999
Epoch 1418 | Cost: 0.175645 | Acc: 94.44% (Best: 94.44% @ Ep926) | LR: 0.000300 | Rev: 0/99999
Epoch 1419 | Cost: 0.167466 | Acc: 94.44% (Best: 94.44% @ Ep926) | LR: 0.000300 | Rev: 0/99999
Epoch 1420 | Cost: 0.166146 | Acc: 94.44% (Best: 94.44% @ Ep926) | LR: 0.000300 | Rev: 0/99999
Epoch 1421 | Cost: 0.156774 | Acc: 94.44% (Best: 94.44% @ Ep926) | LR: 0.000300 | Rev: 0/99999
Epoch 1422 | Cost: 0.156413 | Acc: 94.44% (Best: 94.44% @ Ep926) | LR: 0.000300 | Rev: 0/99999
Epoch 1423 | Cost: 0.176562 | Acc: 94.44% (Best: 94.44% @ Ep926) | LR: 0.000300 | Rev: 1/99999
Epoch 1424 | Cost: 0.185508 | Acc: 94.44% (Best: 94.44% @ Ep926) | LR: 0.000300 | Rev: 2/99999
Epoch 1425 | Cost: 0.185768 | Acc: 94.44% (Best: 94.44% @ Ep926) | LR: 0.000300 | Rev: 3/99999
Epoch 1426 | Cost: 0.159254 | Acc: 94.44% (Best: 94.44% @ Ep926) | LR: 0.000300 | Rev: 0/99999
Epoch 1427 | Cost: 0.161006 | Acc: 94.44% (Best: 94.44% @ Ep926) | LR: 0.000300 | Rev: 1/99999
Epoch 1428 | Cost: 0.176453 | Acc: 94.44% (Best: 94.44% @ Ep926) | LR: 0.000300 | Rev: 2/99999
Epoch 1429 | Cost: 0.171063 | Acc: 94.44% (Best: 94.44% @ Ep926) | LR: 0.000300 | Rev: 0/99999
Epoch 1430 | Cost: 0.180654 | Acc: 94.44% (Best: 94.44% @ Ep926) | LR: 0.000300 | Rev: 1/99999
Epoch 1431 | Cost: 0.167122 | Acc: 94.44% (Best: 94.44% @ Ep926) | LR: 0.000300 | Rev: 0/99999
Epoch 1432 | Cost: 0.191446 | Acc: 94.44% (Best: 94.44% @ Ep926) | LR: 0.000300 | Rev: 1/99999
Epoch 1433 | Cost: 0.170080 | Acc: 94.44% (Best: 94.44% @ Ep926) | LR: 0.000300 | Rev: 0/99999
Epoch 1434 | Cost: 0.165323 | Acc: 94.44% (Best: 94.44% @ Ep926) | LR: 0.000300 | Rev: 0/99999
Epoch 1435 | Cost: 0.159896 | Acc: 94.44% (Best: 94.44% @ Ep926) | LR: 0.000300 | Rev: 0/99999
Epoch 1436 | Cost: 0.156400 | Acc: 94.44% (Best: 94.44% @ Ep926) | LR: 0.000300 | Rev: 0/99999
Epoch 1437 | Cost: 0.164167 | Acc: 94.44% (Best: 94.44% @ Ep926) | LR: 0.000300 | Rev: 1/99999
Epoch 1438 | Cost: 0.183943 | Acc: 94.44% (Best: 94.44% @ Ep926) | LR: 0.000300 | Rev: 2/99999
Epoch 1439 | Cost: 0.156442 | Acc: 94.44% (Best: 94.44% @ Ep926) | LR: 0.000300 | Rev: 0/99999
Epoch 1440 | Cost: 0.166614 | Acc: 94.44% (Best: 94.44% @ Ep926) | LR: 0.000300 | Rev: 1/99999
Epoch 1441 | Cost: 0.170733 | Acc: 91.67% (Best: 94.44% @ Ep926) | LR: 0.000300 | Rev: 2/99999
Epoch 1442 | Cost: 0.154167 | Acc: 91.67% (Best: 94.44% @ Ep926) | LR: 0.000300 | Rev: 0/99999
Epoch 1443 | Cost: 0.166687 | Acc: 91.67% (Best: 94.44% @ Ep926) | LR: 0.000300 | Rev: 1/99999
Epoch 1444 | Cost: 0.173320 | Acc: 94.44% (Best: 94.44% @ Ep926) | LR: 0.000300 | Rev: 2/99999
Epoch 1445 | Cost: 0.159250 | Acc: 94.44% (Best: 94.44% @ Ep926) | LR: 0.000300 | Rev: 0/99999
Epoch 1446 | Cost: 0.159745 | Acc: 94.44% (Best: 94.44% @ Ep926) | LR: 0.000300 | Rev: 1/99999
Epoch 1447 | Cost: 0.156500 | Acc: 94.44% (Best: 94.44% @ Ep926) | LR: 0.000300 | Rev: 0/99999
Epoch 1448 | Cost: 0.147843 | Acc: 94.44% (Best: 94.44% @ Ep926) | LR: 0.000300 | Rev: 0/99999
Epoch 1449 | Cost: 0.150810 | Acc: 94.44% (Best: 94.44% @ Ep926) | LR: 0.000300 | Rev: 1/99999
Epoch 1450 | Cost: 0.175199 | Acc: 94.44% (Best: 94.44% @ Ep926) | LR: 0.000300 | Rev: 2/99999
Epoch 1451 | Cost: 0.157238 | Acc: 94.44% (Best: 94.44% @ Ep926) | LR: 0.000300 | Rev: 0/99999
Epoch 1452 | Cost: 0.177768 | Acc: 94.44% (Best: 94.44% @ Ep926) | LR: 0.000300 | Rev: 1/99999
Epoch 1453 | Cost: 0.157500 | Acc: 94.44% (Best: 94.44% @ Ep926) | LR: 0.000300 | Rev: 0/99999
Epoch 1454 | Cost: 0.153086 | Acc: 94.44% (Best: 94.44% @ Ep926) | LR: 0.000300 | Rev: 0/99999
Epoch 1455 | Cost: 0.160206 | Acc: 94.44% (Best: 94.44% @ Ep926) | LR: 0.000300 | Rev: 1/99999
Epoch 1456 | Cost: 0.168668 | Acc: 94.44% (Best: 94.44% @ Ep926) | LR: 0.000300 | Rev: 2/99999
Epoch 1457 | Cost: 0.143872 | Acc: 94.44% (Best: 94.44% @ Ep926) | LR: 0.000300 | Rev: 0/99999
Epoch 1458 | Cost: 0.162835 | Acc: 94.44% (Best: 94.44% @ Ep926) | LR: 0.000300 | Rev: 1/99999
Epoch 1459 | Cost: 0.159019 | Acc: 94.44% (Best: 94.44% @ Ep926) | LR: 0.000300 | Rev: 0/99999
Epoch 1460 | Cost: 0.160059 | Acc: 94.44% (Best: 94.44% @ Ep926) | LR: 0.000300 | Rev: 1/99999
Epoch 1461 | Cost: 0.157113 | Acc: 94.44% (Best: 94.44% @ Ep926) | LR: 0.000300 | Rev: 0/99999
Epoch 1462 | Cost: 0.175108 | Acc: 94.44% (Best: 94.44% @ Ep926) | LR: 0.000300 | Rev: 1/99999
Epoch 1463 | Cost: 0.167225 | Acc: 94.44% (Best: 94.44% @ Ep926) | LR: 0.000300 | Rev: 0/99999
Epoch 1464 | Cost: 0.139326 | Acc: 94.44% (Best: 94.44% @ Ep926) | LR: 0.000300 | Rev: 0/99999
Epoch 1465 | Cost: 0.161892 | Acc: 94.44% (Best: 94.44% @ Ep926) | LR: 0.000300 | Rev: 1/99999
Epoch 1466 | Cost: 0.146772 | Acc: 94.44% (Best: 94.44% @ Ep926) | LR: 0.000300 | Rev: 0/99999
Epoch 1467 | Cost: 0.161533 | Acc: 94.44% (Best: 94.44% @ Ep926) | LR: 0.000300 | Rev: 1/99999
Epoch 1468 | Cost: 0.156530 | Acc: 94.44% (Best: 94.44% @ Ep926) | LR: 0.000300 | Rev: 0/99999
Epoch 1469 | Cost: 0.175617 | Acc: 94.44% (Best: 94.44% @ Ep926) | LR: 0.000300 | Rev: 1/99999
Epoch 1470 | Cost: 0.158687 | Acc: 94.44% (Best: 94.44% @ Ep926) | LR: 0.000300 | Rev: 0/99999
Epoch 1471 | Cost: 0.161363 | Acc: 94.44% (Best: 94.44% @ Ep926) | LR: 0.000300 | Rev: 1/99999
Epoch 1472 | Cost: 0.163769 | Acc: 94.44% (Best: 94.44% @ Ep926) | LR: 0.000300 | Rev: 2/99999
Epoch 1473 | Cost: 0.154447 | Acc: 94.44% (Best: 94.44% @ Ep926) | LR: 0.000300 | Rev: 0/99999
Epoch 1474 | Cost: 0.159925 | Acc: 94.44% (Best: 94.44% @ Ep926) | LR: 0.000300 | Rev: 1/99999
Epoch 1475 | Cost: 0.156692 | Acc: 94.44% (Best: 94.44% @ Ep926) | LR: 0.000300 | Rev: 0/99999
Epoch 1476 | Cost: 0.156397 | Acc: 94.44% (Best: 94.44% @ Ep926) | LR: 0.000300 | Rev: 0/99999
Epoch 1477 | Cost: 0.153139 | Acc: 94.44% (Best: 94.44% @ Ep926) | LR: 0.000300 | Rev: 0/99999
Epoch 1478 | Cost: 0.149890 | Acc: 94.44% (Best: 94.44% @ Ep926) | LR: 0.000300 | Rev: 0/99999
Epoch 1479 | Cost: 0.140112 | Acc: 94.44% (Best: 94.44% @ Ep926) | LR: 0.000300 | Rev: 0/99999
Epoch 1480 | Cost: 0.174202 | Acc: 94.44% (Best: 94.44% @ Ep926) | LR: 0.000300 | Rev: 1/99999
Epoch 1481 | Cost: 0.154082 | Acc: 94.44% (Best: 94.44% @ Ep926) | LR: 0.000300 | Rev: 0/99999
Epoch 1482 | Cost: 0.162641 | Acc: 94.44% (Best: 94.44% @ Ep926) | LR: 0.000300 | Rev: 1/99999
Epoch 1483 | Cost: 0.149010 | Acc: 94.44% (Best: 94.44% @ Ep926) | LR: 0.000300 | Rev: 0/99999
Epoch 1484 | Cost: 0.156376 | Acc: 94.44% (Best: 94.44% @ Ep926) | LR: 0.000300 | Rev: 1/99999
Epoch 1485 | Cost: 0.171528 | Acc: 94.44% (Best: 94.44% @ Ep926) | LR: 0.000300 | Rev: 2/99999
Epoch 1486 | Cost: 0.146119 | Acc: 94.44% (Best: 94.44% @ Ep926) | LR: 0.000300 | Rev: 0/99999
Epoch 1487 | Cost: 0.159228 | Acc: 94.44% (Best: 94.44% @ Ep926) | LR: 0.000300 | Rev: 1/99999
Epoch 1488 | Cost: 0.150888 | Acc: 94.44% (Best: 94.44% @ Ep926) | LR: 0.000300 | Rev: 0/99999
Epoch 1489 | Cost: 0.157086 | Acc: 94.44% (Best: 94.44% @ Ep926) | LR: 0.000300 | Rev: 1/99999
Epoch 1490 | Cost: 0.169659 | Acc: 94.44% (Best: 94.44% @ Ep926) | LR: 0.000300 | Rev: 2/99999
Epoch 1491 | Cost: 0.170386 | Acc: 94.44% (Best: 94.44% @ Ep926) | LR: 0.000300 | Rev: 3/99999
Epoch 1492 | Cost: 0.180190 | Acc: 94.44% (Best: 94.44% @ Ep926) | LR: 0.000300 | Rev: 4/99999
Epoch 1493 | Cost: 0.140834 | Acc: 94.44% (Best: 94.44% @ Ep926) | LR: 0.000300 | Rev: 0/99999
Epoch 1494 | Cost: 0.139874 | Acc: 94.44% (Best: 94.44% @ Ep926) | LR: 0.000300 | Rev: 0/99999
Epoch 1495 | Cost: 0.172549 | Acc: 94.44% (Best: 94.44% @ Ep926) | LR: 0.000300 | Rev: 1/99999
Epoch 1496 | Cost: 0.149681 | Acc: 94.44% (Best: 94.44% @ Ep926) | LR: 0.000300 | Rev: 0/99999
Epoch 1497 | Cost: 0.168084 | Acc: 94.44% (Best: 94.44% @ Ep926) | LR: 0.000300 | Rev: 1/99999
Epoch 1498 | Cost: 0.141427 | Acc: 94.44% (Best: 94.44% @ Ep926) | LR: 0.000300 | Rev: 0/99999
Epoch 1499 | Cost: 0.163084 | Acc: 94.44% (Best: 94.44% @ Ep926) | LR: 0.000300 | Rev: 1/99999
Epoch 1500 | Cost: 0.161945 | Acc: 94.44% (Best: 94.44% @ Ep926) | LR: 0.000300 | Rev: 0/99999
Epoch 1501 | Cost: 0.166413 | Acc: 94.44% (Best: 94.44% @ Ep926) | LR: 0.000300 | Rev: 1/99999
Epoch 1502 | Cost: 0.159931 | Acc: 94.44% (Best: 94.44% @ Ep926) | LR: 0.000300 | Rev: 0/99999
Epoch 1503 | Cost: 0.146201 | Acc: 94.44% (Best: 94.44% @ Ep926) | LR: 0.000300 | Rev: 0/99999
Epoch 1504 | Cost: 0.157800 | Acc: 94.44% (Best: 94.44% @ Ep926) | LR: 0.000300 | Rev: 1/99999
Epoch 1505 | Cost: 0.151965 | Acc: 94.44% (Best: 94.44% @ Ep926) | LR: 0.000300 | Rev: 0/99999
Epoch 1506 | Cost: 0.154580 | Acc: 94.44% (Best: 94.44% @ Ep926) | LR: 0.000300 | Rev: 1/99999
Epoch 1507 | Cost: 0.162063 | Acc: 94.44% (Best: 94.44% @ Ep926) | LR: 0.000300 | Rev: 2/99999
Epoch 1508 | Cost: 0.159212 | Acc: 94.44% (Best: 94.44% @ Ep926) | LR: 0.000300 | Rev: 0/99999
Epoch 1509 | Cost: 0.148800 | Acc: 94.44% (Best: 94.44% @ Ep926) | LR: 0.000300 | Rev: 0/99999
Epoch 1510 | Cost: 0.140682 | Acc: 94.44% (Best: 94.44% @ Ep926) | LR: 0.000300 | Rev: 0/99999
Epoch 1511 | Cost: 0.152186 | Acc: 94.44% (Best: 94.44% @ Ep926) | LR: 0.000300 | Rev: 1/99999
Epoch 1512 | Cost: 0.167519 | Acc: 91.67% (Best: 94.44% @ Ep926) | LR: 0.000300 | Rev: 2/99999
Epoch 1513 | Cost: 0.155176 | Acc: 91.67% (Best: 94.44% @ Ep926) | LR: 0.000300 | Rev: 0/99999
Epoch 1514 | Cost: 0.139956 | Acc: 91.67% (Best: 94.44% @ Ep926) | LR: 0.000300 | Rev: 0/99999
Epoch 1515 | Cost: 0.162914 | Acc: 94.44% (Best: 94.44% @ Ep926) | LR: 0.000300 | Rev: 1/99999
Epoch 1516 | Cost: 0.150299 | Acc: 91.67% (Best: 94.44% @ Ep926) | LR: 0.000300 | Rev: 0/99999
Epoch 1517 | Cost: 0.145581 | Acc: 94.44% (Best: 94.44% @ Ep926) | LR: 0.000300 | Rev: 0/99999
Epoch 1518 | Cost: 0.155285 | Acc: 94.44% (Best: 94.44% @ Ep926) | LR: 0.000300 | Rev: 1/99999
Epoch 1519 | Cost: 0.153697 | Acc: 94.44% (Best: 94.44% @ Ep926) | LR: 0.000300 | Rev: 0/99999
Epoch 1520 | Cost: 0.147122 | Acc: 91.67% (Best: 94.44% @ Ep926) | LR: 0.000300 | Rev: 0/99999
Epoch 1521 | Cost: 0.147383 | Acc: 91.67% (Best: 94.44% @ Ep926) | LR: 0.000300 | Rev: 1/99999
Epoch 1522 | Cost: 0.145961 | Acc: 91.67% (Best: 94.44% @ Ep926) | LR: 0.000300 | Rev: 0/99999
Epoch 1523 | Cost: 0.162149 | Acc: 91.67% (Best: 94.44% @ Ep926) | LR: 0.000300 | Rev: 1/99999
Epoch 1524 | Cost: 0.141812 | Acc: 91.67% (Best: 94.44% @ Ep926) | LR: 0.000300 | Rev: 0/99999
Epoch 1525 | Cost: 0.135345 | Acc: 91.67% (Best: 94.44% @ Ep926) | LR: 0.000300 | Rev: 0/99999
Epoch 1526 | Cost: 0.146112 | Acc: 91.67% (Best: 94.44% @ Ep926) | LR: 0.000300 | Rev: 1/99999
Epoch 1527 | Cost: 0.163296 | Acc: 91.67% (Best: 94.44% @ Ep926) | LR: 0.000300 | Rev: 2/99999
Epoch 1528 | Cost: 0.162906 | Acc: 94.44% (Best: 94.44% @ Ep926) | LR: 0.000300 | Rev: 0/99999
Epoch 1529 | Cost: 0.136914 | Acc: 91.67% (Best: 94.44% @ Ep926) | LR: 0.000300 | Rev: 0/99999
Epoch 1530 | Cost: 0.139676 | Acc: 91.67% (Best: 94.44% @ Ep926) | LR: 0.000300 | Rev: 1/99999
Epoch 1531 | Cost: 0.149038 | Acc: 91.67% (Best: 94.44% @ Ep926) | LR: 0.000300 | Rev: 2/99999
Epoch 1532 | Cost: 0.148894 | Acc: 91.67% (Best: 94.44% @ Ep926) | LR: 0.000300 | Rev: 0/99999
Epoch 1533 | Cost: 0.177615 | Acc: 91.67% (Best: 94.44% @ Ep926) | LR: 0.000300 | Rev: 1/99999
Epoch 1534 | Cost: 0.156242 | Acc: 91.67% (Best: 94.44% @ Ep926) | LR: 0.000300 | Rev: 0/99999
Epoch 1535 | Cost: 0.142319 | Acc: 91.67% (Best: 94.44% @ Ep926) | LR: 0.000300 | Rev: 0/99999
Epoch 1536 | Cost: 0.148397 | Acc: 91.67% (Best: 94.44% @ Ep926) | LR: 0.000300 | Rev: 1/99999
Epoch 1537 | Cost: 0.133863 | Acc: 91.67% (Best: 94.44% @ Ep926) | LR: 0.000300 | Rev: 0/99999
Epoch 1538 | Cost: 0.134798 | Acc: 91.67% (Best: 94.44% @ Ep926) | LR: 0.000300 | Rev: 1/99999
Epoch 1539 | Cost: 0.151842 | Acc: 91.67% (Best: 94.44% @ Ep926) | LR: 0.000300 | Rev: 2/99999
Epoch 1540 | Cost: 0.164854 | Acc: 91.67% (Best: 94.44% @ Ep926) | LR: 0.000300 | Rev: 3/99999
Epoch 1541 | Cost: 0.140157 | Acc: 91.67% (Best: 94.44% @ Ep926) | LR: 0.000300 | Rev: 0/99999
Epoch 1542 | Cost: 0.128335 | Acc: 91.67% (Best: 94.44% @ Ep926) | LR: 0.000300 | Rev: 0/99999
Epoch 1543 | Cost: 0.148085 | Acc: 91.67% (Best: 94.44% @ Ep926) | LR: 0.000300 | Rev: 1/99999
Epoch 1544 | Cost: 0.147399 | Acc: 91.67% (Best: 94.44% @ Ep926) | LR: 0.000300 | Rev: 0/99999
Epoch 1545 | Cost: 0.144498 | Acc: 91.67% (Best: 94.44% @ Ep926) | LR: 0.000300 | Rev: 0/99999
Epoch 1546 | Cost: 0.142320 | Acc: 91.67% (Best: 94.44% @ Ep926) | LR: 0.000300 | Rev: 0/99999
Epoch 1547 | Cost: 0.151859 | Acc: 91.67% (Best: 94.44% @ Ep926) | LR: 0.000300 | Rev: 1/99999
Epoch 1548 | Cost: 0.149741 | Acc: 91.67% (Best: 94.44% @ Ep926) | LR: 0.000300 | Rev: 0/99999
Epoch 1549 | Cost: 0.131552 | Acc: 91.67% (Best: 94.44% @ Ep926) | LR: 0.000300 | Rev: 0/99999
Epoch 1550 | Cost: 0.147132 | Acc: 91.67% (Best: 94.44% @ Ep926) | LR: 0.000300 | Rev: 1/99999
Epoch 1551 | Cost: 0.138559 | Acc: 91.67% (Best: 94.44% @ Ep926) | LR: 0.000300 | Rev: 0/99999
Epoch 1552 | Cost: 0.148087 | Acc: 94.44% (Best: 94.44% @ Ep926) | LR: 0.000300 | Rev: 1/99999
Epoch 1553 | Cost: 0.144295 | Acc: 91.67% (Best: 94.44% @ Ep926) | LR: 0.000300 | Rev: 0/99999
Epoch 1554 | Cost: 0.148497 | Acc: 91.67% (Best: 94.44% @ Ep926) | LR: 0.000300 | Rev: 1/99999
Epoch 1555 | Cost: 0.159394 | Acc: 91.67% (Best: 94.44% @ Ep926) | LR: 0.000300 | Rev: 2/99999
Epoch 1556 | Cost: 0.123137 | Acc: 91.67% (Best: 94.44% @ Ep926) | LR: 0.000300 | Rev: 0/99999
Epoch 1557 | Cost: 0.149167 | Acc: 91.67% (Best: 94.44% @ Ep926) | LR: 0.000300 | Rev: 1/99999
Epoch 1558 | Cost: 0.136887 | Acc: 91.67% (Best: 94.44% @ Ep926) | LR: 0.000300 | Rev: 0/99999
Epoch 1559 | Cost: 0.143849 | Acc: 91.67% (Best: 94.44% @ Ep926) | LR: 0.000300 | Rev: 1/99999
Epoch 1560 | Cost: 0.135559 | Acc: 91.67% (Best: 94.44% @ Ep926) | LR: 0.000300 | Rev: 0/99999
Epoch 1561 | Cost: 0.139461 | Acc: 91.67% (Best: 94.44% @ Ep926) | LR: 0.000300 | Rev: 1/99999
Epoch 1562 | Cost: 0.131318 | Acc: 91.67% (Best: 94.44% @ Ep926) | LR: 0.000300 | Rev: 0/99999
Epoch 1563 | Cost: 0.156086 | Acc: 91.67% (Best: 94.44% @ Ep926) | LR: 0.000300 | Rev: 1/99999
Epoch 1564 | Cost: 0.147844 | Acc: 91.67% (Best: 94.44% @ Ep926) | LR: 0.000300 | Rev: 0/99999
Epoch 1565 | Cost: 0.136047 | Acc: 91.67% (Best: 94.44% @ Ep926) | LR: 0.000300 | Rev: 0/99999
Epoch 1566 | Cost: 0.145911 | Acc: 88.89% (Best: 94.44% @ Ep926) | LR: 0.000300 | Rev: 1/99999
Epoch 1567 | Cost: 0.122888 | Acc: 91.67% (Best: 94.44% @ Ep926) | LR: 0.000300 | Rev: 0/99999
Epoch 1568 | Cost: 0.128887 | Acc: 91.67% (Best: 94.44% @ Ep926) | LR: 0.000300 | Rev: 1/99999
Epoch 1569 | Cost: 0.143188 | Acc: 91.67% (Best: 94.44% @ Ep926) | LR: 0.000300 | Rev: 2/99999
Epoch 1570 | Cost: 0.133357 | Acc: 91.67% (Best: 94.44% @ Ep926) | LR: 0.000300 | Rev: 0/99999
Epoch 1571 | Cost: 0.152035 | Acc: 91.67% (Best: 94.44% @ Ep926) | LR: 0.000300 | Rev: 1/99999
Epoch 1572 | Cost: 0.144439 | Acc: 91.67% (Best: 94.44% @ Ep926) | LR: 0.000300 | Rev: 0/99999
Epoch 1573 | Cost: 0.132419 | Acc: 91.67% (Best: 94.44% @ Ep926) | LR: 0.000300 | Rev: 0/99999
Epoch 1574 | Cost: 0.152330 | Acc: 91.67% (Best: 94.44% @ Ep926) | LR: 0.000300 | Rev: 1/99999
Epoch 1575 | Cost: 0.146339 | Acc: 91.67% (Best: 94.44% @ Ep926) | LR: 0.000300 | Rev: 0/99999
Epoch 1576 | Cost: 0.140516 | Acc: 91.67% (Best: 94.44% @ Ep926) | LR: 0.000300 | Rev: 0/99999
Epoch 1577 | Cost: 0.137877 | Acc: 91.67% (Best: 94.44% @ Ep926) | LR: 0.000300 | Rev: 0/99999
Epoch 1578 | Cost: 0.132419 | Acc: 91.67% (Best: 94.44% @ Ep926) | LR: 0.000300 | Rev: 0/99999
Epoch 1579 | Cost: 0.131152 | Acc: 91.67% (Best: 94.44% @ Ep926) | LR: 0.000300 | Rev: 0/99999
Epoch 1580 | Cost: 0.145811 | Acc: 91.67% (Best: 94.44% @ Ep926) | LR: 0.000300 | Rev: 1/99999
Epoch 1581 | Cost: 0.143049 | Acc: 91.67% (Best: 94.44% @ Ep926) | LR: 0.000300 | Rev: 0/99999
Epoch 1582 | Cost: 0.136692 | Acc: 91.67% (Best: 94.44% @ Ep926) | LR: 0.000300 | Rev: 0/99999
Epoch 1583 | Cost: 0.140179 | Acc: 91.67% (Best: 94.44% @ Ep926) | LR: 0.000300 | Rev: 1/99999
Epoch 1584 | Cost: 0.137531 | Acc: 91.67% (Best: 94.44% @ Ep926) | LR: 0.000300 | Rev: 0/99999
Epoch 1585 | Cost: 0.140472 | Acc: 91.67% (Best: 94.44% @ Ep926) | LR: 0.000300 | Rev: 1/99999
Epoch 1586 | Cost: 0.133569 | Acc: 91.67% (Best: 94.44% @ Ep926) | LR: 0.000300 | Rev: 0/99999
Epoch 1587 | Cost: 0.152828 | Acc: 91.67% (Best: 94.44% @ Ep926) | LR: 0.000300 | Rev: 1/99999
Epoch 1588 | Cost: 0.134188 | Acc: 91.67% (Best: 94.44% @ Ep926) | LR: 0.000300 | Rev: 0/99999
Epoch 1589 | Cost: 0.120597 | Acc: 91.67% (Best: 94.44% @ Ep926) | LR: 0.000300 | Rev: 0/99999
Epoch 1590 | Cost: 0.127380 | Acc: 91.67% (Best: 94.44% @ Ep926) | LR: 0.000300 | Rev: 1/99999
Epoch 1591 | Cost: 0.124783 | Acc: 91.67% (Best: 94.44% @ Ep926) | LR: 0.000300 | Rev: 0/99999
Epoch 1592 | Cost: 0.128147 | Acc: 91.67% (Best: 94.44% @ Ep926) | LR: 0.000300 | Rev: 1/99999
Epoch 1593 | Cost: 0.131568 | Acc: 91.67% (Best: 94.44% @ Ep926) | LR: 0.000300 | Rev: 2/99999
Epoch 1594 | Cost: 0.151541 | Acc: 91.67% (Best: 94.44% @ Ep926) | LR: 0.000300 | Rev: 3/99999
Epoch 1595 | Cost: 0.141121 | Acc: 91.67% (Best: 94.44% @ Ep926) | LR: 0.000300 | Rev: 0/99999
Epoch 1596 | Cost: 0.151116 | Acc: 91.67% (Best: 94.44% @ Ep926) | LR: 0.000300 | Rev: 1/99999
Epoch 1597 | Cost: 0.130672 | Acc: 91.67% (Best: 94.44% @ Ep926) | LR: 0.000300 | Rev: 0/99999
Epoch 1598 | Cost: 0.140956 | Acc: 91.67% (Best: 94.44% @ Ep926) | LR: 0.000300 | Rev: 1/99999
Epoch 1599 | Cost: 0.132971 | Acc: 91.67% (Best: 94.44% @ Ep926) | LR: 0.000300 | Rev: 0/99999
Epoch 1600 | Cost: 0.126038 | Acc: 91.67% (Best: 94.44% @ Ep926) | LR: 0.000300 | Rev: 0/99999
Epoch 1601 | Cost: 0.139221 | Acc: 91.67% (Best: 94.44% @ Ep926) | LR: 0.000300 | Rev: 1/99999
Epoch 1602 | Cost: 0.129414 | Acc: 91.67% (Best: 94.44% @ Ep926) | LR: 0.000300 | Rev: 0/99999
Epoch 1603 | Cost: 0.130713 | Acc: 91.67% (Best: 94.44% @ Ep926) | LR: 0.000300 | Rev: 1/99999
Epoch 1604 | Cost: 0.135862 | Acc: 91.67% (Best: 94.44% @ Ep926) | LR: 0.000300 | Rev: 2/99999
Epoch 1605 | Cost: 0.137253 | Acc: 91.67% (Best: 94.44% @ Ep926) | LR: 0.000300 | Rev: 3/99999
Epoch 1606 | Cost: 0.142196 | Acc: 91.67% (Best: 94.44% @ Ep926) | LR: 0.000300 | Rev: 4/99999
Epoch 1607 | Cost: 0.130288 | Acc: 91.67% (Best: 94.44% @ Ep926) | LR: 0.000300 | Rev: 0/99999
Epoch 1608 | Cost: 0.129892 | Acc: 91.67% (Best: 94.44% @ Ep926) | LR: 0.000300 | Rev: 0/99999
Epoch 1609 | Cost: 0.150215 | Acc: 91.67% (Best: 94.44% @ Ep926) | LR: 0.000300 | Rev: 1/99999
Epoch 1610 | Cost: 0.146852 | Acc: 91.67% (Best: 94.44% @ Ep926) | LR: 0.000300 | Rev: 0/99999
Epoch 1611 | Cost: 0.118558 | Acc: 91.67% (Best: 94.44% @ Ep926) | LR: 0.000300 | Rev: 0/99999
Epoch 1612 | Cost: 0.147710 | Acc: 91.67% (Best: 94.44% @ Ep926) | LR: 0.000300 | Rev: 1/99999
Epoch 1613 | Cost: 0.135021 | Acc: 91.67% (Best: 94.44% @ Ep926) | LR: 0.000300 | Rev: 0/99999
Epoch 1614 | Cost: 0.137111 | Acc: 91.67% (Best: 94.44% @ Ep926) | LR: 0.000300 | Rev: 1/99999
Epoch 1615 | Cost: 0.142160 | Acc: 88.89% (Best: 94.44% @ Ep926) | LR: 0.000300 | Rev: 2/99999
Epoch 1616 | Cost: 0.135648 | Acc: 88.89% (Best: 94.44% @ Ep926) | LR: 0.000300 | Rev: 0/99999
Epoch 1617 | Cost: 0.145608 | Acc: 88.89% (Best: 94.44% @ Ep926) | LR: 0.000300 | Rev: 1/99999
Epoch 1618 | Cost: 0.135099 | Acc: 91.67% (Best: 94.44% @ Ep926) | LR: 0.000300 | Rev: 0/99999
Epoch 1619 | Cost: 0.141325 | Acc: 91.67% (Best: 94.44% @ Ep926) | LR: 0.000300 | Rev: 1/99999
Epoch 1620 | Cost: 0.117190 | Acc: 91.67% (Best: 94.44% @ Ep926) | LR: 0.000300 | Rev: 0/99999
Epoch 1621 | Cost: 0.131359 | Acc: 91.67% (Best: 94.44% @ Ep926) | LR: 0.000300 | Rev: 1/99999
Epoch 1622 | Cost: 0.122951 | Acc: 91.67% (Best: 94.44% @ Ep926) | LR: 0.000300 | Rev: 0/99999
Epoch 1623 | Cost: 0.146601 | Acc: 91.67% (Best: 94.44% @ Ep926) | LR: 0.000300 | Rev: 1/99999
Epoch 1624 | Cost: 0.129601 | Acc: 91.67% (Best: 94.44% @ Ep926) | LR: 0.000300 | Rev: 0/99999
Epoch 1625 | Cost: 0.140852 | Acc: 91.67% (Best: 94.44% @ Ep926) | LR: 0.000300 | Rev: 1/99999
Epoch 1626 | Cost: 0.125221 | Acc: 91.67% (Best: 94.44% @ Ep926) | LR: 0.000300 | Rev: 0/99999
Epoch 1627 | Cost: 0.133454 | Acc: 91.67% (Best: 94.44% @ Ep926) | LR: 0.000300 | Rev: 1/99999
Epoch 1628 | Cost: 0.145814 | Acc: 91.67% (Best: 94.44% @ Ep926) | LR: 0.000300 | Rev: 2/99999
Epoch 1629 | Cost: 0.140340 | Acc: 91.67% (Best: 94.44% @ Ep926) | LR: 0.000300 | Rev: 0/99999
Epoch 1630 | Cost: 0.140573 | Acc: 91.67% (Best: 94.44% @ Ep926) | LR: 0.000300 | Rev: 1/99999
Epoch 1631 | Cost: 0.143555 | Acc: 91.67% (Best: 94.44% @ Ep926) | LR: 0.000300 | Rev: 2/99999
Epoch 1632 | Cost: 0.127707 | Acc: 91.67% (Best: 94.44% @ Ep926) | LR: 0.000300 | Rev: 0/99999
Epoch 1633 | Cost: 0.120540 | Acc: 91.67% (Best: 94.44% @ Ep926) | LR: 0.000300 | Rev: 0/99999
Epoch 1634 | Cost: 0.153711 | Acc: 91.67% (Best: 94.44% @ Ep926) | LR: 0.000300 | Rev: 1/99999
Epoch 1635 | Cost: 0.117143 | Acc: 91.67% (Best: 94.44% @ Ep926) | LR: 0.000300 | Rev: 0/99999
Epoch 1636 | Cost: 0.123009 | Acc: 91.67% (Best: 94.44% @ Ep926) | LR: 0.000300 | Rev: 1/99999
Epoch 1637 | Cost: 0.126415 | Acc: 91.67% (Best: 94.44% @ Ep926) | LR: 0.000300 | Rev: 2/99999
Epoch 1638 | Cost: 0.127393 | Acc: 91.67% (Best: 94.44% @ Ep926) | LR: 0.000300 | Rev: 3/99999
Epoch 1639 | Cost: 0.130650 | Acc: 91.67% (Best: 94.44% @ Ep926) | LR: 0.000300 | Rev: 4/99999
Epoch 1640 | Cost: 0.140435 | Acc: 91.67% (Best: 94.44% @ Ep926) | LR: 0.000300 | Rev: 5/99999
Epoch 1641 | Cost: 0.142189 | Acc: 91.67% (Best: 94.44% @ Ep926) | LR: 0.000300 | Rev: 6/99999
Epoch 1642 | Cost: 0.142902 | Acc: 91.67% (Best: 94.44% @ Ep926) | LR: 0.000300 | Rev: 7/99999
Epoch 1643 | Cost: 0.131400 | Acc: 91.67% (Best: 94.44% @ Ep926) | LR: 0.000300 | Rev: 0/99999
Epoch 1644 | Cost: 0.132428 | Acc: 88.89% (Best: 94.44% @ Ep926) | LR: 0.000300 | Rev: 1/99999
Epoch 1645 | Cost: 0.140495 | Acc: 91.67% (Best: 94.44% @ Ep926) | LR: 0.000300 | Rev: 2/99999
Epoch 1646 | Cost: 0.137525 | Acc: 91.67% (Best: 94.44% @ Ep926) | LR: 0.000300 | Rev: 0/99999
Epoch 1647 | Cost: 0.141070 | Acc: 91.67% (Best: 94.44% @ Ep926) | LR: 0.000300 | Rev: 1/99999
Epoch 1648 | Cost: 0.125984 | Acc: 91.67% (Best: 94.44% @ Ep926) | LR: 0.000300 | Rev: 0/99999
Epoch 1649 | Cost: 0.130700 | Acc: 91.67% (Best: 94.44% @ Ep926) | LR: 0.000300 | Rev: 1/99999
Epoch 1650 | Cost: 0.135989 | Acc: 91.67% (Best: 94.44% @ Ep926) | LR: 0.000300 | Rev: 2/99999
Epoch 1651 | Cost: 0.121079 | Acc: 91.67% (Best: 94.44% @ Ep926) | LR: 0.000300 | Rev: 0/99999
Epoch 1652 | Cost: 0.129706 | Acc: 91.67% (Best: 94.44% @ Ep926) | LR: 0.000300 | Rev: 1/99999
Epoch 1653 | Cost: 0.136777 | Acc: 88.89% (Best: 94.44% @ Ep926) | LR: 0.000300 | Rev: 2/99999
Epoch 1654 | Cost: 0.135292 | Acc: 91.67% (Best: 94.44% @ Ep926) | LR: 0.000300 | Rev: 0/99999
Epoch 1655 | Cost: 0.136405 | Acc: 91.67% (Best: 94.44% @ Ep926) | LR: 0.000300 | Rev: 1/99999
Epoch 1656 | Cost: 0.124774 | Acc: 91.67% (Best: 94.44% @ Ep926) | LR: 0.000300 | Rev: 0/99999
Epoch 1657 | Cost: 0.141187 | Acc: 91.67% (Best: 94.44% @ Ep926) | LR: 0.000300 | Rev: 1/99999
Epoch 1658 | Cost: 0.122734 | Acc: 91.67% (Best: 94.44% @ Ep926) | LR: 0.000300 | Rev: 0/99999
Epoch 1659 | Cost: 0.124743 | Acc: 91.67% (Best: 94.44% @ Ep926) | LR: 0.000300 | Rev: 1/99999
Epoch 1660 | Cost: 0.132627 | Acc: 91.67% (Best: 94.44% @ Ep926) | LR: 0.000300 | Rev: 2/99999
Epoch 1661 | Cost: 0.119341 | Acc: 91.67% (Best: 94.44% @ Ep926) | LR: 0.000300 | Rev: 0/99999
Epoch 1662 | Cost: 0.134395 | Acc: 91.67% (Best: 94.44% @ Ep926) | LR: 0.000300 | Rev: 1/99999
Epoch 1663 | Cost: 0.112071 | Acc: 91.67% (Best: 94.44% @ Ep926) | LR: 0.000300 | Rev: 0/99999
Epoch 1664 | Cost: 0.115270 | Acc: 91.67% (Best: 94.44% @ Ep926) | LR: 0.000300 | Rev: 1/99999
Epoch 1665 | Cost: 0.119302 | Acc: 91.67% (Best: 94.44% @ Ep926) | LR: 0.000300 | Rev: 2/99999
Epoch 1666 | Cost: 0.127232 | Acc: 91.67% (Best: 94.44% @ Ep926) | LR: 0.000300 | Rev: 3/99999
Epoch 1667 | Cost: 0.149626 | Acc: 88.89% (Best: 94.44% @ Ep926) | LR: 0.000300 | Rev: 4/99999
Epoch 1668 | Cost: 0.135135 | Acc: 88.89% (Best: 94.44% @ Ep926) | LR: 0.000300 | Rev: 0/99999
Epoch 1669 | Cost: 0.114357 | Acc: 88.89% (Best: 94.44% @ Ep926) | LR: 0.000300 | Rev: 0/99999
Epoch 1670 | Cost: 0.138647 | Acc: 88.89% (Best: 94.44% @ Ep926) | LR: 0.000300 | Rev: 1/99999
Epoch 1671 | Cost: 0.129477 | Acc: 88.89% (Best: 94.44% @ Ep926) | LR: 0.000300 | Rev: 0/99999
Epoch 1672 | Cost: 0.130243 | Acc: 88.89% (Best: 94.44% @ Ep926) | LR: 0.000300 | Rev: 1/99999
Epoch 1673 | Cost: 0.145167 | Acc: 91.67% (Best: 94.44% @ Ep926) | LR: 0.000300 | Rev: 2/99999
Epoch 1674 | Cost: 0.135676 | Acc: 88.89% (Best: 94.44% @ Ep926) | LR: 0.000300 | Rev: 0/99999
Epoch 1675 | Cost: 0.130640 | Acc: 88.89% (Best: 94.44% @ Ep926) | LR: 0.000300 | Rev: 0/99999
Epoch 1676 | Cost: 0.142564 | Acc: 88.89% (Best: 94.44% @ Ep926) | LR: 0.000300 | Rev: 1/99999
Epoch 1677 | Cost: 0.121603 | Acc: 88.89% (Best: 94.44% @ Ep926) | LR: 0.000300 | Rev: 0/99999
Epoch 1678 | Cost: 0.127809 | Acc: 91.67% (Best: 94.44% @ Ep926) | LR: 0.000300 | Rev: 1/99999
Epoch 1679 | Cost: 0.128069 | Acc: 91.67% (Best: 94.44% @ Ep926) | LR: 0.000300 | Rev: 2/99999
Epoch 1680 | Cost: 0.117255 | Acc: 91.67% (Best: 94.44% @ Ep926) | LR: 0.000300 | Rev: 0/99999
Epoch 1681 | Cost: 0.120238 | Acc: 88.89% (Best: 94.44% @ Ep926) | LR: 0.000300 | Rev: 1/99999
Epoch 1682 | Cost: 0.125642 | Acc: 88.89% (Best: 94.44% @ Ep926) | LR: 0.000300 | Rev: 2/99999
Epoch 1683 | Cost: 0.127652 | Acc: 88.89% (Best: 94.44% @ Ep926) | LR: 0.000300 | Rev: 3/99999
Epoch 1684 | Cost: 0.138776 | Acc: 88.89% (Best: 94.44% @ Ep926) | LR: 0.000300 | Rev: 4/99999
Epoch 1685 | Cost: 0.132068 | Acc: 88.89% (Best: 94.44% @ Ep926) | LR: 0.000300 | Rev: 0/99999
Epoch 1686 | Cost: 0.111458 | Acc: 91.67% (Best: 94.44% @ Ep926) | LR: 0.000300 | Rev: 0/99999
Epoch 1687 | Cost: 0.114907 | Acc: 88.89% (Best: 94.44% @ Ep926) | LR: 0.000300 | Rev: 1/99999
Epoch 1688 | Cost: 0.133448 | Acc: 91.67% (Best: 94.44% @ Ep926) | LR: 0.000300 | Rev: 2/99999
Epoch 1689 | Cost: 0.132498 | Acc: 88.89% (Best: 94.44% @ Ep926) | LR: 0.000300 | Rev: 0/99999
Epoch 1690 | Cost: 0.121508 | Acc: 88.89% (Best: 94.44% @ Ep926) | LR: 0.000300 | Rev: 0/99999
Epoch 1691 | Cost: 0.130214 | Acc: 88.89% (Best: 94.44% @ Ep926) | LR: 0.000300 | Rev: 1/99999
Epoch 1692 | Cost: 0.134945 | Acc: 88.89% (Best: 94.44% @ Ep926) | LR: 0.000300 | Rev: 2/99999
Epoch 1693 | Cost: 0.122157 | Acc: 88.89% (Best: 94.44% @ Ep926) | LR: 0.000300 | Rev: 0/99999
Epoch 1694 | Cost: 0.126648 | Acc: 88.89% (Best: 94.44% @ Ep926) | LR: 0.000300 | Rev: 1/99999
Epoch 1695 | Cost: 0.121430 | Acc: 88.89% (Best: 94.44% @ Ep926) | LR: 0.000300 | Rev: 0/99999
Epoch 1696 | Cost: 0.124046 | Acc: 88.89% (Best: 94.44% @ Ep926) | LR: 0.000300 | Rev: 1/99999
Epoch 1697 | Cost: 0.123097 | Acc: 88.89% (Best: 94.44% @ Ep926) | LR: 0.000300 | Rev: 0/99999
Epoch 1698 | Cost: 0.145871 | Acc: 88.89% (Best: 94.44% @ Ep926) | LR: 0.000300 | Rev: 1/99999
Epoch 1699 | Cost: 0.116977 | Acc: 88.89% (Best: 94.44% @ Ep926) | LR: 0.000300 | Rev: 0/99999
Epoch 1700 | Cost: 0.122544 | Acc: 88.89% (Best: 94.44% @ Ep926) | LR: 0.000300 | Rev: 1/99999
Epoch 1701 | Cost: 0.114114 | Acc: 88.89% (Best: 94.44% @ Ep926) | LR: 0.000300 | Rev: 0/99999
Epoch 1702 | Cost: 0.122950 | Acc: 91.67% (Best: 94.44% @ Ep926) | LR: 0.000300 | Rev: 1/99999
Epoch 1703 | Cost: 0.131515 | Acc: 88.89% (Best: 94.44% @ Ep926) | LR: 0.000300 | Rev: 2/99999
Epoch 1704 | Cost: 0.114988 | Acc: 88.89% (Best: 94.44% @ Ep926) | LR: 0.000300 | Rev: 0/99999
Epoch 1705 | Cost: 0.114734 | Acc: 91.67% (Best: 94.44% @ Ep926) | LR: 0.000300 | Rev: 0/99999
Epoch 1706 | Cost: 0.125717 | Acc: 91.67% (Best: 94.44% @ Ep926) | LR: 0.000300 | Rev: 1/99999
Epoch 1707 | Cost: 0.127270 | Acc: 88.89% (Best: 94.44% @ Ep926) | LR: 0.000300 | Rev: 2/99999
Epoch 1708 | Cost: 0.100644 | Acc: 88.89% (Best: 94.44% @ Ep926) | LR: 0.000300 | Rev: 0/99999
Epoch 1709 | Cost: 0.124454 | Acc: 88.89% (Best: 94.44% @ Ep926) | LR: 0.000300 | Rev: 1/99999
Epoch 1710 | Cost: 0.115871 | Acc: 88.89% (Best: 94.44% @ Ep926) | LR: 0.000300 | Rev: 0/99999
Epoch 1711 | Cost: 0.128251 | Acc: 88.89% (Best: 94.44% @ Ep926) | LR: 0.000300 | Rev: 1/99999
Epoch 1712 | Cost: 0.103596 | Acc: 88.89% (Best: 94.44% @ Ep926) | LR: 0.000300 | Rev: 0/99999
Epoch 1713 | Cost: 0.116117 | Acc: 88.89% (Best: 94.44% @ Ep926) | LR: 0.000300 | Rev: 1/99999
Epoch 1714 | Cost: 0.115827 | Acc: 88.89% (Best: 94.44% @ Ep926) | LR: 0.000300 | Rev: 0/99999
Epoch 1715 | Cost: 0.131694 | Acc: 88.89% (Best: 94.44% @ Ep926) | LR: 0.000300 | Rev: 1/99999
Epoch 1716 | Cost: 0.137774 | Acc: 91.67% (Best: 94.44% @ Ep926) | LR: 0.000300 | Rev: 2/99999
Epoch 1717 | Cost: 0.132781 | Acc: 91.67% (Best: 94.44% @ Ep926) | LR: 0.000300 | Rev: 0/99999
Epoch 1718 | Cost: 0.129921 | Acc: 91.67% (Best: 94.44% @ Ep926) | LR: 0.000300 | Rev: 0/99999
Epoch 1719 | Cost: 0.119288 | Acc: 88.89% (Best: 94.44% @ Ep926) | LR: 0.000300 | Rev: 0/99999
Epoch 1720 | Cost: 0.120131 | Acc: 88.89% (Best: 94.44% @ Ep926) | LR: 0.000300 | Rev: 1/99999
Epoch 1721 | Cost: 0.133735 | Acc: 88.89% (Best: 94.44% @ Ep926) | LR: 0.000300 | Rev: 2/99999
Epoch 1722 | Cost: 0.118329 | Acc: 88.89% (Best: 94.44% @ Ep926) | LR: 0.000300 | Rev: 0/99999
Epoch 1723 | Cost: 0.132050 | Acc: 88.89% (Best: 94.44% @ Ep926) | LR: 0.000300 | Rev: 1/99999
Epoch 1724 | Cost: 0.111791 | Acc: 88.89% (Best: 94.44% @ Ep926) | LR: 0.000300 | Rev: 0/99999
Epoch 1725 | Cost: 0.099084 | Acc: 88.89% (Best: 94.44% @ Ep926) | LR: 0.000300 | Rev: 0/99999
Epoch 1726 | Cost: 0.127051 | Acc: 88.89% (Best: 94.44% @ Ep926) | LR: 0.000300 | Rev: 1/99999
Epoch 1727 | Cost: 0.133586 | Acc: 86.11% (Best: 94.44% @ Ep926) | LR: 0.000300 | Rev: 2/99999
Epoch 1728 | Cost: 0.129797 | Acc: 88.89% (Best: 94.44% @ Ep926) | LR: 0.000300 | Rev: 0/99999
Epoch 1729 | Cost: 0.101045 | Acc: 88.89% (Best: 94.44% @ Ep926) | LR: 0.000300 | Rev: 0/99999
Epoch 1730 | Cost: 0.128581 | Acc: 88.89% (Best: 94.44% @ Ep926) | LR: 0.000300 | Rev: 1/99999
Epoch 1731 | Cost: 0.102684 | Acc: 88.89% (Best: 94.44% @ Ep926) | LR: 0.000300 | Rev: 0/99999
Epoch 1732 | Cost: 0.127268 | Acc: 88.89% (Best: 94.44% @ Ep926) | LR: 0.000300 | Rev: 1/99999
Epoch 1733 | Cost: 0.124709 | Acc: 88.89% (Best: 94.44% @ Ep926) | LR: 0.000300 | Rev: 0/99999
Epoch 1734 | Cost: 0.129115 | Acc: 88.89% (Best: 94.44% @ Ep926) | LR: 0.000300 | Rev: 1/99999
Epoch 1735 | Cost: 0.117128 | Acc: 86.11% (Best: 94.44% @ Ep926) | LR: 0.000300 | Rev: 0/99999
Epoch 1736 | Cost: 0.110463 | Acc: 88.89% (Best: 94.44% @ Ep926) | LR: 0.000300 | Rev: 0/99999
Epoch 1737 | Cost: 0.121047 | Acc: 86.11% (Best: 94.44% @ Ep926) | LR: 0.000300 | Rev: 1/99999
Epoch 1738 | Cost: 0.110596 | Acc: 86.11% (Best: 94.44% @ Ep926) | LR: 0.000300 | Rev: 0/99999
Epoch 1739 | Cost: 0.121234 | Acc: 88.89% (Best: 94.44% @ Ep926) | LR: 0.000300 | Rev: 1/99999
Epoch 1740 | Cost: 0.120104 | Acc: 86.11% (Best: 94.44% @ Ep926) | LR: 0.000300 | Rev: 0/99999
Epoch 1741 | Cost: 0.117985 | Acc: 88.89% (Best: 94.44% @ Ep926) | LR: 0.000300 | Rev: 0/99999
Epoch 1742 | Cost: 0.125787 | Acc: 88.89% (Best: 94.44% @ Ep926) | LR: 0.000300 | Rev: 1/99999
Epoch 1743 | Cost: 0.130412 | Acc: 88.89% (Best: 94.44% @ Ep926) | LR: 0.000300 | Rev: 2/99999
Epoch 1744 | Cost: 0.114783 | Acc: 88.89% (Best: 94.44% @ Ep926) | LR: 0.000300 | Rev: 0/99999
Epoch 1745 | Cost: 0.117207 | Acc: 88.89% (Best: 94.44% @ Ep926) | LR: 0.000300 | Rev: 1/99999
Epoch 1746 | Cost: 0.120888 | Acc: 88.89% (Best: 94.44% @ Ep926) | LR: 0.000300 | Rev: 2/99999
Epoch 1747 | Cost: 0.120877 | Acc: 88.89% (Best: 94.44% @ Ep926) | LR: 0.000300 | Rev: 0/99999
Epoch 1748 | Cost: 0.112151 | Acc: 88.89% (Best: 94.44% @ Ep926) | LR: 0.000300 | Rev: 0/99999
Epoch 1749 | Cost: 0.122256 | Acc: 88.89% (Best: 94.44% @ Ep926) | LR: 0.000300 | Rev: 1/99999
Epoch 1750 | Cost: 0.106370 | Acc: 88.89% (Best: 94.44% @ Ep926) | LR: 0.000300 | Rev: 0/99999
Epoch 1751 | Cost: 0.106568 | Acc: 88.89% (Best: 94.44% @ Ep926) | LR: 0.000300 | Rev: 1/99999
Epoch 1752 | Cost: 0.133111 | Acc: 88.89% (Best: 94.44% @ Ep926) | LR: 0.000300 | Rev: 2/99999
Epoch 1753 | Cost: 0.110815 | Acc: 88.89% (Best: 94.44% @ Ep926) | LR: 0.000300 | Rev: 0/99999
Epoch 1754 | Cost: 0.129014 | Acc: 88.89% (Best: 94.44% @ Ep926) | LR: 0.000300 | Rev: 1/99999
Epoch 1755 | Cost: 0.122978 | Acc: 88.89% (Best: 94.44% @ Ep926) | LR: 0.000300 | Rev: 0/99999
Epoch 1756 | Cost: 0.119598 | Acc: 88.89% (Best: 94.44% @ Ep926) | LR: 0.000300 | Rev: 0/99999
Epoch 1757 | Cost: 0.115130 | Acc: 88.89% (Best: 94.44% @ Ep926) | LR: 0.000300 | Rev: 0/99999
Epoch 1758 | Cost: 0.111924 | Acc: 88.89% (Best: 94.44% @ Ep926) | LR: 0.000300 | Rev: 0/99999
Epoch 1759 | Cost: 0.108795 | Acc: 88.89% (Best: 94.44% @ Ep926) | LR: 0.000300 | Rev: 0/99999
Epoch 1760 | Cost: 0.101840 | Acc: 88.89% (Best: 94.44% @ Ep926) | LR: 0.000300 | Rev: 0/99999
Epoch 1761 | Cost: 0.119657 | Acc: 86.11% (Best: 94.44% @ Ep926) | LR: 0.000300 | Rev: 1/99999
Epoch 1762 | Cost: 0.117081 | Acc: 86.11% (Best: 94.44% @ Ep926) | LR: 0.000300 | Rev: 0/99999
Epoch 1763 | Cost: 0.133352 | Acc: 86.11% (Best: 94.44% @ Ep926) | LR: 0.000300 | Rev: 1/99999
Epoch 1764 | Cost: 0.123982 | Acc: 88.89% (Best: 94.44% @ Ep926) | LR: 0.000300 | Rev: 0/99999
Epoch 1765 | Cost: 0.111582 | Acc: 86.11% (Best: 94.44% @ Ep926) | LR: 0.000300 | Rev: 0/99999
Epoch 1766 | Cost: 0.114411 | Acc: 86.11% (Best: 94.44% @ Ep926) | LR: 0.000300 | Rev: 1/99999
Epoch 1767 | Cost: 0.125254 | Acc: 86.11% (Best: 94.44% @ Ep926) | LR: 0.000300 | Rev: 2/99999
Epoch 1768 | Cost: 0.114750 | Acc: 86.11% (Best: 94.44% @ Ep926) | LR: 0.000300 | Rev: 0/99999
Epoch 1769 | Cost: 0.105828 | Acc: 86.11% (Best: 94.44% @ Ep926) | LR: 0.000300 | Rev: 0/99999
Epoch 1770 | Cost: 0.104996 | Acc: 88.89% (Best: 94.44% @ Ep926) | LR: 0.000300 | Rev: 0/99999
Epoch 1771 | Cost: 0.117990 | Acc: 88.89% (Best: 94.44% @ Ep926) | LR: 0.000300 | Rev: 1/99999
Epoch 1772 | Cost: 0.133951 | Acc: 86.11% (Best: 94.44% @ Ep926) | LR: 0.000300 | Rev: 2/99999
Epoch 1773 | Cost: 0.119140 | Acc: 86.11% (Best: 94.44% @ Ep926) | LR: 0.000300 | Rev: 0/99999
Epoch 1774 | Cost: 0.113374 | Acc: 86.11% (Best: 94.44% @ Ep926) | LR: 0.000300 | Rev: 0/99999
Epoch 1775 | Cost: 0.119961 | Acc: 86.11% (Best: 94.44% @ Ep926) | LR: 0.000300 | Rev: 1/99999
Epoch 1776 | Cost: 0.093738 | Acc: 88.89% (Best: 94.44% @ Ep926) | LR: 0.000300 | Rev: 0/99999
Epoch 1777 | Cost: 0.110147 | Acc: 88.89% (Best: 94.44% @ Ep926) | LR: 0.000300 | Rev: 1/99999
Epoch 1778 | Cost: 0.118016 | Acc: 88.89% (Best: 94.44% @ Ep926) | LR: 0.000300 | Rev: 2/99999
Epoch 1779 | Cost: 0.112960 | Acc: 88.89% (Best: 94.44% @ Ep926) | LR: 0.000300 | Rev: 0/99999
Epoch 1780 | Cost: 0.124618 | Acc: 88.89% (Best: 94.44% @ Ep926) | LR: 0.000300 | Rev: 1/99999
Epoch 1781 | Cost: 0.100509 | Acc: 88.89% (Best: 94.44% @ Ep926) | LR: 0.000300 | Rev: 0/99999
Epoch 1782 | Cost: 0.117482 | Acc: 88.89% (Best: 94.44% @ Ep926) | LR: 0.000300 | Rev: 1/99999
Epoch 1783 | Cost: 0.116681 | Acc: 88.89% (Best: 94.44% @ Ep926) | LR: 0.000300 | Rev: 0/99999
Epoch 1784 | Cost: 0.101155 | Acc: 88.89% (Best: 94.44% @ Ep926) | LR: 0.000300 | Rev: 0/99999
Epoch 1785 | Cost: 0.102679 | Acc: 88.89% (Best: 94.44% @ Ep926) | LR: 0.000300 | Rev: 1/99999
Epoch 1786 | Cost: 0.119265 | Acc: 88.89% (Best: 94.44% @ Ep926) | LR: 0.000300 | Rev: 2/99999
Epoch 1787 | Cost: 0.129815 | Acc: 88.89% (Best: 94.44% @ Ep926) | LR: 0.000300 | Rev: 3/99999
Epoch 1788 | Cost: 0.112459 | Acc: 88.89% (Best: 94.44% @ Ep926) | LR: 0.000300 | Rev: 0/99999
Epoch 1789 | Cost: 0.111662 | Acc: 88.89% (Best: 94.44% @ Ep926) | LR: 0.000300 | Rev: 0/99999
Epoch 1790 | Cost: 0.128449 | Acc: 88.89% (Best: 94.44% @ Ep926) | LR: 0.000300 | Rev: 1/99999
Epoch 1791 | Cost: 0.111518 | Acc: 86.11% (Best: 94.44% @ Ep926) | LR: 0.000300 | Rev: 0/99999
Epoch 1792 | Cost: 0.099390 | Acc: 86.11% (Best: 94.44% @ Ep926) | LR: 0.000300 | Rev: 0/99999
Epoch 1793 | Cost: 0.116674 | Acc: 86.11% (Best: 94.44% @ Ep926) | LR: 0.000300 | Rev: 1/99999
Epoch 1794 | Cost: 0.111041 | Acc: 86.11% (Best: 94.44% @ Ep926) | LR: 0.000300 | Rev: 0/99999
Epoch 1795 | Cost: 0.106300 | Acc: 86.11% (Best: 94.44% @ Ep926) | LR: 0.000300 | Rev: 0/99999
Epoch 1796 | Cost: 0.125626 | Acc: 88.89% (Best: 94.44% @ Ep926) | LR: 0.000300 | Rev: 1/99999
Epoch 1797 | Cost: 0.100434 | Acc: 88.89% (Best: 94.44% @ Ep926) | LR: 0.000300 | Rev: 0/99999
Epoch 1798 | Cost: 0.113349 | Acc: 88.89% (Best: 94.44% @ Ep926) | LR: 0.000300 | Rev: 1/99999
Epoch 1799 | Cost: 0.100958 | Acc: 88.89% (Best: 94.44% @ Ep926) | LR: 0.000300 | Rev: 0/99999
Epoch 1800 | Cost: 0.108728 | Acc: 88.89% (Best: 94.44% @ Ep926) | LR: 0.000300 | Rev: 1/99999
Epoch 1801 | Cost: 0.131742 | Acc: 88.89% (Best: 94.44% @ Ep926) | LR: 0.000300 | Rev: 2/99999
Epoch 1802 | Cost: 0.108486 | Acc: 88.89% (Best: 94.44% @ Ep926) | LR: 0.000300 | Rev: 0/99999
Epoch 1803 | Cost: 0.107285 | Acc: 88.89% (Best: 94.44% @ Ep926) | LR: 0.000300 | Rev: 0/99999
Epoch 1804 | Cost: 0.113050 | Acc: 88.89% (Best: 94.44% @ Ep926) | LR: 0.000300 | Rev: 1/99999
Epoch 1805 | Cost: 0.124688 | Acc: 88.89% (Best: 94.44% @ Ep926) | LR: 0.000300 | Rev: 2/99999
Epoch 1806 | Cost: 0.119266 | Acc: 88.89% (Best: 94.44% @ Ep926) | LR: 0.000300 | Rev: 0/99999
Epoch 1807 | Cost: 0.098631 | Acc: 88.89% (Best: 94.44% @ Ep926) | LR: 0.000300 | Rev: 0/99999
Epoch 1808 | Cost: 0.094867 | Acc: 88.89% (Best: 94.44% @ Ep926) | LR: 0.000300 | Rev: 0/99999
Epoch 1809 | Cost: 0.102038 | Acc: 88.89% (Best: 94.44% @ Ep926) | LR: 0.000300 | Rev: 1/99999
Epoch 1810 | Cost: 0.125195 | Acc: 88.89% (Best: 94.44% @ Ep926) | LR: 0.000300 | Rev: 2/99999
Epoch 1811 | Cost: 0.112491 | Acc: 88.89% (Best: 94.44% @ Ep926) | LR: 0.000300 | Rev: 0/99999
Epoch 1812 | Cost: 0.104831 | Acc: 88.89% (Best: 94.44% @ Ep926) | LR: 0.000300 | Rev: 0/99999
Epoch 1813 | Cost: 0.104783 | Acc: 88.89% (Best: 94.44% @ Ep926) | LR: 0.000300 | Rev: 0/99999
Epoch 1814 | Cost: 0.118971 | Acc: 88.89% (Best: 94.44% @ Ep926) | LR: 0.000300 | Rev: 1/99999
Epoch 1815 | Cost: 0.100548 | Acc: 88.89% (Best: 94.44% @ Ep926) | LR: 0.000300 | Rev: 0/99999
Epoch 1816 | Cost: 0.106890 | Acc: 88.89% (Best: 94.44% @ Ep926) | LR: 0.000300 | Rev: 1/99999
Epoch 1817 | Cost: 0.122551 | Acc: 88.89% (Best: 94.44% @ Ep926) | LR: 0.000300 | Rev: 2/99999
Epoch 1818 | Cost: 0.134464 | Acc: 88.89% (Best: 94.44% @ Ep926) | LR: 0.000300 | Rev: 3/99999
Epoch 1819 | Cost: 0.100113 | Acc: 88.89% (Best: 94.44% @ Ep926) | LR: 0.000300 | Rev: 0/99999
Epoch 1820 | Cost: 0.099750 | Acc: 88.89% (Best: 94.44% @ Ep926) | LR: 0.000300 | Rev: 0/99999
Epoch 1821 | Cost: 0.107643 | Acc: 88.89% (Best: 94.44% @ Ep926) | LR: 0.000300 | Rev: 1/99999
Epoch 1822 | Cost: 0.113576 | Acc: 88.89% (Best: 94.44% @ Ep926) | LR: 0.000300 | Rev: 2/99999
Epoch 1823 | Cost: 0.117368 | Acc: 88.89% (Best: 94.44% @ Ep926) | LR: 0.000300 | Rev: 3/99999
Epoch 1824 | Cost: 0.116513 | Acc: 88.89% (Best: 94.44% @ Ep926) | LR: 0.000300 | Rev: 0/99999
Epoch 1825 | Cost: 0.120243 | Acc: 86.11% (Best: 94.44% @ Ep926) | LR: 0.000300 | Rev: 1/99999
Epoch 1826 | Cost: 0.094200 | Acc: 86.11% (Best: 94.44% @ Ep926) | LR: 0.000300 | Rev: 0/99999
Epoch 1827 | Cost: 0.114499 | Acc: 86.11% (Best: 94.44% @ Ep926) | LR: 0.000300 | Rev: 1/99999
Epoch 1828 | Cost: 0.134181 | Acc: 88.89% (Best: 94.44% @ Ep926) | LR: 0.000300 | Rev: 2/99999
Epoch 1829 | Cost: 0.107751 | Acc: 88.89% (Best: 94.44% @ Ep926) | LR: 0.000300 | Rev: 0/99999
Epoch 1830 | Cost: 0.117074 | Acc: 88.89% (Best: 94.44% @ Ep926) | LR: 0.000300 | Rev: 1/99999
Epoch 1831 | Cost: 0.107569 | Acc: 88.89% (Best: 94.44% @ Ep926) | LR: 0.000300 | Rev: 0/99999
Epoch 1832 | Cost: 0.100507 | Acc: 88.89% (Best: 94.44% @ Ep926) | LR: 0.000300 | Rev: 0/99999
Epoch 1833 | Cost: 0.096805 | Acc: 88.89% (Best: 94.44% @ Ep926) | LR: 0.000300 | Rev: 0/99999
Epoch 1834 | Cost: 0.107722 | Acc: 88.89% (Best: 94.44% @ Ep926) | LR: 0.000300 | Rev: 1/99999
Epoch 1835 | Cost: 0.115620 | Acc: 88.89% (Best: 94.44% @ Ep926) | LR: 0.000300 | Rev: 2/99999
Epoch 1836 | Cost: 0.130940 | Acc: 88.89% (Best: 94.44% @ Ep926) | LR: 0.000300 | Rev: 3/99999
Epoch 1837 | Cost: 0.111862 | Acc: 88.89% (Best: 94.44% @ Ep926) | LR: 0.000300 | Rev: 0/99999
Epoch 1838 | Cost: 0.112677 | Acc: 88.89% (Best: 94.44% @ Ep926) | LR: 0.000300 | Rev: 1/99999
Epoch 1839 | Cost: 0.104162 | Acc: 88.89% (Best: 94.44% @ Ep926) | LR: 0.000300 | Rev: 0/99999
Epoch 1840 | Cost: 0.120299 | Acc: 88.89% (Best: 94.44% @ Ep926) | LR: 0.000300 | Rev: 1/99999
Epoch 1841 | Cost: 0.110481 | Acc: 88.89% (Best: 94.44% @ Ep926) | LR: 0.000300 | Rev: 0/99999
Epoch 1842 | Cost: 0.115361 | Acc: 88.89% (Best: 94.44% @ Ep926) | LR: 0.000300 | Rev: 1/99999
Epoch 1843 | Cost: 0.103618 | Acc: 88.89% (Best: 94.44% @ Ep926) | LR: 0.000300 | Rev: 0/99999
Epoch 1844 | Cost: 0.097401 | Acc: 88.89% (Best: 94.44% @ Ep926) | LR: 0.000300 | Rev: 0/99999
Epoch 1845 | Cost: 0.105493 | Acc: 88.89% (Best: 94.44% @ Ep926) | LR: 0.000300 | Rev: 1/99999
Epoch 1846 | Cost: 0.100132 | Acc: 88.89% (Best: 94.44% @ Ep926) | LR: 0.000300 | Rev: 0/99999
Epoch 1847 | Cost: 0.095385 | Acc: 88.89% (Best: 94.44% @ Ep926) | LR: 0.000300 | Rev: 0/99999
Epoch 1848 | Cost: 0.119899 | Acc: 88.89% (Best: 94.44% @ Ep926) | LR: 0.000300 | Rev: 1/99999
Epoch 1849 | Cost: 0.125368 | Acc: 88.89% (Best: 94.44% @ Ep926) | LR: 0.000300 | Rev: 2/99999
Epoch 1850 | Cost: 0.106439 | Acc: 88.89% (Best: 94.44% @ Ep926) | LR: 0.000300 | Rev: 0/99999
Epoch 1851 | Cost: 0.106834 | Acc: 88.89% (Best: 94.44% @ Ep926) | LR: 0.000300 | Rev: 1/99999
Epoch 1852 | Cost: 0.099546 | Acc: 88.89% (Best: 94.44% @ Ep926) | LR: 0.000300 | Rev: 0/99999
Epoch 1853 | Cost: 0.114989 | Acc: 88.89% (Best: 94.44% @ Ep926) | LR: 0.000300 | Rev: 1/99999
Epoch 1854 | Cost: 0.104645 | Acc: 88.89% (Best: 94.44% @ Ep926) | LR: 0.000300 | Rev: 0/99999
Epoch 1855 | Cost: 0.112334 | Acc: 88.89% (Best: 94.44% @ Ep926) | LR: 0.000300 | Rev: 1/99999
Epoch 1856 | Cost: 0.117792 | Acc: 88.89% (Best: 94.44% @ Ep926) | LR: 0.000300 | Rev: 2/99999
Epoch 1857 | Cost: 0.121606 | Acc: 88.89% (Best: 94.44% @ Ep926) | LR: 0.000300 | Rev: 3/99999
Epoch 1858 | Cost: 0.099700 | Acc: 88.89% (Best: 94.44% @ Ep926) | LR: 0.000300 | Rev: 0/99999
Epoch 1859 | Cost: 0.113075 | Acc: 88.89% (Best: 94.44% @ Ep926) | LR: 0.000300 | Rev: 1/99999
Epoch 1860 | Cost: 0.101536 | Acc: 88.89% (Best: 94.44% @ Ep926) | LR: 0.000300 | Rev: 0/99999
Epoch 1861 | Cost: 0.113188 | Acc: 88.89% (Best: 94.44% @ Ep926) | LR: 0.000300 | Rev: 1/99999
Epoch 1862 | Cost: 0.110688 | Acc: 88.89% (Best: 94.44% @ Ep926) | LR: 0.000300 | Rev: 0/99999
Epoch 1863 | Cost: 0.102223 | Acc: 88.89% (Best: 94.44% @ Ep926) | LR: 0.000300 | Rev: 0/99999
Epoch 1864 | Cost: 0.111312 | Acc: 86.11% (Best: 94.44% @ Ep926) | LR: 0.000300 | Rev: 1/99999
Epoch 1865 | Cost: 0.117174 | Acc: 86.11% (Best: 94.44% @ Ep926) | LR: 0.000300 | Rev: 2/99999
Epoch 1866 | Cost: 0.099843 | Acc: 86.11% (Best: 94.44% @ Ep926) | LR: 0.000300 | Rev: 0/99999
Epoch 1867 | Cost: 0.111508 | Acc: 86.11% (Best: 94.44% @ Ep926) | LR: 0.000300 | Rev: 1/99999
Epoch 1868 | Cost: 0.097254 | Acc: 86.11% (Best: 94.44% @ Ep926) | LR: 0.000300 | Rev: 0/99999
Epoch 1869 | Cost: 0.092242 | Acc: 86.11% (Best: 94.44% @ Ep926) | LR: 0.000300 | Rev: 0/99999
Epoch 1870 | Cost: 0.108114 | Acc: 88.89% (Best: 94.44% @ Ep926) | LR: 0.000300 | Rev: 1/99999
Epoch 1871 | Cost: 0.119330 | Acc: 88.89% (Best: 94.44% @ Ep926) | LR: 0.000300 | Rev: 2/99999
Epoch 1872 | Cost: 0.120062 | Acc: 88.89% (Best: 94.44% @ Ep926) | LR: 0.000300 | Rev: 3/99999
Epoch 1873 | Cost: 0.101665 | Acc: 88.89% (Best: 94.44% @ Ep926) | LR: 0.000300 | Rev: 0/99999
Epoch 1874 | Cost: 0.119331 | Acc: 88.89% (Best: 94.44% @ Ep926) | LR: 0.000300 | Rev: 1/99999
Epoch 1875 | Cost: 0.090841 | Acc: 88.89% (Best: 94.44% @ Ep926) | LR: 0.000300 | Rev: 0/99999
Epoch 1876 | Cost: 0.117257 | Acc: 88.89% (Best: 94.44% @ Ep926) | LR: 0.000300 | Rev: 1/99999
Epoch 1877 | Cost: 0.114326 | Acc: 88.89% (Best: 94.44% @ Ep926) | LR: 0.000300 | Rev: 0/99999
Epoch 1878 | Cost: 0.100772 | Acc: 88.89% (Best: 94.44% @ Ep926) | LR: 0.000300 | Rev: 0/99999
Epoch 1879 | Cost: 0.112779 | Acc: 88.89% (Best: 94.44% @ Ep926) | LR: 0.000300 | Rev: 1/99999
Epoch 1880 | Cost: 0.119511 | Acc: 88.89% (Best: 94.44% @ Ep926) | LR: 0.000300 | Rev: 2/99999
Epoch 1881 | Cost: 0.111855 | Acc: 88.89% (Best: 94.44% @ Ep926) | LR: 0.000300 | Rev: 0/99999
Epoch 1882 | Cost: 0.112327 | Acc: 88.89% (Best: 94.44% @ Ep926) | LR: 0.000300 | Rev: 1/99999
Epoch 1883 | Cost: 0.116180 | Acc: 88.89% (Best: 94.44% @ Ep926) | LR: 0.000300 | Rev: 2/99999
Epoch 1884 | Cost: 0.113356 | Acc: 86.11% (Best: 94.44% @ Ep926) | LR: 0.000300 | Rev: 0/99999
Epoch 1885 | Cost: 0.123165 | Acc: 86.11% (Best: 94.44% @ Ep926) | LR: 0.000300 | Rev: 1/99999
Epoch 1886 | Cost: 0.130692 | Acc: 86.11% (Best: 94.44% @ Ep926) | LR: 0.000300 | Rev: 2/99999
Epoch 1887 | Cost: 0.112890 | Acc: 88.89% (Best: 94.44% @ Ep926) | LR: 0.000300 | Rev: 0/99999
Epoch 1888 | Cost: 0.139076 | Acc: 88.89% (Best: 94.44% @ Ep926) | LR: 0.000300 | Rev: 1/99999
Epoch 1889 | Cost: 0.109617 | Acc: 88.89% (Best: 94.44% @ Ep926) | LR: 0.000300 | Rev: 0/99999
Epoch 1890 | Cost: 0.096182 | Acc: 88.89% (Best: 94.44% @ Ep926) | LR: 0.000300 | Rev: 0/99999
Epoch 1891 | Cost: 0.109806 | Acc: 88.89% (Best: 94.44% @ Ep926) | LR: 0.000300 | Rev: 1/99999
Epoch 1892 | Cost: 0.111202 | Acc: 88.89% (Best: 94.44% @ Ep926) | LR: 0.000300 | Rev: 2/99999
Epoch 1893 | Cost: 0.090069 | Acc: 86.11% (Best: 94.44% @ Ep926) | LR: 0.000300 | Rev: 0/99999
Epoch 1894 | Cost: 0.087208 | Acc: 86.11% (Best: 94.44% @ Ep926) | LR: 0.000300 | Rev: 0/99999
Epoch 1895 | Cost: 0.101787 | Acc: 86.11% (Best: 94.44% @ Ep926) | LR: 0.000300 | Rev: 1/99999
Epoch 1896 | Cost: 0.102371 | Acc: 86.11% (Best: 94.44% @ Ep926) | LR: 0.000300 | Rev: 2/99999
Epoch 1897 | Cost: 0.102928 | Acc: 86.11% (Best: 94.44% @ Ep926) | LR: 0.000300 | Rev: 3/99999
Epoch 1898 | Cost: 0.101390 | Acc: 88.89% (Best: 94.44% @ Ep926) | LR: 0.000300 | Rev: 0/99999
Epoch 1899 | Cost: 0.112154 | Acc: 88.89% (Best: 94.44% @ Ep926) | LR: 0.000300 | Rev: 1/99999
Epoch 1900 | Cost: 0.092941 | Acc: 88.89% (Best: 94.44% @ Ep926) | LR: 0.000300 | Rev: 0/99999
Epoch 1901 | Cost: 0.107054 | Acc: 88.89% (Best: 94.44% @ Ep926) | LR: 0.000300 | Rev: 1/99999
Epoch 1902 | Cost: 0.099688 | Acc: 88.89% (Best: 94.44% @ Ep926) | LR: 0.000300 | Rev: 0/99999
Epoch 1903 | Cost: 0.092462 | Acc: 88.89% (Best: 94.44% @ Ep926) | LR: 0.000300 | Rev: 0/99999
Epoch 1904 | Cost: 0.095076 | Acc: 88.89% (Best: 94.44% @ Ep926) | LR: 0.000300 | Rev: 1/99999
Epoch 1905 | Cost: 0.107165 | Acc: 88.89% (Best: 94.44% @ Ep926) | LR: 0.000300 | Rev: 2/99999
Epoch 1906 | Cost: 0.095260 | Acc: 88.89% (Best: 94.44% @ Ep926) | LR: 0.000300 | Rev: 0/99999
Epoch 1907 | Cost: 0.090438 | Acc: 88.89% (Best: 94.44% @ Ep926) | LR: 0.000300 | Rev: 0/99999
Epoch 1908 | Cost: 0.097923 | Acc: 88.89% (Best: 94.44% @ Ep926) | LR: 0.000300 | Rev: 1/99999
Epoch 1909 | Cost: 0.097745 | Acc: 88.89% (Best: 94.44% @ Ep926) | LR: 0.000300 | Rev: 0/99999
Epoch 1910 | Cost: 0.098349 | Acc: 88.89% (Best: 94.44% @ Ep926) | LR: 0.000300 | Rev: 1/99999
Epoch 1911 | Cost: 0.110518 | Acc: 88.89% (Best: 94.44% @ Ep926) | LR: 0.000300 | Rev: 2/99999
Epoch 1912 | Cost: 0.109427 | Acc: 88.89% (Best: 94.44% @ Ep926) | LR: 0.000300 | Rev: 0/99999
Epoch 1913 | Cost: 0.095447 | Acc: 88.89% (Best: 94.44% @ Ep926) | LR: 0.000300 | Rev: 0/99999
Epoch 1914 | Cost: 0.109886 | Acc: 88.89% (Best: 94.44% @ Ep926) | LR: 0.000300 | Rev: 1/99999
Epoch 1915 | Cost: 0.092555 | Acc: 86.11% (Best: 94.44% @ Ep926) | LR: 0.000300 | Rev: 0/99999
Epoch 1916 | Cost: 0.096354 | Acc: 86.11% (Best: 94.44% @ Ep926) | LR: 0.000300 | Rev: 1/99999
Epoch 1917 | Cost: 0.119063 | Acc: 88.89% (Best: 94.44% @ Ep926) | LR: 0.000300 | Rev: 2/99999
Epoch 1918 | Cost: 0.099665 | Acc: 88.89% (Best: 94.44% @ Ep926) | LR: 0.000300 | Rev: 0/99999
Epoch 1919 | Cost: 0.095514 | Acc: 88.89% (Best: 94.44% @ Ep926) | LR: 0.000300 | Rev: 0/99999
Epoch 1920 | Cost: 0.106489 | Acc: 86.11% (Best: 94.44% @ Ep926) | LR: 0.000300 | Rev: 1/99999
Epoch 1921 | Cost: 0.103628 | Acc: 88.89% (Best: 94.44% @ Ep926) | LR: 0.000300 | Rev: 0/99999
Epoch 1922 | Cost: 0.100177 | Acc: 88.89% (Best: 94.44% @ Ep926) | LR: 0.000300 | Rev: 0/99999
Epoch 1923 | Cost: 0.110950 | Acc: 88.89% (Best: 94.44% @ Ep926) | LR: 0.000300 | Rev: 1/99999
Epoch 1924 | Cost: 0.114613 | Acc: 88.89% (Best: 94.44% @ Ep926) | LR: 0.000300 | Rev: 2/99999
Epoch 1925 | Cost: 0.110453 | Acc: 88.89% (Best: 94.44% @ Ep926) | LR: 0.000300 | Rev: 0/99999
Epoch 1926 | Cost: 0.091628 | Acc: 88.89% (Best: 94.44% @ Ep926) | LR: 0.000300 | Rev: 0/99999
Epoch 1927 | Cost: 0.096372 | Acc: 88.89% (Best: 94.44% @ Ep926) | LR: 0.000300 | Rev: 1/99999
Epoch 1928 | Cost: 0.109857 | Acc: 88.89% (Best: 94.44% @ Ep926) | LR: 0.000300 | Rev: 2/99999
Epoch 1929 | Cost: 0.120947 | Acc: 88.89% (Best: 94.44% @ Ep926) | LR: 0.000300 | Rev: 3/99999
Epoch 1930 | Cost: 0.109857 | Acc: 88.89% (Best: 94.44% @ Ep926) | LR: 0.000300 | Rev: 0/99999
Epoch 1931 | Cost: 0.091693 | Acc: 86.11% (Best: 94.44% @ Ep926) | LR: 0.000300 | Rev: 0/99999
Epoch 1932 | Cost: 0.116465 | Acc: 86.11% (Best: 94.44% @ Ep926) | LR: 0.000300 | Rev: 1/99999
Epoch 1933 | Cost: 0.106220 | Acc: 88.89% (Best: 94.44% @ Ep926) | LR: 0.000300 | Rev: 0/99999
Epoch 1934 | Cost: 0.092727 | Acc: 86.11% (Best: 94.44% @ Ep926) | LR: 0.000300 | Rev: 0/99999
Epoch 1935 | Cost: 0.096323 | Acc: 86.11% (Best: 94.44% @ Ep926) | LR: 0.000300 | Rev: 1/99999
Epoch 1936 | Cost: 0.082954 | Acc: 86.11% (Best: 94.44% @ Ep926) | LR: 0.000300 | Rev: 0/99999
Epoch 1937 | Cost: 0.110048 | Acc: 86.11% (Best: 94.44% @ Ep926) | LR: 0.000300 | Rev: 1/99999
Epoch 1938 | Cost: 0.088190 | Acc: 86.11% (Best: 94.44% @ Ep926) | LR: 0.000300 | Rev: 0/99999
Epoch 1939 | Cost: 0.088527 | Acc: 88.89% (Best: 94.44% @ Ep926) | LR: 0.000300 | Rev: 1/99999
Epoch 1940 | Cost: 0.109569 | Acc: 88.89% (Best: 94.44% @ Ep926) | LR: 0.000300 | Rev: 2/99999
Epoch 1941 | Cost: 0.100943 | Acc: 88.89% (Best: 94.44% @ Ep926) | LR: 0.000300 | Rev: 0/99999
Epoch 1942 | Cost: 0.110827 | Acc: 88.89% (Best: 94.44% @ Ep926) | LR: 0.000300 | Rev: 1/99999
Epoch 1943 | Cost: 0.101736 | Acc: 88.89% (Best: 94.44% @ Ep926) | LR: 0.000300 | Rev: 0/99999
Epoch 1944 | Cost: 0.112846 | Acc: 88.89% (Best: 94.44% @ Ep926) | LR: 0.000300 | Rev: 1/99999
Epoch 1945 | Cost: 0.098663 | Acc: 88.89% (Best: 94.44% @ Ep926) | LR: 0.000300 | Rev: 0/99999
Epoch 1946 | Cost: 0.117086 | Acc: 88.89% (Best: 94.44% @ Ep926) | LR: 0.000300 | Rev: 1/99999
Epoch 1947 | Cost: 0.092170 | Acc: 88.89% (Best: 94.44% @ Ep926) | LR: 0.000300 | Rev: 0/99999
Epoch 1948 | Cost: 0.093166 | Acc: 88.89% (Best: 94.44% @ Ep926) | LR: 0.000300 | Rev: 1/99999
Epoch 1949 | Cost: 0.111878 | Acc: 88.89% (Best: 94.44% @ Ep926) | LR: 0.000300 | Rev: 2/99999
Epoch 1950 | Cost: 0.108411 | Acc: 88.89% (Best: 94.44% @ Ep926) | LR: 0.000300 | Rev: 0/99999
Epoch 1951 | Cost: 0.100210 | Acc: 88.89% (Best: 94.44% @ Ep926) | LR: 0.000300 | Rev: 0/99999
Epoch 1952 | Cost: 0.100720 | Acc: 88.89% (Best: 94.44% @ Ep926) | LR: 0.000300 | Rev: 1/99999
Epoch 1953 | Cost: 0.107147 | Acc: 88.89% (Best: 94.44% @ Ep926) | LR: 0.000300 | Rev: 2/99999
Epoch 1954 | Cost: 0.113080 | Acc: 88.89% (Best: 94.44% @ Ep926) | LR: 0.000300 | Rev: 3/99999
Epoch 1955 | Cost: 0.090085 | Acc: 88.89% (Best: 94.44% @ Ep926) | LR: 0.000300 | Rev: 0/99999
Epoch 1956 | Cost: 0.107329 | Acc: 86.11% (Best: 94.44% @ Ep926) | LR: 0.000300 | Rev: 1/99999
Epoch 1957 | Cost: 0.082698 | Acc: 86.11% (Best: 94.44% @ Ep926) | LR: 0.000300 | Rev: 0/99999
Epoch 1958 | Cost: 0.097527 | Acc: 86.11% (Best: 94.44% @ Ep926) | LR: 0.000300 | Rev: 1/99999
Epoch 1959 | Cost: 0.114966 | Acc: 88.89% (Best: 94.44% @ Ep926) | LR: 0.000300 | Rev: 2/99999
Epoch 1960 | Cost: 0.095263 | Acc: 88.89% (Best: 94.44% @ Ep926) | LR: 0.000300 | Rev: 0/99999
Epoch 1961 | Cost: 0.116081 | Acc: 88.89% (Best: 94.44% @ Ep926) | LR: 0.000300 | Rev: 1/99999
Epoch 1962 | Cost: 0.113669 | Acc: 88.89% (Best: 94.44% @ Ep926) | LR: 0.000300 | Rev: 0/99999
Epoch 1963 | Cost: 0.095626 | Acc: 88.89% (Best: 94.44% @ Ep926) | LR: 0.000300 | Rev: 0/99999
Epoch 1964 | Cost: 0.112484 | Acc: 88.89% (Best: 94.44% @ Ep926) | LR: 0.000300 | Rev: 1/99999
Epoch 1965 | Cost: 0.107253 | Acc: 88.89% (Best: 94.44% @ Ep926) | LR: 0.000300 | Rev: 0/99999
Epoch 1966 | Cost: 0.095007 | Acc: 88.89% (Best: 94.44% @ Ep926) | LR: 0.000300 | Rev: 0/99999
Epoch 1967 | Cost: 0.082398 | Acc: 88.89% (Best: 94.44% @ Ep926) | LR: 0.000300 | Rev: 0/99999
Epoch 1968 | Cost: 0.105367 | Acc: 88.89% (Best: 94.44% @ Ep926) | LR: 0.000300 | Rev: 1/99999
Epoch 1969 | Cost: 0.109911 | Acc: 88.89% (Best: 94.44% @ Ep926) | LR: 0.000300 | Rev: 2/99999
Epoch 1970 | Cost: 0.103608 | Acc: 88.89% (Best: 94.44% @ Ep926) | LR: 0.000300 | Rev: 0/99999
Epoch 1971 | Cost: 0.097323 | Acc: 88.89% (Best: 94.44% @ Ep926) | LR: 0.000300 | Rev: 0/99999
Epoch 1972 | Cost: 0.100004 | Acc: 86.11% (Best: 94.44% @ Ep926) | LR: 0.000300 | Rev: 1/99999
Epoch 1973 | Cost: 0.085880 | Acc: 88.89% (Best: 94.44% @ Ep926) | LR: 0.000300 | Rev: 0/99999
Epoch 1974 | Cost: 0.088209 | Acc: 88.89% (Best: 94.44% @ Ep926) | LR: 0.000300 | Rev: 1/99999
Epoch 1975 | Cost: 0.094012 | Acc: 88.89% (Best: 94.44% @ Ep926) | LR: 0.000300 | Rev: 2/99999
Epoch 1976 | Cost: 0.093823 | Acc: 88.89% (Best: 94.44% @ Ep926) | LR: 0.000300 | Rev: 0/99999
Epoch 1977 | Cost: 0.097230 | Acc: 88.89% (Best: 94.44% @ Ep926) | LR: 0.000300 | Rev: 1/99999
Epoch 1978 | Cost: 0.095854 | Acc: 86.11% (Best: 94.44% @ Ep926) | LR: 0.000300 | Rev: 0/99999
Epoch 1979 | Cost: 0.113671 | Acc: 86.11% (Best: 94.44% @ Ep926) | LR: 0.000300 | Rev: 1/99999
Epoch 1980 | Cost: 0.097040 | Acc: 88.89% (Best: 94.44% @ Ep926) | LR: 0.000300 | Rev: 0/99999
Epoch 1981 | Cost: 0.100438 | Acc: 88.89% (Best: 94.44% @ Ep926) | LR: 0.000300 | Rev: 1/99999
Epoch 1982 | Cost: 0.104874 | Acc: 88.89% (Best: 94.44% @ Ep926) | LR: 0.000300 | Rev: 2/99999
Epoch 1983 | Cost: 0.102521 | Acc: 88.89% (Best: 94.44% @ Ep926) | LR: 0.000300 | Rev: 0/99999
Epoch 1984 | Cost: 0.106896 | Acc: 88.89% (Best: 94.44% @ Ep926) | LR: 0.000300 | Rev: 1/99999
Epoch 1985 | Cost: 0.100117 | Acc: 88.89% (Best: 94.44% @ Ep926) | LR: 0.000300 | Rev: 0/99999
Epoch 1986 | Cost: 0.093877 | Acc: 88.89% (Best: 94.44% @ Ep926) | LR: 0.000300 | Rev: 0/99999
Epoch 1987 | Cost: 0.105017 | Acc: 88.89% (Best: 94.44% @ Ep926) | LR: 0.000300 | Rev: 1/99999
Epoch 1988 | Cost: 0.087555 | Acc: 88.89% (Best: 94.44% @ Ep926) | LR: 0.000300 | Rev: 0/99999
Epoch 1989 | Cost: 0.102343 | Acc: 88.89% (Best: 94.44% @ Ep926) | LR: 0.000300 | Rev: 1/99999
Epoch 1990 | Cost: 0.103657 | Acc: 88.89% (Best: 94.44% @ Ep926) | LR: 0.000300 | Rev: 2/99999
Epoch 1991 | Cost: 0.105058 | Acc: 88.89% (Best: 94.44% @ Ep926) | LR: 0.000300 | Rev: 3/99999
Epoch 1992 | Cost: 0.101939 | Acc: 88.89% (Best: 94.44% @ Ep926) | LR: 0.000300 | Rev: 0/99999
Epoch 1993 | Cost: 0.100915 | Acc: 88.89% (Best: 94.44% @ Ep926) | LR: 0.000300 | Rev: 0/99999
Epoch 1994 | Cost: 0.126716 | Acc: 88.89% (Best: 94.44% @ Ep926) | LR: 0.000300 | Rev: 1/99999
Epoch 1995 | Cost: 0.122820 | Acc: 88.89% (Best: 94.44% @ Ep926) | LR: 0.000300 | Rev: 0/99999
Epoch 1996 | Cost: 0.088160 | Acc: 88.89% (Best: 94.44% @ Ep926) | LR: 0.000300 | Rev: 0/99999
Epoch 1997 | Cost: 0.087496 | Acc: 88.89% (Best: 94.44% @ Ep926) | LR: 0.000300 | Rev: 0/99999
Epoch 1998 | Cost: 0.097552 | Acc: 88.89% (Best: 94.44% @ Ep926) | LR: 0.000300 | Rev: 1/99999
Epoch 1999 | Cost: 0.108070 | Acc: 88.89% (Best: 94.44% @ Ep926) | LR: 0.000300 | Rev: 2/99999
Epoch 2000 | Cost: 0.109041 | Acc: 88.89% (Best: 94.44% @ Ep926) | LR: 0.000300 | Rev: 3/99999
Epoch 2001 | Cost: 0.104986 | Acc: 88.89% (Best: 94.44% @ Ep926) | LR: 0.000300 | Rev: 0/99999
Epoch 2002 | Cost: 0.104086 | Acc: 88.89% (Best: 94.44% @ Ep926) | LR: 0.000300 | Rev: 0/99999
Epoch 2003 | Cost: 0.085906 | Acc: 88.89% (Best: 94.44% @ Ep926) | LR: 0.000300 | Rev: 0/99999
Epoch 2004 | Cost: 0.084339 | Acc: 88.89% (Best: 94.44% @ Ep926) | LR: 0.000300 | Rev: 0/99999
Epoch 2005 | Cost: 0.089985 | Acc: 88.89% (Best: 94.44% @ Ep926) | LR: 0.000300 | Rev: 1/99999
Epoch 2006 | Cost: 0.093066 | Acc: 88.89% (Best: 94.44% @ Ep926) | LR: 0.000300 | Rev: 2/99999
Epoch 2007 | Cost: 0.076889 | Acc: 88.89% (Best: 94.44% @ Ep926) | LR: 0.000300 | Rev: 0/99999
Epoch 2008 | Cost: 0.092282 | Acc: 88.89% (Best: 94.44% @ Ep926) | LR: 0.000300 | Rev: 1/99999
Epoch 2009 | Cost: 0.089035 | Acc: 88.89% (Best: 94.44% @ Ep926) | LR: 0.000300 | Rev: 0/99999
Epoch 2010 | Cost: 0.108446 | Acc: 88.89% (Best: 94.44% @ Ep926) | LR: 0.000300 | Rev: 1/99999
Epoch 2011 | Cost: 0.105376 | Acc: 88.89% (Best: 94.44% @ Ep926) | LR: 0.000300 | Rev: 0/99999
Epoch 2012 | Cost: 0.084640 | Acc: 88.89% (Best: 94.44% @ Ep926) | LR: 0.000300 | Rev: 0/99999
Epoch 2013 | Cost: 0.098216 | Acc: 88.89% (Best: 94.44% @ Ep926) | LR: 0.000300 | Rev: 1/99999
Epoch 2014 | Cost: 0.083215 | Acc: 88.89% (Best: 94.44% @ Ep926) | LR: 0.000300 | Rev: 0/99999
Epoch 2015 | Cost: 0.099491 | Acc: 88.89% (Best: 94.44% @ Ep926) | LR: 0.000300 | Rev: 1/99999
Epoch 2016 | Cost: 0.101337 | Acc: 88.89% (Best: 94.44% @ Ep926) | LR: 0.000300 | Rev: 2/99999
Epoch 2017 | Cost: 0.098355 | Acc: 88.89% (Best: 94.44% @ Ep926) | LR: 0.000300 | Rev: 0/99999
Epoch 2018 | Cost: 0.094134 | Acc: 86.11% (Best: 94.44% @ Ep926) | LR: 0.000300 | Rev: 0/99999
Epoch 2019 | Cost: 0.083478 | Acc: 86.11% (Best: 94.44% @ Ep926) | LR: 0.000300 | Rev: 0/99999
Epoch 2020 | Cost: 0.104702 | Acc: 88.89% (Best: 94.44% @ Ep926) | LR: 0.000300 | Rev: 1/99999
Epoch 2021 | Cost: 0.092190 | Acc: 88.89% (Best: 94.44% @ Ep926) | LR: 0.000300 | Rev: 0/99999
Epoch 2022 | Cost: 0.093253 | Acc: 88.89% (Best: 94.44% @ Ep926) | LR: 0.000300 | Rev: 1/99999
Epoch 2023 | Cost: 0.101817 | Acc: 88.89% (Best: 94.44% @ Ep926) | LR: 0.000300 | Rev: 2/99999
Epoch 2024 | Cost: 0.105151 | Acc: 88.89% (Best: 94.44% @ Ep926) | LR: 0.000300 | Rev: 3/99999
Epoch 2025 | Cost: 0.084169 | Acc: 88.89% (Best: 94.44% @ Ep926) | LR: 0.000300 | Rev: 0/99999
Epoch 2026 | Cost: 0.104566 | Acc: 88.89% (Best: 94.44% @ Ep926) | LR: 0.000300 | Rev: 1/99999
Epoch 2027 | Cost: 0.105093 | Acc: 88.89% (Best: 94.44% @ Ep926) | LR: 0.000300 | Rev: 2/99999
Epoch 2028 | Cost: 0.103654 | Acc: 88.89% (Best: 94.44% @ Ep926) | LR: 0.000300 | Rev: 0/99999
Epoch 2029 | Cost: 0.112734 | Acc: 88.89% (Best: 94.44% @ Ep926) | LR: 0.000300 | Rev: 1/99999
Epoch 2030 | Cost: 0.129897 | Acc: 88.89% (Best: 94.44% @ Ep926) | LR: 0.000300 | Rev: 2/99999
Epoch 2031 | Cost: 0.092658 | Acc: 86.11% (Best: 94.44% @ Ep926) | LR: 0.000300 | Rev: 0/99999
Epoch 2032 | Cost: 0.095986 | Acc: 86.11% (Best: 94.44% @ Ep926) | LR: 0.000300 | Rev: 1/99999
Epoch 2033 | Cost: 0.105654 | Acc: 86.11% (Best: 94.44% @ Ep926) | LR: 0.000300 | Rev: 2/99999
Epoch 2034 | Cost: 0.104892 | Acc: 86.11% (Best: 94.44% @ Ep926) | LR: 0.000300 | Rev: 0/99999
Epoch 2035 | Cost: 0.098868 | Acc: 88.89% (Best: 94.44% @ Ep926) | LR: 0.000300 | Rev: 0/99999
Epoch 2036 | Cost: 0.105053 | Acc: 88.89% (Best: 94.44% @ Ep926) | LR: 0.000300 | Rev: 1/99999
Epoch 2037 | Cost: 0.084703 | Acc: 88.89% (Best: 94.44% @ Ep926) | LR: 0.000300 | Rev: 0/99999
Epoch 2038 | Cost: 0.083197 | Acc: 88.89% (Best: 94.44% @ Ep926) | LR: 0.000300 | Rev: 0/99999
Epoch 2039 | Cost: 0.089158 | Acc: 88.89% (Best: 94.44% @ Ep926) | LR: 0.000300 | Rev: 1/99999
Epoch 2040 | Cost: 0.093899 | Acc: 88.89% (Best: 94.44% @ Ep926) | LR: 0.000300 | Rev: 2/99999
Epoch 2041 | Cost: 0.097528 | Acc: 88.89% (Best: 94.44% @ Ep926) | LR: 0.000300 | Rev: 3/99999
Epoch 2042 | Cost: 0.089009 | Acc: 88.89% (Best: 94.44% @ Ep926) | LR: 0.000300 | Rev: 0/99999
Epoch 2043 | Cost: 0.120059 | Acc: 86.11% (Best: 94.44% @ Ep926) | LR: 0.000300 | Rev: 1/99999
Epoch 2044 | Cost: 0.093601 | Acc: 86.11% (Best: 94.44% @ Ep926) | LR: 0.000300 | Rev: 0/99999
Epoch 2045 | Cost: 0.077257 | Acc: 86.11% (Best: 94.44% @ Ep926) | LR: 0.000300 | Rev: 0/99999
Epoch 2046 | Cost: 0.110578 | Acc: 86.11% (Best: 94.44% @ Ep926) | LR: 0.000300 | Rev: 1/99999
Epoch 2047 | Cost: 0.090521 | Acc: 86.11% (Best: 94.44% @ Ep926) | LR: 0.000300 | Rev: 0/99999
Epoch 2048 | Cost: 0.095322 | Acc: 86.11% (Best: 94.44% @ Ep926) | LR: 0.000300 | Rev: 1/99999
Epoch 2049 | Cost: 0.087718 | Acc: 86.11% (Best: 94.44% @ Ep926) | LR: 0.000300 | Rev: 0/99999
Epoch 2050 | Cost: 0.093951 | Acc: 86.11% (Best: 94.44% @ Ep926) | LR: 0.000300 | Rev: 1/99999
Epoch 2051 | Cost: 0.085902 | Acc: 88.89% (Best: 94.44% @ Ep926) | LR: 0.000300 | Rev: 0/99999
Epoch 2052 | Cost: 0.100893 | Acc: 88.89% (Best: 94.44% @ Ep926) | LR: 0.000300 | Rev: 1/99999
Epoch 2053 | Cost: 0.096909 | Acc: 86.11% (Best: 94.44% @ Ep926) | LR: 0.000300 | Rev: 0/99999
Epoch 2054 | Cost: 0.092377 | Acc: 86.11% (Best: 94.44% @ Ep926) | LR: 0.000300 | Rev: 0/99999
Epoch 2055 | Cost: 0.093938 | Acc: 86.11% (Best: 94.44% @ Ep926) | LR: 0.000300 | Rev: 1/99999
Epoch 2056 | Cost: 0.096474 | Acc: 88.89% (Best: 94.44% @ Ep926) | LR: 0.000300 | Rev: 2/99999
Epoch 2057 | Cost: 0.096908 | Acc: 88.89% (Best: 94.44% @ Ep926) | LR: 0.000300 | Rev: 3/99999
Epoch 2058 | Cost: 0.102190 | Acc: 88.89% (Best: 94.44% @ Ep926) | LR: 0.000300 | Rev: 4/99999
Epoch 2059 | Cost: 0.091108 | Acc: 88.89% (Best: 94.44% @ Ep926) | LR: 0.000300 | Rev: 0/99999
Epoch 2060 | Cost: 0.092654 | Acc: 88.89% (Best: 94.44% @ Ep926) | LR: 0.000300 | Rev: 1/99999
Epoch 2061 | Cost: 0.085991 | Acc: 88.89% (Best: 94.44% @ Ep926) | LR: 0.000300 | Rev: 0/99999
Epoch 2062 | Cost: 0.085655 | Acc: 88.89% (Best: 94.44% @ Ep926) | LR: 0.000300 | Rev: 0/99999
Epoch 2063 | Cost: 0.102113 | Acc: 88.89% (Best: 94.44% @ Ep926) | LR: 0.000300 | Rev: 1/99999
Epoch 2064 | Cost: 0.106284 | Acc: 88.89% (Best: 94.44% @ Ep926) | LR: 0.000300 | Rev: 2/99999
Epoch 2065 | Cost: 0.112198 | Acc: 86.11% (Best: 94.44% @ Ep926) | LR: 0.000300 | Rev: 3/99999
Epoch 2066 | Cost: 0.085961 | Acc: 86.11% (Best: 94.44% @ Ep926) | LR: 0.000300 | Rev: 0/99999
Epoch 2067 | Cost: 0.088743 | Acc: 86.11% (Best: 94.44% @ Ep926) | LR: 0.000300 | Rev: 1/99999
Epoch 2068 | Cost: 0.087258 | Acc: 86.11% (Best: 94.44% @ Ep926) | LR: 0.000300 | Rev: 0/99999
Epoch 2069 | Cost: 0.083546 | Acc: 86.11% (Best: 94.44% @ Ep926) | LR: 0.000300 | Rev: 0/99999
Epoch 2070 | Cost: 0.073519 | Acc: 86.11% (Best: 94.44% @ Ep926) | LR: 0.000300 | Rev: 0/99999
Epoch 2071 | Cost: 0.071219 | Acc: 86.11% (Best: 94.44% @ Ep926) | LR: 0.000300 | Rev: 0/99999
Epoch 2072 | Cost: 0.099958 | Acc: 88.89% (Best: 94.44% @ Ep926) | LR: 0.000300 | Rev: 1/99999
Epoch 2073 | Cost: 0.096942 | Acc: 86.11% (Best: 94.44% @ Ep926) | LR: 0.000300 | Rev: 0/99999
Epoch 2074 | Cost: 0.082627 | Acc: 86.11% (Best: 94.44% @ Ep926) | LR: 0.000300 | Rev: 0/99999
Epoch 2075 | Cost: 0.096791 | Acc: 88.89% (Best: 94.44% @ Ep926) | LR: 0.000300 | Rev: 1/99999
Epoch 2076 | Cost: 0.088381 | Acc: 88.89% (Best: 94.44% @ Ep926) | LR: 0.000300 | Rev: 0/99999
Epoch 2077 | Cost: 0.084241 | Acc: 88.89% (Best: 94.44% @ Ep926) | LR: 0.000300 | Rev: 0/99999
Epoch 2078 | Cost: 0.089564 | Acc: 86.11% (Best: 94.44% @ Ep926) | LR: 0.000300 | Rev: 1/99999
Epoch 2079 | Cost: 0.114550 | Acc: 88.89% (Best: 94.44% @ Ep926) | LR: 0.000300 | Rev: 2/99999
Epoch 2080 | Cost: 0.118736 | Acc: 88.89% (Best: 94.44% @ Ep926) | LR: 0.000300 | Rev: 3/99999
Epoch 2081 | Cost: 0.091972 | Acc: 88.89% (Best: 94.44% @ Ep926) | LR: 0.000300 | Rev: 0/99999
Epoch 2082 | Cost: 0.074302 | Acc: 88.89% (Best: 94.44% @ Ep926) | LR: 0.000300 | Rev: 0/99999
Epoch 2083 | Cost: 0.100859 | Acc: 86.11% (Best: 94.44% @ Ep926) | LR: 0.000300 | Rev: 1/99999
Epoch 2084 | Cost: 0.080265 | Acc: 86.11% (Best: 94.44% @ Ep926) | LR: 0.000300 | Rev: 0/99999
Epoch 2085 | Cost: 0.066350 | Acc: 86.11% (Best: 94.44% @ Ep926) | LR: 0.000300 | Rev: 0/99999
Epoch 2086 | Cost: 0.106902 | Acc: 86.11% (Best: 94.44% @ Ep926) | LR: 0.000300 | Rev: 1/99999
Epoch 2087 | Cost: 0.082677 | Acc: 86.11% (Best: 94.44% @ Ep926) | LR: 0.000300 | Rev: 0/99999
Epoch 2088 | Cost: 0.110681 | Acc: 88.89% (Best: 94.44% @ Ep926) | LR: 0.000300 | Rev: 1/99999
Epoch 2089 | Cost: 0.100880 | Acc: 86.11% (Best: 94.44% @ Ep926) | LR: 0.000300 | Rev: 0/99999
Epoch 2090 | Cost: 0.084273 | Acc: 86.11% (Best: 94.44% @ Ep926) | LR: 0.000300 | Rev: 0/99999
Epoch 2091 | Cost: 0.095343 | Acc: 86.11% (Best: 94.44% @ Ep926) | LR: 0.000300 | Rev: 1/99999
Epoch 2092 | Cost: 0.089533 | Acc: 86.11% (Best: 94.44% @ Ep926) | LR: 0.000300 | Rev: 0/99999
Epoch 2093 | Cost: 0.082624 | Acc: 86.11% (Best: 94.44% @ Ep926) | LR: 0.000300 | Rev: 0/99999
Epoch 2094 | Cost: 0.103746 | Acc: 88.89% (Best: 94.44% @ Ep926) | LR: 0.000300 | Rev: 1/99999
Epoch 2095 | Cost: 0.081272 | Acc: 88.89% (Best: 94.44% @ Ep926) | LR: 0.000300 | Rev: 0/99999
Epoch 2096 | Cost: 0.090199 | Acc: 88.89% (Best: 94.44% @ Ep926) | LR: 0.000300 | Rev: 1/99999
Epoch 2097 | Cost: 0.079966 | Acc: 88.89% (Best: 94.44% @ Ep926) | LR: 0.000300 | Rev: 0/99999
Epoch 2098 | Cost: 0.081324 | Acc: 88.89% (Best: 94.44% @ Ep926) | LR: 0.000300 | Rev: 1/99999
Epoch 2099 | Cost: 0.090666 | Acc: 88.89% (Best: 94.44% @ Ep926) | LR: 0.000300 | Rev: 2/99999
Epoch 2100 | Cost: 0.080293 | Acc: 86.11% (Best: 94.44% @ Ep926) | LR: 0.000300 | Rev: 0/99999
Epoch 2101 | Cost: 0.096761 | Acc: 86.11% (Best: 94.44% @ Ep926) | LR: 0.000300 | Rev: 1/99999
Epoch 2102 | Cost: 0.088707 | Acc: 86.11% (Best: 94.44% @ Ep926) | LR: 0.000300 | Rev: 0/99999
Epoch 2103 | Cost: 0.088446 | Acc: 86.11% (Best: 94.44% @ Ep926) | LR: 0.000300 | Rev: 0/99999
Epoch 2104 | Cost: 0.099846 | Acc: 86.11% (Best: 94.44% @ Ep926) | LR: 0.000300 | Rev: 1/99999
Epoch 2105 | Cost: 0.105230 | Acc: 88.89% (Best: 94.44% @ Ep926) | LR: 0.000300 | Rev: 2/99999
Epoch 2106 | Cost: 0.092298 | Acc: 88.89% (Best: 94.44% @ Ep926) | LR: 0.000300 | Rev: 0/99999
Epoch 2107 | Cost: 0.096065 | Acc: 88.89% (Best: 94.44% @ Ep926) | LR: 0.000300 | Rev: 1/99999
Epoch 2108 | Cost: 0.080391 | Acc: 86.11% (Best: 94.44% @ Ep926) | LR: 0.000300 | Rev: 0/99999
Epoch 2109 | Cost: 0.080008 | Acc: 88.89% (Best: 94.44% @ Ep926) | LR: 0.000300 | Rev: 0/99999
Epoch 2110 | Cost: 0.107968 | Acc: 88.89% (Best: 94.44% @ Ep926) | LR: 0.000300 | Rev: 1/99999
Epoch 2111 | Cost: 0.095199 | Acc: 88.89% (Best: 94.44% @ Ep926) | LR: 0.000300 | Rev: 0/99999
Epoch 2112 | Cost: 0.098242 | Acc: 88.89% (Best: 94.44% @ Ep926) | LR: 0.000300 | Rev: 1/99999
Epoch 2113 | Cost: 0.102385 | Acc: 88.89% (Best: 94.44% @ Ep926) | LR: 0.000300 | Rev: 2/99999
Epoch 2114 | Cost: 0.097866 | Acc: 88.89% (Best: 94.44% @ Ep926) | LR: 0.000300 | Rev: 0/99999
Epoch 2115 | Cost: 0.105448 | Acc: 88.89% (Best: 94.44% @ Ep926) | LR: 0.000300 | Rev: 1/99999
Epoch 2116 | Cost: 0.074874 | Acc: 88.89% (Best: 94.44% @ Ep926) | LR: 0.000300 | Rev: 0/99999
Epoch 2117 | Cost: 0.098677 | Acc: 88.89% (Best: 94.44% @ Ep926) | LR: 0.000300 | Rev: 1/99999
Epoch 2118 | Cost: 0.092594 | Acc: 88.89% (Best: 94.44% @ Ep926) | LR: 0.000300 | Rev: 0/99999
Epoch 2119 | Cost: 0.096613 | Acc: 88.89% (Best: 94.44% @ Ep926) | LR: 0.000300 | Rev: 1/99999
Epoch 2120 | Cost: 0.095573 | Acc: 88.89% (Best: 94.44% @ Ep926) | LR: 0.000300 | Rev: 0/99999
Epoch 2121 | Cost: 0.105200 | Acc: 88.89% (Best: 94.44% @ Ep926) | LR: 0.000300 | Rev: 1/99999
Epoch 2122 | Cost: 0.101294 | Acc: 88.89% (Best: 94.44% @ Ep926) | LR: 0.000300 | Rev: 0/99999
Epoch 2123 | Cost: 0.103470 | Acc: 88.89% (Best: 94.44% @ Ep926) | LR: 0.000300 | Rev: 1/99999
Epoch 2124 | Cost: 0.075112 | Acc: 88.89% (Best: 94.44% @ Ep926) | LR: 0.000300 | Rev: 0/99999
Epoch 2125 | Cost: 0.100356 | Acc: 88.89% (Best: 94.44% @ Ep926) | LR: 0.000300 | Rev: 1/99999
Epoch 2126 | Cost: 0.087803 | Acc: 88.89% (Best: 94.44% @ Ep926) | LR: 0.000300 | Rev: 0/99999
Epoch 2127 | Cost: 0.075132 | Acc: 88.89% (Best: 94.44% @ Ep926) | LR: 0.000300 | Rev: 0/99999
Epoch 2128 | Cost: 0.091623 | Acc: 88.89% (Best: 94.44% @ Ep926) | LR: 0.000300 | Rev: 1/99999
Epoch 2129 | Cost: 0.101245 | Acc: 88.89% (Best: 94.44% @ Ep926) | LR: 0.000300 | Rev: 2/99999
Epoch 2130 | Cost: 0.074298 | Acc: 88.89% (Best: 94.44% @ Ep926) | LR: 0.000300 | Rev: 0/99999
Epoch 2131 | Cost: 0.086480 | Acc: 88.89% (Best: 94.44% @ Ep926) | LR: 0.000300 | Rev: 1/99999
Epoch 2132 | Cost: 0.090424 | Acc: 88.89% (Best: 94.44% @ Ep926) | LR: 0.000300 | Rev: 2/99999
Epoch 2133 | Cost: 0.092094 | Acc: 86.11% (Best: 94.44% @ Ep926) | LR: 0.000300 | Rev: 3/99999
Epoch 2134 | Cost: 0.097810 | Acc: 86.11% (Best: 94.44% @ Ep926) | LR: 0.000300 | Rev: 4/99999
Epoch 2135 | Cost: 0.096342 | Acc: 86.11% (Best: 94.44% @ Ep926) | LR: 0.000300 | Rev: 0/99999
Epoch 2136 | Cost: 0.074477 | Acc: 86.11% (Best: 94.44% @ Ep926) | LR: 0.000300 | Rev: 0/99999
Epoch 2137 | Cost: 0.081615 | Acc: 86.11% (Best: 94.44% @ Ep926) | LR: 0.000300 | Rev: 1/99999
Epoch 2138 | Cost: 0.087184 | Acc: 88.89% (Best: 94.44% @ Ep926) | LR: 0.000300 | Rev: 2/99999
Epoch 2139 | Cost: 0.079171 | Acc: 86.11% (Best: 94.44% @ Ep926) | LR: 0.000300 | Rev: 0/99999
Epoch 2140 | Cost: 0.088973 | Acc: 86.11% (Best: 94.44% @ Ep926) | LR: 0.000300 | Rev: 1/99999
Epoch 2141 | Cost: 0.084616 | Acc: 88.89% (Best: 94.44% @ Ep926) | LR: 0.000300 | Rev: 0/99999
Epoch 2142 | Cost: 0.096803 | Acc: 88.89% (Best: 94.44% @ Ep926) | LR: 0.000300 | Rev: 1/99999
Epoch 2143 | Cost: 0.082076 | Acc: 88.89% (Best: 94.44% @ Ep926) | LR: 0.000300 | Rev: 0/99999
Epoch 2144 | Cost: 0.084074 | Acc: 86.11% (Best: 94.44% @ Ep926) | LR: 0.000300 | Rev: 1/99999
Epoch 2145 | Cost: 0.094785 | Acc: 86.11% (Best: 94.44% @ Ep926) | LR: 0.000300 | Rev: 2/99999
Epoch 2146 | Cost: 0.072474 | Acc: 86.11% (Best: 94.44% @ Ep926) | LR: 0.000300 | Rev: 0/99999
Epoch 2147 | Cost: 0.089994 | Acc: 86.11% (Best: 94.44% @ Ep926) | LR: 0.000300 | Rev: 1/99999
Epoch 2148 | Cost: 0.084787 | Acc: 86.11% (Best: 94.44% @ Ep926) | LR: 0.000300 | Rev: 0/99999
Epoch 2149 | Cost: 0.085815 | Acc: 88.89% (Best: 94.44% @ Ep926) | LR: 0.000300 | Rev: 1/99999
Epoch 2150 | Cost: 0.092952 | Acc: 88.89% (Best: 94.44% @ Ep926) | LR: 0.000300 | Rev: 2/99999
Epoch 2151 | Cost: 0.077871 | Acc: 88.89% (Best: 94.44% @ Ep926) | LR: 0.000300 | Rev: 0/99999
Epoch 2152 | Cost: 0.101226 | Acc: 88.89% (Best: 94.44% @ Ep926) | LR: 0.000300 | Rev: 1/99999
Epoch 2153 | Cost: 0.090499 | Acc: 88.89% (Best: 94.44% @ Ep926) | LR: 0.000300 | Rev: 0/99999
Epoch 2154 | Cost: 0.093220 | Acc: 88.89% (Best: 94.44% @ Ep926) | LR: 0.000300 | Rev: 1/99999
Epoch 2155 | Cost: 0.079554 | Acc: 88.89% (Best: 94.44% @ Ep926) | LR: 0.000300 | Rev: 0/99999
Epoch 2156 | Cost: 0.078570 | Acc: 88.89% (Best: 94.44% @ Ep926) | LR: 0.000300 | Rev: 0/99999
Epoch 2157 | Cost: 0.073867 | Acc: 88.89% (Best: 94.44% @ Ep926) | LR: 0.000300 | Rev: 0/99999
Epoch 2158 | Cost: 0.078775 | Acc: 88.89% (Best: 94.44% @ Ep926) | LR: 0.000300 | Rev: 1/99999
Epoch 2159 | Cost: 0.108253 | Acc: 88.89% (Best: 94.44% @ Ep926) | LR: 0.000300 | Rev: 2/99999
Epoch 2160 | Cost: 0.093333 | Acc: 88.89% (Best: 94.44% @ Ep926) | LR: 0.000300 | Rev: 0/99999
Epoch 2161 | Cost: 0.084608 | Acc: 88.89% (Best: 94.44% @ Ep926) | LR: 0.000300 | Rev: 0/99999
Epoch 2162 | Cost: 0.077735 | Acc: 88.89% (Best: 94.44% @ Ep926) | LR: 0.000300 | Rev: 0/99999
Epoch 2163 | Cost: 0.101072 | Acc: 88.89% (Best: 94.44% @ Ep926) | LR: 0.000300 | Rev: 1/99999
Epoch 2164 | Cost: 0.076400 | Acc: 88.89% (Best: 94.44% @ Ep926) | LR: 0.000300 | Rev: 0/99999
Epoch 2165 | Cost: 0.071322 | Acc: 88.89% (Best: 94.44% @ Ep926) | LR: 0.000300 | Rev: 0/99999
Epoch 2166 | Cost: 0.073992 | Acc: 88.89% (Best: 94.44% @ Ep926) | LR: 0.000300 | Rev: 1/99999
Epoch 2167 | Cost: 0.072657 | Acc: 88.89% (Best: 94.44% @ Ep926) | LR: 0.000300 | Rev: 0/99999
Epoch 2168 | Cost: 0.085871 | Acc: 88.89% (Best: 94.44% @ Ep926) | LR: 0.000300 | Rev: 1/99999
Epoch 2169 | Cost: 0.082026 | Acc: 86.11% (Best: 94.44% @ Ep926) | LR: 0.000300 | Rev: 0/99999
Epoch 2170 | Cost: 0.072585 | Acc: 88.89% (Best: 94.44% @ Ep926) | LR: 0.000300 | Rev: 0/99999
Epoch 2171 | Cost: 0.091638 | Acc: 88.89% (Best: 94.44% @ Ep926) | LR: 0.000300 | Rev: 1/99999
Epoch 2172 | Cost: 0.088312 | Acc: 88.89% (Best: 94.44% @ Ep926) | LR: 0.000300 | Rev: 0/99999
Epoch 2173 | Cost: 0.099191 | Acc: 88.89% (Best: 94.44% @ Ep926) | LR: 0.000300 | Rev: 1/99999
Epoch 2174 | Cost: 0.088890 | Acc: 88.89% (Best: 94.44% @ Ep926) | LR: 0.000300 | Rev: 0/99999
Epoch 2175 | Cost: 0.081550 | Acc: 88.89% (Best: 94.44% @ Ep926) | LR: 0.000300 | Rev: 0/99999
Epoch 2176 | Cost: 0.069650 | Acc: 88.89% (Best: 94.44% @ Ep926) | LR: 0.000300 | Rev: 0/99999
Epoch 2177 | Cost: 0.076915 | Acc: 88.89% (Best: 94.44% @ Ep926) | LR: 0.000300 | Rev: 1/99999
Epoch 2178 | Cost: 0.090924 | Acc: 86.11% (Best: 94.44% @ Ep926) | LR: 0.000300 | Rev: 2/99999
Epoch 2179 | Cost: 0.084979 | Acc: 88.89% (Best: 94.44% @ Ep926) | LR: 0.000300 | Rev: 0/99999
Epoch 2180 | Cost: 0.090350 | Acc: 86.11% (Best: 94.44% @ Ep926) | LR: 0.000300 | Rev: 1/99999
Epoch 2181 | Cost: 0.084490 | Acc: 88.89% (Best: 94.44% @ Ep926) | LR: 0.000300 | Rev: 0/99999
Epoch 2182 | Cost: 0.084133 | Acc: 88.89% (Best: 94.44% @ Ep926) | LR: 0.000300 | Rev: 0/99999
Epoch 2183 | Cost: 0.082226 | Acc: 88.89% (Best: 94.44% @ Ep926) | LR: 0.000300 | Rev: 0/99999
Epoch 2184 | Cost: 0.084017 | Acc: 86.11% (Best: 94.44% @ Ep926) | LR: 0.000300 | Rev: 1/99999
Epoch 2185 | Cost: 0.077822 | Acc: 88.89% (Best: 94.44% @ Ep926) | LR: 0.000300 | Rev: 0/99999
Epoch 2186 | Cost: 0.093407 | Acc: 86.11% (Best: 94.44% @ Ep926) | LR: 0.000300 | Rev: 1/99999
Epoch 2187 | Cost: 0.088742 | Acc: 86.11% (Best: 94.44% @ Ep926) | LR: 0.000300 | Rev: 0/99999
Epoch 2188 | Cost: 0.081103 | Acc: 88.89% (Best: 94.44% @ Ep926) | LR: 0.000300 | Rev: 0/99999
Epoch 2189 | Cost: 0.098928 | Acc: 88.89% (Best: 94.44% @ Ep926) | LR: 0.000300 | Rev: 1/99999
Epoch 2190 | Cost: 0.093407 | Acc: 88.89% (Best: 94.44% @ Ep926) | LR: 0.000300 | Rev: 0/99999
Epoch 2191 | Cost: 0.087569 | Acc: 88.89% (Best: 94.44% @ Ep926) | LR: 0.000300 | Rev: 0/99999
Epoch 2192 | Cost: 0.088464 | Acc: 88.89% (Best: 94.44% @ Ep926) | LR: 0.000300 | Rev: 1/99999
Epoch 2193 | Cost: 0.077538 | Acc: 88.89% (Best: 94.44% @ Ep926) | LR: 0.000300 | Rev: 0/99999
Epoch 2194 | Cost: 0.089077 | Acc: 88.89% (Best: 94.44% @ Ep926) | LR: 0.000300 | Rev: 1/99999
Epoch 2195 | Cost: 0.086144 | Acc: 88.89% (Best: 94.44% @ Ep926) | LR: 0.000300 | Rev: 0/99999
Epoch 2196 | Cost: 0.085830 | Acc: 88.89% (Best: 94.44% @ Ep926) | LR: 0.000300 | Rev: 0/99999
Epoch 2197 | Cost: 0.085519 | Acc: 86.11% (Best: 94.44% @ Ep926) | LR: 0.000300 | Rev: 0/99999
Epoch 2198 | Cost: 0.087647 | Acc: 88.89% (Best: 94.44% @ Ep926) | LR: 0.000300 | Rev: 1/99999
Epoch 2199 | Cost: 0.089650 | Acc: 88.89% (Best: 94.44% @ Ep926) | LR: 0.000300 | Rev: 2/99999
Epoch 2200 | Cost: 0.077003 | Acc: 88.89% (Best: 94.44% @ Ep926) | LR: 0.000300 | Rev: 0/99999
Epoch 2201 | Cost: 0.096209 | Acc: 88.89% (Best: 94.44% @ Ep926) | LR: 0.000300 | Rev: 1/99999
Epoch 2202 | Cost: 0.075607 | Acc: 88.89% (Best: 94.44% @ Ep926) | LR: 0.000300 | Rev: 0/99999
Epoch 2203 | Cost: 0.090636 | Acc: 88.89% (Best: 94.44% @ Ep926) | LR: 0.000300 | Rev: 1/99999
Epoch 2204 | Cost: 0.080002 | Acc: 88.89% (Best: 94.44% @ Ep926) | LR: 0.000300 | Rev: 0/99999
Epoch 2205 | Cost: 0.073341 | Acc: 88.89% (Best: 94.44% @ Ep926) | LR: 0.000300 | Rev: 0/99999
Epoch 2206 | Cost: 0.072510 | Acc: 88.89% (Best: 94.44% @ Ep926) | LR: 0.000300 | Rev: 0/99999
Epoch 2207 | Cost: 0.095420 | Acc: 88.89% (Best: 94.44% @ Ep926) | LR: 0.000300 | Rev: 1/99999
Epoch 2208 | Cost: 0.088147 | Acc: 88.89% (Best: 94.44% @ Ep926) | LR: 0.000300 | Rev: 0/99999
Epoch 2209 | Cost: 0.075631 | Acc: 88.89% (Best: 94.44% @ Ep926) | LR: 0.000300 | Rev: 0/99999
Epoch 2210 | Cost: 0.092914 | Acc: 88.89% (Best: 94.44% @ Ep926) | LR: 0.000300 | Rev: 1/99999
Epoch 2211 | Cost: 0.080873 | Acc: 88.89% (Best: 94.44% @ Ep926) | LR: 0.000300 | Rev: 0/99999
Epoch 2212 | Cost: 0.076040 | Acc: 88.89% (Best: 94.44% @ Ep926) | LR: 0.000300 | Rev: 0/99999
Epoch 2213 | Cost: 0.116184 | Acc: 88.89% (Best: 94.44% @ Ep926) | LR: 0.000300 | Rev: 1/99999
Epoch 2214 | Cost: 0.069527 | Acc: 88.89% (Best: 94.44% @ Ep926) | LR: 0.000300 | Rev: 0/99999
Epoch 2215 | Cost: 0.095958 | Acc: 88.89% (Best: 94.44% @ Ep926) | LR: 0.000300 | Rev: 1/99999
Epoch 2216 | Cost: 0.083845 | Acc: 88.89% (Best: 94.44% @ Ep926) | LR: 0.000300 | Rev: 0/99999
Epoch 2217 | Cost: 0.087328 | Acc: 88.89% (Best: 94.44% @ Ep926) | LR: 0.000300 | Rev: 1/99999
Epoch 2218 | Cost: 0.069848 | Acc: 88.89% (Best: 94.44% @ Ep926) | LR: 0.000300 | Rev: 0/99999
Epoch 2219 | Cost: 0.092018 | Acc: 88.89% (Best: 94.44% @ Ep926) | LR: 0.000300 | Rev: 1/99999
Epoch 2220 | Cost: 0.089165 | Acc: 88.89% (Best: 94.44% @ Ep926) | LR: 0.000300 | Rev: 0/99999
Epoch 2221 | Cost: 0.080848 | Acc: 88.89% (Best: 94.44% @ Ep926) | LR: 0.000300 | Rev: 0/99999
Epoch 2222 | Cost: 0.076252 | Acc: 88.89% (Best: 94.44% @ Ep926) | LR: 0.000300 | Rev: 0/99999
Epoch 2223 | Cost: 0.095317 | Acc: 88.89% (Best: 94.44% @ Ep926) | LR: 0.000300 | Rev: 1/99999
Epoch 2224 | Cost: 0.070947 | Acc: 88.89% (Best: 94.44% @ Ep926) | LR: 0.000300 | Rev: 0/99999
Epoch 2225 | Cost: 0.074908 | Acc: 88.89% (Best: 94.44% @ Ep926) | LR: 0.000300 | Rev: 1/99999
Epoch 2226 | Cost: 0.085990 | Acc: 88.89% (Best: 94.44% @ Ep926) | LR: 0.000300 | Rev: 2/99999
Epoch 2227 | Cost: 0.078223 | Acc: 88.89% (Best: 94.44% @ Ep926) | LR: 0.000300 | Rev: 0/99999
Epoch 2228 | Cost: 0.091889 | Acc: 88.89% (Best: 94.44% @ Ep926) | LR: 0.000300 | Rev: 1/99999
Epoch 2229 | Cost: 0.076592 | Acc: 88.89% (Best: 94.44% @ Ep926) | LR: 0.000300 | Rev: 0/99999
Epoch 2230 | Cost: 0.079155 | Acc: 88.89% (Best: 94.44% @ Ep926) | LR: 0.000300 | Rev: 1/99999
Epoch 2231 | Cost: 0.066079 | Acc: 88.89% (Best: 94.44% @ Ep926) | LR: 0.000300 | Rev: 0/99999
Epoch 2232 | Cost: 0.090575 | Acc: 88.89% (Best: 94.44% @ Ep926) | LR: 0.000300 | Rev: 1/99999
Epoch 2233 | Cost: 0.060001 | Acc: 88.89% (Best: 94.44% @ Ep926) | LR: 0.000300 | Rev: 0/99999
Epoch 2234 | Cost: 0.092251 | Acc: 88.89% (Best: 94.44% @ Ep926) | LR: 0.000300 | Rev: 1/99999
Epoch 2235 | Cost: 0.080464 | Acc: 88.89% (Best: 94.44% @ Ep926) | LR: 0.000300 | Rev: 0/99999
Epoch 2236 | Cost: 0.091938 | Acc: 88.89% (Best: 94.44% @ Ep926) | LR: 0.000300 | Rev: 1/99999
Epoch 2237 | Cost: 0.088805 | Acc: 88.89% (Best: 94.44% @ Ep926) | LR: 0.000300 | Rev: 0/99999
Epoch 2238 | Cost: 0.073451 | Acc: 88.89% (Best: 94.44% @ Ep926) | LR: 0.000300 | Rev: 0/99999
Epoch 2239 | Cost: 0.070463 | Acc: 88.89% (Best: 94.44% @ Ep926) | LR: 0.000300 | Rev: 0/99999
Epoch 2240 | Cost: 0.077745 | Acc: 88.89% (Best: 94.44% @ Ep926) | LR: 0.000300 | Rev: 1/99999
Epoch 2241 | Cost: 0.084192 | Acc: 88.89% (Best: 94.44% @ Ep926) | LR: 0.000300 | Rev: 2/99999
Epoch 2242 | Cost: 0.079479 | Acc: 88.89% (Best: 94.44% @ Ep926) | LR: 0.000300 | Rev: 0/99999
Epoch 2243 | Cost: 0.073555 | Acc: 88.89% (Best: 94.44% @ Ep926) | LR: 0.000300 | Rev: 0/99999
Epoch 2244 | Cost: 0.090441 | Acc: 88.89% (Best: 94.44% @ Ep926) | LR: 0.000300 | Rev: 1/99999
Epoch 2245 | Cost: 0.069092 | Acc: 88.89% (Best: 94.44% @ Ep926) | LR: 0.000300 | Rev: 0/99999
Epoch 2246 | Cost: 0.084718 | Acc: 88.89% (Best: 94.44% @ Ep926) | LR: 0.000300 | Rev: 1/99999
Epoch 2247 | Cost: 0.081951 | Acc: 88.89% (Best: 94.44% @ Ep926) | LR: 0.000300 | Rev: 0/99999
Epoch 2248 | Cost: 0.077308 | Acc: 88.89% (Best: 94.44% @ Ep926) | LR: 0.000300 | Rev: 0/99999
Epoch 2249 | Cost: 0.094533 | Acc: 88.89% (Best: 94.44% @ Ep926) | LR: 0.000300 | Rev: 1/99999
Epoch 2250 | Cost: 0.079373 | Acc: 88.89% (Best: 94.44% @ Ep926) | LR: 0.000300 | Rev: 0/99999
Epoch 2251 | Cost: 0.097671 | Acc: 88.89% (Best: 94.44% @ Ep926) | LR: 0.000300 | Rev: 1/99999
Epoch 2252 | Cost: 0.080580 | Acc: 88.89% (Best: 94.44% @ Ep926) | LR: 0.000300 | Rev: 0/99999
Epoch 2253 | Cost: 0.075683 | Acc: 88.89% (Best: 94.44% @ Ep926) | LR: 0.000300 | Rev: 0/99999
Epoch 2254 | Cost: 0.076417 | Acc: 88.89% (Best: 94.44% @ Ep926) | LR: 0.000300 | Rev: 1/99999
Epoch 2255 | Cost: 0.085768 | Acc: 88.89% (Best: 94.44% @ Ep926) | LR: 0.000300 | Rev: 2/99999
Epoch 2256 | Cost: 0.087555 | Acc: 88.89% (Best: 94.44% @ Ep926) | LR: 0.000300 | Rev: 3/99999
Epoch 2257 | Cost: 0.096137 | Acc: 88.89% (Best: 94.44% @ Ep926) | LR: 0.000300 | Rev: 4/99999
Epoch 2258 | Cost: 0.072056 | Acc: 88.89% (Best: 94.44% @ Ep926) | LR: 0.000300 | Rev: 0/99999
Epoch 2259 | Cost: 0.086845 | Acc: 88.89% (Best: 94.44% @ Ep926) | LR: 0.000300 | Rev: 1/99999
Epoch 2260 | Cost: 0.076970 | Acc: 88.89% (Best: 94.44% @ Ep926) | LR: 0.000300 | Rev: 0/99999
Epoch 2261 | Cost: 0.087442 | Acc: 88.89% (Best: 94.44% @ Ep926) | LR: 0.000300 | Rev: 1/99999
Epoch 2262 | Cost: 0.080164 | Acc: 88.89% (Best: 94.44% @ Ep926) | LR: 0.000300 | Rev: 0/99999
Epoch 2263 | Cost: 0.082240 | Acc: 88.89% (Best: 94.44% @ Ep926) | LR: 0.000300 | Rev: 1/99999
Epoch 2264 | Cost: 0.077441 | Acc: 88.89% (Best: 94.44% @ Ep926) | LR: 0.000300 | Rev: 0/99999
Epoch 2265 | Cost: 0.071534 | Acc: 88.89% (Best: 94.44% @ Ep926) | LR: 0.000300 | Rev: 0/99999
Epoch 2266 | Cost: 0.082168 | Acc: 88.89% (Best: 94.44% @ Ep926) | LR: 0.000300 | Rev: 1/99999
Epoch 2267 | Cost: 0.081998 | Acc: 88.89% (Best: 94.44% @ Ep926) | LR: 0.000300 | Rev: 0/99999
Epoch 2268 | Cost: 0.072562 | Acc: 88.89% (Best: 94.44% @ Ep926) | LR: 0.000300 | Rev: 0/99999
Epoch 2269 | Cost: 0.088921 | Acc: 88.89% (Best: 94.44% @ Ep926) | LR: 0.000300 | Rev: 1/99999
Epoch 2270 | Cost: 0.094006 | Acc: 88.89% (Best: 94.44% @ Ep926) | LR: 0.000300 | Rev: 2/99999
Epoch 2271 | Cost: 0.079803 | Acc: 88.89% (Best: 94.44% @ Ep926) | LR: 0.000300 | Rev: 0/99999
Epoch 2272 | Cost: 0.084587 | Acc: 88.89% (Best: 94.44% @ Ep926) | LR: 0.000300 | Rev: 1/99999
Epoch 2273 | Cost: 0.090439 | Acc: 88.89% (Best: 94.44% @ Ep926) | LR: 0.000300 | Rev: 2/99999
Epoch 2274 | Cost: 0.087785 | Acc: 88.89% (Best: 94.44% @ Ep926) | LR: 0.000300 | Rev: 0/99999
Epoch 2275 | Cost: 0.077449 | Acc: 88.89% (Best: 94.44% @ Ep926) | LR: 0.000300 | Rev: 0/99999
Epoch 2276 | Cost: 0.097274 | Acc: 88.89% (Best: 94.44% @ Ep926) | LR: 0.000300 | Rev: 1/99999
Epoch 2277 | Cost: 0.080105 | Acc: 88.89% (Best: 94.44% @ Ep926) | LR: 0.000300 | Rev: 0/99999
Epoch 2278 | Cost: 0.077701 | Acc: 88.89% (Best: 94.44% @ Ep926) | LR: 0.000300 | Rev: 0/99999
Epoch 2279 | Cost: 0.083303 | Acc: 88.89% (Best: 94.44% @ Ep926) | LR: 0.000300 | Rev: 1/99999
Epoch 2280 | Cost: 0.087105 | Acc: 88.89% (Best: 94.44% @ Ep926) | LR: 0.000300 | Rev: 2/99999
Epoch 2281 | Cost: 0.074407 | Acc: 88.89% (Best: 94.44% @ Ep926) | LR: 0.000300 | Rev: 0/99999
Epoch 2282 | Cost: 0.079802 | Acc: 88.89% (Best: 94.44% @ Ep926) | LR: 0.000300 | Rev: 1/99999
Epoch 2283 | Cost: 0.089173 | Acc: 88.89% (Best: 94.44% @ Ep926) | LR: 0.000300 | Rev: 2/99999
Epoch 2284 | Cost: 0.080804 | Acc: 88.89% (Best: 94.44% @ Ep926) | LR: 0.000300 | Rev: 0/99999
Epoch 2285 | Cost: 0.086456 | Acc: 88.89% (Best: 94.44% @ Ep926) | LR: 0.000300 | Rev: 1/99999
Epoch 2286 | Cost: 0.096604 | Acc: 88.89% (Best: 94.44% @ Ep926) | LR: 0.000300 | Rev: 2/99999
Epoch 2287 | Cost: 0.074685 | Acc: 88.89% (Best: 94.44% @ Ep926) | LR: 0.000300 | Rev: 0/99999
Epoch 2288 | Cost: 0.066837 | Acc: 88.89% (Best: 94.44% @ Ep926) | LR: 0.000300 | Rev: 0/99999
Epoch 2289 | Cost: 0.086540 | Acc: 88.89% (Best: 94.44% @ Ep926) | LR: 0.000300 | Rev: 1/99999
Epoch 2290 | Cost: 0.088153 | Acc: 88.89% (Best: 94.44% @ Ep926) | LR: 0.000300 | Rev: 2/99999
Epoch 2291 | Cost: 0.096766 | Acc: 88.89% (Best: 94.44% @ Ep926) | LR: 0.000300 | Rev: 3/99999
Epoch 2292 | Cost: 0.098489 | Acc: 88.89% (Best: 94.44% @ Ep926) | LR: 0.000300 | Rev: 4/99999
Epoch 2293 | Cost: 0.084065 | Acc: 88.89% (Best: 94.44% @ Ep926) | LR: 0.000300 | Rev: 0/99999
Epoch 2294 | Cost: 0.086635 | Acc: 88.89% (Best: 94.44% @ Ep926) | LR: 0.000300 | Rev: 1/99999
Epoch 2295 | Cost: 0.091512 | Acc: 88.89% (Best: 94.44% @ Ep926) | LR: 0.000300 | Rev: 2/99999
Epoch 2296 | Cost: 0.093322 | Acc: 88.89% (Best: 94.44% @ Ep926) | LR: 0.000300 | Rev: 3/99999
Epoch 2297 | Cost: 0.082856 | Acc: 88.89% (Best: 94.44% @ Ep926) | LR: 0.000300 | Rev: 0/99999
Epoch 2298 | Cost: 0.076836 | Acc: 88.89% (Best: 94.44% @ Ep926) | LR: 0.000300 | Rev: 0/99999
Epoch 2299 | Cost: 0.076924 | Acc: 88.89% (Best: 94.44% @ Ep926) | LR: 0.000300 | Rev: 1/99999
Epoch 2300 | Cost: 0.080282 | Acc: 88.89% (Best: 94.44% @ Ep926) | LR: 0.000300 | Rev: 2/99999
Epoch 2301 | Cost: 0.088686 | Acc: 88.89% (Best: 94.44% @ Ep926) | LR: 0.000300 | Rev: 3/99999
Epoch 2302 | Cost: 0.075444 | Acc: 88.89% (Best: 94.44% @ Ep926) | LR: 0.000300 | Rev: 0/99999
Epoch 2303 | Cost: 0.089690 | Acc: 88.89% (Best: 94.44% @ Ep926) | LR: 0.000300 | Rev: 1/99999
Epoch 2304 | Cost: 0.071127 | Acc: 88.89% (Best: 94.44% @ Ep926) | LR: 0.000300 | Rev: 0/99999
Epoch 2305 | Cost: 0.069900 | Acc: 88.89% (Best: 94.44% @ Ep926) | LR: 0.000300 | Rev: 0/99999
Epoch 2306 | Cost: 0.075208 | Acc: 88.89% (Best: 94.44% @ Ep926) | LR: 0.000300 | Rev: 1/99999
Epoch 2307 | Cost: 0.071809 | Acc: 88.89% (Best: 94.44% @ Ep926) | LR: 0.000300 | Rev: 0/99999
Epoch 2308 | Cost: 0.078412 | Acc: 88.89% (Best: 94.44% @ Ep926) | LR: 0.000300 | Rev: 1/99999
Epoch 2309 | Cost: 0.070516 | Acc: 88.89% (Best: 94.44% @ Ep926) | LR: 0.000300 | Rev: 0/99999
Epoch 2310 | Cost: 0.087865 | Acc: 88.89% (Best: 94.44% @ Ep926) | LR: 0.000300 | Rev: 1/99999
Epoch 2311 | Cost: 0.072270 | Acc: 88.89% (Best: 94.44% @ Ep926) | LR: 0.000300 | Rev: 0/99999
Epoch 2312 | Cost: 0.072330 | Acc: 86.11% (Best: 94.44% @ Ep926) | LR: 0.000300 | Rev: 1/99999
Epoch 2313 | Cost: 0.065506 | Acc: 86.11% (Best: 94.44% @ Ep926) | LR: 0.000300 | Rev: 0/99999
Epoch 2314 | Cost: 0.083681 | Acc: 86.11% (Best: 94.44% @ Ep926) | LR: 0.000300 | Rev: 1/99999
Epoch 2315 | Cost: 0.068914 | Acc: 86.11% (Best: 94.44% @ Ep926) | LR: 0.000300 | Rev: 0/99999
Epoch 2316 | Cost: 0.085770 | Acc: 86.11% (Best: 94.44% @ Ep926) | LR: 0.000300 | Rev: 1/99999
Epoch 2317 | Cost: 0.064607 | Acc: 86.11% (Best: 94.44% @ Ep926) | LR: 0.000300 | Rev: 0/99999
Epoch 2318 | Cost: 0.070058 | Acc: 86.11% (Best: 94.44% @ Ep926) | LR: 0.000300 | Rev: 1/99999
Epoch 2319 | Cost: 0.074922 | Acc: 88.89% (Best: 94.44% @ Ep926) | LR: 0.000300 | Rev: 2/99999
Epoch 2320 | Cost: 0.084330 | Acc: 88.89% (Best: 94.44% @ Ep926) | LR: 0.000300 | Rev: 3/99999
Epoch 2321 | Cost: 0.062941 | Acc: 88.89% (Best: 94.44% @ Ep926) | LR: 0.000300 | Rev: 0/99999
Epoch 2322 | Cost: 0.075442 | Acc: 88.89% (Best: 94.44% @ Ep926) | LR: 0.000300 | Rev: 1/99999
Epoch 2323 | Cost: 0.074877 | Acc: 88.89% (Best: 94.44% @ Ep926) | LR: 0.000300 | Rev: 0/99999
Epoch 2324 | Cost: 0.093531 | Acc: 88.89% (Best: 94.44% @ Ep926) | LR: 0.000300 | Rev: 1/99999
Epoch 2325 | Cost: 0.076754 | Acc: 88.89% (Best: 94.44% @ Ep926) | LR: 0.000300 | Rev: 0/99999
Epoch 2326 | Cost: 0.067359 | Acc: 88.89% (Best: 94.44% @ Ep926) | LR: 0.000300 | Rev: 0/99999
Epoch 2327 | Cost: 0.060611 | Acc: 88.89% (Best: 94.44% @ Ep926) | LR: 0.000300 | Rev: 0/99999
Epoch 2328 | Cost: 0.101811 | Acc: 88.89% (Best: 94.44% @ Ep926) | LR: 0.000300 | Rev: 1/99999
Epoch 2329 | Cost: 0.095653 | Acc: 88.89% (Best: 94.44% @ Ep926) | LR: 0.000300 | Rev: 0/99999
Epoch 2330 | Cost: 0.064426 | Acc: 88.89% (Best: 94.44% @ Ep926) | LR: 0.000300 | Rev: 0/99999
Epoch 2331 | Cost: 0.082405 | Acc: 88.89% (Best: 94.44% @ Ep926) | LR: 0.000300 | Rev: 1/99999
Epoch 2332 | Cost: 0.060822 | Acc: 88.89% (Best: 94.44% @ Ep926) | LR: 0.000300 | Rev: 0/99999
Epoch 2333 | Cost: 0.060889 | Acc: 88.89% (Best: 94.44% @ Ep926) | LR: 0.000300 | Rev: 1/99999
Epoch 2334 | Cost: 0.071588 | Acc: 88.89% (Best: 94.44% @ Ep926) | LR: 0.000300 | Rev: 2/99999
Epoch 2335 | Cost: 0.067303 | Acc: 88.89% (Best: 94.44% @ Ep926) | LR: 0.000300 | Rev: 0/99999
Epoch 2336 | Cost: 0.059781 | Acc: 88.89% (Best: 94.44% @ Ep926) | LR: 0.000300 | Rev: 0/99999
Epoch 2337 | Cost: 0.074525 | Acc: 88.89% (Best: 94.44% @ Ep926) | LR: 0.000300 | Rev: 1/99999
Epoch 2338 | Cost: 0.073335 | Acc: 88.89% (Best: 94.44% @ Ep926) | LR: 0.000300 | Rev: 0/99999
Epoch 2339 | Cost: 0.081537 | Acc: 88.89% (Best: 94.44% @ Ep926) | LR: 0.000300 | Rev: 1/99999
Epoch 2340 | Cost: 0.075310 | Acc: 88.89% (Best: 94.44% @ Ep926) | LR: 0.000300 | Rev: 0/99999
Epoch 2341 | Cost: 0.072696 | Acc: 88.89% (Best: 94.44% @ Ep926) | LR: 0.000300 | Rev: 0/99999
Epoch 2342 | Cost: 0.083254 | Acc: 88.89% (Best: 94.44% @ Ep926) | LR: 0.000300 | Rev: 1/99999
Epoch 2343 | Cost: 0.081090 | Acc: 88.89% (Best: 94.44% @ Ep926) | LR: 0.000300 | Rev: 0/99999
Epoch 2344 | Cost: 0.079350 | Acc: 88.89% (Best: 94.44% @ Ep926) | LR: 0.000300 | Rev: 0/99999
Epoch 2345 | Cost: 0.080339 | Acc: 88.89% (Best: 94.44% @ Ep926) | LR: 0.000300 | Rev: 1/99999
Epoch 2346 | Cost: 0.073542 | Acc: 86.11% (Best: 94.44% @ Ep926) | LR: 0.000300 | Rev: 0/99999
Epoch 2347 | Cost: 0.070165 | Acc: 88.89% (Best: 94.44% @ Ep926) | LR: 0.000300 | Rev: 0/99999
Epoch 2348 | Cost: 0.072423 | Acc: 88.89% (Best: 94.44% @ Ep926) | LR: 0.000300 | Rev: 1/99999
Epoch 2349 | Cost: 0.063395 | Acc: 88.89% (Best: 94.44% @ Ep926) | LR: 0.000300 | Rev: 0/99999
Epoch 2350 | Cost: 0.077518 | Acc: 88.89% (Best: 94.44% @ Ep926) | LR: 0.000300 | Rev: 1/99999
Epoch 2351 | Cost: 0.073481 | Acc: 88.89% (Best: 94.44% @ Ep926) | LR: 0.000300 | Rev: 0/99999
Epoch 2352 | Cost: 0.073966 | Acc: 88.89% (Best: 94.44% @ Ep926) | LR: 0.000300 | Rev: 1/99999
Epoch 2353 | Cost: 0.072403 | Acc: 88.89% (Best: 94.44% @ Ep926) | LR: 0.000300 | Rev: 0/99999
Epoch 2354 | Cost: 0.061546 | Acc: 88.89% (Best: 94.44% @ Ep926) | LR: 0.000300 | Rev: 0/99999
Epoch 2355 | Cost: 0.068564 | Acc: 88.89% (Best: 94.44% @ Ep926) | LR: 0.000300 | Rev: 1/99999
Epoch 2356 | Cost: 0.068045 | Acc: 88.89% (Best: 94.44% @ Ep926) | LR: 0.000300 | Rev: 0/99999
Epoch 2357 | Cost: 0.062297 | Acc: 88.89% (Best: 94.44% @ Ep926) | LR: 0.000300 | Rev: 0/99999
Epoch 2358 | Cost: 0.086174 | Acc: 88.89% (Best: 94.44% @ Ep926) | LR: 0.000300 | Rev: 1/99999
Epoch 2359 | Cost: 0.076369 | Acc: 88.89% (Best: 94.44% @ Ep926) | LR: 0.000300 | Rev: 0/99999
Epoch 2360 | Cost: 0.080551 | Acc: 88.89% (Best: 94.44% @ Ep926) | LR: 0.000300 | Rev: 1/99999
Epoch 2361 | Cost: 0.081934 | Acc: 88.89% (Best: 94.44% @ Ep926) | LR: 0.000300 | Rev: 2/99999
Epoch 2362 | Cost: 0.077361 | Acc: 88.89% (Best: 94.44% @ Ep926) | LR: 0.000300 | Rev: 0/99999
Epoch 2363 | Cost: 0.070653 | Acc: 88.89% (Best: 94.44% @ Ep926) | LR: 0.000300 | Rev: 0/99999
Epoch 2364 | Cost: 0.073967 | Acc: 88.89% (Best: 94.44% @ Ep926) | LR: 0.000300 | Rev: 1/99999
Epoch 2365 | Cost: 0.071191 | Acc: 88.89% (Best: 94.44% @ Ep926) | LR: 0.000300 | Rev: 0/99999
Epoch 2366 | Cost: 0.085565 | Acc: 88.89% (Best: 94.44% @ Ep926) | LR: 0.000300 | Rev: 1/99999
Epoch 2367 | Cost: 0.068272 | Acc: 88.89% (Best: 94.44% @ Ep926) | LR: 0.000300 | Rev: 0/99999
Epoch 2368 | Cost: 0.074721 | Acc: 88.89% (Best: 94.44% @ Ep926) | LR: 0.000300 | Rev: 1/99999
Epoch 2369 | Cost: 0.089346 | Acc: 88.89% (Best: 94.44% @ Ep926) | LR: 0.000300 | Rev: 2/99999
Epoch 2370 | Cost: 0.077600 | Acc: 88.89% (Best: 94.44% @ Ep926) | LR: 0.000300 | Rev: 0/99999
Epoch 2371 | Cost: 0.079661 | Acc: 88.89% (Best: 94.44% @ Ep926) | LR: 0.000300 | Rev: 1/99999
Epoch 2372 | Cost: 0.062844 | Acc: 88.89% (Best: 94.44% @ Ep926) | LR: 0.000300 | Rev: 0/99999
Epoch 2373 | Cost: 0.080666 | Acc: 88.89% (Best: 94.44% @ Ep926) | LR: 0.000300 | Rev: 1/99999
Epoch 2374 | Cost: 0.072336 | Acc: 88.89% (Best: 94.44% @ Ep926) | LR: 0.000300 | Rev: 0/99999
Epoch 2375 | Cost: 0.068734 | Acc: 88.89% (Best: 94.44% @ Ep926) | LR: 0.000300 | Rev: 0/99999
Epoch 2376 | Cost: 0.059687 | Acc: 88.89% (Best: 94.44% @ Ep926) | LR: 0.000300 | Rev: 0/99999
Epoch 2377 | Cost: 0.064660 | Acc: 88.89% (Best: 94.44% @ Ep926) | LR: 0.000300 | Rev: 1/99999
Epoch 2378 | Cost: 0.076526 | Acc: 88.89% (Best: 94.44% @ Ep926) | LR: 0.000300 | Rev: 2/99999
Epoch 2379 | Cost: 0.087845 | Acc: 88.89% (Best: 94.44% @ Ep926) | LR: 0.000300 | Rev: 3/99999
Epoch 2380 | Cost: 0.074654 | Acc: 88.89% (Best: 94.44% @ Ep926) | LR: 0.000300 | Rev: 0/99999
Epoch 2381 | Cost: 0.090741 | Acc: 88.89% (Best: 94.44% @ Ep926) | LR: 0.000300 | Rev: 1/99999
Epoch 2382 | Cost: 0.081018 | Acc: 88.89% (Best: 94.44% @ Ep926) | LR: 0.000300 | Rev: 0/99999
Epoch 2383 | Cost: 0.092438 | Acc: 88.89% (Best: 94.44% @ Ep926) | LR: 0.000300 | Rev: 1/99999
Epoch 2384 | Cost: 0.077310 | Acc: 88.89% (Best: 94.44% @ Ep926) | LR: 0.000300 | Rev: 0/99999
Epoch 2385 | Cost: 0.067808 | Acc: 88.89% (Best: 94.44% @ Ep926) | LR: 0.000300 | Rev: 0/99999
Epoch 2386 | Cost: 0.077264 | Acc: 88.89% (Best: 94.44% @ Ep926) | LR: 0.000300 | Rev: 1/99999
Epoch 2387 | Cost: 0.072001 | Acc: 88.89% (Best: 94.44% @ Ep926) | LR: 0.000300 | Rev: 0/99999
Epoch 2388 | Cost: 0.070341 | Acc: 88.89% (Best: 94.44% @ Ep926) | LR: 0.000300 | Rev: 0/99999
Epoch 2389 | Cost: 0.078176 | Acc: 88.89% (Best: 94.44% @ Ep926) | LR: 0.000300 | Rev: 1/99999
Epoch 2390 | Cost: 0.059651 | Acc: 88.89% (Best: 94.44% @ Ep926) | LR: 0.000300 | Rev: 0/99999
Epoch 2391 | Cost: 0.057851 | Acc: 88.89% (Best: 94.44% @ Ep926) | LR: 0.000300 | Rev: 0/99999
Epoch 2392 | Cost: 0.087958 | Acc: 88.89% (Best: 94.44% @ Ep926) | LR: 0.000300 | Rev: 1/99999
Epoch 2393 | Cost: 0.080742 | Acc: 86.11% (Best: 94.44% @ Ep926) | LR: 0.000300 | Rev: 0/99999
Epoch 2394 | Cost: 0.080793 | Acc: 86.11% (Best: 94.44% @ Ep926) | LR: 0.000300 | Rev: 1/99999
Epoch 2395 | Cost: 0.072211 | Acc: 88.89% (Best: 94.44% @ Ep926) | LR: 0.000300 | Rev: 0/99999
Epoch 2396 | Cost: 0.088632 | Acc: 88.89% (Best: 94.44% @ Ep926) | LR: 0.000300 | Rev: 1/99999
Epoch 2397 | Cost: 0.073765 | Acc: 88.89% (Best: 94.44% @ Ep926) | LR: 0.000300 | Rev: 0/99999
Epoch 2398 | Cost: 0.064726 | Acc: 88.89% (Best: 94.44% @ Ep926) | LR: 0.000300 | Rev: 0/99999
Epoch 2399 | Cost: 0.069934 | Acc: 88.89% (Best: 94.44% @ Ep926) | LR: 0.000300 | Rev: 1/99999
Epoch 2400 | Cost: 0.067261 | Acc: 88.89% (Best: 94.44% @ Ep926) | LR: 0.000300 | Rev: 0/99999
Epoch 2401 | Cost: 0.075801 | Acc: 88.89% (Best: 94.44% @ Ep926) | LR: 0.000300 | Rev: 1/99999
Epoch 2402 | Cost: 0.069888 | Acc: 88.89% (Best: 94.44% @ Ep926) | LR: 0.000300 | Rev: 0/99999
Epoch 2403 | Cost: 0.073583 | Acc: 88.89% (Best: 94.44% @ Ep926) | LR: 0.000300 | Rev: 1/99999
Epoch 2404 | Cost: 0.080022 | Acc: 88.89% (Best: 94.44% @ Ep926) | LR: 0.000300 | Rev: 2/99999
Epoch 2405 | Cost: 0.083361 | Acc: 88.89% (Best: 94.44% @ Ep926) | LR: 0.000300 | Rev: 3/99999
Epoch 2406 | Cost: 0.063351 | Acc: 86.11% (Best: 94.44% @ Ep926) | LR: 0.000300 | Rev: 0/99999
Epoch 2407 | Cost: 0.063761 | Acc: 86.11% (Best: 94.44% @ Ep926) | LR: 0.000300 | Rev: 1/99999
Epoch 2408 | Cost: 0.067565 | Acc: 88.89% (Best: 94.44% @ Ep926) | LR: 0.000300 | Rev: 2/99999
Epoch 2409 | Cost: 0.068597 | Acc: 88.89% (Best: 94.44% @ Ep926) | LR: 0.000300 | Rev: 3/99999
Epoch 2410 | Cost: 0.077931 | Acc: 88.89% (Best: 94.44% @ Ep926) | LR: 0.000300 | Rev: 4/99999
Epoch 2411 | Cost: 0.083673 | Acc: 88.89% (Best: 94.44% @ Ep926) | LR: 0.000300 | Rev: 5/99999
Epoch 2412 | Cost: 0.074651 | Acc: 88.89% (Best: 94.44% @ Ep926) | LR: 0.000300 | Rev: 0/99999
Epoch 2413 | Cost: 0.084891 | Acc: 88.89% (Best: 94.44% @ Ep926) | LR: 0.000300 | Rev: 1/99999
Epoch 2414 | Cost: 0.082449 | Acc: 88.89% (Best: 94.44% @ Ep926) | LR: 0.000300 | Rev: 0/99999
Epoch 2415 | Cost: 0.068782 | Acc: 88.89% (Best: 94.44% @ Ep926) | LR: 0.000300 | Rev: 0/99999
Epoch 2416 | Cost: 0.066083 | Acc: 88.89% (Best: 94.44% @ Ep926) | LR: 0.000300 | Rev: 0/99999
Epoch 2417 | Cost: 0.090576 | Acc: 88.89% (Best: 94.44% @ Ep926) | LR: 0.000300 | Rev: 1/99999
Epoch 2418 | Cost: 0.098000 | Acc: 88.89% (Best: 94.44% @ Ep926) | LR: 0.000300 | Rev: 2/99999
Epoch 2419 | Cost: 0.066624 | Acc: 88.89% (Best: 94.44% @ Ep926) | LR: 0.000300 | Rev: 0/99999
Epoch 2420 | Cost: 0.085744 | Acc: 88.89% (Best: 94.44% @ Ep926) | LR: 0.000300 | Rev: 1/99999
Epoch 2421 | Cost: 0.089518 | Acc: 88.89% (Best: 94.44% @ Ep926) | LR: 0.000300 | Rev: 2/99999
Epoch 2422 | Cost: 0.080816 | Acc: 88.89% (Best: 94.44% @ Ep926) | LR: 0.000300 | Rev: 0/99999
Epoch 2423 | Cost: 0.075258 | Acc: 88.89% (Best: 94.44% @ Ep926) | LR: 0.000300 | Rev: 0/99999
Epoch 2424 | Cost: 0.070107 | Acc: 88.89% (Best: 94.44% @ Ep926) | LR: 0.000300 | Rev: 0/99999
Epoch 2425 | Cost: 0.095622 | Acc: 88.89% (Best: 94.44% @ Ep926) | LR: 0.000300 | Rev: 1/99999
Epoch 2426 | Cost: 0.069895 | Acc: 88.89% (Best: 94.44% @ Ep926) | LR: 0.000300 | Rev: 0/99999
Epoch 2427 | Cost: 0.070620 | Acc: 88.89% (Best: 94.44% @ Ep926) | LR: 0.000300 | Rev: 1/99999
Epoch 2428 | Cost: 0.066704 | Acc: 88.89% (Best: 94.44% @ Ep926) | LR: 0.000300 | Rev: 0/99999
Epoch 2429 | Cost: 0.072793 | Acc: 88.89% (Best: 94.44% @ Ep926) | LR: 0.000300 | Rev: 1/99999
Epoch 2430 | Cost: 0.083394 | Acc: 88.89% (Best: 94.44% @ Ep926) | LR: 0.000300 | Rev: 2/99999
Epoch 2431 | Cost: 0.071243 | Acc: 88.89% (Best: 94.44% @ Ep926) | LR: 0.000300 | Rev: 0/99999
Epoch 2432 | Cost: 0.064283 | Acc: 88.89% (Best: 94.44% @ Ep926) | LR: 0.000300 | Rev: 0/99999
Epoch 2433 | Cost: 0.075071 | Acc: 88.89% (Best: 94.44% @ Ep926) | LR: 0.000300 | Rev: 1/99999
Epoch 2434 | Cost: 0.065483 | Acc: 88.89% (Best: 94.44% @ Ep926) | LR: 0.000300 | Rev: 0/99999
Epoch 2435 | Cost: 0.076390 | Acc: 88.89% (Best: 94.44% @ Ep926) | LR: 0.000300 | Rev: 1/99999
Epoch 2436 | Cost: 0.078037 | Acc: 88.89% (Best: 94.44% @ Ep926) | LR: 0.000300 | Rev: 2/99999
Epoch 2437 | Cost: 0.084633 | Acc: 88.89% (Best: 94.44% @ Ep926) | LR: 0.000300 | Rev: 3/99999
Epoch 2438 | Cost: 0.071926 | Acc: 88.89% (Best: 94.44% @ Ep926) | LR: 0.000300 | Rev: 0/99999
Epoch 2439 | Cost: 0.065718 | Acc: 88.89% (Best: 94.44% @ Ep926) | LR: 0.000300 | Rev: 0/99999
Epoch 2440 | Cost: 0.064941 | Acc: 88.89% (Best: 94.44% @ Ep926) | LR: 0.000300 | Rev: 0/99999
Epoch 2441 | Cost: 0.067592 | Acc: 88.89% (Best: 94.44% @ Ep926) | LR: 0.000300 | Rev: 1/99999
Epoch 2442 | Cost: 0.065014 | Acc: 88.89% (Best: 94.44% @ Ep926) | LR: 0.000300 | Rev: 0/99999
Epoch 2443 | Cost: 0.076765 | Acc: 88.89% (Best: 94.44% @ Ep926) | LR: 0.000300 | Rev: 1/99999
Epoch 2444 | Cost: 0.072830 | Acc: 88.89% (Best: 94.44% @ Ep926) | LR: 0.000300 | Rev: 0/99999
Epoch 2445 | Cost: 0.074808 | Acc: 88.89% (Best: 94.44% @ Ep926) | LR: 0.000300 | Rev: 1/99999
Epoch 2446 | Cost: 0.080410 | Acc: 88.89% (Best: 94.44% @ Ep926) | LR: 0.000300 | Rev: 2/99999
Epoch 2447 | Cost: 0.059426 | Acc: 88.89% (Best: 94.44% @ Ep926) | LR: 0.000300 | Rev: 0/99999
Epoch 2448 | Cost: 0.058036 | Acc: 88.89% (Best: 94.44% @ Ep926) | LR: 0.000300 | Rev: 0/99999
Epoch 2449 | Cost: 0.052790 | Acc: 88.89% (Best: 94.44% @ Ep926) | LR: 0.000300 | Rev: 0/99999
Epoch 2450 | Cost: 0.075152 | Acc: 88.89% (Best: 94.44% @ Ep926) | LR: 0.000300 | Rev: 1/99999
Epoch 2451 | Cost: 0.071800 | Acc: 86.11% (Best: 94.44% @ Ep926) | LR: 0.000300 | Rev: 0/99999
Epoch 2452 | Cost: 0.072548 | Acc: 86.11% (Best: 94.44% @ Ep926) | LR: 0.000300 | Rev: 1/99999
Epoch 2453 | Cost: 0.072989 | Acc: 86.11% (Best: 94.44% @ Ep926) | LR: 0.000300 | Rev: 2/99999
Epoch 2454 | Cost: 0.071504 | Acc: 86.11% (Best: 94.44% @ Ep926) | LR: 0.000300 | Rev: 0/99999
Epoch 2455 | Cost: 0.069625 | Acc: 88.89% (Best: 94.44% @ Ep926) | LR: 0.000300 | Rev: 0/99999
Epoch 2456 | Cost: 0.065107 | Acc: 88.89% (Best: 94.44% @ Ep926) | LR: 0.000300 | Rev: 0/99999
Epoch 2457 | Cost: 0.074164 | Acc: 88.89% (Best: 94.44% @ Ep926) | LR: 0.000300 | Rev: 1/99999
Epoch 2458 | Cost: 0.062589 | Acc: 88.89% (Best: 94.44% @ Ep926) | LR: 0.000300 | Rev: 0/99999
Epoch 2459 | Cost: 0.065987 | Acc: 88.89% (Best: 94.44% @ Ep926) | LR: 0.000300 | Rev: 1/99999
Epoch 2460 | Cost: 0.067018 | Acc: 88.89% (Best: 94.44% @ Ep926) | LR: 0.000300 | Rev: 2/99999
Epoch 2461 | Cost: 0.075760 | Acc: 88.89% (Best: 94.44% @ Ep926) | LR: 0.000300 | Rev: 3/99999
Epoch 2462 | Cost: 0.082916 | Acc: 86.11% (Best: 94.44% @ Ep926) | LR: 0.000300 | Rev: 4/99999
Epoch 2463 | Cost: 0.066876 | Acc: 86.11% (Best: 94.44% @ Ep926) | LR: 0.000300 | Rev: 0/99999
Epoch 2464 | Cost: 0.085637 | Acc: 86.11% (Best: 94.44% @ Ep926) | LR: 0.000300 | Rev: 1/99999
Epoch 2465 | Cost: 0.060657 | Acc: 88.89% (Best: 94.44% @ Ep926) | LR: 0.000300 | Rev: 0/99999
Epoch 2466 | Cost: 0.062165 | Acc: 86.11% (Best: 94.44% @ Ep926) | LR: 0.000300 | Rev: 1/99999
Epoch 2467 | Cost: 0.066719 | Acc: 86.11% (Best: 94.44% @ Ep926) | LR: 0.000300 | Rev: 2/99999
Epoch 2468 | Cost: 0.059573 | Acc: 86.11% (Best: 94.44% @ Ep926) | LR: 0.000300 | Rev: 0/99999
Epoch 2469 | Cost: 0.059816 | Acc: 86.11% (Best: 94.44% @ Ep926) | LR: 0.000300 | Rev: 1/99999
Epoch 2470 | Cost: 0.068678 | Acc: 86.11% (Best: 94.44% @ Ep926) | LR: 0.000300 | Rev: 2/99999
Epoch 2471 | Cost: 0.071320 | Acc: 86.11% (Best: 94.44% @ Ep926) | LR: 0.000300 | Rev: 3/99999
Epoch 2472 | Cost: 0.067652 | Acc: 86.11% (Best: 94.44% @ Ep926) | LR: 0.000300 | Rev: 0/99999
Epoch 2473 | Cost: 0.071001 | Acc: 88.89% (Best: 94.44% @ Ep926) | LR: 0.000300 | Rev: 1/99999
Epoch 2474 | Cost: 0.071496 | Acc: 88.89% (Best: 94.44% @ Ep926) | LR: 0.000300 | Rev: 2/99999
Epoch 2475 | Cost: 0.065224 | Acc: 88.89% (Best: 94.44% @ Ep926) | LR: 0.000300 | Rev: 0/99999
Epoch 2476 | Cost: 0.074850 | Acc: 88.89% (Best: 94.44% @ Ep926) | LR: 0.000300 | Rev: 1/99999
Epoch 2477 | Cost: 0.074394 | Acc: 88.89% (Best: 94.44% @ Ep926) | LR: 0.000300 | Rev: 0/99999
Epoch 2478 | Cost: 0.066459 | Acc: 88.89% (Best: 94.44% @ Ep926) | LR: 0.000300 | Rev: 0/99999
Epoch 2479 | Cost: 0.069836 | Acc: 88.89% (Best: 94.44% @ Ep926) | LR: 0.000300 | Rev: 1/99999
Epoch 2480 | Cost: 0.064890 | Acc: 88.89% (Best: 94.44% @ Ep926) | LR: 0.000300 | Rev: 0/99999
Epoch 2481 | Cost: 0.072076 | Acc: 88.89% (Best: 94.44% @ Ep926) | LR: 0.000300 | Rev: 1/99999
Epoch 2482 | Cost: 0.073406 | Acc: 88.89% (Best: 94.44% @ Ep926) | LR: 0.000300 | Rev: 2/99999
Epoch 2483 | Cost: 0.066533 | Acc: 88.89% (Best: 94.44% @ Ep926) | LR: 0.000300 | Rev: 0/99999
Epoch 2484 | Cost: 0.065688 | Acc: 88.89% (Best: 94.44% @ Ep926) | LR: 0.000300 | Rev: 0/99999
Epoch 2485 | Cost: 0.062490 | Acc: 88.89% (Best: 94.44% @ Ep926) | LR: 0.000300 | Rev: 0/99999
Epoch 2486 | Cost: 0.063762 | Acc: 88.89% (Best: 94.44% @ Ep926) | LR: 0.000300 | Rev: 1/99999
Epoch 2487 | Cost: 0.071831 | Acc: 88.89% (Best: 94.44% @ Ep926) | LR: 0.000300 | Rev: 2/99999
Epoch 2488 | Cost: 0.072713 | Acc: 88.89% (Best: 94.44% @ Ep926) | LR: 0.000300 | Rev: 3/99999
Epoch 2489 | Cost: 0.051723 | Acc: 88.89% (Best: 94.44% @ Ep926) | LR: 0.000300 | Rev: 0/99999
Epoch 2490 | Cost: 0.076487 | Acc: 88.89% (Best: 94.44% @ Ep926) | LR: 0.000300 | Rev: 1/99999
Epoch 2491 | Cost: 0.064385 | Acc: 88.89% (Best: 94.44% @ Ep926) | LR: 0.000300 | Rev: 0/99999
Epoch 2492 | Cost: 0.062951 | Acc: 88.89% (Best: 94.44% @ Ep926) | LR: 0.000300 | Rev: 0/99999
Epoch 2493 | Cost: 0.072859 | Acc: 88.89% (Best: 94.44% @ Ep926) | LR: 0.000300 | Rev: 1/99999
Epoch 2494 | Cost: 0.053230 | Acc: 88.89% (Best: 94.44% @ Ep926) | LR: 0.000300 | Rev: 0/99999
Epoch 2495 | Cost: 0.063297 | Acc: 88.89% (Best: 94.44% @ Ep926) | LR: 0.000300 | Rev: 1/99999
Epoch 2496 | Cost: 0.072931 | Acc: 88.89% (Best: 94.44% @ Ep926) | LR: 0.000300 | Rev: 2/99999
Epoch 2497 | Cost: 0.080873 | Acc: 88.89% (Best: 94.44% @ Ep926) | LR: 0.000300 | Rev: 3/99999
Epoch 2498 | Cost: 0.057398 | Acc: 88.89% (Best: 94.44% @ Ep926) | LR: 0.000300 | Rev: 0/99999
Epoch 2499 | Cost: 0.061066 | Acc: 88.89% (Best: 94.44% @ Ep926) | LR: 0.000300 | Rev: 1/99999
Epoch 2500 | Cost: 0.075936 | Acc: 88.89% (Best: 94.44% @ Ep926) | LR: 0.000300 | Rev: 2/99999
Epoch 2501 | Cost: 0.078316 | Acc: 88.89% (Best: 94.44% @ Ep926) | LR: 0.000300 | Rev: 3/99999
Epoch 2502 | Cost: 0.076829 | Acc: 88.89% (Best: 94.44% @ Ep926) | LR: 0.000300 | Rev: 0/99999
Epoch 2503 | Cost: 0.063958 | Acc: 88.89% (Best: 94.44% @ Ep926) | LR: 0.000300 | Rev: 0/99999
Epoch 2504 | Cost: 0.065340 | Acc: 88.89% (Best: 94.44% @ Ep926) | LR: 0.000300 | Rev: 1/99999
Epoch 2505 | Cost: 0.056492 | Acc: 88.89% (Best: 94.44% @ Ep926) | LR: 0.000300 | Rev: 0/99999
Epoch 2506 | Cost: 0.074662 | Acc: 88.89% (Best: 94.44% @ Ep926) | LR: 0.000300 | Rev: 1/99999
Epoch 2507 | Cost: 0.058491 | Acc: 88.89% (Best: 94.44% @ Ep926) | LR: 0.000300 | Rev: 0/99999
Epoch 2508 | Cost: 0.075042 | Acc: 88.89% (Best: 94.44% @ Ep926) | LR: 0.000300 | Rev: 1/99999
Epoch 2509 | Cost: 0.072178 | Acc: 88.89% (Best: 94.44% @ Ep926) | LR: 0.000300 | Rev: 0/99999
Epoch 2510 | Cost: 0.067162 | Acc: 88.89% (Best: 94.44% @ Ep926) | LR: 0.000300 | Rev: 0/99999
Epoch 2511 | Cost: 0.054070 | Acc: 88.89% (Best: 94.44% @ Ep926) | LR: 0.000300 | Rev: 0/99999
Epoch 2512 | Cost: 0.070440 | Acc: 88.89% (Best: 94.44% @ Ep926) | LR: 0.000300 | Rev: 1/99999
Epoch 2513 | Cost: 0.063826 | Acc: 88.89% (Best: 94.44% @ Ep926) | LR: 0.000300 | Rev: 0/99999
Epoch 2514 | Cost: 0.057612 | Acc: 86.11% (Best: 94.44% @ Ep926) | LR: 0.000300 | Rev: 0/99999
Epoch 2515 | Cost: 0.062999 | Acc: 88.89% (Best: 94.44% @ Ep926) | LR: 0.000300 | Rev: 1/99999
Epoch 2516 | Cost: 0.057767 | Acc: 88.89% (Best: 94.44% @ Ep926) | LR: 0.000300 | Rev: 0/99999
Epoch 2517 | Cost: 0.092237 | Acc: 88.89% (Best: 94.44% @ Ep926) | LR: 0.000300 | Rev: 1/99999
Epoch 2518 | Cost: 0.070369 | Acc: 88.89% (Best: 94.44% @ Ep926) | LR: 0.000300 | Rev: 0/99999
Epoch 2519 | Cost: 0.065441 | Acc: 88.89% (Best: 94.44% @ Ep926) | LR: 0.000300 | Rev: 0/99999
Epoch 2520 | Cost: 0.080701 | Acc: 88.89% (Best: 94.44% @ Ep926) | LR: 0.000300 | Rev: 1/99999
Epoch 2521 | Cost: 0.065367 | Acc: 88.89% (Best: 94.44% @ Ep926) | LR: 0.000300 | Rev: 0/99999
Epoch 2522 | Cost: 0.057003 | Acc: 88.89% (Best: 94.44% @ Ep926) | LR: 0.000300 | Rev: 0/99999
Epoch 2523 | Cost: 0.055460 | Acc: 88.89% (Best: 94.44% @ Ep926) | LR: 0.000300 | Rev: 0/99999
Epoch 2524 | Cost: 0.069950 | Acc: 86.11% (Best: 94.44% @ Ep926) | LR: 0.000300 | Rev: 1/99999
Epoch 2525 | Cost: 0.063109 | Acc: 86.11% (Best: 94.44% @ Ep926) | LR: 0.000300 | Rev: 0/99999
Epoch 2526 | Cost: 0.062619 | Acc: 88.89% (Best: 94.44% @ Ep926) | LR: 0.000300 | Rev: 0/99999
Epoch 2527 | Cost: 0.062971 | Acc: 88.89% (Best: 94.44% @ Ep926) | LR: 0.000300 | Rev: 1/99999
Epoch 2528 | Cost: 0.078720 | Acc: 88.89% (Best: 94.44% @ Ep926) | LR: 0.000300 | Rev: 2/99999
Epoch 2529 | Cost: 0.049612 | Acc: 88.89% (Best: 94.44% @ Ep926) | LR: 0.000300 | Rev: 0/99999
Epoch 2530 | Cost: 0.058884 | Acc: 88.89% (Best: 94.44% @ Ep926) | LR: 0.000300 | Rev: 1/99999
Epoch 2531 | Cost: 0.057059 | Acc: 88.89% (Best: 94.44% @ Ep926) | LR: 0.000300 | Rev: 0/99999
Epoch 2532 | Cost: 0.080118 | Acc: 88.89% (Best: 94.44% @ Ep926) | LR: 0.000300 | Rev: 1/99999
Epoch 2533 | Cost: 0.062874 | Acc: 88.89% (Best: 94.44% @ Ep926) | LR: 0.000300 | Rev: 0/99999
Epoch 2534 | Cost: 0.076094 | Acc: 88.89% (Best: 94.44% @ Ep926) | LR: 0.000300 | Rev: 1/99999
Epoch 2535 | Cost: 0.072986 | Acc: 88.89% (Best: 94.44% @ Ep926) | LR: 0.000300 | Rev: 0/99999
Epoch 2536 | Cost: 0.082284 | Acc: 88.89% (Best: 94.44% @ Ep926) | LR: 0.000300 | Rev: 1/99999
Epoch 2537 | Cost: 0.066267 | Acc: 86.11% (Best: 94.44% @ Ep926) | LR: 0.000300 | Rev: 0/99999
Epoch 2538 | Cost: 0.050669 | Acc: 86.11% (Best: 94.44% @ Ep926) | LR: 0.000300 | Rev: 0/99999
Epoch 2539 | Cost: 0.065907 | Acc: 86.11% (Best: 94.44% @ Ep926) | LR: 0.000300 | Rev: 1/99999
Epoch 2540 | Cost: 0.070414 | Acc: 88.89% (Best: 94.44% @ Ep926) | LR: 0.000300 | Rev: 2/99999
Epoch 2541 | Cost: 0.063772 | Acc: 88.89% (Best: 94.44% @ Ep926) | LR: 0.000300 | Rev: 0/99999
Epoch 2542 | Cost: 0.061008 | Acc: 88.89% (Best: 94.44% @ Ep926) | LR: 0.000300 | Rev: 0/99999
Epoch 2543 | Cost: 0.069035 | Acc: 88.89% (Best: 94.44% @ Ep926) | LR: 0.000300 | Rev: 1/99999
Epoch 2544 | Cost: 0.065353 | Acc: 88.89% (Best: 94.44% @ Ep926) | LR: 0.000300 | Rev: 0/99999
Epoch 2545 | Cost: 0.077358 | Acc: 88.89% (Best: 94.44% @ Ep926) | LR: 0.000300 | Rev: 1/99999
Epoch 2546 | Cost: 0.054553 | Acc: 88.89% (Best: 94.44% @ Ep926) | LR: 0.000300 | Rev: 0/99999
Epoch 2547 | Cost: 0.071673 | Acc: 88.89% (Best: 94.44% @ Ep926) | LR: 0.000300 | Rev: 1/99999
Epoch 2548 | Cost: 0.061181 | Acc: 88.89% (Best: 94.44% @ Ep926) | LR: 0.000300 | Rev: 0/99999
Epoch 2549 | Cost: 0.070615 | Acc: 88.89% (Best: 94.44% @ Ep926) | LR: 0.000300 | Rev: 1/99999
Epoch 2550 | Cost: 0.082934 | Acc: 88.89% (Best: 94.44% @ Ep926) | LR: 0.000300 | Rev: 2/99999
Epoch 2551 | Cost: 0.075922 | Acc: 88.89% (Best: 94.44% @ Ep926) | LR: 0.000300 | Rev: 0/99999
Epoch 2552 | Cost: 0.060359 | Acc: 88.89% (Best: 94.44% @ Ep926) | LR: 0.000300 | Rev: 0/99999
Epoch 2553 | Cost: 0.065599 | Acc: 88.89% (Best: 94.44% @ Ep926) | LR: 0.000300 | Rev: 1/99999
Epoch 2554 | Cost: 0.076139 | Acc: 88.89% (Best: 94.44% @ Ep926) | LR: 0.000300 | Rev: 2/99999
Epoch 2555 | Cost: 0.068296 | Acc: 88.89% (Best: 94.44% @ Ep926) | LR: 0.000300 | Rev: 0/99999
Epoch 2556 | Cost: 0.072720 | Acc: 88.89% (Best: 94.44% @ Ep926) | LR: 0.000300 | Rev: 1/99999
Epoch 2557 | Cost: 0.050713 | Acc: 88.89% (Best: 94.44% @ Ep926) | LR: 0.000300 | Rev: 0/99999
Epoch 2558 | Cost: 0.069238 | Acc: 88.89% (Best: 94.44% @ Ep926) | LR: 0.000300 | Rev: 1/99999
Epoch 2559 | Cost: 0.086249 | Acc: 88.89% (Best: 94.44% @ Ep926) | LR: 0.000300 | Rev: 2/99999
Epoch 2560 | Cost: 0.089698 | Acc: 88.89% (Best: 94.44% @ Ep926) | LR: 0.000300 | Rev: 3/99999
Epoch 2561 | Cost: 0.082190 | Acc: 88.89% (Best: 94.44% @ Ep926) | LR: 0.000300 | Rev: 0/99999
Epoch 2562 | Cost: 0.066602 | Acc: 86.11% (Best: 94.44% @ Ep926) | LR: 0.000300 | Rev: 0/99999
Epoch 2563 | Cost: 0.075890 | Acc: 86.11% (Best: 94.44% @ Ep926) | LR: 0.000300 | Rev: 1/99999
Epoch 2564 | Cost: 0.072424 | Acc: 86.11% (Best: 94.44% @ Ep926) | LR: 0.000300 | Rev: 0/99999
Epoch 2565 | Cost: 0.063078 | Acc: 86.11% (Best: 94.44% @ Ep926) | LR: 0.000300 | Rev: 0/99999
Epoch 2566 | Cost: 0.060421 | Acc: 88.89% (Best: 94.44% @ Ep926) | LR: 0.000300 | Rev: 0/99999
Epoch 2567 | Cost: 0.086629 | Acc: 88.89% (Best: 94.44% @ Ep926) | LR: 0.000300 | Rev: 1/99999
Epoch 2568 | Cost: 0.062953 | Acc: 88.89% (Best: 94.44% @ Ep926) | LR: 0.000300 | Rev: 0/99999
Epoch 2569 | Cost: 0.073076 | Acc: 88.89% (Best: 94.44% @ Ep926) | LR: 0.000300 | Rev: 1/99999
Epoch 2570 | Cost: 0.068368 | Acc: 86.11% (Best: 94.44% @ Ep926) | LR: 0.000300 | Rev: 0/99999
Epoch 2571 | Cost: 0.051973 | Acc: 88.89% (Best: 94.44% @ Ep926) | LR: 0.000300 | Rev: 0/99999
Epoch 2572 | Cost: 0.067739 | Acc: 88.89% (Best: 94.44% @ Ep926) | LR: 0.000300 | Rev: 1/99999
Epoch 2573 | Cost: 0.066074 | Acc: 88.89% (Best: 94.44% @ Ep926) | LR: 0.000300 | Rev: 0/99999
Epoch 2574 | Cost: 0.053534 | Acc: 88.89% (Best: 94.44% @ Ep926) | LR: 0.000300 | Rev: 0/99999
Epoch 2575 | Cost: 0.051967 | Acc: 88.89% (Best: 94.44% @ Ep926) | LR: 0.000300 | Rev: 0/99999
Epoch 2576 | Cost: 0.062164 | Acc: 88.89% (Best: 94.44% @ Ep926) | LR: 0.000300 | Rev: 1/99999
Epoch 2577 | Cost: 0.068101 | Acc: 88.89% (Best: 94.44% @ Ep926) | LR: 0.000300 | Rev: 2/99999
Epoch 2578 | Cost: 0.057913 | Acc: 86.11% (Best: 94.44% @ Ep926) | LR: 0.000300 | Rev: 0/99999
Epoch 2579 | Cost: 0.061447 | Acc: 86.11% (Best: 94.44% @ Ep926) | LR: 0.000300 | Rev: 1/99999
Epoch 2580 | Cost: 0.068220 | Acc: 86.11% (Best: 94.44% @ Ep926) | LR: 0.000300 | Rev: 2/99999
Epoch 2581 | Cost: 0.066908 | Acc: 86.11% (Best: 94.44% @ Ep926) | LR: 0.000300 | Rev: 0/99999
Epoch 2582 | Cost: 0.082812 | Acc: 88.89% (Best: 94.44% @ Ep926) | LR: 0.000300 | Rev: 1/99999
Epoch 2583 | Cost: 0.053825 | Acc: 88.89% (Best: 94.44% @ Ep926) | LR: 0.000300 | Rev: 0/99999
Epoch 2584 | Cost: 0.060239 | Acc: 88.89% (Best: 94.44% @ Ep926) | LR: 0.000300 | Rev: 1/99999
Epoch 2585 | Cost: 0.070936 | Acc: 88.89% (Best: 94.44% @ Ep926) | LR: 0.000300 | Rev: 2/99999
Epoch 2586 | Cost: 0.073019 | Acc: 88.89% (Best: 94.44% @ Ep926) | LR: 0.000300 | Rev: 3/99999
Epoch 2587 | Cost: 0.067966 | Acc: 88.89% (Best: 94.44% @ Ep926) | LR: 0.000300 | Rev: 0/99999
Epoch 2588 | Cost: 0.074745 | Acc: 88.89% (Best: 94.44% @ Ep926) | LR: 0.000300 | Rev: 1/99999
Epoch 2589 | Cost: 0.090097 | Acc: 88.89% (Best: 94.44% @ Ep926) | LR: 0.000300 | Rev: 2/99999
Epoch 2590 | Cost: 0.092924 | Acc: 86.11% (Best: 94.44% @ Ep926) | LR: 0.000300 | Rev: 3/99999
Epoch 2591 | Cost: 0.063899 | Acc: 86.11% (Best: 94.44% @ Ep926) | LR: 0.000300 | Rev: 0/99999
Epoch 2592 | Cost: 0.062497 | Acc: 88.89% (Best: 94.44% @ Ep926) | LR: 0.000300 | Rev: 0/99999
Epoch 2593 | Cost: 0.060353 | Acc: 86.11% (Best: 94.44% @ Ep926) | LR: 0.000300 | Rev: 0/99999
Epoch 2594 | Cost: 0.065107 | Acc: 86.11% (Best: 94.44% @ Ep926) | LR: 0.000300 | Rev: 1/99999
Epoch 2595 | Cost: 0.082687 | Acc: 86.11% (Best: 94.44% @ Ep926) | LR: 0.000300 | Rev: 2/99999
Epoch 2596 | Cost: 0.070825 | Acc: 86.11% (Best: 94.44% @ Ep926) | LR: 0.000300 | Rev: 0/99999
Epoch 2597 | Cost: 0.076577 | Acc: 86.11% (Best: 94.44% @ Ep926) | LR: 0.000300 | Rev: 1/99999
Epoch 2598 | Cost: 0.055229 | Acc: 86.11% (Best: 94.44% @ Ep926) | LR: 0.000300 | Rev: 0/99999
Epoch 2599 | Cost: 0.061409 | Acc: 88.89% (Best: 94.44% @ Ep926) | LR: 0.000300 | Rev: 1/99999
Epoch 2600 | Cost: 0.061287 | Acc: 88.89% (Best: 94.44% @ Ep926) | LR: 0.000300 | Rev: 0/99999
Epoch 2601 | Cost: 0.051921 | Acc: 88.89% (Best: 94.44% @ Ep926) | LR: 0.000300 | Rev: 0/99999
Epoch 2602 | Cost: 0.083265 | Acc: 88.89% (Best: 94.44% @ Ep926) | LR: 0.000300 | Rev: 1/99999
Epoch 2603 | Cost: 0.063969 | Acc: 88.89% (Best: 94.44% @ Ep926) | LR: 0.000300 | Rev: 0/99999
Epoch 2604 | Cost: 0.069098 | Acc: 88.89% (Best: 94.44% @ Ep926) | LR: 0.000300 | Rev: 1/99999
Epoch 2605 | Cost: 0.054736 | Acc: 88.89% (Best: 94.44% @ Ep926) | LR: 0.000300 | Rev: 0/99999
Epoch 2606 | Cost: 0.067378 | Acc: 88.89% (Best: 94.44% @ Ep926) | LR: 0.000300 | Rev: 1/99999
Epoch 2607 | Cost: 0.055031 | Acc: 88.89% (Best: 94.44% @ Ep926) | LR: 0.000300 | Rev: 0/99999
Epoch 2608 | Cost: 0.063543 | Acc: 88.89% (Best: 94.44% @ Ep926) | LR: 0.000300 | Rev: 1/99999
Epoch 2609 | Cost: 0.068233 | Acc: 88.89% (Best: 94.44% @ Ep926) | LR: 0.000300 | Rev: 2/99999
Epoch 2610 | Cost: 0.069396 | Acc: 88.89% (Best: 94.44% @ Ep926) | LR: 0.000300 | Rev: 3/99999
Epoch 2611 | Cost: 0.064475 | Acc: 88.89% (Best: 94.44% @ Ep926) | LR: 0.000300 | Rev: 0/99999
Epoch 2612 | Cost: 0.074431 | Acc: 88.89% (Best: 94.44% @ Ep926) | LR: 0.000300 | Rev: 1/99999
Epoch 2613 | Cost: 0.071980 | Acc: 88.89% (Best: 94.44% @ Ep926) | LR: 0.000300 | Rev: 0/99999
Epoch 2614 | Cost: 0.054592 | Acc: 88.89% (Best: 94.44% @ Ep926) | LR: 0.000300 | Rev: 0/99999
Epoch 2615 | Cost: 0.076921 | Acc: 86.11% (Best: 94.44% @ Ep926) | LR: 0.000300 | Rev: 1/99999
Epoch 2616 | Cost: 0.064349 | Acc: 88.89% (Best: 94.44% @ Ep926) | LR: 0.000300 | Rev: 0/99999
Epoch 2617 | Cost: 0.057971 | Acc: 88.89% (Best: 94.44% @ Ep926) | LR: 0.000300 | Rev: 0/99999
Epoch 2618 | Cost: 0.073526 | Acc: 88.89% (Best: 94.44% @ Ep926) | LR: 0.000300 | Rev: 1/99999
Epoch 2619 | Cost: 0.078413 | Acc: 88.89% (Best: 94.44% @ Ep926) | LR: 0.000300 | Rev: 2/99999
Epoch 2620 | Cost: 0.063776 | Acc: 88.89% (Best: 94.44% @ Ep926) | LR: 0.000300 | Rev: 0/99999
Epoch 2621 | Cost: 0.080716 | Acc: 86.11% (Best: 94.44% @ Ep926) | LR: 0.000300 | Rev: 1/99999
Epoch 2622 | Cost: 0.071498 | Acc: 88.89% (Best: 94.44% @ Ep926) | LR: 0.000300 | Rev: 0/99999
Epoch 2623 | Cost: 0.049954 | Acc: 88.89% (Best: 94.44% @ Ep926) | LR: 0.000300 | Rev: 0/99999
Epoch 2624 | Cost: 0.065825 | Acc: 88.89% (Best: 94.44% @ Ep926) | LR: 0.000300 | Rev: 1/99999
Epoch 2625 | Cost: 0.070509 | Acc: 88.89% (Best: 94.44% @ Ep926) | LR: 0.000300 | Rev: 2/99999
Epoch 2626 | Cost: 0.055599 | Acc: 88.89% (Best: 94.44% @ Ep926) | LR: 0.000300 | Rev: 0/99999
Epoch 2627 | Cost: 0.081672 | Acc: 88.89% (Best: 94.44% @ Ep926) | LR: 0.000300 | Rev: 1/99999
Epoch 2628 | Cost: 0.063200 | Acc: 88.89% (Best: 94.44% @ Ep926) | LR: 0.000300 | Rev: 0/99999
Epoch 2629 | Cost: 0.079117 | Acc: 88.89% (Best: 94.44% @ Ep926) | LR: 0.000300 | Rev: 1/99999
Epoch 2630 | Cost: 0.066403 | Acc: 88.89% (Best: 94.44% @ Ep926) | LR: 0.000300 | Rev: 0/99999
Epoch 2631 | Cost: 0.069360 | Acc: 88.89% (Best: 94.44% @ Ep926) | LR: 0.000300 | Rev: 1/99999
Epoch 2632 | Cost: 0.063035 | Acc: 88.89% (Best: 94.44% @ Ep926) | LR: 0.000300 | Rev: 0/99999
Epoch 2633 | Cost: 0.072514 | Acc: 88.89% (Best: 94.44% @ Ep926) | LR: 0.000300 | Rev: 1/99999
Epoch 2634 | Cost: 0.076104 | Acc: 88.89% (Best: 94.44% @ Ep926) | LR: 0.000300 | Rev: 2/99999
Epoch 2635 | Cost: 0.067777 | Acc: 88.89% (Best: 94.44% @ Ep926) | LR: 0.000300 | Rev: 0/99999
Epoch 2636 | Cost: 0.071960 | Acc: 88.89% (Best: 94.44% @ Ep926) | LR: 0.000300 | Rev: 1/99999
Epoch 2637 | Cost: 0.063608 | Acc: 88.89% (Best: 94.44% @ Ep926) | LR: 0.000300 | Rev: 0/99999
Epoch 2638 | Cost: 0.058215 | Acc: 88.89% (Best: 94.44% @ Ep926) | LR: 0.000300 | Rev: 0/99999
Epoch 2639 | Cost: 0.069803 | Acc: 88.89% (Best: 94.44% @ Ep926) | LR: 0.000300 | Rev: 1/99999
Epoch 2640 | Cost: 0.063422 | Acc: 88.89% (Best: 94.44% @ Ep926) | LR: 0.000300 | Rev: 0/99999
Epoch 2641 | Cost: 0.058181 | Acc: 88.89% (Best: 94.44% @ Ep926) | LR: 0.000300 | Rev: 0/99999
Epoch 2642 | Cost: 0.060429 | Acc: 88.89% (Best: 94.44% @ Ep926) | LR: 0.000300 | Rev: 1/99999
Epoch 2643 | Cost: 0.084934 | Acc: 88.89% (Best: 94.44% @ Ep926) | LR: 0.000300 | Rev: 2/99999
Epoch 2644 | Cost: 0.053732 | Acc: 88.89% (Best: 94.44% @ Ep926) | LR: 0.000300 | Rev: 0/99999
Epoch 2645 | Cost: 0.049240 | Acc: 88.89% (Best: 94.44% @ Ep926) | LR: 0.000300 | Rev: 0/99999
Epoch 2646 | Cost: 0.062858 | Acc: 88.89% (Best: 94.44% @ Ep926) | LR: 0.000300 | Rev: 1/99999
Epoch 2647 | Cost: 0.075493 | Acc: 88.89% (Best: 94.44% @ Ep926) | LR: 0.000300 | Rev: 2/99999
Epoch 2648 | Cost: 0.072670 | Acc: 88.89% (Best: 94.44% @ Ep926) | LR: 0.000300 | Rev: 0/99999
Epoch 2649 | Cost: 0.073405 | Acc: 88.89% (Best: 94.44% @ Ep926) | LR: 0.000300 | Rev: 1/99999
Epoch 2650 | Cost: 0.064906 | Acc: 88.89% (Best: 94.44% @ Ep926) | LR: 0.000300 | Rev: 0/99999
Epoch 2651 | Cost: 0.062457 | Acc: 88.89% (Best: 94.44% @ Ep926) | LR: 0.000300 | Rev: 0/99999
Epoch 2652 | Cost: 0.081894 | Acc: 88.89% (Best: 94.44% @ Ep926) | LR: 0.000300 | Rev: 1/99999
Epoch 2653 | Cost: 0.076825 | Acc: 88.89% (Best: 94.44% @ Ep926) | LR: 0.000300 | Rev: 0/99999
Epoch 2654 | Cost: 0.061702 | Acc: 88.89% (Best: 94.44% @ Ep926) | LR: 0.000300 | Rev: 0/99999
Epoch 2655 | Cost: 0.062408 | Acc: 88.89% (Best: 94.44% @ Ep926) | LR: 0.000300 | Rev: 1/99999
Epoch 2656 | Cost: 0.052870 | Acc: 88.89% (Best: 94.44% @ Ep926) | LR: 0.000300 | Rev: 0/99999
Epoch 2657 | Cost: 0.054830 | Acc: 88.89% (Best: 94.44% @ Ep926) | LR: 0.000300 | Rev: 1/99999
Epoch 2658 | Cost: 0.061657 | Acc: 88.89% (Best: 94.44% @ Ep926) | LR: 0.000300 | Rev: 2/99999
Epoch 2659 | Cost: 0.055358 | Acc: 88.89% (Best: 94.44% @ Ep926) | LR: 0.000300 | Rev: 0/99999
Epoch 2660 | Cost: 0.053312 | Acc: 88.89% (Best: 94.44% @ Ep926) | LR: 0.000300 | Rev: 0/99999
Epoch 2661 | Cost: 0.060453 | Acc: 88.89% (Best: 94.44% @ Ep926) | LR: 0.000300 | Rev: 1/99999
Epoch 2662 | Cost: 0.069199 | Acc: 88.89% (Best: 94.44% @ Ep926) | LR: 0.000300 | Rev: 2/99999
Epoch 2663 | Cost: 0.059156 | Acc: 88.89% (Best: 94.44% @ Ep926) | LR: 0.000300 | Rev: 0/99999
Epoch 2664 | Cost: 0.052493 | Acc: 88.89% (Best: 94.44% @ Ep926) | LR: 0.000300 | Rev: 0/99999
Epoch 2665 | Cost: 0.060508 | Acc: 88.89% (Best: 94.44% @ Ep926) | LR: 0.000300 | Rev: 1/99999
Epoch 2666 | Cost: 0.056838 | Acc: 88.89% (Best: 94.44% @ Ep926) | LR: 0.000300 | Rev: 0/99999
Epoch 2667 | Cost: 0.071990 | Acc: 88.89% (Best: 94.44% @ Ep926) | LR: 0.000300 | Rev: 1/99999
Epoch 2668 | Cost: 0.051612 | Acc: 88.89% (Best: 94.44% @ Ep926) | LR: 0.000300 | Rev: 0/99999
Epoch 2669 | Cost: 0.049467 | Acc: 88.89% (Best: 94.44% @ Ep926) | LR: 0.000300 | Rev: 0/99999
Epoch 2670 | Cost: 0.074119 | Acc: 88.89% (Best: 94.44% @ Ep926) | LR: 0.000300 | Rev: 1/99999
Epoch 2671 | Cost: 0.061719 | Acc: 88.89% (Best: 94.44% @ Ep926) | LR: 0.000300 | Rev: 0/99999
Epoch 2672 | Cost: 0.058119 | Acc: 88.89% (Best: 94.44% @ Ep926) | LR: 0.000300 | Rev: 0/99999
Epoch 2673 | Cost: 0.062227 | Acc: 88.89% (Best: 94.44% @ Ep926) | LR: 0.000300 | Rev: 1/99999
Epoch 2674 | Cost: 0.066863 | Acc: 88.89% (Best: 94.44% @ Ep926) | LR: 0.000300 | Rev: 2/99999
Epoch 2675 | Cost: 0.082157 | Acc: 88.89% (Best: 94.44% @ Ep926) | LR: 0.000300 | Rev: 3/99999
Epoch 2676 | Cost: 0.060795 | Acc: 88.89% (Best: 94.44% @ Ep926) | LR: 0.000300 | Rev: 0/99999
Epoch 2677 | Cost: 0.050623 | Acc: 88.89% (Best: 94.44% @ Ep926) | LR: 0.000300 | Rev: 0/99999
Epoch 2678 | Cost: 0.058316 | Acc: 88.89% (Best: 94.44% @ Ep926) | LR: 0.000300 | Rev: 1/99999
Epoch 2679 | Cost: 0.059938 | Acc: 88.89% (Best: 94.44% @ Ep926) | LR: 0.000300 | Rev: 2/99999
Epoch 2680 | Cost: 0.060781 | Acc: 88.89% (Best: 94.44% @ Ep926) | LR: 0.000300 | Rev: 3/99999
Epoch 2681 | Cost: 0.052168 | Acc: 88.89% (Best: 94.44% @ Ep926) | LR: 0.000300 | Rev: 0/99999
Epoch 2682 | Cost: 0.087449 | Acc: 88.89% (Best: 94.44% @ Ep926) | LR: 0.000300 | Rev: 1/99999
Epoch 2683 | Cost: 0.063911 | Acc: 88.89% (Best: 94.44% @ Ep926) | LR: 0.000300 | Rev: 0/99999
Epoch 2684 | Cost: 0.061927 | Acc: 88.89% (Best: 94.44% @ Ep926) | LR: 0.000300 | Rev: 0/99999
Epoch 2685 | Cost: 0.058442 | Acc: 88.89% (Best: 94.44% @ Ep926) | LR: 0.000300 | Rev: 0/99999
Epoch 2686 | Cost: 0.074637 | Acc: 88.89% (Best: 94.44% @ Ep926) | LR: 0.000300 | Rev: 1/99999
Epoch 2687 | Cost: 0.061695 | Acc: 88.89% (Best: 94.44% @ Ep926) | LR: 0.000300 | Rev: 0/99999
Epoch 2688 | Cost: 0.068687 | Acc: 88.89% (Best: 94.44% @ Ep926) | LR: 0.000300 | Rev: 1/99999
Epoch 2689 | Cost: 0.057004 | Acc: 88.89% (Best: 94.44% @ Ep926) | LR: 0.000300 | Rev: 0/99999
Epoch 2690 | Cost: 0.051628 | Acc: 88.89% (Best: 94.44% @ Ep926) | LR: 0.000300 | Rev: 0/99999
Epoch 2691 | Cost: 0.061192 | Acc: 88.89% (Best: 94.44% @ Ep926) | LR: 0.000300 | Rev: 1/99999
Epoch 2692 | Cost: 0.082812 | Acc: 88.89% (Best: 94.44% @ Ep926) | LR: 0.000300 | Rev: 2/99999
Epoch 2693 | Cost: 0.056440 | Acc: 86.11% (Best: 94.44% @ Ep926) | LR: 0.000300 | Rev: 0/99999
Epoch 2694 | Cost: 0.062517 | Acc: 88.89% (Best: 94.44% @ Ep926) | LR: 0.000300 | Rev: 1/99999
Epoch 2695 | Cost: 0.051138 | Acc: 88.89% (Best: 94.44% @ Ep926) | LR: 0.000300 | Rev: 0/99999
Epoch 2696 | Cost: 0.061385 | Acc: 88.89% (Best: 94.44% @ Ep926) | LR: 0.000300 | Rev: 1/99999
Epoch 2697 | Cost: 0.064031 | Acc: 88.89% (Best: 94.44% @ Ep926) | LR: 0.000300 | Rev: 2/99999
Epoch 2698 | Cost: 0.067098 | Acc: 88.89% (Best: 94.44% @ Ep926) | LR: 0.000300 | Rev: 3/99999
Epoch 2699 | Cost: 0.062825 | Acc: 88.89% (Best: 94.44% @ Ep926) | LR: 0.000300 | Rev: 0/99999
Epoch 2700 | Cost: 0.063077 | Acc: 88.89% (Best: 94.44% @ Ep926) | LR: 0.000300 | Rev: 1/99999
Epoch 2701 | Cost: 0.065034 | Acc: 88.89% (Best: 94.44% @ Ep926) | LR: 0.000300 | Rev: 2/99999
Epoch 2702 | Cost: 0.055228 | Acc: 88.89% (Best: 94.44% @ Ep926) | LR: 0.000300 | Rev: 0/99999
Epoch 2703 | Cost: 0.056237 | Acc: 88.89% (Best: 94.44% @ Ep926) | LR: 0.000300 | Rev: 1/99999
Epoch 2704 | Cost: 0.062752 | Acc: 88.89% (Best: 94.44% @ Ep926) | LR: 0.000300 | Rev: 2/99999
Epoch 2705 | Cost: 0.056123 | Acc: 88.89% (Best: 94.44% @ Ep926) | LR: 0.000300 | Rev: 0/99999
Epoch 2706 | Cost: 0.063545 | Acc: 88.89% (Best: 94.44% @ Ep926) | LR: 0.000300 | Rev: 1/99999
Epoch 2707 | Cost: 0.065149 | Acc: 88.89% (Best: 94.44% @ Ep926) | LR: 0.000300 | Rev: 2/99999
Epoch 2708 | Cost: 0.045966 | Acc: 88.89% (Best: 94.44% @ Ep926) | LR: 0.000300 | Rev: 0/99999
Epoch 2709 | Cost: 0.050940 | Acc: 88.89% (Best: 94.44% @ Ep926) | LR: 0.000300 | Rev: 1/99999
Epoch 2710 | Cost: 0.057392 | Acc: 88.89% (Best: 94.44% @ Ep926) | LR: 0.000300 | Rev: 2/99999
Epoch 2711 | Cost: 0.082668 | Acc: 88.89% (Best: 94.44% @ Ep926) | LR: 0.000300 | Rev: 3/99999
Epoch 2712 | Cost: 0.049467 | Acc: 88.89% (Best: 94.44% @ Ep926) | LR: 0.000300 | Rev: 0/99999
Epoch 2713 | Cost: 0.058872 | Acc: 88.89% (Best: 94.44% @ Ep926) | LR: 0.000300 | Rev: 1/99999
Epoch 2714 | Cost: 0.066621 | Acc: 88.89% (Best: 94.44% @ Ep926) | LR: 0.000300 | Rev: 2/99999
Epoch 2715 | Cost: 0.073870 | Acc: 86.11% (Best: 94.44% @ Ep926) | LR: 0.000300 | Rev: 3/99999
Epoch 2716 | Cost: 0.063670 | Acc: 86.11% (Best: 94.44% @ Ep926) | LR: 0.000300 | Rev: 0/99999
Epoch 2717 | Cost: 0.065358 | Acc: 86.11% (Best: 94.44% @ Ep926) | LR: 0.000300 | Rev: 1/99999
Epoch 2718 | Cost: 0.065977 | Acc: 86.11% (Best: 94.44% @ Ep926) | LR: 0.000300 | Rev: 2/99999
Epoch 2719 | Cost: 0.075842 | Acc: 88.89% (Best: 94.44% @ Ep926) | LR: 0.000300 | Rev: 3/99999
Epoch 2720 | Cost: 0.069359 | Acc: 88.89% (Best: 94.44% @ Ep926) | LR: 0.000300 | Rev: 0/99999
Epoch 2721 | Cost: 0.061825 | Acc: 86.11% (Best: 94.44% @ Ep926) | LR: 0.000300 | Rev: 0/99999
Epoch 2722 | Cost: 0.052838 | Acc: 88.89% (Best: 94.44% @ Ep926) | LR: 0.000300 | Rev: 0/99999
Epoch 2723 | Cost: 0.079468 | Acc: 88.89% (Best: 94.44% @ Ep926) | LR: 0.000300 | Rev: 1/99999
Epoch 2724 | Cost: 0.053823 | Acc: 88.89% (Best: 94.44% @ Ep926) | LR: 0.000300 | Rev: 0/99999
Epoch 2725 | Cost: 0.053014 | Acc: 86.11% (Best: 94.44% @ Ep926) | LR: 0.000300 | Rev: 0/99999
Epoch 2726 | Cost: 0.062060 | Acc: 86.11% (Best: 94.44% @ Ep926) | LR: 0.000300 | Rev: 1/99999
Epoch 2727 | Cost: 0.052026 | Acc: 86.11% (Best: 94.44% @ Ep926) | LR: 0.000300 | Rev: 0/99999
Epoch 2728 | Cost: 0.065182 | Acc: 86.11% (Best: 94.44% @ Ep926) | LR: 0.000300 | Rev: 1/99999
Epoch 2729 | Cost: 0.065714 | Acc: 86.11% (Best: 94.44% @ Ep926) | LR: 0.000300 | Rev: 2/99999
Epoch 2730 | Cost: 0.078275 | Acc: 86.11% (Best: 94.44% @ Ep926) | LR: 0.000300 | Rev: 3/99999
Epoch 2731 | Cost: 0.061486 | Acc: 86.11% (Best: 94.44% @ Ep926) | LR: 0.000300 | Rev: 0/99999
Epoch 2732 | Cost: 0.074810 | Acc: 86.11% (Best: 94.44% @ Ep926) | LR: 0.000300 | Rev: 1/99999
Epoch 2733 | Cost: 0.054336 | Acc: 88.89% (Best: 94.44% @ Ep926) | LR: 0.000300 | Rev: 0/99999
Epoch 2734 | Cost: 0.053059 | Acc: 88.89% (Best: 94.44% @ Ep926) | LR: 0.000300 | Rev: 0/99999
Epoch 2735 | Cost: 0.059613 | Acc: 88.89% (Best: 94.44% @ Ep926) | LR: 0.000300 | Rev: 1/99999
Epoch 2736 | Cost: 0.043418 | Acc: 88.89% (Best: 94.44% @ Ep926) | LR: 0.000300 | Rev: 0/99999
Epoch 2737 | Cost: 0.061129 | Acc: 86.11% (Best: 94.44% @ Ep926) | LR: 0.000300 | Rev: 1/99999
Epoch 2738 | Cost: 0.064322 | Acc: 86.11% (Best: 94.44% @ Ep926) | LR: 0.000300 | Rev: 2/99999
Epoch 2739 | Cost: 0.065901 | Acc: 88.89% (Best: 94.44% @ Ep926) | LR: 0.000300 | Rev: 3/99999
Epoch 2740 | Cost: 0.047510 | Acc: 88.89% (Best: 94.44% @ Ep926) | LR: 0.000300 | Rev: 0/99999
Epoch 2741 | Cost: 0.060716 | Acc: 88.89% (Best: 94.44% @ Ep926) | LR: 0.000300 | Rev: 1/99999
Epoch 2742 | Cost: 0.064836 | Acc: 88.89% (Best: 94.44% @ Ep926) | LR: 0.000300 | Rev: 2/99999
Epoch 2743 | Cost: 0.058436 | Acc: 88.89% (Best: 94.44% @ Ep926) | LR: 0.000300 | Rev: 0/99999
Epoch 2744 | Cost: 0.047585 | Acc: 88.89% (Best: 94.44% @ Ep926) | LR: 0.000300 | Rev: 0/99999
Epoch 2745 | Cost: 0.062752 | Acc: 88.89% (Best: 94.44% @ Ep926) | LR: 0.000300 | Rev: 1/99999
Epoch 2746 | Cost: 0.066293 | Acc: 88.89% (Best: 94.44% @ Ep926) | LR: 0.000300 | Rev: 2/99999
Epoch 2747 | Cost: 0.082653 | Acc: 88.89% (Best: 94.44% @ Ep926) | LR: 0.000300 | Rev: 3/99999
Epoch 2748 | Cost: 0.060364 | Acc: 88.89% (Best: 94.44% @ Ep926) | LR: 0.000300 | Rev: 0/99999
Epoch 2749 | Cost: 0.045942 | Acc: 88.89% (Best: 94.44% @ Ep926) | LR: 0.000300 | Rev: 0/99999
Epoch 2750 | Cost: 0.076122 | Acc: 88.89% (Best: 94.44% @ Ep926) | LR: 0.000300 | Rev: 1/99999
Epoch 2751 | Cost: 0.047801 | Acc: 88.89% (Best: 94.44% @ Ep926) | LR: 0.000300 | Rev: 0/99999
Epoch 2752 | Cost: 0.061253 | Acc: 88.89% (Best: 94.44% @ Ep926) | LR: 0.000300 | Rev: 1/99999
Epoch 2753 | Cost: 0.055336 | Acc: 88.89% (Best: 94.44% @ Ep926) | LR: 0.000300 | Rev: 0/99999
Epoch 2754 | Cost: 0.048134 | Acc: 88.89% (Best: 94.44% @ Ep926) | LR: 0.000300 | Rev: 0/99999
Epoch 2755 | Cost: 0.069253 | Acc: 88.89% (Best: 94.44% @ Ep926) | LR: 0.000300 | Rev: 1/99999
Epoch 2756 | Cost: 0.067321 | Acc: 88.89% (Best: 94.44% @ Ep926) | LR: 0.000300 | Rev: 0/99999
Epoch 2757 | Cost: 0.064029 | Acc: 88.89% (Best: 94.44% @ Ep926) | LR: 0.000300 | Rev: 0/99999
Epoch 2758 | Cost: 0.058643 | Acc: 88.89% (Best: 94.44% @ Ep926) | LR: 0.000300 | Rev: 0/99999
Epoch 2759 | Cost: 0.046998 | Acc: 88.89% (Best: 94.44% @ Ep926) | LR: 0.000300 | Rev: 0/99999
Epoch 2760 | Cost: 0.072342 | Acc: 88.89% (Best: 94.44% @ Ep926) | LR: 0.000300 | Rev: 1/99999
Epoch 2761 | Cost: 0.053127 | Acc: 88.89% (Best: 94.44% @ Ep926) | LR: 0.000300 | Rev: 0/99999
Epoch 2762 | Cost: 0.065541 | Acc: 88.89% (Best: 94.44% @ Ep926) | LR: 0.000300 | Rev: 1/99999
Epoch 2763 | Cost: 0.062830 | Acc: 88.89% (Best: 94.44% @ Ep926) | LR: 0.000300 | Rev: 0/99999
Epoch 2764 | Cost: 0.060839 | Acc: 88.89% (Best: 94.44% @ Ep926) | LR: 0.000300 | Rev: 0/99999
Epoch 2765 | Cost: 0.068965 | Acc: 88.89% (Best: 94.44% @ Ep926) | LR: 0.000300 | Rev: 1/99999
Epoch 2766 | Cost: 0.056385 | Acc: 88.89% (Best: 94.44% @ Ep926) | LR: 0.000300 | Rev: 0/99999
Epoch 2767 | Cost: 0.061843 | Acc: 88.89% (Best: 94.44% @ Ep926) | LR: 0.000300 | Rev: 1/99999
Epoch 2768 | Cost: 0.058420 | Acc: 88.89% (Best: 94.44% @ Ep926) | LR: 0.000300 | Rev: 0/99999
Epoch 2769 | Cost: 0.055994 | Acc: 88.89% (Best: 94.44% @ Ep926) | LR: 0.000300 | Rev: 0/99999
Epoch 2770 | Cost: 0.075506 | Acc: 88.89% (Best: 94.44% @ Ep926) | LR: 0.000300 | Rev: 1/99999
Epoch 2771 | Cost: 0.061134 | Acc: 88.89% (Best: 94.44% @ Ep926) | LR: 0.000300 | Rev: 0/99999
Epoch 2772 | Cost: 0.074187 | Acc: 88.89% (Best: 94.44% @ Ep926) | LR: 0.000300 | Rev: 1/99999
Epoch 2773 | Cost: 0.067470 | Acc: 88.89% (Best: 94.44% @ Ep926) | LR: 0.000300 | Rev: 0/99999
Epoch 2774 | Cost: 0.058841 | Acc: 88.89% (Best: 94.44% @ Ep926) | LR: 0.000300 | Rev: 0/99999
Epoch 2775 | Cost: 0.045843 | Acc: 88.89% (Best: 94.44% @ Ep926) | LR: 0.000300 | Rev: 0/99999
Epoch 2776 | Cost: 0.058878 | Acc: 88.89% (Best: 94.44% @ Ep926) | LR: 0.000300 | Rev: 1/99999
Epoch 2777 | Cost: 0.046932 | Acc: 88.89% (Best: 94.44% @ Ep926) | LR: 0.000300 | Rev: 0/99999
Epoch 2778 | Cost: 0.052976 | Acc: 88.89% (Best: 94.44% @ Ep926) | LR: 0.000300 | Rev: 1/99999
Epoch 2779 | Cost: 0.051788 | Acc: 88.89% (Best: 94.44% @ Ep926) | LR: 0.000300 | Rev: 0/99999
Epoch 2780 | Cost: 0.053706 | Acc: 88.89% (Best: 94.44% @ Ep926) | LR: 0.000300 | Rev: 1/99999
Epoch 2781 | Cost: 0.065494 | Acc: 88.89% (Best: 94.44% @ Ep926) | LR: 0.000300 | Rev: 2/99999
Epoch 2782 | Cost: 0.072463 | Acc: 88.89% (Best: 94.44% @ Ep926) | LR: 0.000300 | Rev: 3/99999
Epoch 2783 | Cost: 0.055088 | Acc: 88.89% (Best: 94.44% @ Ep926) | LR: 0.000300 | Rev: 0/99999
Epoch 2784 | Cost: 0.057573 | Acc: 86.11% (Best: 94.44% @ Ep926) | LR: 0.000300 | Rev: 1/99999
Epoch 2785 | Cost: 0.080804 | Acc: 86.11% (Best: 94.44% @ Ep926) | LR: 0.000300 | Rev: 2/99999
Epoch 2786 | Cost: 0.065878 | Acc: 86.11% (Best: 94.44% @ Ep926) | LR: 0.000300 | Rev: 0/99999
Epoch 2787 | Cost: 0.058952 | Acc: 86.11% (Best: 94.44% @ Ep926) | LR: 0.000300 | Rev: 0/99999
Epoch 2788 | Cost: 0.056225 | Acc: 86.11% (Best: 94.44% @ Ep926) | LR: 0.000300 | Rev: 0/99999
Epoch 2789 | Cost: 0.077405 | Acc: 88.89% (Best: 94.44% @ Ep926) | LR: 0.000300 | Rev: 1/99999
Epoch 2790 | Cost: 0.066242 | Acc: 88.89% (Best: 94.44% @ Ep926) | LR: 0.000300 | Rev: 0/99999
Epoch 2791 | Cost: 0.048479 | Acc: 88.89% (Best: 94.44% @ Ep926) | LR: 0.000300 | Rev: 0/99999
Epoch 2792 | Cost: 0.054650 | Acc: 88.89% (Best: 94.44% @ Ep926) | LR: 0.000300 | Rev: 1/99999
Epoch 2793 | Cost: 0.050198 | Acc: 88.89% (Best: 94.44% @ Ep926) | LR: 0.000300 | Rev: 0/99999
Epoch 2794 | Cost: 0.048124 | Acc: 88.89% (Best: 94.44% @ Ep926) | LR: 0.000300 | Rev: 0/99999
Epoch 2795 | Cost: 0.082458 | Acc: 88.89% (Best: 94.44% @ Ep926) | LR: 0.000300 | Rev: 1/99999
Epoch 2796 | Cost: 0.061789 | Acc: 88.89% (Best: 94.44% @ Ep926) | LR: 0.000300 | Rev: 0/99999
Epoch 2797 | Cost: 0.057246 | Acc: 88.89% (Best: 94.44% @ Ep926) | LR: 0.000300 | Rev: 0/99999
Epoch 2798 | Cost: 0.050490 | Acc: 88.89% (Best: 94.44% @ Ep926) | LR: 0.000300 | Rev: 0/99999
Epoch 2799 | Cost: 0.040600 | Acc: 86.11% (Best: 94.44% @ Ep926) | LR: 0.000300 | Rev: 0/99999
Epoch 2800 | Cost: 0.066479 | Acc: 88.89% (Best: 94.44% @ Ep926) | LR: 0.000300 | Rev: 1/99999
Epoch 2801 | Cost: 0.058905 | Acc: 88.89% (Best: 94.44% @ Ep926) | LR: 0.000300 | Rev: 0/99999
Epoch 2802 | Cost: 0.062382 | Acc: 88.89% (Best: 94.44% @ Ep926) | LR: 0.000300 | Rev: 1/99999
Epoch 2803 | Cost: 0.054043 | Acc: 88.89% (Best: 94.44% @ Ep926) | LR: 0.000300 | Rev: 0/99999
Epoch 2804 | Cost: 0.051892 | Acc: 88.89% (Best: 94.44% @ Ep926) | LR: 0.000300 | Rev: 0/99999
Epoch 2805 | Cost: 0.060858 | Acc: 86.11% (Best: 94.44% @ Ep926) | LR: 0.000300 | Rev: 1/99999
Epoch 2806 | Cost: 0.044107 | Acc: 88.89% (Best: 94.44% @ Ep926) | LR: 0.000300 | Rev: 0/99999
Epoch 2807 | Cost: 0.070443 | Acc: 88.89% (Best: 94.44% @ Ep926) | LR: 0.000300 | Rev: 1/99999
Epoch 2808 | Cost: 0.063185 | Acc: 88.89% (Best: 94.44% @ Ep926) | LR: 0.000300 | Rev: 0/99999
Epoch 2809 | Cost: 0.054623 | Acc: 88.89% (Best: 94.44% @ Ep926) | LR: 0.000300 | Rev: 0/99999
Epoch 2810 | Cost: 0.062345 | Acc: 88.89% (Best: 94.44% @ Ep926) | LR: 0.000300 | Rev: 1/99999
Epoch 2811 | Cost: 0.050707 | Acc: 88.89% (Best: 94.44% @ Ep926) | LR: 0.000300 | Rev: 0/99999
Epoch 2812 | Cost: 0.048584 | Acc: 88.89% (Best: 94.44% @ Ep926) | LR: 0.000300 | Rev: 0/99999
Epoch 2813 | Cost: 0.068462 | Acc: 88.89% (Best: 94.44% @ Ep926) | LR: 0.000300 | Rev: 1/99999
Epoch 2814 | Cost: 0.046446 | Acc: 88.89% (Best: 94.44% @ Ep926) | LR: 0.000300 | Rev: 0/99999
Epoch 2815 | Cost: 0.054723 | Acc: 88.89% (Best: 94.44% @ Ep926) | LR: 0.000300 | Rev: 1/99999
Epoch 2816 | Cost: 0.051116 | Acc: 88.89% (Best: 94.44% @ Ep926) | LR: 0.000300 | Rev: 0/99999
Epoch 2817 | Cost: 0.055044 | Acc: 88.89% (Best: 94.44% @ Ep926) | LR: 0.000300 | Rev: 1/99999
Epoch 2818 | Cost: 0.057728 | Acc: 88.89% (Best: 94.44% @ Ep926) | LR: 0.000300 | Rev: 2/99999
Epoch 2819 | Cost: 0.076860 | Acc: 88.89% (Best: 94.44% @ Ep926) | LR: 0.000300 | Rev: 3/99999
Epoch 2820 | Cost: 0.054723 | Acc: 88.89% (Best: 94.44% @ Ep926) | LR: 0.000300 | Rev: 0/99999
Epoch 2821 | Cost: 0.060795 | Acc: 88.89% (Best: 94.44% @ Ep926) | LR: 0.000300 | Rev: 1/99999
Epoch 2822 | Cost: 0.059052 | Acc: 86.11% (Best: 94.44% @ Ep926) | LR: 0.000300 | Rev: 0/99999
Epoch 2823 | Cost: 0.065496 | Acc: 88.89% (Best: 94.44% @ Ep926) | LR: 0.000300 | Rev: 1/99999
Epoch 2824 | Cost: 0.055997 | Acc: 88.89% (Best: 94.44% @ Ep926) | LR: 0.000300 | Rev: 0/99999
Epoch 2825 | Cost: 0.065443 | Acc: 88.89% (Best: 94.44% @ Ep926) | LR: 0.000300 | Rev: 1/99999
Epoch 2826 | Cost: 0.042334 | Acc: 88.89% (Best: 94.44% @ Ep926) | LR: 0.000300 | Rev: 0/99999
Epoch 2827 | Cost: 0.055602 | Acc: 88.89% (Best: 94.44% @ Ep926) | LR: 0.000300 | Rev: 1/99999
Epoch 2828 | Cost: 0.044872 | Acc: 88.89% (Best: 94.44% @ Ep926) | LR: 0.000300 | Rev: 0/99999
Epoch 2829 | Cost: 0.057742 | Acc: 88.89% (Best: 94.44% @ Ep926) | LR: 0.000300 | Rev: 1/99999
Epoch 2830 | Cost: 0.045095 | Acc: 88.89% (Best: 94.44% @ Ep926) | LR: 0.000300 | Rev: 0/99999
Epoch 2831 | Cost: 0.060188 | Acc: 88.89% (Best: 94.44% @ Ep926) | LR: 0.000300 | Rev: 1/99999
Epoch 2832 | Cost: 0.056090 | Acc: 88.89% (Best: 94.44% @ Ep926) | LR: 0.000300 | Rev: 0/99999
Epoch 2833 | Cost: 0.063486 | Acc: 88.89% (Best: 94.44% @ Ep926) | LR: 0.000300 | Rev: 1/99999
Epoch 2834 | Cost: 0.055376 | Acc: 88.89% (Best: 94.44% @ Ep926) | LR: 0.000300 | Rev: 0/99999
Epoch 2835 | Cost: 0.089495 | Acc: 88.89% (Best: 94.44% @ Ep926) | LR: 0.000300 | Rev: 1/99999
Epoch 2836 | Cost: 0.055749 | Acc: 88.89% (Best: 94.44% @ Ep926) | LR: 0.000300 | Rev: 0/99999
Epoch 2837 | Cost: 0.068206 | Acc: 88.89% (Best: 94.44% @ Ep926) | LR: 0.000300 | Rev: 1/99999
Epoch 2838 | Cost: 0.048322 | Acc: 88.89% (Best: 94.44% @ Ep926) | LR: 0.000300 | Rev: 0/99999
Epoch 2839 | Cost: 0.072819 | Acc: 86.11% (Best: 94.44% @ Ep926) | LR: 0.000300 | Rev: 1/99999
Epoch 2840 | Cost: 0.048564 | Acc: 86.11% (Best: 94.44% @ Ep926) | LR: 0.000300 | Rev: 0/99999
Epoch 2841 | Cost: 0.080601 | Acc: 88.89% (Best: 94.44% @ Ep926) | LR: 0.000300 | Rev: 1/99999
Epoch 2842 | Cost: 0.062303 | Acc: 88.89% (Best: 94.44% @ Ep926) | LR: 0.000300 | Rev: 0/99999
Epoch 2843 | Cost: 0.055799 | Acc: 88.89% (Best: 94.44% @ Ep926) | LR: 0.000300 | Rev: 0/99999
Epoch 2844 | Cost: 0.048053 | Acc: 88.89% (Best: 94.44% @ Ep926) | LR: 0.000300 | Rev: 0/99999
Epoch 2845 | Cost: 0.073484 | Acc: 88.89% (Best: 94.44% @ Ep926) | LR: 0.000300 | Rev: 1/99999
Epoch 2846 | Cost: 0.047910 | Acc: 88.89% (Best: 94.44% @ Ep926) | LR: 0.000300 | Rev: 0/99999
Epoch 2847 | Cost: 0.063551 | Acc: 88.89% (Best: 94.44% @ Ep926) | LR: 0.000300 | Rev: 1/99999
Epoch 2848 | Cost: 0.050981 | Acc: 88.89% (Best: 94.44% @ Ep926) | LR: 0.000300 | Rev: 0/99999
Epoch 2849 | Cost: 0.052238 | Acc: 88.89% (Best: 94.44% @ Ep926) | LR: 0.000300 | Rev: 1/99999
Epoch 2850 | Cost: 0.067630 | Acc: 88.89% (Best: 94.44% @ Ep926) | LR: 0.000300 | Rev: 2/99999
Epoch 2851 | Cost: 0.050579 | Acc: 88.89% (Best: 94.44% @ Ep926) | LR: 0.000300 | Rev: 0/99999
Epoch 2852 | Cost: 0.062811 | Acc: 88.89% (Best: 94.44% @ Ep926) | LR: 0.000300 | Rev: 1/99999
Epoch 2853 | Cost: 0.062948 | Acc: 88.89% (Best: 94.44% @ Ep926) | LR: 0.000300 | Rev: 2/99999
Epoch 2854 | Cost: 0.056546 | Acc: 88.89% (Best: 94.44% @ Ep926) | LR: 0.000300 | Rev: 0/99999
Epoch 2855 | Cost: 0.062493 | Acc: 88.89% (Best: 94.44% @ Ep926) | LR: 0.000300 | Rev: 1/99999
Epoch 2856 | Cost: 0.045496 | Acc: 88.89% (Best: 94.44% @ Ep926) | LR: 0.000300 | Rev: 0/99999
Epoch 2857 | Cost: 0.066207 | Acc: 88.89% (Best: 94.44% @ Ep926) | LR: 0.000300 | Rev: 1/99999
Epoch 2858 | Cost: 0.063453 | Acc: 88.89% (Best: 94.44% @ Ep926) | LR: 0.000300 | Rev: 0/99999
Epoch 2859 | Cost: 0.050593 | Acc: 88.89% (Best: 94.44% @ Ep926) | LR: 0.000300 | Rev: 0/99999
Epoch 2860 | Cost: 0.053650 | Acc: 88.89% (Best: 94.44% @ Ep926) | LR: 0.000300 | Rev: 1/99999
Epoch 2861 | Cost: 0.057036 | Acc: 88.89% (Best: 94.44% @ Ep926) | LR: 0.000300 | Rev: 2/99999
Epoch 2862 | Cost: 0.046565 | Acc: 88.89% (Best: 94.44% @ Ep926) | LR: 0.000300 | Rev: 0/99999
Epoch 2863 | Cost: 0.057047 | Acc: 88.89% (Best: 94.44% @ Ep926) | LR: 0.000300 | Rev: 1/99999
Epoch 2864 | Cost: 0.049044 | Acc: 88.89% (Best: 94.44% @ Ep926) | LR: 0.000300 | Rev: 0/99999
Epoch 2865 | Cost: 0.062774 | Acc: 88.89% (Best: 94.44% @ Ep926) | LR: 0.000300 | Rev: 1/99999
Epoch 2866 | Cost: 0.066584 | Acc: 86.11% (Best: 94.44% @ Ep926) | LR: 0.000300 | Rev: 2/99999
Epoch 2867 | Cost: 0.058952 | Acc: 86.11% (Best: 94.44% @ Ep926) | LR: 0.000300 | Rev: 0/99999
Epoch 2868 | Cost: 0.057177 | Acc: 86.11% (Best: 94.44% @ Ep926) | LR: 0.000300 | Rev: 0/99999
Epoch 2869 | Cost: 0.048904 | Acc: 88.89% (Best: 94.44% @ Ep926) | LR: 0.000300 | Rev: 0/99999
Epoch 2870 | Cost: 0.054740 | Acc: 88.89% (Best: 94.44% @ Ep926) | LR: 0.000300 | Rev: 1/99999
Epoch 2871 | Cost: 0.050934 | Acc: 88.89% (Best: 94.44% @ Ep926) | LR: 0.000300 | Rev: 0/99999
Epoch 2872 | Cost: 0.060095 | Acc: 88.89% (Best: 94.44% @ Ep926) | LR: 0.000300 | Rev: 1/99999
Epoch 2873 | Cost: 0.050670 | Acc: 88.89% (Best: 94.44% @ Ep926) | LR: 0.000300 | Rev: 0/99999
Epoch 2874 | Cost: 0.055827 | Acc: 88.89% (Best: 94.44% @ Ep926) | LR: 0.000300 | Rev: 1/99999
Epoch 2875 | Cost: 0.084972 | Acc: 88.89% (Best: 94.44% @ Ep926) | LR: 0.000300 | Rev: 2/99999
Epoch 2876 | Cost: 0.050776 | Acc: 88.89% (Best: 94.44% @ Ep926) | LR: 0.000300 | Rev: 0/99999
Epoch 2877 | Cost: 0.051333 | Acc: 88.89% (Best: 94.44% @ Ep926) | LR: 0.000300 | Rev: 1/99999
Epoch 2878 | Cost: 0.064902 | Acc: 88.89% (Best: 94.44% @ Ep926) | LR: 0.000300 | Rev: 2/99999
Epoch 2879 | Cost: 0.051340 | Acc: 88.89% (Best: 94.44% @ Ep926) | LR: 0.000300 | Rev: 0/99999
Epoch 2880 | Cost: 0.072503 | Acc: 88.89% (Best: 94.44% @ Ep926) | LR: 0.000300 | Rev: 1/99999
Epoch 2881 | Cost: 0.062049 | Acc: 88.89% (Best: 94.44% @ Ep926) | LR: 0.000300 | Rev: 0/99999
Epoch 2882 | Cost: 0.054326 | Acc: 88.89% (Best: 94.44% @ Ep926) | LR: 0.000300 | Rev: 0/99999
Epoch 2883 | Cost: 0.066192 | Acc: 88.89% (Best: 94.44% @ Ep926) | LR: 0.000300 | Rev: 1/99999
Epoch 2884 | Cost: 0.053752 | Acc: 88.89% (Best: 94.44% @ Ep926) | LR: 0.000300 | Rev: 0/99999
Epoch 2885 | Cost: 0.052999 | Acc: 88.89% (Best: 94.44% @ Ep926) | LR: 0.000300 | Rev: 0/99999
Epoch 2886 | Cost: 0.063235 | Acc: 88.89% (Best: 94.44% @ Ep926) | LR: 0.000300 | Rev: 1/99999
Epoch 2887 | Cost: 0.053648 | Acc: 88.89% (Best: 94.44% @ Ep926) | LR: 0.000300 | Rev: 0/99999
Epoch 2888 | Cost: 0.047414 | Acc: 88.89% (Best: 94.44% @ Ep926) | LR: 0.000300 | Rev: 0/99999
Epoch 2889 | Cost: 0.049222 | Acc: 88.89% (Best: 94.44% @ Ep926) | LR: 0.000300 | Rev: 1/99999
Epoch 2890 | Cost: 0.062463 | Acc: 88.89% (Best: 94.44% @ Ep926) | LR: 0.000300 | Rev: 2/99999
Epoch 2891 | Cost: 0.072327 | Acc: 88.89% (Best: 94.44% @ Ep926) | LR: 0.000300 | Rev: 3/99999
Epoch 2892 | Cost: 0.053391 | Acc: 86.11% (Best: 94.44% @ Ep926) | LR: 0.000300 | Rev: 0/99999
Epoch 2893 | Cost: 0.052026 | Acc: 86.11% (Best: 94.44% @ Ep926) | LR: 0.000300 | Rev: 0/99999
Epoch 2894 | Cost: 0.062795 | Acc: 88.89% (Best: 94.44% @ Ep926) | LR: 0.000300 | Rev: 1/99999
Epoch 2895 | Cost: 0.067161 | Acc: 88.89% (Best: 94.44% @ Ep926) | LR: 0.000300 | Rev: 2/99999
Epoch 2896 | Cost: 0.047036 | Acc: 88.89% (Best: 94.44% @ Ep926) | LR: 0.000300 | Rev: 0/99999
Epoch 2897 | Cost: 0.064765 | Acc: 88.89% (Best: 94.44% @ Ep926) | LR: 0.000300 | Rev: 1/99999
Epoch 2898 | Cost: 0.065120 | Acc: 88.89% (Best: 94.44% @ Ep926) | LR: 0.000300 | Rev: 2/99999
Epoch 2899 | Cost: 0.051491 | Acc: 88.89% (Best: 94.44% @ Ep926) | LR: 0.000300 | Rev: 0/99999
Epoch 2900 | Cost: 0.059044 | Acc: 88.89% (Best: 94.44% @ Ep926) | LR: 0.000300 | Rev: 1/99999
Epoch 2901 | Cost: 0.067159 | Acc: 88.89% (Best: 94.44% @ Ep926) | LR: 0.000300 | Rev: 2/99999
Epoch 2902 | Cost: 0.048986 | Acc: 88.89% (Best: 94.44% @ Ep926) | LR: 0.000300 | Rev: 0/99999
Epoch 2903 | Cost: 0.059136 | Acc: 88.89% (Best: 94.44% @ Ep926) | LR: 0.000300 | Rev: 1/99999
Epoch 2904 | Cost: 0.059674 | Acc: 88.89% (Best: 94.44% @ Ep926) | LR: 0.000300 | Rev: 2/99999
Epoch 2905 | Cost: 0.061553 | Acc: 88.89% (Best: 94.44% @ Ep926) | LR: 0.000300 | Rev: 3/99999
Epoch 2906 | Cost: 0.063702 | Acc: 88.89% (Best: 94.44% @ Ep926) | LR: 0.000300 | Rev: 4/99999
Epoch 2907 | Cost: 0.066870 | Acc: 88.89% (Best: 94.44% @ Ep926) | LR: 0.000300 | Rev: 5/99999
Epoch 2908 | Cost: 0.046887 | Acc: 88.89% (Best: 94.44% @ Ep926) | LR: 0.000300 | Rev: 0/99999
Epoch 2909 | Cost: 0.058360 | Acc: 88.89% (Best: 94.44% @ Ep926) | LR: 0.000300 | Rev: 1/99999
Epoch 2910 | Cost: 0.055253 | Acc: 88.89% (Best: 94.44% @ Ep926) | LR: 0.000300 | Rev: 0/99999
Epoch 2911 | Cost: 0.045795 | Acc: 88.89% (Best: 94.44% @ Ep926) | LR: 0.000300 | Rev: 0/99999
Epoch 2912 | Cost: 0.051359 | Acc: 88.89% (Best: 94.44% @ Ep926) | LR: 0.000300 | Rev: 1/99999
Epoch 2913 | Cost: 0.054720 | Acc: 88.89% (Best: 94.44% @ Ep926) | LR: 0.000300 | Rev: 2/99999
Epoch 2914 | Cost: 0.045955 | Acc: 88.89% (Best: 94.44% @ Ep926) | LR: 0.000300 | Rev: 0/99999
Epoch 2915 | Cost: 0.042105 | Acc: 88.89% (Best: 94.44% @ Ep926) | LR: 0.000300 | Rev: 0/99999
Epoch 2916 | Cost: 0.052425 | Acc: 88.89% (Best: 94.44% @ Ep926) | LR: 0.000300 | Rev: 1/99999
Epoch 2917 | Cost: 0.061836 | Acc: 88.89% (Best: 94.44% @ Ep926) | LR: 0.000300 | Rev: 2/99999
Epoch 2918 | Cost: 0.050758 | Acc: 88.89% (Best: 94.44% @ Ep926) | LR: 0.000300 | Rev: 0/99999
Epoch 2919 | Cost: 0.055260 | Acc: 88.89% (Best: 94.44% @ Ep926) | LR: 0.000300 | Rev: 1/99999
Epoch 2920 | Cost: 0.064431 | Acc: 88.89% (Best: 94.44% @ Ep926) | LR: 0.000300 | Rev: 2/99999
Epoch 2921 | Cost: 0.057748 | Acc: 88.89% (Best: 94.44% @ Ep926) | LR: 0.000300 | Rev: 0/99999
Epoch 2922 | Cost: 0.045158 | Acc: 86.11% (Best: 94.44% @ Ep926) | LR: 0.000300 | Rev: 0/99999
Epoch 2923 | Cost: 0.047183 | Acc: 88.89% (Best: 94.44% @ Ep926) | LR: 0.000300 | Rev: 1/99999
Epoch 2924 | Cost: 0.050318 | Acc: 86.11% (Best: 94.44% @ Ep926) | LR: 0.000300 | Rev: 2/99999
Epoch 2925 | Cost: 0.051003 | Acc: 86.11% (Best: 94.44% @ Ep926) | LR: 0.000300 | Rev: 3/99999
Epoch 2926 | Cost: 0.058814 | Acc: 86.11% (Best: 94.44% @ Ep926) | LR: 0.000300 | Rev: 4/99999
Epoch 2927 | Cost: 0.048579 | Acc: 86.11% (Best: 94.44% @ Ep926) | LR: 0.000300 | Rev: 0/99999
Epoch 2928 | Cost: 0.059765 | Acc: 86.11% (Best: 94.44% @ Ep926) | LR: 0.000300 | Rev: 1/99999
Epoch 2929 | Cost: 0.052369 | Acc: 86.11% (Best: 94.44% @ Ep926) | LR: 0.000300 | Rev: 0/99999
Epoch 2930 | Cost: 0.040865 | Acc: 86.11% (Best: 94.44% @ Ep926) | LR: 0.000300 | Rev: 0/99999
Epoch 2931 | Cost: 0.051123 | Acc: 86.11% (Best: 94.44% @ Ep926) | LR: 0.000300 | Rev: 1/99999
Epoch 2932 | Cost: 0.046016 | Acc: 88.89% (Best: 94.44% @ Ep926) | LR: 0.000300 | Rev: 0/99999
Epoch 2933 | Cost: 0.046466 | Acc: 88.89% (Best: 94.44% @ Ep926) | LR: 0.000300 | Rev: 1/99999
Epoch 2934 | Cost: 0.056730 | Acc: 88.89% (Best: 94.44% @ Ep926) | LR: 0.000300 | Rev: 2/99999
Epoch 2935 | Cost: 0.058416 | Acc: 88.89% (Best: 94.44% @ Ep926) | LR: 0.000300 | Rev: 3/99999
Epoch 2936 | Cost: 0.035305 | Acc: 86.11% (Best: 94.44% @ Ep926) | LR: 0.000300 | Rev: 0/99999
Epoch 2937 | Cost: 0.045105 | Acc: 86.11% (Best: 94.44% @ Ep926) | LR: 0.000300 | Rev: 1/99999
Epoch 2938 | Cost: 0.062631 | Acc: 86.11% (Best: 94.44% @ Ep926) | LR: 0.000300 | Rev: 2/99999
Epoch 2939 | Cost: 0.055798 | Acc: 86.11% (Best: 94.44% @ Ep926) | LR: 0.000300 | Rev: 0/99999
Epoch 2940 | Cost: 0.049038 | Acc: 86.11% (Best: 94.44% @ Ep926) | LR: 0.000300 | Rev: 0/99999
Epoch 2941 | Cost: 0.060513 | Acc: 88.89% (Best: 94.44% @ Ep926) | LR: 0.000300 | Rev: 1/99999
Epoch 2942 | Cost: 0.076884 | Acc: 88.89% (Best: 94.44% @ Ep926) | LR: 0.000300 | Rev: 2/99999
Epoch 2943 | Cost: 0.033901 | Acc: 88.89% (Best: 94.44% @ Ep926) | LR: 0.000300 | Rev: 0/99999
Epoch 2944 | Cost: 0.051633 | Acc: 88.89% (Best: 94.44% @ Ep926) | LR: 0.000300 | Rev: 1/99999
Epoch 2945 | Cost: 0.050751 | Acc: 88.89% (Best: 94.44% @ Ep926) | LR: 0.000300 | Rev: 0/99999
Epoch 2946 | Cost: 0.060307 | Acc: 88.89% (Best: 94.44% @ Ep926) | LR: 0.000300 | Rev: 1/99999
Epoch 2947 | Cost: 0.040406 | Acc: 88.89% (Best: 94.44% @ Ep926) | LR: 0.000300 | Rev: 0/99999
Epoch 2948 | Cost: 0.046599 | Acc: 88.89% (Best: 94.44% @ Ep926) | LR: 0.000300 | Rev: 1/99999
Epoch 2949 | Cost: 0.057541 | Acc: 88.89% (Best: 94.44% @ Ep926) | LR: 0.000300 | Rev: 2/99999
Epoch 2950 | Cost: 0.053524 | Acc: 88.89% (Best: 94.44% @ Ep926) | LR: 0.000300 | Rev: 0/99999
Epoch 2951 | Cost: 0.056816 | Acc: 88.89% (Best: 94.44% @ Ep926) | LR: 0.000300 | Rev: 1/99999
Epoch 2952 | Cost: 0.049746 | Acc: 88.89% (Best: 94.44% @ Ep926) | LR: 0.000300 | Rev: 0/99999
Epoch 2953 | Cost: 0.050868 | Acc: 88.89% (Best: 94.44% @ Ep926) | LR: 0.000300 | Rev: 1/99999
Epoch 2954 | Cost: 0.050402 | Acc: 88.89% (Best: 94.44% @ Ep926) | LR: 0.000300 | Rev: 0/99999
Epoch 2955 | Cost: 0.054908 | Acc: 88.89% (Best: 94.44% @ Ep926) | LR: 0.000300 | Rev: 1/99999
Epoch 2956 | Cost: 0.060222 | Acc: 88.89% (Best: 94.44% @ Ep926) | LR: 0.000300 | Rev: 2/99999
Epoch 2957 | Cost: 0.059416 | Acc: 88.89% (Best: 94.44% @ Ep926) | LR: 0.000300 | Rev: 0/99999
Epoch 2958 | Cost: 0.050714 | Acc: 86.11% (Best: 94.44% @ Ep926) | LR: 0.000300 | Rev: 0/99999
Epoch 2959 | Cost: 0.053925 | Acc: 88.89% (Best: 94.44% @ Ep926) | LR: 0.000300 | Rev: 1/99999
Epoch 2960 | Cost: 0.053539 | Acc: 88.89% (Best: 94.44% @ Ep926) | LR: 0.000300 | Rev: 0/99999
Epoch 2961 | Cost: 0.062063 | Acc: 88.89% (Best: 94.44% @ Ep926) | LR: 0.000300 | Rev: 1/99999
Epoch 2962 | Cost: 0.051081 | Acc: 88.89% (Best: 94.44% @ Ep926) | LR: 0.000300 | Rev: 0/99999
Epoch 2963 | Cost: 0.076401 | Acc: 88.89% (Best: 94.44% @ Ep926) | LR: 0.000300 | Rev: 1/99999
Epoch 2964 | Cost: 0.050737 | Acc: 88.89% (Best: 94.44% @ Ep926) | LR: 0.000300 | Rev: 0/99999
Epoch 2965 | Cost: 0.067104 | Acc: 88.89% (Best: 94.44% @ Ep926) | LR: 0.000300 | Rev: 1/99999
Epoch 2966 | Cost: 0.051643 | Acc: 88.89% (Best: 94.44% @ Ep926) | LR: 0.000300 | Rev: 0/99999
Epoch 2967 | Cost: 0.057051 | Acc: 88.89% (Best: 94.44% @ Ep926) | LR: 0.000300 | Rev: 1/99999
Epoch 2968 | Cost: 0.056847 | Acc: 88.89% (Best: 94.44% @ Ep926) | LR: 0.000300 | Rev: 0/99999
Epoch 2969 | Cost: 0.055305 | Acc: 88.89% (Best: 94.44% @ Ep926) | LR: 0.000300 | Rev: 0/99999
Epoch 2970 | Cost: 0.050112 | Acc: 88.89% (Best: 94.44% @ Ep926) | LR: 0.000300 | Rev: 0/99999
Epoch 2971 | Cost: 0.053631 | Acc: 88.89% (Best: 94.44% @ Ep926) | LR: 0.000300 | Rev: 1/99999
Epoch 2972 | Cost: 0.049473 | Acc: 88.89% (Best: 94.44% @ Ep926) | LR: 0.000300 | Rev: 0/99999
Epoch 2973 | Cost: 0.053927 | Acc: 88.89% (Best: 94.44% @ Ep926) | LR: 0.000300 | Rev: 1/99999
Epoch 2974 | Cost: 0.066986 | Acc: 88.89% (Best: 94.44% @ Ep926) | LR: 0.000300 | Rev: 2/99999
Epoch 2975 | Cost: 0.055164 | Acc: 88.89% (Best: 94.44% @ Ep926) | LR: 0.000300 | Rev: 0/99999
Epoch 2976 | Cost: 0.044539 | Acc: 88.89% (Best: 94.44% @ Ep926) | LR: 0.000300 | Rev: 0/99999
Epoch 2977 | Cost: 0.066947 | Acc: 88.89% (Best: 94.44% @ Ep926) | LR: 0.000300 | Rev: 1/99999
Epoch 2978 | Cost: 0.055308 | Acc: 88.89% (Best: 94.44% @ Ep926) | LR: 0.000300 | Rev: 0/99999
Epoch 2979 | Cost: 0.070936 | Acc: 88.89% (Best: 94.44% @ Ep926) | LR: 0.000300 | Rev: 1/99999
Epoch 2980 | Cost: 0.060107 | Acc: 88.89% (Best: 94.44% @ Ep926) | LR: 0.000300 | Rev: 0/99999
Epoch 2981 | Cost: 0.048627 | Acc: 88.89% (Best: 94.44% @ Ep926) | LR: 0.000300 | Rev: 0/99999
Epoch 2982 | Cost: 0.059381 | Acc: 88.89% (Best: 94.44% @ Ep926) | LR: 0.000300 | Rev: 1/99999
Epoch 2983 | Cost: 0.055649 | Acc: 88.89% (Best: 94.44% @ Ep926) | LR: 0.000300 | Rev: 0/99999
Epoch 2984 | Cost: 0.044391 | Acc: 88.89% (Best: 94.44% @ Ep926) | LR: 0.000300 | Rev: 0/99999
Epoch 2985 | Cost: 0.059555 | Acc: 88.89% (Best: 94.44% @ Ep926) | LR: 0.000300 | Rev: 1/99999
Epoch 2986 | Cost: 0.048015 | Acc: 88.89% (Best: 94.44% @ Ep926) | LR: 0.000300 | Rev: 0/99999
Epoch 2987 | Cost: 0.043184 | Acc: 88.89% (Best: 94.44% @ Ep926) | LR: 0.000300 | Rev: 0/99999
Epoch 2988 | Cost: 0.057682 | Acc: 88.89% (Best: 94.44% @ Ep926) | LR: 0.000300 | Rev: 1/99999
Epoch 2989 | Cost: 0.049523 | Acc: 88.89% (Best: 94.44% @ Ep926) | LR: 0.000300 | Rev: 0/99999
Epoch 2990 | Cost: 0.068363 | Acc: 88.89% (Best: 94.44% @ Ep926) | LR: 0.000300 | Rev: 1/99999
Epoch 2991 | Cost: 0.039854 | Acc: 88.89% (Best: 94.44% @ Ep926) | LR: 0.000300 | Rev: 0/99999
Epoch 2992 | Cost: 0.045241 | Acc: 88.89% (Best: 94.44% @ Ep926) | LR: 0.000300 | Rev: 1/99999
Epoch 2993 | Cost: 0.056198 | Acc: 88.89% (Best: 94.44% @ Ep926) | LR: 0.000300 | Rev: 2/99999
Epoch 2994 | Cost: 0.055644 | Acc: 88.89% (Best: 94.44% @ Ep926) | LR: 0.000300 | Rev: 0/99999
Epoch 2995 | Cost: 0.040194 | Acc: 88.89% (Best: 94.44% @ Ep926) | LR: 0.000300 | Rev: 0/99999
Epoch 2996 | Cost: 0.041297 | Acc: 88.89% (Best: 94.44% @ Ep926) | LR: 0.000300 | Rev: 1/99999
Epoch 2997 | Cost: 0.052204 | Acc: 88.89% (Best: 94.44% @ Ep926) | LR: 0.000300 | Rev: 2/99999
Epoch 2998 | Cost: 0.061801 | Acc: 88.89% (Best: 94.44% @ Ep926) | LR: 0.000300 | Rev: 3/99999
Epoch 2999 | Cost: 0.047890 | Acc: 88.89% (Best: 94.44% @ Ep926) | LR: 0.000300 | Rev: 0/99999
Epoch 3000 | Cost: 0.058126 | Acc: 88.89% (Best: 94.44% @ Ep926) | LR: 0.000300 | Rev: 1/99999
Epoch 3001 | Cost: 0.060632 | Acc: 88.89% (Best: 94.44% @ Ep926) | LR: 0.000300 | Rev: 2/99999
Epoch 3002 | Cost: 0.058579 | Acc: 88.89% (Best: 94.44% @ Ep926) | LR: 0.000300 | Rev: 0/99999
Epoch 3003 | Cost: 0.063105 | Acc: 88.89% (Best: 94.44% @ Ep926) | LR: 0.000300 | Rev: 1/99999
Epoch 3004 | Cost: 0.057854 | Acc: 88.89% (Best: 94.44% @ Ep926) | LR: 0.000300 | Rev: 0/99999
Epoch 3005 | Cost: 0.057504 | Acc: 88.89% (Best: 94.44% @ Ep926) | LR: 0.000300 | Rev: 0/99999
Epoch 3006 | Cost: 0.041985 | Acc: 88.89% (Best: 94.44% @ Ep926) | LR: 0.000300 | Rev: 0/99999
Epoch 3007 | Cost: 0.047440 | Acc: 88.89% (Best: 94.44% @ Ep926) | LR: 0.000300 | Rev: 1/99999
Epoch 3008 | Cost: 0.039578 | Acc: 88.89% (Best: 94.44% @ Ep926) | LR: 0.000300 | Rev: 0/99999
Epoch 3009 | Cost: 0.056483 | Acc: 88.89% (Best: 94.44% @ Ep926) | LR: 0.000300 | Rev: 1/99999
Epoch 3010 | Cost: 0.052683 | Acc: 88.89% (Best: 94.44% @ Ep926) | LR: 0.000300 | Rev: 0/99999
Epoch 3011 | Cost: 0.044975 | Acc: 88.89% (Best: 94.44% @ Ep926) | LR: 0.000300 | Rev: 0/99999
Epoch 3012 | Cost: 0.054009 | Acc: 88.89% (Best: 94.44% @ Ep926) | LR: 0.000300 | Rev: 1/99999
Epoch 3013 | Cost: 0.055724 | Acc: 88.89% (Best: 94.44% @ Ep926) | LR: 0.000300 | Rev: 2/99999
Epoch 3014 | Cost: 0.043441 | Acc: 88.89% (Best: 94.44% @ Ep926) | LR: 0.000300 | Rev: 0/99999
Epoch 3015 | Cost: 0.062701 | Acc: 88.89% (Best: 94.44% @ Ep926) | LR: 0.000300 | Rev: 1/99999
Epoch 3016 | Cost: 0.064382 | Acc: 88.89% (Best: 94.44% @ Ep926) | LR: 0.000300 | Rev: 2/99999
Epoch 3017 | Cost: 0.044580 | Acc: 88.89% (Best: 94.44% @ Ep926) | LR: 0.000300 | Rev: 0/99999
Epoch 3018 | Cost: 0.051999 | Acc: 88.89% (Best: 94.44% @ Ep926) | LR: 0.000300 | Rev: 1/99999
Epoch 3019 | Cost: 0.054805 | Acc: 88.89% (Best: 94.44% @ Ep926) | LR: 0.000300 | Rev: 2/99999
Epoch 3020 | Cost: 0.038143 | Acc: 88.89% (Best: 94.44% @ Ep926) | LR: 0.000300 | Rev: 0/99999
Epoch 3021 | Cost: 0.038720 | Acc: 88.89% (Best: 94.44% @ Ep926) | LR: 0.000300 | Rev: 1/99999
Epoch 3022 | Cost: 0.052702 | Acc: 88.89% (Best: 94.44% @ Ep926) | LR: 0.000300 | Rev: 2/99999
Epoch 3023 | Cost: 0.066508 | Acc: 88.89% (Best: 94.44% @ Ep926) | LR: 0.000300 | Rev: 3/99999
Epoch 3024 | Cost: 0.048696 | Acc: 88.89% (Best: 94.44% @ Ep926) | LR: 0.000300 | Rev: 0/99999
Epoch 3025 | Cost: 0.058704 | Acc: 88.89% (Best: 94.44% @ Ep926) | LR: 0.000300 | Rev: 1/99999
Epoch 3026 | Cost: 0.046043 | Acc: 88.89% (Best: 94.44% @ Ep926) | LR: 0.000300 | Rev: 0/99999
Epoch 3027 | Cost: 0.044565 | Acc: 88.89% (Best: 94.44% @ Ep926) | LR: 0.000300 | Rev: 0/99999
Epoch 3028 | Cost: 0.044167 | Acc: 88.89% (Best: 94.44% @ Ep926) | LR: 0.000300 | Rev: 0/99999
Epoch 3029 | Cost: 0.051369 | Acc: 88.89% (Best: 94.44% @ Ep926) | LR: 0.000300 | Rev: 1/99999
Epoch 3030 | Cost: 0.049461 | Acc: 88.89% (Best: 94.44% @ Ep926) | LR: 0.000300 | Rev: 0/99999
Epoch 3031 | Cost: 0.049599 | Acc: 88.89% (Best: 94.44% @ Ep926) | LR: 0.000300 | Rev: 1/99999
Epoch 3032 | Cost: 0.049472 | Acc: 88.89% (Best: 94.44% @ Ep926) | LR: 0.000300 | Rev: 0/99999
Epoch 3033 | Cost: 0.048318 | Acc: 88.89% (Best: 94.44% @ Ep926) | LR: 0.000300 | Rev: 0/99999
Epoch 3034 | Cost: 0.053794 | Acc: 88.89% (Best: 94.44% @ Ep926) | LR: 0.000300 | Rev: 1/99999
Epoch 3035 | Cost: 0.044727 | Acc: 88.89% (Best: 94.44% @ Ep926) | LR: 0.000300 | Rev: 0/99999
Epoch 3036 | Cost: 0.048654 | Acc: 88.89% (Best: 94.44% @ Ep926) | LR: 0.000300 | Rev: 1/99999
Epoch 3037 | Cost: 0.050974 | Acc: 88.89% (Best: 94.44% @ Ep926) | LR: 0.000300 | Rev: 2/99999
Epoch 3038 | Cost: 0.049758 | Acc: 88.89% (Best: 94.44% @ Ep926) | LR: 0.000300 | Rev: 0/99999
Epoch 3039 | Cost: 0.045328 | Acc: 88.89% (Best: 94.44% @ Ep926) | LR: 0.000300 | Rev: 0/99999
Epoch 3040 | Cost: 0.062411 | Acc: 88.89% (Best: 94.44% @ Ep926) | LR: 0.000300 | Rev: 1/99999
Epoch 3041 | Cost: 0.041108 | Acc: 88.89% (Best: 94.44% @ Ep926) | LR: 0.000300 | Rev: 0/99999
Epoch 3042 | Cost: 0.062983 | Acc: 88.89% (Best: 94.44% @ Ep926) | LR: 0.000300 | Rev: 1/99999
Epoch 3043 | Cost: 0.041162 | Acc: 88.89% (Best: 94.44% @ Ep926) | LR: 0.000300 | Rev: 0/99999
Epoch 3044 | Cost: 0.049824 | Acc: 88.89% (Best: 94.44% @ Ep926) | LR: 0.000300 | Rev: 1/99999
Epoch 3045 | Cost: 0.046857 | Acc: 88.89% (Best: 94.44% @ Ep926) | LR: 0.000300 | Rev: 0/99999
Epoch 3046 | Cost: 0.048905 | Acc: 88.89% (Best: 94.44% @ Ep926) | LR: 0.000300 | Rev: 1/99999
Epoch 3047 | Cost: 0.047658 | Acc: 88.89% (Best: 94.44% @ Ep926) | LR: 0.000300 | Rev: 0/99999
Epoch 3048 | Cost: 0.048571 | Acc: 88.89% (Best: 94.44% @ Ep926) | LR: 0.000300 | Rev: 1/99999
Epoch 3049 | Cost: 0.066113 | Acc: 88.89% (Best: 94.44% @ Ep926) | LR: 0.000300 | Rev: 2/99999
Epoch 3050 | Cost: 0.054043 | Acc: 88.89% (Best: 94.44% @ Ep926) | LR: 0.000300 | Rev: 0/99999
Epoch 3051 | Cost: 0.070256 | Acc: 88.89% (Best: 94.44% @ Ep926) | LR: 0.000300 | Rev: 1/99999
Epoch 3052 | Cost: 0.041716 | Acc: 88.89% (Best: 94.44% @ Ep926) | LR: 0.000300 | Rev: 0/99999
Epoch 3053 | Cost: 0.042307 | Acc: 88.89% (Best: 94.44% @ Ep926) | LR: 0.000300 | Rev: 1/99999
Epoch 3054 | Cost: 0.060683 | Acc: 88.89% (Best: 94.44% @ Ep926) | LR: 0.000300 | Rev: 2/99999
Epoch 3055 | Cost: 0.060512 | Acc: 88.89% (Best: 94.44% @ Ep926) | LR: 0.000300 | Rev: 0/99999
Epoch 3056 | Cost: 0.049990 | Acc: 88.89% (Best: 94.44% @ Ep926) | LR: 0.000300 | Rev: 0/99999
Epoch 3057 | Cost: 0.064701 | Acc: 88.89% (Best: 94.44% @ Ep926) | LR: 0.000300 | Rev: 1/99999
Epoch 3058 | Cost: 0.057561 | Acc: 88.89% (Best: 94.44% @ Ep926) | LR: 0.000300 | Rev: 0/99999
Epoch 3059 | Cost: 0.042665 | Acc: 88.89% (Best: 94.44% @ Ep926) | LR: 0.000300 | Rev: 0/99999
Epoch 3060 | Cost: 0.043854 | Acc: 88.89% (Best: 94.44% @ Ep926) | LR: 0.000300 | Rev: 1/99999
Epoch 3061 | Cost: 0.041375 | Acc: 88.89% (Best: 94.44% @ Ep926) | LR: 0.000300 | Rev: 0/99999
Epoch 3062 | Cost: 0.042791 | Acc: 88.89% (Best: 94.44% @ Ep926) | LR: 0.000300 | Rev: 1/99999
Epoch 3063 | Cost: 0.044997 | Acc: 88.89% (Best: 94.44% @ Ep926) | LR: 0.000300 | Rev: 2/99999
Epoch 3064 | Cost: 0.054812 | Acc: 88.89% (Best: 94.44% @ Ep926) | LR: 0.000300 | Rev: 3/99999
Epoch 3065 | Cost: 0.057059 | Acc: 88.89% (Best: 94.44% @ Ep926) | LR: 0.000300 | Rev: 4/99999
Epoch 3066 | Cost: 0.048635 | Acc: 88.89% (Best: 94.44% @ Ep926) | LR: 0.000300 | Rev: 0/99999
Epoch 3067 | Cost: 0.053988 | Acc: 88.89% (Best: 94.44% @ Ep926) | LR: 0.000300 | Rev: 1/99999
Epoch 3068 | Cost: 0.055065 | Acc: 88.89% (Best: 94.44% @ Ep926) | LR: 0.000300 | Rev: 2/99999
Epoch 3069 | Cost: 0.052380 | Acc: 88.89% (Best: 94.44% @ Ep926) | LR: 0.000300 | Rev: 0/99999
Epoch 3070 | Cost: 0.085806 | Acc: 88.89% (Best: 94.44% @ Ep926) | LR: 0.000300 | Rev: 1/99999
Epoch 3071 | Cost: 0.073039 | Acc: 88.89% (Best: 94.44% @ Ep926) | LR: 0.000300 | Rev: 0/99999
Epoch 3072 | Cost: 0.054801 | Acc: 88.89% (Best: 94.44% @ Ep926) | LR: 0.000300 | Rev: 0/99999
Epoch 3073 | Cost: 0.069853 | Acc: 88.89% (Best: 94.44% @ Ep926) | LR: 0.000300 | Rev: 1/99999
Epoch 3074 | Cost: 0.064014 | Acc: 88.89% (Best: 94.44% @ Ep926) | LR: 0.000300 | Rev: 0/99999
Epoch 3075 | Cost: 0.053601 | Acc: 88.89% (Best: 94.44% @ Ep926) | LR: 0.000300 | Rev: 0/99999
Epoch 3076 | Cost: 0.035862 | Acc: 88.89% (Best: 94.44% @ Ep926) | LR: 0.000300 | Rev: 0/99999
Epoch 3077 | Cost: 0.068051 | Acc: 88.89% (Best: 94.44% @ Ep926) | LR: 0.000300 | Rev: 1/99999
Epoch 3078 | Cost: 0.055277 | Acc: 88.89% (Best: 94.44% @ Ep926) | LR: 0.000300 | Rev: 0/99999
Epoch 3079 | Cost: 0.044686 | Acc: 88.89% (Best: 94.44% @ Ep926) | LR: 0.000300 | Rev: 0/99999
Epoch 3080 | Cost: 0.045843 | Acc: 88.89% (Best: 94.44% @ Ep926) | LR: 0.000300 | Rev: 1/99999
Epoch 3081 | Cost: 0.066053 | Acc: 88.89% (Best: 94.44% @ Ep926) | LR: 0.000300 | Rev: 2/99999
Epoch 3082 | Cost: 0.046822 | Acc: 88.89% (Best: 94.44% @ Ep926) | LR: 0.000300 | Rev: 0/99999
Epoch 3083 | Cost: 0.036376 | Acc: 88.89% (Best: 94.44% @ Ep926) | LR: 0.000300 | Rev: 0/99999
Epoch 3084 | Cost: 0.056892 | Acc: 88.89% (Best: 94.44% @ Ep926) | LR: 0.000300 | Rev: 1/99999
Epoch 3085 | Cost: 0.043525 | Acc: 88.89% (Best: 94.44% @ Ep926) | LR: 0.000300 | Rev: 0/99999
Epoch 3086 | Cost: 0.044951 | Acc: 88.89% (Best: 94.44% @ Ep926) | LR: 0.000300 | Rev: 1/99999
Epoch 3087 | Cost: 0.044185 | Acc: 88.89% (Best: 94.44% @ Ep926) | LR: 0.000300 | Rev: 0/99999
Epoch 3088 | Cost: 0.056416 | Acc: 88.89% (Best: 94.44% @ Ep926) | LR: 0.000300 | Rev: 1/99999
Epoch 3089 | Cost: 0.065086 | Acc: 88.89% (Best: 94.44% @ Ep926) | LR: 0.000300 | Rev: 2/99999
Epoch 3090 | Cost: 0.049865 | Acc: 88.89% (Best: 94.44% @ Ep926) | LR: 0.000300 | Rev: 0/99999
Epoch 3091 | Cost: 0.047889 | Acc: 88.89% (Best: 94.44% @ Ep926) | LR: 0.000300 | Rev: 0/99999
Epoch 3092 | Cost: 0.066301 | Acc: 88.89% (Best: 94.44% @ Ep926) | LR: 0.000300 | Rev: 1/99999
Epoch 3093 | Cost: 0.062990 | Acc: 88.89% (Best: 94.44% @ Ep926) | LR: 0.000300 | Rev: 0/99999
Epoch 3094 | Cost: 0.051456 | Acc: 88.89% (Best: 94.44% @ Ep926) | LR: 0.000300 | Rev: 0/99999
Epoch 3095 | Cost: 0.059834 | Acc: 88.89% (Best: 94.44% @ Ep926) | LR: 0.000300 | Rev: 1/99999
Epoch 3096 | Cost: 0.040499 | Acc: 88.89% (Best: 94.44% @ Ep926) | LR: 0.000300 | Rev: 0/99999
Epoch 3097 | Cost: 0.045505 | Acc: 88.89% (Best: 94.44% @ Ep926) | LR: 0.000300 | Rev: 1/99999
Epoch 3098 | Cost: 0.047213 | Acc: 88.89% (Best: 94.44% @ Ep926) | LR: 0.000300 | Rev: 2/99999
Epoch 3099 | Cost: 0.063069 | Acc: 88.89% (Best: 94.44% @ Ep926) | LR: 0.000300 | Rev: 3/99999
Epoch 3100 | Cost: 0.051447 | Acc: 88.89% (Best: 94.44% @ Ep926) | LR: 0.000300 | Rev: 0/99999
Epoch 3101 | Cost: 0.050251 | Acc: 88.89% (Best: 94.44% @ Ep926) | LR: 0.000300 | Rev: 0/99999
Epoch 3102 | Cost: 0.038695 | Acc: 88.89% (Best: 94.44% @ Ep926) | LR: 0.000300 | Rev: 0/99999
Epoch 3103 | Cost: 0.057512 | Acc: 88.89% (Best: 94.44% @ Ep926) | LR: 0.000300 | Rev: 1/99999
Epoch 3104 | Cost: 0.042930 | Acc: 88.89% (Best: 94.44% @ Ep926) | LR: 0.000300 | Rev: 0/99999
Epoch 3105 | Cost: 0.044855 | Acc: 88.89% (Best: 94.44% @ Ep926) | LR: 0.000300 | Rev: 1/99999
Epoch 3106 | Cost: 0.039225 | Acc: 88.89% (Best: 94.44% @ Ep926) | LR: 0.000300 | Rev: 0/99999
Epoch 3107 | Cost: 0.046351 | Acc: 88.89% (Best: 94.44% @ Ep926) | LR: 0.000300 | Rev: 1/99999
Epoch 3108 | Cost: 0.040806 | Acc: 88.89% (Best: 94.44% @ Ep926) | LR: 0.000300 | Rev: 0/99999
Epoch 3109 | Cost: 0.042016 | Acc: 88.89% (Best: 94.44% @ Ep926) | LR: 0.000300 | Rev: 1/99999
Epoch 3110 | Cost: 0.041745 | Acc: 88.89% (Best: 94.44% @ Ep926) | LR: 0.000300 | Rev: 0/99999
Epoch 3111 | Cost: 0.037042 | Acc: 88.89% (Best: 94.44% @ Ep926) | LR: 0.000300 | Rev: 0/99999
Epoch 3112 | Cost: 0.055383 | Acc: 88.89% (Best: 94.44% @ Ep926) | LR: 0.000300 | Rev: 1/99999
Epoch 3113 | Cost: 0.065896 | Acc: 88.89% (Best: 94.44% @ Ep926) | LR: 0.000300 | Rev: 2/99999
Epoch 3114 | Cost: 0.045779 | Acc: 88.89% (Best: 94.44% @ Ep926) | LR: 0.000300 | Rev: 0/99999
Epoch 3115 | Cost: 0.033759 | Acc: 88.89% (Best: 94.44% @ Ep926) | LR: 0.000300 | Rev: 0/99999
Epoch 3116 | Cost: 0.055817 | Acc: 88.89% (Best: 94.44% @ Ep926) | LR: 0.000300 | Rev: 1/99999
Epoch 3117 | Cost: 0.042731 | Acc: 88.89% (Best: 94.44% @ Ep926) | LR: 0.000300 | Rev: 0/99999
Epoch 3118 | Cost: 0.038922 | Acc: 88.89% (Best: 94.44% @ Ep926) | LR: 0.000300 | Rev: 0/99999
Epoch 3119 | Cost: 0.045207 | Acc: 88.89% (Best: 94.44% @ Ep926) | LR: 0.000300 | Rev: 1/99999
Epoch 3120 | Cost: 0.057821 | Acc: 88.89% (Best: 94.44% @ Ep926) | LR: 0.000300 | Rev: 2/99999
Epoch 3121 | Cost: 0.055110 | Acc: 88.89% (Best: 94.44% @ Ep926) | LR: 0.000300 | Rev: 0/99999
Epoch 3122 | Cost: 0.047978 | Acc: 88.89% (Best: 94.44% @ Ep926) | LR: 0.000300 | Rev: 0/99999
Epoch 3123 | Cost: 0.061069 | Acc: 88.89% (Best: 94.44% @ Ep926) | LR: 0.000300 | Rev: 1/99999
Epoch 3124 | Cost: 0.062272 | Acc: 88.89% (Best: 94.44% @ Ep926) | LR: 0.000300 | Rev: 2/99999
Epoch 3125 | Cost: 0.033097 | Acc: 88.89% (Best: 94.44% @ Ep926) | LR: 0.000300 | Rev: 0/99999
Epoch 3126 | Cost: 0.045220 | Acc: 88.89% (Best: 94.44% @ Ep926) | LR: 0.000300 | Rev: 1/99999
Epoch 3127 | Cost: 0.059329 | Acc: 88.89% (Best: 94.44% @ Ep926) | LR: 0.000300 | Rev: 2/99999
Epoch 3128 | Cost: 0.055445 | Acc: 88.89% (Best: 94.44% @ Ep926) | LR: 0.000300 | Rev: 0/99999
Epoch 3129 | Cost: 0.044069 | Acc: 88.89% (Best: 94.44% @ Ep926) | LR: 0.000300 | Rev: 0/99999
Epoch 3130 | Cost: 0.043057 | Acc: 88.89% (Best: 94.44% @ Ep926) | LR: 0.000300 | Rev: 0/99999
Epoch 3131 | Cost: 0.054045 | Acc: 88.89% (Best: 94.44% @ Ep926) | LR: 0.000300 | Rev: 1/99999
Epoch 3132 | Cost: 0.062141 | Acc: 88.89% (Best: 94.44% @ Ep926) | LR: 0.000300 | Rev: 2/99999
Epoch 3133 | Cost: 0.051527 | Acc: 88.89% (Best: 94.44% @ Ep926) | LR: 0.000300 | Rev: 0/99999
Epoch 3134 | Cost: 0.041951 | Acc: 88.89% (Best: 94.44% @ Ep926) | LR: 0.000300 | Rev: 0/99999
Epoch 3135 | Cost: 0.054421 | Acc: 88.89% (Best: 94.44% @ Ep926) | LR: 0.000300 | Rev: 1/99999
Epoch 3136 | Cost: 0.041334 | Acc: 88.89% (Best: 94.44% @ Ep926) | LR: 0.000300 | Rev: 0/99999
Epoch 3137 | Cost: 0.060570 | Acc: 88.89% (Best: 94.44% @ Ep926) | LR: 0.000300 | Rev: 1/99999
Epoch 3138 | Cost: 0.038633 | Acc: 88.89% (Best: 94.44% @ Ep926) | LR: 0.000300 | Rev: 0/99999
Epoch 3139 | Cost: 0.046288 | Acc: 88.89% (Best: 94.44% @ Ep926) | LR: 0.000300 | Rev: 1/99999
Epoch 3140 | Cost: 0.073379 | Acc: 88.89% (Best: 94.44% @ Ep926) | LR: 0.000300 | Rev: 2/99999
Epoch 3141 | Cost: 0.049969 | Acc: 88.89% (Best: 94.44% @ Ep926) | LR: 0.000300 | Rev: 0/99999
Epoch 3142 | Cost: 0.057847 | Acc: 88.89% (Best: 94.44% @ Ep926) | LR: 0.000300 | Rev: 1/99999
Epoch 3143 | Cost: 0.061345 | Acc: 88.89% (Best: 94.44% @ Ep926) | LR: 0.000300 | Rev: 2/99999
Epoch 3144 | Cost: 0.045532 | Acc: 88.89% (Best: 94.44% @ Ep926) | LR: 0.000300 | Rev: 0/99999
Epoch 3145 | Cost: 0.046190 | Acc: 88.89% (Best: 94.44% @ Ep926) | LR: 0.000300 | Rev: 1/99999
Epoch 3146 | Cost: 0.056252 | Acc: 88.89% (Best: 94.44% @ Ep926) | LR: 0.000300 | Rev: 2/99999
Epoch 3147 | Cost: 0.048783 | Acc: 88.89% (Best: 94.44% @ Ep926) | LR: 0.000300 | Rev: 0/99999
Epoch 3148 | Cost: 0.052155 | Acc: 88.89% (Best: 94.44% @ Ep926) | LR: 0.000300 | Rev: 1/99999
Epoch 3149 | Cost: 0.047947 | Acc: 88.89% (Best: 94.44% @ Ep926) | LR: 0.000300 | Rev: 0/99999
Epoch 3150 | Cost: 0.042206 | Acc: 88.89% (Best: 94.44% @ Ep926) | LR: 0.000300 | Rev: 0/99999
Epoch 3151 | Cost: 0.050010 | Acc: 88.89% (Best: 94.44% @ Ep926) | LR: 0.000300 | Rev: 1/99999
Epoch 3152 | Cost: 0.056121 | Acc: 88.89% (Best: 94.44% @ Ep926) | LR: 0.000300 | Rev: 2/99999
Epoch 3153 | Cost: 0.052785 | Acc: 88.89% (Best: 94.44% @ Ep926) | LR: 0.000300 | Rev: 0/99999
Epoch 3154 | Cost: 0.039702 | Acc: 88.89% (Best: 94.44% @ Ep926) | LR: 0.000300 | Rev: 0/99999
Epoch 3155 | Cost: 0.052707 | Acc: 88.89% (Best: 94.44% @ Ep926) | LR: 0.000300 | Rev: 1/99999
Epoch 3156 | Cost: 0.047622 | Acc: 88.89% (Best: 94.44% @ Ep926) | LR: 0.000300 | Rev: 0/99999
Epoch 3157 | Cost: 0.040066 | Acc: 88.89% (Best: 94.44% @ Ep926) | LR: 0.000300 | Rev: 0/99999
Epoch 3158 | Cost: 0.050533 | Acc: 88.89% (Best: 94.44% @ Ep926) | LR: 0.000300 | Rev: 1/99999
Epoch 3159 | Cost: 0.038894 | Acc: 88.89% (Best: 94.44% @ Ep926) | LR: 0.000300 | Rev: 0/99999
Epoch 3160 | Cost: 0.063042 | Acc: 88.89% (Best: 94.44% @ Ep926) | LR: 0.000300 | Rev: 1/99999
Epoch 3161 | Cost: 0.051928 | Acc: 88.89% (Best: 94.44% @ Ep926) | LR: 0.000300 | Rev: 0/99999
Epoch 3162 | Cost: 0.053743 | Acc: 88.89% (Best: 94.44% @ Ep926) | LR: 0.000300 | Rev: 1/99999
Epoch 3163 | Cost: 0.029624 | Acc: 88.89% (Best: 94.44% @ Ep926) | LR: 0.000300 | Rev: 0/99999
Epoch 3164 | Cost: 0.045837 | Acc: 88.89% (Best: 94.44% @ Ep926) | LR: 0.000300 | Rev: 1/99999
Epoch 3165 | Cost: 0.050525 | Acc: 88.89% (Best: 94.44% @ Ep926) | LR: 0.000300 | Rev: 2/99999
Epoch 3166 | Cost: 0.047943 | Acc: 88.89% (Best: 94.44% @ Ep926) | LR: 0.000300 | Rev: 0/99999
Epoch 3167 | Cost: 0.055197 | Acc: 88.89% (Best: 94.44% @ Ep926) | LR: 0.000300 | Rev: 1/99999
Epoch 3168 | Cost: 0.047166 | Acc: 86.11% (Best: 94.44% @ Ep926) | LR: 0.000300 | Rev: 0/99999
Epoch 3169 | Cost: 0.046994 | Acc: 86.11% (Best: 94.44% @ Ep926) | LR: 0.000300 | Rev: 0/99999
Epoch 3170 | Cost: 0.051572 | Acc: 88.89% (Best: 94.44% @ Ep926) | LR: 0.000300 | Rev: 1/99999
Epoch 3171 | Cost: 0.052160 | Acc: 88.89% (Best: 94.44% @ Ep926) | LR: 0.000300 | Rev: 2/99999
Epoch 3172 | Cost: 0.047890 | Acc: 88.89% (Best: 94.44% @ Ep926) | LR: 0.000300 | Rev: 0/99999
Epoch 3173 | Cost: 0.053111 | Acc: 88.89% (Best: 94.44% @ Ep926) | LR: 0.000300 | Rev: 1/99999
Epoch 3174 | Cost: 0.036461 | Acc: 88.89% (Best: 94.44% @ Ep926) | LR: 0.000300 | Rev: 0/99999
Epoch 3175 | Cost: 0.066249 | Acc: 88.89% (Best: 94.44% @ Ep926) | LR: 0.000300 | Rev: 1/99999
Epoch 3176 | Cost: 0.068805 | Acc: 88.89% (Best: 94.44% @ Ep926) | LR: 0.000300 | Rev: 2/99999
Epoch 3177 | Cost: 0.044780 | Acc: 88.89% (Best: 94.44% @ Ep926) | LR: 0.000300 | Rev: 0/99999
Epoch 3178 | Cost: 0.047057 | Acc: 88.89% (Best: 94.44% @ Ep926) | LR: 0.000300 | Rev: 1/99999
Epoch 3179 | Cost: 0.052067 | Acc: 88.89% (Best: 94.44% @ Ep926) | LR: 0.000300 | Rev: 2/99999
Epoch 3180 | Cost: 0.048392 | Acc: 88.89% (Best: 94.44% @ Ep926) | LR: 0.000300 | Rev: 0/99999
Epoch 3181 | Cost: 0.043884 | Acc: 86.11% (Best: 94.44% @ Ep926) | LR: 0.000300 | Rev: 0/99999
Epoch 3182 | Cost: 0.050351 | Acc: 86.11% (Best: 94.44% @ Ep926) | LR: 0.000300 | Rev: 1/99999
Epoch 3183 | Cost: 0.054479 | Acc: 88.89% (Best: 94.44% @ Ep926) | LR: 0.000300 | Rev: 2/99999
Epoch 3184 | Cost: 0.042429 | Acc: 86.11% (Best: 94.44% @ Ep926) | LR: 0.000300 | Rev: 0/99999
Epoch 3185 | Cost: 0.055458 | Acc: 88.89% (Best: 94.44% @ Ep926) | LR: 0.000300 | Rev: 1/99999
Epoch 3186 | Cost: 0.054487 | Acc: 88.89% (Best: 94.44% @ Ep926) | LR: 0.000300 | Rev: 0/99999
Epoch 3187 | Cost: 0.041022 | Acc: 88.89% (Best: 94.44% @ Ep926) | LR: 0.000300 | Rev: 0/99999
Epoch 3188 | Cost: 0.054066 | Acc: 88.89% (Best: 94.44% @ Ep926) | LR: 0.000300 | Rev: 1/99999
Epoch 3189 | Cost: 0.045113 | Acc: 88.89% (Best: 94.44% @ Ep926) | LR: 0.000300 | Rev: 0/99999
Epoch 3190 | Cost: 0.039731 | Acc: 88.89% (Best: 94.44% @ Ep926) | LR: 0.000300 | Rev: 0/99999
Epoch 3191 | Cost: 0.056165 | Acc: 88.89% (Best: 94.44% @ Ep926) | LR: 0.000300 | Rev: 1/99999
Epoch 3192 | Cost: 0.046648 | Acc: 88.89% (Best: 94.44% @ Ep926) | LR: 0.000300 | Rev: 0/99999
Epoch 3193 | Cost: 0.031545 | Acc: 88.89% (Best: 94.44% @ Ep926) | LR: 0.000300 | Rev: 0/99999
Epoch 3194 | Cost: 0.054018 | Acc: 88.89% (Best: 94.44% @ Ep926) | LR: 0.000300 | Rev: 1/99999
Epoch 3195 | Cost: 0.046174 | Acc: 88.89% (Best: 94.44% @ Ep926) | LR: 0.000300 | Rev: 0/99999
Epoch 3196 | Cost: 0.060440 | Acc: 88.89% (Best: 94.44% @ Ep926) | LR: 0.000300 | Rev: 1/99999
Epoch 3197 | Cost: 0.042259 | Acc: 88.89% (Best: 94.44% @ Ep926) | LR: 0.000300 | Rev: 0/99999
Epoch 3198 | Cost: 0.038792 | Acc: 88.89% (Best: 94.44% @ Ep926) | LR: 0.000300 | Rev: 0/99999
Epoch 3199 | Cost: 0.059343 | Acc: 88.89% (Best: 94.44% @ Ep926) | LR: 0.000300 | Rev: 1/99999
Epoch 3200 | Cost: 0.053408 | Acc: 88.89% (Best: 94.44% @ Ep926) | LR: 0.000300 | Rev: 0/99999
Epoch 3201 | Cost: 0.041745 | Acc: 88.89% (Best: 94.44% @ Ep926) | LR: 0.000300 | Rev: 0/99999
Epoch 3202 | Cost: 0.053610 | Acc: 88.89% (Best: 94.44% @ Ep926) | LR: 0.000300 | Rev: 1/99999
Epoch 3203 | Cost: 0.036960 | Acc: 88.89% (Best: 94.44% @ Ep926) | LR: 0.000300 | Rev: 0/99999
Epoch 3204 | Cost: 0.045511 | Acc: 88.89% (Best: 94.44% @ Ep926) | LR: 0.000300 | Rev: 1/99999
Epoch 3205 | Cost: 0.043028 | Acc: 88.89% (Best: 94.44% @ Ep926) | LR: 0.000300 | Rev: 0/99999
Epoch 3206 | Cost: 0.040897 | Acc: 88.89% (Best: 94.44% @ Ep926) | LR: 0.000300 | Rev: 0/99999
Epoch 3207 | Cost: 0.049447 | Acc: 88.89% (Best: 94.44% @ Ep926) | LR: 0.000300 | Rev: 1/99999
Epoch 3208 | Cost: 0.045933 | Acc: 88.89% (Best: 94.44% @ Ep926) | LR: 0.000300 | Rev: 0/99999
Epoch 3209 | Cost: 0.054961 | Acc: 88.89% (Best: 94.44% @ Ep926) | LR: 0.000300 | Rev: 1/99999
Epoch 3210 | Cost: 0.059050 | Acc: 88.89% (Best: 94.44% @ Ep926) | LR: 0.000300 | Rev: 2/99999
Epoch 3211 | Cost: 0.046795 | Acc: 88.89% (Best: 94.44% @ Ep926) | LR: 0.000300 | Rev: 0/99999
Epoch 3212 | Cost: 0.049770 | Acc: 88.89% (Best: 94.44% @ Ep926) | LR: 0.000300 | Rev: 1/99999
Epoch 3213 | Cost: 0.043880 | Acc: 88.89% (Best: 94.44% @ Ep926) | LR: 0.000300 | Rev: 0/99999
Epoch 3214 | Cost: 0.073006 | Acc: 88.89% (Best: 94.44% @ Ep926) | LR: 0.000300 | Rev: 1/99999
Epoch 3215 | Cost: 0.071399 | Acc: 88.89% (Best: 94.44% @ Ep926) | LR: 0.000300 | Rev: 0/99999
Epoch 3216 | Cost: 0.049440 | Acc: 88.89% (Best: 94.44% @ Ep926) | LR: 0.000300 | Rev: 0/99999
Epoch 3217 | Cost: 0.034758 | Acc: 88.89% (Best: 94.44% @ Ep926) | LR: 0.000300 | Rev: 0/99999
Epoch 3218 | Cost: 0.039326 | Acc: 88.89% (Best: 94.44% @ Ep926) | LR: 0.000300 | Rev: 1/99999
Epoch 3219 | Cost: 0.041509 | Acc: 88.89% (Best: 94.44% @ Ep926) | LR: 0.000300 | Rev: 2/99999
Epoch 3220 | Cost: 0.041414 | Acc: 88.89% (Best: 94.44% @ Ep926) | LR: 0.000300 | Rev: 0/99999
Epoch 3221 | Cost: 0.053466 | Acc: 86.11% (Best: 94.44% @ Ep926) | LR: 0.000300 | Rev: 1/99999
Epoch 3222 | Cost: 0.047968 | Acc: 86.11% (Best: 94.44% @ Ep926) | LR: 0.000300 | Rev: 0/99999
Epoch 3223 | Cost: 0.043658 | Acc: 86.11% (Best: 94.44% @ Ep926) | LR: 0.000300 | Rev: 0/99999
Epoch 3224 | Cost: 0.050726 | Acc: 88.89% (Best: 94.44% @ Ep926) | LR: 0.000300 | Rev: 1/99999
Epoch 3225 | Cost: 0.059547 | Acc: 88.89% (Best: 94.44% @ Ep926) | LR: 0.000300 | Rev: 2/99999
Epoch 3226 | Cost: 0.047252 | Acc: 88.89% (Best: 94.44% @ Ep926) | LR: 0.000300 | Rev: 0/99999
Epoch 3227 | Cost: 0.058364 | Acc: 88.89% (Best: 94.44% @ Ep926) | LR: 0.000300 | Rev: 1/99999
Epoch 3228 | Cost: 0.045022 | Acc: 88.89% (Best: 94.44% @ Ep926) | LR: 0.000300 | Rev: 0/99999
Epoch 3229 | Cost: 0.048262 | Acc: 88.89% (Best: 94.44% @ Ep926) | LR: 0.000300 | Rev: 1/99999
Epoch 3230 | Cost: 0.037274 | Acc: 88.89% (Best: 94.44% @ Ep926) | LR: 0.000300 | Rev: 0/99999
Epoch 3231 | Cost: 0.045901 | Acc: 88.89% (Best: 94.44% @ Ep926) | LR: 0.000300 | Rev: 1/99999
Epoch 3232 | Cost: 0.043061 | Acc: 88.89% (Best: 94.44% @ Ep926) | LR: 0.000300 | Rev: 0/99999
Epoch 3233 | Cost: 0.044944 | Acc: 88.89% (Best: 94.44% @ Ep926) | LR: 0.000300 | Rev: 1/99999
Epoch 3234 | Cost: 0.048873 | Acc: 88.89% (Best: 94.44% @ Ep926) | LR: 0.000300 | Rev: 2/99999
Epoch 3235 | Cost: 0.056881 | Acc: 88.89% (Best: 94.44% @ Ep926) | LR: 0.000300 | Rev: 3/99999
Epoch 3236 | Cost: 0.043891 | Acc: 88.89% (Best: 94.44% @ Ep926) | LR: 0.000300 | Rev: 0/99999
Epoch 3237 | Cost: 0.057660 | Acc: 88.89% (Best: 94.44% @ Ep926) | LR: 0.000300 | Rev: 1/99999
Epoch 3238 | Cost: 0.066106 | Acc: 88.89% (Best: 94.44% @ Ep926) | LR: 0.000300 | Rev: 2/99999
Epoch 3239 | Cost: 0.057463 | Acc: 88.89% (Best: 94.44% @ Ep926) | LR: 0.000300 | Rev: 0/99999
Epoch 3240 | Cost: 0.045733 | Acc: 88.89% (Best: 94.44% @ Ep926) | LR: 0.000300 | Rev: 0/99999
Epoch 3241 | Cost: 0.041678 | Acc: 88.89% (Best: 94.44% @ Ep926) | LR: 0.000300 | Rev: 0/99999
Epoch 3242 | Cost: 0.046484 | Acc: 88.89% (Best: 94.44% @ Ep926) | LR: 0.000300 | Rev: 1/99999
Epoch 3243 | Cost: 0.036753 | Acc: 88.89% (Best: 94.44% @ Ep926) | LR: 0.000300 | Rev: 0/99999
Epoch 3244 | Cost: 0.048342 | Acc: 88.89% (Best: 94.44% @ Ep926) | LR: 0.000300 | Rev: 1/99999
Epoch 3245 | Cost: 0.058654 | Acc: 88.89% (Best: 94.44% @ Ep926) | LR: 0.000300 | Rev: 2/99999
Epoch 3246 | Cost: 0.042907 | Acc: 88.89% (Best: 94.44% @ Ep926) | LR: 0.000300 | Rev: 0/99999
Epoch 3247 | Cost: 0.050364 | Acc: 88.89% (Best: 94.44% @ Ep926) | LR: 0.000300 | Rev: 1/99999
Epoch 3248 | Cost: 0.051744 | Acc: 88.89% (Best: 94.44% @ Ep926) | LR: 0.000300 | Rev: 2/99999
Epoch 3249 | Cost: 0.046897 | Acc: 88.89% (Best: 94.44% @ Ep926) | LR: 0.000300 | Rev: 0/99999
Epoch 3250 | Cost: 0.057185 | Acc: 88.89% (Best: 94.44% @ Ep926) | LR: 0.000300 | Rev: 1/99999
Epoch 3251 | Cost: 0.032096 | Acc: 88.89% (Best: 94.44% @ Ep926) | LR: 0.000300 | Rev: 0/99999
Epoch 3252 | Cost: 0.034400 | Acc: 88.89% (Best: 94.44% @ Ep926) | LR: 0.000300 | Rev: 1/99999
Epoch 3253 | Cost: 0.057894 | Acc: 88.89% (Best: 94.44% @ Ep926) | LR: 0.000300 | Rev: 2/99999
Epoch 3254 | Cost: 0.076284 | Acc: 88.89% (Best: 94.44% @ Ep926) | LR: 0.000300 | Rev: 3/99999
Epoch 3255 | Cost: 0.035970 | Acc: 88.89% (Best: 94.44% @ Ep926) | LR: 0.000300 | Rev: 0/99999
Epoch 3256 | Cost: 0.047012 | Acc: 88.89% (Best: 94.44% @ Ep926) | LR: 0.000300 | Rev: 1/99999
Epoch 3257 | Cost: 0.040563 | Acc: 88.89% (Best: 94.44% @ Ep926) | LR: 0.000300 | Rev: 0/99999
Epoch 3258 | Cost: 0.051866 | Acc: 88.89% (Best: 94.44% @ Ep926) | LR: 0.000300 | Rev: 1/99999
Epoch 3259 | Cost: 0.072272 | Acc: 88.89% (Best: 94.44% @ Ep926) | LR: 0.000300 | Rev: 2/99999
Epoch 3260 | Cost: 0.054976 | Acc: 88.89% (Best: 94.44% @ Ep926) | LR: 0.000300 | Rev: 0/99999
Epoch 3261 | Cost: 0.043260 | Acc: 88.89% (Best: 94.44% @ Ep926) | LR: 0.000300 | Rev: 0/99999
Epoch 3262 | Cost: 0.040612 | Acc: 88.89% (Best: 94.44% @ Ep926) | LR: 0.000300 | Rev: 0/99999
Epoch 3263 | Cost: 0.044196 | Acc: 88.89% (Best: 94.44% @ Ep926) | LR: 0.000300 | Rev: 1/99999
Epoch 3264 | Cost: 0.057186 | Acc: 88.89% (Best: 94.44% @ Ep926) | LR: 0.000300 | Rev: 2/99999
Epoch 3265 | Cost: 0.049430 | Acc: 88.89% (Best: 94.44% @ Ep926) | LR: 0.000300 | Rev: 0/99999
Epoch 3266 | Cost: 0.048623 | Acc: 88.89% (Best: 94.44% @ Ep926) | LR: 0.000300 | Rev: 0/99999
Epoch 3267 | Cost: 0.055617 | Acc: 88.89% (Best: 94.44% @ Ep926) | LR: 0.000300 | Rev: 1/99999
Epoch 3268 | Cost: 0.038070 | Acc: 88.89% (Best: 94.44% @ Ep926) | LR: 0.000300 | Rev: 0/99999
Epoch 3269 | Cost: 0.042860 | Acc: 88.89% (Best: 94.44% @ Ep926) | LR: 0.000300 | Rev: 1/99999
Epoch 3270 | Cost: 0.047145 | Acc: 88.89% (Best: 94.44% @ Ep926) | LR: 0.000300 | Rev: 2/99999
Epoch 3271 | Cost: 0.050347 | Acc: 88.89% (Best: 94.44% @ Ep926) | LR: 0.000300 | Rev: 3/99999
Epoch 3272 | Cost: 0.046714 | Acc: 88.89% (Best: 94.44% @ Ep926) | LR: 0.000300 | Rev: 0/99999
Epoch 3273 | Cost: 0.039905 | Acc: 88.89% (Best: 94.44% @ Ep926) | LR: 0.000300 | Rev: 0/99999
Epoch 3274 | Cost: 0.057892 | Acc: 88.89% (Best: 94.44% @ Ep926) | LR: 0.000300 | Rev: 1/99999
Epoch 3275 | Cost: 0.053093 | Acc: 88.89% (Best: 94.44% @ Ep926) | LR: 0.000300 | Rev: 0/99999
Epoch 3276 | Cost: 0.063599 | Acc: 88.89% (Best: 94.44% @ Ep926) | LR: 0.000300 | Rev: 1/99999
Epoch 3277 | Cost: 0.040310 | Acc: 88.89% (Best: 94.44% @ Ep926) | LR: 0.000300 | Rev: 0/99999
Epoch 3278 | Cost: 0.054776 | Acc: 88.89% (Best: 94.44% @ Ep926) | LR: 0.000300 | Rev: 1/99999
Epoch 3279 | Cost: 0.054559 | Acc: 88.89% (Best: 94.44% @ Ep926) | LR: 0.000300 | Rev: 0/99999
Epoch 3280 | Cost: 0.048798 | Acc: 88.89% (Best: 94.44% @ Ep926) | LR: 0.000300 | Rev: 0/99999
Epoch 3281 | Cost: 0.045945 | Acc: 88.89% (Best: 94.44% @ Ep926) | LR: 0.000300 | Rev: 0/99999
Epoch 3282 | Cost: 0.038308 | Acc: 88.89% (Best: 94.44% @ Ep926) | LR: 0.000300 | Rev: 0/99999
Epoch 3283 | Cost: 0.043809 | Acc: 88.89% (Best: 94.44% @ Ep926) | LR: 0.000300 | Rev: 1/99999
Epoch 3284 | Cost: 0.045566 | Acc: 88.89% (Best: 94.44% @ Ep926) | LR: 0.000300 | Rev: 2/99999
Epoch 3285 | Cost: 0.036356 | Acc: 88.89% (Best: 94.44% @ Ep926) | LR: 0.000300 | Rev: 0/99999
Epoch 3286 | Cost: 0.039671 | Acc: 88.89% (Best: 94.44% @ Ep926) | LR: 0.000300 | Rev: 1/99999
Epoch 3287 | Cost: 0.041192 | Acc: 88.89% (Best: 94.44% @ Ep926) | LR: 0.000300 | Rev: 2/99999
Epoch 3288 | Cost: 0.035796 | Acc: 88.89% (Best: 94.44% @ Ep926) | LR: 0.000300 | Rev: 0/99999
Epoch 3289 | Cost: 0.037634 | Acc: 88.89% (Best: 94.44% @ Ep926) | LR: 0.000300 | Rev: 1/99999
Epoch 3290 | Cost: 0.047898 | Acc: 88.89% (Best: 94.44% @ Ep926) | LR: 0.000300 | Rev: 2/99999
Epoch 3291 | Cost: 0.047036 | Acc: 88.89% (Best: 94.44% @ Ep926) | LR: 0.000300 | Rev: 0/99999
Epoch 3292 | Cost: 0.034172 | Acc: 88.89% (Best: 94.44% @ Ep926) | LR: 0.000300 | Rev: 0/99999
Epoch 3293 | Cost: 0.056404 | Acc: 88.89% (Best: 94.44% @ Ep926) | LR: 0.000300 | Rev: 1/99999
Epoch 3294 | Cost: 0.051183 | Acc: 88.89% (Best: 94.44% @ Ep926) | LR: 0.000300 | Rev: 0/99999
Epoch 3295 | Cost: 0.039308 | Acc: 88.89% (Best: 94.44% @ Ep926) | LR: 0.000300 | Rev: 0/99999
Epoch 3296 | Cost: 0.057884 | Acc: 88.89% (Best: 94.44% @ Ep926) | LR: 0.000300 | Rev: 1/99999
Epoch 3297 | Cost: 0.037870 | Acc: 88.89% (Best: 94.44% @ Ep926) | LR: 0.000300 | Rev: 0/99999
Epoch 3298 | Cost: 0.048935 | Acc: 88.89% (Best: 94.44% @ Ep926) | LR: 0.000300 | Rev: 1/99999
Epoch 3299 | Cost: 0.056055 | Acc: 88.89% (Best: 94.44% @ Ep926) | LR: 0.000300 | Rev: 2/99999
Epoch 3300 | Cost: 0.043402 | Acc: 88.89% (Best: 94.44% @ Ep926) | LR: 0.000300 | Rev: 0/99999
Epoch 3301 | Cost: 0.045915 | Acc: 88.89% (Best: 94.44% @ Ep926) | LR: 0.000300 | Rev: 1/99999
Epoch 3302 | Cost: 0.048168 | Acc: 88.89% (Best: 94.44% @ Ep926) | LR: 0.000300 | Rev: 2/99999
Epoch 3303 | Cost: 0.039210 | Acc: 88.89% (Best: 94.44% @ Ep926) | LR: 0.000300 | Rev: 0/99999
Epoch 3304 | Cost: 0.056336 | Acc: 88.89% (Best: 94.44% @ Ep926) | LR: 0.000300 | Rev: 1/99999
Epoch 3305 | Cost: 0.031652 | Acc: 88.89% (Best: 94.44% @ Ep926) | LR: 0.000300 | Rev: 0/99999
Epoch 3306 | Cost: 0.049934 | Acc: 88.89% (Best: 94.44% @ Ep926) | LR: 0.000300 | Rev: 1/99999
Epoch 3307 | Cost: 0.039767 | Acc: 88.89% (Best: 94.44% @ Ep926) | LR: 0.000300 | Rev: 0/99999
Epoch 3308 | Cost: 0.043719 | Acc: 88.89% (Best: 94.44% @ Ep926) | LR: 0.000300 | Rev: 1/99999
Epoch 3309 | Cost: 0.051104 | Acc: 88.89% (Best: 94.44% @ Ep926) | LR: 0.000300 | Rev: 2/99999
Epoch 3310 | Cost: 0.053405 | Acc: 88.89% (Best: 94.44% @ Ep926) | LR: 0.000300 | Rev: 3/99999
Epoch 3311 | Cost: 0.042433 | Acc: 88.89% (Best: 94.44% @ Ep926) | LR: 0.000300 | Rev: 0/99999
Epoch 3312 | Cost: 0.043805 | Acc: 88.89% (Best: 94.44% @ Ep926) | LR: 0.000300 | Rev: 1/99999
Epoch 3313 | Cost: 0.045795 | Acc: 88.89% (Best: 94.44% @ Ep926) | LR: 0.000300 | Rev: 2/99999
Epoch 3314 | Cost: 0.036024 | Acc: 88.89% (Best: 94.44% @ Ep926) | LR: 0.000300 | Rev: 0/99999
Epoch 3315 | Cost: 0.050519 | Acc: 88.89% (Best: 94.44% @ Ep926) | LR: 0.000300 | Rev: 1/99999
Epoch 3316 | Cost: 0.043175 | Acc: 88.89% (Best: 94.44% @ Ep926) | LR: 0.000300 | Rev: 0/99999
Epoch 3317 | Cost: 0.044977 | Acc: 88.89% (Best: 94.44% @ Ep926) | LR: 0.000300 | Rev: 1/99999
Epoch 3318 | Cost: 0.062486 | Acc: 88.89% (Best: 94.44% @ Ep926) | LR: 0.000300 | Rev: 2/99999
Epoch 3319 | Cost: 0.054025 | Acc: 88.89% (Best: 94.44% @ Ep926) | LR: 0.000300 | Rev: 0/99999
Epoch 3320 | Cost: 0.064055 | Acc: 88.89% (Best: 94.44% @ Ep926) | LR: 0.000300 | Rev: 1/99999
Epoch 3321 | Cost: 0.034986 | Acc: 88.89% (Best: 94.44% @ Ep926) | LR: 0.000300 | Rev: 0/99999
Epoch 3322 | Cost: 0.036196 | Acc: 88.89% (Best: 94.44% @ Ep926) | LR: 0.000300 | Rev: 1/99999
Epoch 3323 | Cost: 0.057769 | Acc: 88.89% (Best: 94.44% @ Ep926) | LR: 0.000300 | Rev: 2/99999
Epoch 3324 | Cost: 0.043321 | Acc: 88.89% (Best: 94.44% @ Ep926) | LR: 0.000300 | Rev: 0/99999
Epoch 3325 | Cost: 0.047044 | Acc: 88.89% (Best: 94.44% @ Ep926) | LR: 0.000300 | Rev: 1/99999
Epoch 3326 | Cost: 0.041135 | Acc: 88.89% (Best: 94.44% @ Ep926) | LR: 0.000300 | Rev: 0/99999
Epoch 3327 | Cost: 0.048552 | Acc: 88.89% (Best: 94.44% @ Ep926) | LR: 0.000300 | Rev: 1/99999
Epoch 3328 | Cost: 0.048427 | Acc: 88.89% (Best: 94.44% @ Ep926) | LR: 0.000300 | Rev: 0/99999
Epoch 3329 | Cost: 0.041769 | Acc: 88.89% (Best: 94.44% @ Ep926) | LR: 0.000300 | Rev: 0/99999
Epoch 3330 | Cost: 0.044597 | Acc: 88.89% (Best: 94.44% @ Ep926) | LR: 0.000300 | Rev: 1/99999
Epoch 3331 | Cost: 0.045707 | Acc: 88.89% (Best: 94.44% @ Ep926) | LR: 0.000300 | Rev: 2/99999
Epoch 3332 | Cost: 0.059473 | Acc: 88.89% (Best: 94.44% @ Ep926) | LR: 0.000300 | Rev: 3/99999
Epoch 3333 | Cost: 0.043843 | Acc: 88.89% (Best: 94.44% @ Ep926) | LR: 0.000300 | Rev: 0/99999
Epoch 3334 | Cost: 0.052830 | Acc: 88.89% (Best: 94.44% @ Ep926) | LR: 0.000300 | Rev: 1/99999
Epoch 3335 | Cost: 0.048086 | Acc: 88.89% (Best: 94.44% @ Ep926) | LR: 0.000300 | Rev: 0/99999
Epoch 3336 | Cost: 0.040793 | Acc: 88.89% (Best: 94.44% @ Ep926) | LR: 0.000300 | Rev: 0/99999
Epoch 3337 | Cost: 0.054427 | Acc: 88.89% (Best: 94.44% @ Ep926) | LR: 0.000300 | Rev: 1/99999
Epoch 3338 | Cost: 0.039833 | Acc: 88.89% (Best: 94.44% @ Ep926) | LR: 0.000300 | Rev: 0/99999
Epoch 3339 | Cost: 0.033801 | Acc: 88.89% (Best: 94.44% @ Ep926) | LR: 0.000300 | Rev: 0/99999
Epoch 3340 | Cost: 0.055845 | Acc: 88.89% (Best: 94.44% @ Ep926) | LR: 0.000300 | Rev: 1/99999
Epoch 3341 | Cost: 0.043777 | Acc: 88.89% (Best: 94.44% @ Ep926) | LR: 0.000300 | Rev: 0/99999
Epoch 3342 | Cost: 0.033072 | Acc: 88.89% (Best: 94.44% @ Ep926) | LR: 0.000300 | Rev: 0/99999
Epoch 3343 | Cost: 0.050308 | Acc: 88.89% (Best: 94.44% @ Ep926) | LR: 0.000300 | Rev: 1/99999
Epoch 3344 | Cost: 0.045765 | Acc: 88.89% (Best: 94.44% @ Ep926) | LR: 0.000300 | Rev: 0/99999
Epoch 3345 | Cost: 0.041202 | Acc: 88.89% (Best: 94.44% @ Ep926) | LR: 0.000300 | Rev: 0/99999
Epoch 3346 | Cost: 0.039001 | Acc: 88.89% (Best: 94.44% @ Ep926) | LR: 0.000300 | Rev: 0/99999
Epoch 3347 | Cost: 0.051155 | Acc: 88.89% (Best: 94.44% @ Ep926) | LR: 0.000300 | Rev: 1/99999
Epoch 3348 | Cost: 0.036735 | Acc: 88.89% (Best: 94.44% @ Ep926) | LR: 0.000300 | Rev: 0/99999
Epoch 3349 | Cost: 0.029822 | Acc: 88.89% (Best: 94.44% @ Ep926) | LR: 0.000300 | Rev: 0/99999
Epoch 3350 | Cost: 0.032813 | Acc: 88.89% (Best: 94.44% @ Ep926) | LR: 0.000300 | Rev: 1/99999
Epoch 3351 | Cost: 0.037308 | Acc: 88.89% (Best: 94.44% @ Ep926) | LR: 0.000300 | Rev: 2/99999
Epoch 3352 | Cost: 0.039616 | Acc: 88.89% (Best: 94.44% @ Ep926) | LR: 0.000300 | Rev: 3/99999
Epoch 3353 | Cost: 0.051362 | Acc: 88.89% (Best: 94.44% @ Ep926) | LR: 0.000300 | Rev: 4/99999
Epoch 3354 | Cost: 0.038554 | Acc: 88.89% (Best: 94.44% @ Ep926) | LR: 0.000300 | Rev: 0/99999
Epoch 3355 | Cost: 0.043191 | Acc: 88.89% (Best: 94.44% @ Ep926) | LR: 0.000300 | Rev: 1/99999
Epoch 3356 | Cost: 0.041556 | Acc: 88.89% (Best: 94.44% @ Ep926) | LR: 0.000300 | Rev: 0/99999
Epoch 3357 | Cost: 0.045010 | Acc: 88.89% (Best: 94.44% @ Ep926) | LR: 0.000300 | Rev: 1/99999
Epoch 3358 | Cost: 0.040986 | Acc: 88.89% (Best: 94.44% @ Ep926) | LR: 0.000300 | Rev: 0/99999
Epoch 3359 | Cost: 0.047808 | Acc: 88.89% (Best: 94.44% @ Ep926) | LR: 0.000300 | Rev: 1/99999
Epoch 3360 | Cost: 0.042465 | Acc: 88.89% (Best: 94.44% @ Ep926) | LR: 0.000300 | Rev: 0/99999
Epoch 3361 | Cost: 0.048508 | Acc: 88.89% (Best: 94.44% @ Ep926) | LR: 0.000300 | Rev: 1/99999
Epoch 3362 | Cost: 0.040924 | Acc: 88.89% (Best: 94.44% @ Ep926) | LR: 0.000300 | Rev: 0/99999
Epoch 3363 | Cost: 0.038490 | Acc: 88.89% (Best: 94.44% @ Ep926) | LR: 0.000300 | Rev: 0/99999
Epoch 3364 | Cost: 0.036911 | Acc: 88.89% (Best: 94.44% @ Ep926) | LR: 0.000300 | Rev: 0/99999
Epoch 3365 | Cost: 0.054218 | Acc: 88.89% (Best: 94.44% @ Ep926) | LR: 0.000300 | Rev: 1/99999
Epoch 3366 | Cost: 0.027395 | Acc: 88.89% (Best: 94.44% @ Ep926) | LR: 0.000300 | Rev: 0/99999
Epoch 3367 | Cost: 0.036291 | Acc: 88.89% (Best: 94.44% @ Ep926) | LR: 0.000300 | Rev: 1/99999
Epoch 3368 | Cost: 0.054710 | Acc: 88.89% (Best: 94.44% @ Ep926) | LR: 0.000300 | Rev: 2/99999
Epoch 3369 | Cost: 0.032505 | Acc: 88.89% (Best: 94.44% @ Ep926) | LR: 0.000300 | Rev: 0/99999
Epoch 3370 | Cost: 0.044008 | Acc: 88.89% (Best: 94.44% @ Ep926) | LR: 0.000300 | Rev: 1/99999
Epoch 3371 | Cost: 0.038078 | Acc: 88.89% (Best: 94.44% @ Ep926) | LR: 0.000300 | Rev: 0/99999
Epoch 3372 | Cost: 0.048235 | Acc: 88.89% (Best: 94.44% @ Ep926) | LR: 0.000300 | Rev: 1/99999
Epoch 3373 | Cost: 0.048826 | Acc: 88.89% (Best: 94.44% @ Ep926) | LR: 0.000300 | Rev: 2/99999
Epoch 3374 | Cost: 0.042620 | Acc: 88.89% (Best: 94.44% @ Ep926) | LR: 0.000300 | Rev: 0/99999
Epoch 3375 | Cost: 0.049296 | Acc: 88.89% (Best: 94.44% @ Ep926) | LR: 0.000300 | Rev: 1/99999
Epoch 3376 | Cost: 0.042202 | Acc: 88.89% (Best: 94.44% @ Ep926) | LR: 0.000300 | Rev: 0/99999
Epoch 3377 | Cost: 0.043295 | Acc: 88.89% (Best: 94.44% @ Ep926) | LR: 0.000300 | Rev: 1/99999
Epoch 3378 | Cost: 0.045398 | Acc: 88.89% (Best: 94.44% @ Ep926) | LR: 0.000300 | Rev: 2/99999
Epoch 3379 | Cost: 0.050575 | Acc: 88.89% (Best: 94.44% @ Ep926) | LR: 0.000300 | Rev: 3/99999
Epoch 3380 | Cost: 0.037131 | Acc: 88.89% (Best: 94.44% @ Ep926) | LR: 0.000300 | Rev: 0/99999
Epoch 3381 | Cost: 0.035637 | Acc: 88.89% (Best: 94.44% @ Ep926) | LR: 0.000300 | Rev: 0/99999
Epoch 3382 | Cost: 0.046312 | Acc: 88.89% (Best: 94.44% @ Ep926) | LR: 0.000300 | Rev: 1/99999
Epoch 3383 | Cost: 0.034732 | Acc: 88.89% (Best: 94.44% @ Ep926) | LR: 0.000300 | Rev: 0/99999
Epoch 3384 | Cost: 0.050245 | Acc: 88.89% (Best: 94.44% @ Ep926) | LR: 0.000300 | Rev: 1/99999
Epoch 3385 | Cost: 0.031556 | Acc: 88.89% (Best: 94.44% @ Ep926) | LR: 0.000300 | Rev: 0/99999
Epoch 3386 | Cost: 0.058264 | Acc: 88.89% (Best: 94.44% @ Ep926) | LR: 0.000300 | Rev: 1/99999
Epoch 3387 | Cost: 0.043490 | Acc: 88.89% (Best: 94.44% @ Ep926) | LR: 0.000300 | Rev: 0/99999
Epoch 3388 | Cost: 0.051086 | Acc: 88.89% (Best: 94.44% @ Ep926) | LR: 0.000300 | Rev: 1/99999
Epoch 3389 | Cost: 0.036257 | Acc: 88.89% (Best: 94.44% @ Ep926) | LR: 0.000300 | Rev: 0/99999
Epoch 3390 | Cost: 0.034913 | Acc: 88.89% (Best: 94.44% @ Ep926) | LR: 0.000300 | Rev: 0/99999
Epoch 3391 | Cost: 0.030497 | Acc: 86.11% (Best: 94.44% @ Ep926) | LR: 0.000300 | Rev: 0/99999
Epoch 3392 | Cost: 0.029246 | Acc: 86.11% (Best: 94.44% @ Ep926) | LR: 0.000300 | Rev: 0/99999
Epoch 3393 | Cost: 0.039532 | Acc: 86.11% (Best: 94.44% @ Ep926) | LR: 0.000300 | Rev: 1/99999
Epoch 3394 | Cost: 0.033532 | Acc: 86.11% (Best: 94.44% @ Ep926) | LR: 0.000300 | Rev: 0/99999
Epoch 3395 | Cost: 0.044146 | Acc: 86.11% (Best: 94.44% @ Ep926) | LR: 0.000300 | Rev: 1/99999
Epoch 3396 | Cost: 0.054813 | Acc: 88.89% (Best: 94.44% @ Ep926) | LR: 0.000300 | Rev: 2/99999
Epoch 3397 | Cost: 0.054736 | Acc: 88.89% (Best: 94.44% @ Ep926) | LR: 0.000300 | Rev: 0/99999
Epoch 3398 | Cost: 0.040590 | Acc: 88.89% (Best: 94.44% @ Ep926) | LR: 0.000300 | Rev: 0/99999
Epoch 3399 | Cost: 0.054584 | Acc: 88.89% (Best: 94.44% @ Ep926) | LR: 0.000300 | Rev: 1/99999
Epoch 3400 | Cost: 0.031305 | Acc: 88.89% (Best: 94.44% @ Ep926) | LR: 0.000300 | Rev: 0/99999
Epoch 3401 | Cost: 0.048331 | Acc: 88.89% (Best: 94.44% @ Ep926) | LR: 0.000300 | Rev: 1/99999
Epoch 3402 | Cost: 0.034350 | Acc: 88.89% (Best: 94.44% @ Ep926) | LR: 0.000300 | Rev: 0/99999
Epoch 3403 | Cost: 0.048154 | Acc: 88.89% (Best: 94.44% @ Ep926) | LR: 0.000300 | Rev: 1/99999
Epoch 3404 | Cost: 0.041745 | Acc: 88.89% (Best: 94.44% @ Ep926) | LR: 0.000300 | Rev: 0/99999
Epoch 3405 | Cost: 0.038494 | Acc: 88.89% (Best: 94.44% @ Ep926) | LR: 0.000300 | Rev: 0/99999
Epoch 3406 | Cost: 0.032519 | Acc: 88.89% (Best: 94.44% @ Ep926) | LR: 0.000300 | Rev: 0/99999
Epoch 3407 | Cost: 0.037064 | Acc: 88.89% (Best: 94.44% @ Ep926) | LR: 0.000300 | Rev: 1/99999
Epoch 3408 | Cost: 0.039598 | Acc: 88.89% (Best: 94.44% @ Ep926) | LR: 0.000300 | Rev: 2/99999
Epoch 3409 | Cost: 0.058292 | Acc: 86.11% (Best: 94.44% @ Ep926) | LR: 0.000300 | Rev: 3/99999
Epoch 3410 | Cost: 0.040792 | Acc: 86.11% (Best: 94.44% @ Ep926) | LR: 0.000300 | Rev: 0/99999
Epoch 3411 | Cost: 0.052438 | Acc: 88.89% (Best: 94.44% @ Ep926) | LR: 0.000300 | Rev: 1/99999
Epoch 3412 | Cost: 0.040547 | Acc: 88.89% (Best: 94.44% @ Ep926) | LR: 0.000300 | Rev: 0/99999
Epoch 3413 | Cost: 0.029765 | Acc: 88.89% (Best: 94.44% @ Ep926) | LR: 0.000300 | Rev: 0/99999
Epoch 3414 | Cost: 0.035386 | Acc: 88.89% (Best: 94.44% @ Ep926) | LR: 0.000300 | Rev: 1/99999
Epoch 3415 | Cost: 0.047546 | Acc: 88.89% (Best: 94.44% @ Ep926) | LR: 0.000300 | Rev: 2/99999
Epoch 3416 | Cost: 0.040732 | Acc: 88.89% (Best: 94.44% @ Ep926) | LR: 0.000300 | Rev: 0/99999
Epoch 3417 | Cost: 0.051633 | Acc: 88.89% (Best: 94.44% @ Ep926) | LR: 0.000300 | Rev: 1/99999
Epoch 3418 | Cost: 0.048382 | Acc: 88.89% (Best: 94.44% @ Ep926) | LR: 0.000300 | Rev: 0/99999
Epoch 3419 | Cost: 0.044256 | Acc: 88.89% (Best: 94.44% @ Ep926) | LR: 0.000300 | Rev: 0/99999
Epoch 3420 | Cost: 0.047750 | Acc: 88.89% (Best: 94.44% @ Ep926) | LR: 0.000300 | Rev: 1/99999
Epoch 3421 | Cost: 0.052984 | Acc: 88.89% (Best: 94.44% @ Ep926) | LR: 0.000300 | Rev: 2/99999
Epoch 3422 | Cost: 0.035260 | Acc: 88.89% (Best: 94.44% @ Ep926) | LR: 0.000300 | Rev: 0/99999
Epoch 3423 | Cost: 0.037695 | Acc: 88.89% (Best: 94.44% @ Ep926) | LR: 0.000300 | Rev: 1/99999
Epoch 3424 | Cost: 0.047074 | Acc: 88.89% (Best: 94.44% @ Ep926) | LR: 0.000300 | Rev: 2/99999
Epoch 3425 | Cost: 0.042420 | Acc: 88.89% (Best: 94.44% @ Ep926) | LR: 0.000300 | Rev: 0/99999
Epoch 3426 | Cost: 0.056347 | Acc: 88.89% (Best: 94.44% @ Ep926) | LR: 0.000300 | Rev: 1/99999
Epoch 3427 | Cost: 0.047340 | Acc: 88.89% (Best: 94.44% @ Ep926) | LR: 0.000300 | Rev: 0/99999
Epoch 3428 | Cost: 0.039681 | Acc: 88.89% (Best: 94.44% @ Ep926) | LR: 0.000300 | Rev: 0/99999
Epoch 3429 | Cost: 0.052247 | Acc: 88.89% (Best: 94.44% @ Ep926) | LR: 0.000300 | Rev: 1/99999
Epoch 3430 | Cost: 0.043962 | Acc: 88.89% (Best: 94.44% @ Ep926) | LR: 0.000300 | Rev: 0/99999
Epoch 3431 | Cost: 0.043076 | Acc: 88.89% (Best: 94.44% @ Ep926) | LR: 0.000300 | Rev: 0/99999
Epoch 3432 | Cost: 0.032047 | Acc: 88.89% (Best: 94.44% @ Ep926) | LR: 0.000300 | Rev: 0/99999
Epoch 3433 | Cost: 0.042013 | Acc: 88.89% (Best: 94.44% @ Ep926) | LR: 0.000300 | Rev: 1/99999
Epoch 3434 | Cost: 0.033243 | Acc: 88.89% (Best: 94.44% @ Ep926) | LR: 0.000300 | Rev: 0/99999
Epoch 3435 | Cost: 0.050466 | Acc: 88.89% (Best: 94.44% @ Ep926) | LR: 0.000300 | Rev: 1/99999
Epoch 3436 | Cost: 0.044711 | Acc: 88.89% (Best: 94.44% @ Ep926) | LR: 0.000300 | Rev: 0/99999
Epoch 3437 | Cost: 0.057525 | Acc: 88.89% (Best: 94.44% @ Ep926) | LR: 0.000300 | Rev: 1/99999
Epoch 3438 | Cost: 0.033972 | Acc: 88.89% (Best: 94.44% @ Ep926) | LR: 0.000300 | Rev: 0/99999
Epoch 3439 | Cost: 0.042193 | Acc: 88.89% (Best: 94.44% @ Ep926) | LR: 0.000300 | Rev: 1/99999
Epoch 3440 | Cost: 0.067142 | Acc: 88.89% (Best: 94.44% @ Ep926) | LR: 0.000300 | Rev: 2/99999
Epoch 3441 | Cost: 0.041750 | Acc: 88.89% (Best: 94.44% @ Ep926) | LR: 0.000300 | Rev: 0/99999
Epoch 3442 | Cost: 0.042326 | Acc: 88.89% (Best: 94.44% @ Ep926) | LR: 0.000300 | Rev: 1/99999
Epoch 3443 | Cost: 0.044440 | Acc: 88.89% (Best: 94.44% @ Ep926) | LR: 0.000300 | Rev: 2/99999
Epoch 3444 | Cost: 0.029603 | Acc: 88.89% (Best: 94.44% @ Ep926) | LR: 0.000300 | Rev: 0/99999
Epoch 3445 | Cost: 0.041412 | Acc: 88.89% (Best: 94.44% @ Ep926) | LR: 0.000300 | Rev: 1/99999
Epoch 3446 | Cost: 0.044844 | Acc: 88.89% (Best: 94.44% @ Ep926) | LR: 0.000300 | Rev: 2/99999
Epoch 3447 | Cost: 0.036934 | Acc: 88.89% (Best: 94.44% @ Ep926) | LR: 0.000300 | Rev: 0/99999
Epoch 3448 | Cost: 0.039117 | Acc: 88.89% (Best: 94.44% @ Ep926) | LR: 0.000300 | Rev: 1/99999
Epoch 3449 | Cost: 0.029669 | Acc: 88.89% (Best: 94.44% @ Ep926) | LR: 0.000300 | Rev: 0/99999
Epoch 3450 | Cost: 0.056797 | Acc: 88.89% (Best: 94.44% @ Ep926) | LR: 0.000300 | Rev: 1/99999
Epoch 3451 | Cost: 0.044565 | Acc: 88.89% (Best: 94.44% @ Ep926) | LR: 0.000300 | Rev: 0/99999
Epoch 3452 | Cost: 0.043611 | Acc: 88.89% (Best: 94.44% @ Ep926) | LR: 0.000300 | Rev: 0/99999
Epoch 3453 | Cost: 0.032285 | Acc: 88.89% (Best: 94.44% @ Ep926) | LR: 0.000300 | Rev: 0/99999
Epoch 3454 | Cost: 0.047185 | Acc: 88.89% (Best: 94.44% @ Ep926) | LR: 0.000300 | Rev: 1/99999
Epoch 3455 | Cost: 0.052474 | Acc: 88.89% (Best: 94.44% @ Ep926) | LR: 0.000300 | Rev: 2/99999
Epoch 3456 | Cost: 0.031097 | Acc: 88.89% (Best: 94.44% @ Ep926) | LR: 0.000300 | Rev: 0/99999
Epoch 3457 | Cost: 0.057669 | Acc: 88.89% (Best: 94.44% @ Ep926) | LR: 0.000300 | Rev: 1/99999
Epoch 3458 | Cost: 0.041662 | Acc: 88.89% (Best: 94.44% @ Ep926) | LR: 0.000300 | Rev: 0/99999
Epoch 3459 | Cost: 0.045190 | Acc: 88.89% (Best: 94.44% @ Ep926) | LR: 0.000300 | Rev: 1/99999
Epoch 3460 | Cost: 0.033132 | Acc: 88.89% (Best: 94.44% @ Ep926) | LR: 0.000300 | Rev: 0/99999
Epoch 3461 | Cost: 0.041553 | Acc: 88.89% (Best: 94.44% @ Ep926) | LR: 0.000300 | Rev: 1/99999
Epoch 3462 | Cost: 0.050640 | Acc: 88.89% (Best: 94.44% @ Ep926) | LR: 0.000300 | Rev: 2/99999
Epoch 3463 | Cost: 0.030292 | Acc: 88.89% (Best: 94.44% @ Ep926) | LR: 0.000300 | Rev: 0/99999
Epoch 3464 | Cost: 0.044082 | Acc: 88.89% (Best: 94.44% @ Ep926) | LR: 0.000300 | Rev: 1/99999
Epoch 3465 | Cost: 0.043576 | Acc: 88.89% (Best: 94.44% @ Ep926) | LR: 0.000300 | Rev: 0/99999
Epoch 3466 | Cost: 0.045553 | Acc: 88.89% (Best: 94.44% @ Ep926) | LR: 0.000300 | Rev: 1/99999
Epoch 3467 | Cost: 0.033637 | Acc: 88.89% (Best: 94.44% @ Ep926) | LR: 0.000300 | Rev: 0/99999
Epoch 3468 | Cost: 0.042814 | Acc: 88.89% (Best: 94.44% @ Ep926) | LR: 0.000300 | Rev: 1/99999
Epoch 3469 | Cost: 0.036279 | Acc: 88.89% (Best: 94.44% @ Ep926) | LR: 0.000300 | Rev: 0/99999
Epoch 3470 | Cost: 0.035453 | Acc: 88.89% (Best: 94.44% @ Ep926) | LR: 0.000300 | Rev: 0/99999
Epoch 3471 | Cost: 0.043927 | Acc: 88.89% (Best: 94.44% @ Ep926) | LR: 0.000300 | Rev: 1/99999
Epoch 3472 | Cost: 0.050999 | Acc: 88.89% (Best: 94.44% @ Ep926) | LR: 0.000300 | Rev: 2/99999
Epoch 3473 | Cost: 0.038911 | Acc: 88.89% (Best: 94.44% @ Ep926) | LR: 0.000300 | Rev: 0/99999
Epoch 3474 | Cost: 0.040234 | Acc: 88.89% (Best: 94.44% @ Ep926) | LR: 0.000300 | Rev: 1/99999
Epoch 3475 | Cost: 0.045064 | Acc: 88.89% (Best: 94.44% @ Ep926) | LR: 0.000300 | Rev: 2/99999
Epoch 3476 | Cost: 0.046389 | Acc: 88.89% (Best: 94.44% @ Ep926) | LR: 0.000300 | Rev: 3/99999
Epoch 3477 | Cost: 0.035592 | Acc: 88.89% (Best: 94.44% @ Ep926) | LR: 0.000300 | Rev: 0/99999
Epoch 3478 | Cost: 0.042568 | Acc: 88.89% (Best: 94.44% @ Ep926) | LR: 0.000300 | Rev: 1/99999
Epoch 3479 | Cost: 0.047671 | Acc: 88.89% (Best: 94.44% @ Ep926) | LR: 0.000300 | Rev: 2/99999
Epoch 3480 | Cost: 0.040735 | Acc: 88.89% (Best: 94.44% @ Ep926) | LR: 0.000300 | Rev: 0/99999
Epoch 3481 | Cost: 0.052129 | Acc: 88.89% (Best: 94.44% @ Ep926) | LR: 0.000300 | Rev: 1/99999
Epoch 3482 | Cost: 0.053673 | Acc: 86.11% (Best: 94.44% @ Ep926) | LR: 0.000300 | Rev: 2/99999
Epoch 3483 | Cost: 0.043299 | Acc: 86.11% (Best: 94.44% @ Ep926) | LR: 0.000300 | Rev: 0/99999
Epoch 3484 | Cost: 0.052583 | Acc: 86.11% (Best: 94.44% @ Ep926) | LR: 0.000300 | Rev: 1/99999
Epoch 3485 | Cost: 0.032257 | Acc: 86.11% (Best: 94.44% @ Ep926) | LR: 0.000300 | Rev: 0/99999
Epoch 3486 | Cost: 0.049175 | Acc: 88.89% (Best: 94.44% @ Ep926) | LR: 0.000300 | Rev: 1/99999
Epoch 3487 | Cost: 0.039866 | Acc: 88.89% (Best: 94.44% @ Ep926) | LR: 0.000300 | Rev: 0/99999
Epoch 3488 | Cost: 0.038594 | Acc: 86.11% (Best: 94.44% @ Ep926) | LR: 0.000300 | Rev: 0/99999
Epoch 3489 | Cost: 0.033221 | Acc: 86.11% (Best: 94.44% @ Ep926) | LR: 0.000300 | Rev: 0/99999
Epoch 3490 | Cost: 0.052171 | Acc: 86.11% (Best: 94.44% @ Ep926) | LR: 0.000300 | Rev: 1/99999
Epoch 3491 | Cost: 0.034400 | Acc: 88.89% (Best: 94.44% @ Ep926) | LR: 0.000300 | Rev: 0/99999
Epoch 3492 | Cost: 0.025628 | Acc: 88.89% (Best: 94.44% @ Ep926) | LR: 0.000300 | Rev: 0/99999
Epoch 3493 | Cost: 0.049607 | Acc: 88.89% (Best: 94.44% @ Ep926) | LR: 0.000300 | Rev: 1/99999
Epoch 3494 | Cost: 0.055163 | Acc: 88.89% (Best: 94.44% @ Ep926) | LR: 0.000300 | Rev: 2/99999
Epoch 3495 | Cost: 0.038553 | Acc: 88.89% (Best: 94.44% @ Ep926) | LR: 0.000300 | Rev: 0/99999
Epoch 3496 | Cost: 0.046087 | Acc: 88.89% (Best: 94.44% @ Ep926) | LR: 0.000300 | Rev: 1/99999
Epoch 3497 | Cost: 0.044709 | Acc: 88.89% (Best: 94.44% @ Ep926) | LR: 0.000300 | Rev: 0/99999
Epoch 3498 | Cost: 0.047701 | Acc: 88.89% (Best: 94.44% @ Ep926) | LR: 0.000300 | Rev: 1/99999
Epoch 3499 | Cost: 0.043689 | Acc: 88.89% (Best: 94.44% @ Ep926) | LR: 0.000300 | Rev: 0/99999
Epoch 3500 | Cost: 0.034293 | Acc: 88.89% (Best: 94.44% @ Ep926) | LR: 0.000300 | Rev: 0/99999
Epoch 3501 | Cost: 0.051875 | Acc: 88.89% (Best: 94.44% @ Ep926) | LR: 0.000300 | Rev: 1/99999
Epoch 3502 | Cost: 0.038484 | Acc: 88.89% (Best: 94.44% @ Ep926) | LR: 0.000300 | Rev: 0/99999
Epoch 3503 | Cost: 0.038735 | Acc: 88.89% (Best: 94.44% @ Ep926) | LR: 0.000300 | Rev: 1/99999
Epoch 3504 | Cost: 0.046688 | Acc: 88.89% (Best: 94.44% @ Ep926) | LR: 0.000300 | Rev: 2/99999
Epoch 3505 | Cost: 0.040379 | Acc: 88.89% (Best: 94.44% @ Ep926) | LR: 0.000300 | Rev: 0/99999
Epoch 3506 | Cost: 0.049486 | Acc: 88.89% (Best: 94.44% @ Ep926) | LR: 0.000300 | Rev: 1/99999
Epoch 3507 | Cost: 0.050418 | Acc: 88.89% (Best: 94.44% @ Ep926) | LR: 0.000300 | Rev: 2/99999
Epoch 3508 | Cost: 0.040954 | Acc: 88.89% (Best: 94.44% @ Ep926) | LR: 0.000300 | Rev: 0/99999
Epoch 3509 | Cost: 0.049020 | Acc: 88.89% (Best: 94.44% @ Ep926) | LR: 0.000300 | Rev: 1/99999
Epoch 3510 | Cost: 0.037846 | Acc: 86.11% (Best: 94.44% @ Ep926) | LR: 0.000300 | Rev: 0/99999
Epoch 3511 | Cost: 0.052958 | Acc: 86.11% (Best: 94.44% @ Ep926) | LR: 0.000300 | Rev: 1/99999
Epoch 3512 | Cost: 0.036068 | Acc: 88.89% (Best: 94.44% @ Ep926) | LR: 0.000300 | Rev: 0/99999
Epoch 3513 | Cost: 0.055266 | Acc: 88.89% (Best: 94.44% @ Ep926) | LR: 0.000300 | Rev: 1/99999
Epoch 3514 | Cost: 0.038509 | Acc: 88.89% (Best: 94.44% @ Ep926) | LR: 0.000300 | Rev: 0/99999
Epoch 3515 | Cost: 0.035478 | Acc: 86.11% (Best: 94.44% @ Ep926) | LR: 0.000300 | Rev: 0/99999
Epoch 3516 | Cost: 0.054494 | Acc: 88.89% (Best: 94.44% @ Ep926) | LR: 0.000300 | Rev: 1/99999
Epoch 3517 | Cost: 0.037590 | Acc: 88.89% (Best: 94.44% @ Ep926) | LR: 0.000300 | Rev: 0/99999
Epoch 3518 | Cost: 0.033628 | Acc: 88.89% (Best: 94.44% @ Ep926) | LR: 0.000300 | Rev: 0/99999
Epoch 3519 | Cost: 0.037653 | Acc: 88.89% (Best: 94.44% @ Ep926) | LR: 0.000300 | Rev: 1/99999
Epoch 3520 | Cost: 0.046857 | Acc: 88.89% (Best: 94.44% @ Ep926) | LR: 0.000300 | Rev: 2/99999
Epoch 3521 | Cost: 0.045698 | Acc: 88.89% (Best: 94.44% @ Ep926) | LR: 0.000300 | Rev: 0/99999
Epoch 3522 | Cost: 0.049786 | Acc: 88.89% (Best: 94.44% @ Ep926) | LR: 0.000300 | Rev: 1/99999
Epoch 3523 | Cost: 0.040951 | Acc: 88.89% (Best: 94.44% @ Ep926) | LR: 0.000300 | Rev: 0/99999
Epoch 3524 | Cost: 0.043384 | Acc: 88.89% (Best: 94.44% @ Ep926) | LR: 0.000300 | Rev: 1/99999
Epoch 3525 | Cost: 0.033792 | Acc: 88.89% (Best: 94.44% @ Ep926) | LR: 0.000300 | Rev: 0/99999
Epoch 3526 | Cost: 0.042602 | Acc: 88.89% (Best: 94.44% @ Ep926) | LR: 0.000300 | Rev: 1/99999
Epoch 3527 | Cost: 0.038683 | Acc: 88.89% (Best: 94.44% @ Ep926) | LR: 0.000300 | Rev: 0/99999
Epoch 3528 | Cost: 0.036685 | Acc: 88.89% (Best: 94.44% @ Ep926) | LR: 0.000300 | Rev: 0/99999
Epoch 3529 | Cost: 0.029453 | Acc: 88.89% (Best: 94.44% @ Ep926) | LR: 0.000300 | Rev: 0/99999
Epoch 3530 | Cost: 0.039078 | Acc: 88.89% (Best: 94.44% @ Ep926) | LR: 0.000300 | Rev: 1/99999
Epoch 3531 | Cost: 0.033199 | Acc: 88.89% (Best: 94.44% @ Ep926) | LR: 0.000300 | Rev: 0/99999
Epoch 3532 | Cost: 0.024301 | Acc: 88.89% (Best: 94.44% @ Ep926) | LR: 0.000300 | Rev: 0/99999
Epoch 3533 | Cost: 0.048070 | Acc: 88.89% (Best: 94.44% @ Ep926) | LR: 0.000300 | Rev: 1/99999
Epoch 3534 | Cost: 0.048995 | Acc: 88.89% (Best: 94.44% @ Ep926) | LR: 0.000300 | Rev: 2/99999
Epoch 3535 | Cost: 0.028826 | Acc: 88.89% (Best: 94.44% @ Ep926) | LR: 0.000300 | Rev: 0/99999
Epoch 3536 | Cost: 0.040226 | Acc: 88.89% (Best: 94.44% @ Ep926) | LR: 0.000300 | Rev: 1/99999
Epoch 3537 | Cost: 0.045341 | Acc: 88.89% (Best: 94.44% @ Ep926) | LR: 0.000300 | Rev: 2/99999
Epoch 3538 | Cost: 0.042099 | Acc: 88.89% (Best: 94.44% @ Ep926) | LR: 0.000300 | Rev: 0/99999
Epoch 3539 | Cost: 0.034205 | Acc: 88.89% (Best: 94.44% @ Ep926) | LR: 0.000300 | Rev: 0/99999
Epoch 3540 | Cost: 0.029785 | Acc: 88.89% (Best: 94.44% @ Ep926) | LR: 0.000300 | Rev: 0/99999
Epoch 3541 | Cost: 0.029968 | Acc: 88.89% (Best: 94.44% @ Ep926) | LR: 0.000300 | Rev: 1/99999
Epoch 3542 | Cost: 0.033101 | Acc: 88.89% (Best: 94.44% @ Ep926) | LR: 0.000300 | Rev: 2/99999
Epoch 3543 | Cost: 0.034255 | Acc: 88.89% (Best: 94.44% @ Ep926) | LR: 0.000300 | Rev: 3/99999
Epoch 3544 | Cost: 0.040995 | Acc: 88.89% (Best: 94.44% @ Ep926) | LR: 0.000300 | Rev: 4/99999
Epoch 3545 | Cost: 0.039310 | Acc: 86.11% (Best: 94.44% @ Ep926) | LR: 0.000300 | Rev: 0/99999
Epoch 3546 | Cost: 0.030019 | Acc: 86.11% (Best: 94.44% @ Ep926) | LR: 0.000300 | Rev: 0/99999
Epoch 3547 | Cost: 0.041565 | Acc: 88.89% (Best: 94.44% @ Ep926) | LR: 0.000300 | Rev: 1/99999
Epoch 3548 | Cost: 0.037748 | Acc: 88.89% (Best: 94.44% @ Ep926) | LR: 0.000300 | Rev: 0/99999
Epoch 3549 | Cost: 0.043909 | Acc: 86.11% (Best: 94.44% @ Ep926) | LR: 0.000300 | Rev: 1/99999
Epoch 3550 | Cost: 0.029802 | Acc: 86.11% (Best: 94.44% @ Ep926) | LR: 0.000300 | Rev: 0/99999
Epoch 3551 | Cost: 0.057275 | Acc: 86.11% (Best: 94.44% @ Ep926) | LR: 0.000300 | Rev: 1/99999
Epoch 3552 | Cost: 0.048246 | Acc: 86.11% (Best: 94.44% @ Ep926) | LR: 0.000300 | Rev: 0/99999
Epoch 3553 | Cost: 0.042149 | Acc: 88.89% (Best: 94.44% @ Ep926) | LR: 0.000300 | Rev: 0/99999
Epoch 3554 | Cost: 0.048199 | Acc: 88.89% (Best: 94.44% @ Ep926) | LR: 0.000300 | Rev: 1/99999
Epoch 3555 | Cost: 0.053892 | Acc: 88.89% (Best: 94.44% @ Ep926) | LR: 0.000300 | Rev: 2/99999
Epoch 3556 | Cost: 0.046072 | Acc: 88.89% (Best: 94.44% @ Ep926) | LR: 0.000300 | Rev: 0/99999
Epoch 3557 | Cost: 0.041833 | Acc: 88.89% (Best: 94.44% @ Ep926) | LR: 0.000300 | Rev: 0/99999
Epoch 3558 | Cost: 0.041090 | Acc: 88.89% (Best: 94.44% @ Ep926) | LR: 0.000300 | Rev: 0/99999
Epoch 3559 | Cost: 0.045338 | Acc: 88.89% (Best: 94.44% @ Ep926) | LR: 0.000300 | Rev: 1/99999
Epoch 3560 | Cost: 0.027423 | Acc: 88.89% (Best: 94.44% @ Ep926) | LR: 0.000300 | Rev: 0/99999
Epoch 3561 | Cost: 0.033740 | Acc: 88.89% (Best: 94.44% @ Ep926) | LR: 0.000300 | Rev: 1/99999
Epoch 3562 | Cost: 0.040068 | Acc: 88.89% (Best: 94.44% @ Ep926) | LR: 0.000300 | Rev: 2/99999
Epoch 3563 | Cost: 0.053977 | Acc: 88.89% (Best: 94.44% @ Ep926) | LR: 0.000300 | Rev: 3/99999
Epoch 3564 | Cost: 0.031969 | Acc: 88.89% (Best: 94.44% @ Ep926) | LR: 0.000300 | Rev: 0/99999
Epoch 3565 | Cost: 0.032016 | Acc: 88.89% (Best: 94.44% @ Ep926) | LR: 0.000300 | Rev: 1/99999
Epoch 3566 | Cost: 0.044951 | Acc: 88.89% (Best: 94.44% @ Ep926) | LR: 0.000300 | Rev: 2/99999
Epoch 3567 | Cost: 0.069664 | Acc: 88.89% (Best: 94.44% @ Ep926) | LR: 0.000300 | Rev: 3/99999
Epoch 3568 | Cost: 0.036540 | Acc: 88.89% (Best: 94.44% @ Ep926) | LR: 0.000300 | Rev: 0/99999
Epoch 3569 | Cost: 0.045744 | Acc: 88.89% (Best: 94.44% @ Ep926) | LR: 0.000300 | Rev: 1/99999
Epoch 3570 | Cost: 0.042035 | Acc: 88.89% (Best: 94.44% @ Ep926) | LR: 0.000300 | Rev: 0/99999
Epoch 3571 | Cost: 0.032252 | Acc: 88.89% (Best: 94.44% @ Ep926) | LR: 0.000300 | Rev: 0/99999
Epoch 3572 | Cost: 0.039196 | Acc: 88.89% (Best: 94.44% @ Ep926) | LR: 0.000300 | Rev: 1/99999
Epoch 3573 | Cost: 0.044378 | Acc: 88.89% (Best: 94.44% @ Ep926) | LR: 0.000300 | Rev: 2/99999
Epoch 3574 | Cost: 0.051587 | Acc: 88.89% (Best: 94.44% @ Ep926) | LR: 0.000300 | Rev: 3/99999
Epoch 3575 | Cost: 0.052340 | Acc: 88.89% (Best: 94.44% @ Ep926) | LR: 0.000300 | Rev: 4/99999
Epoch 3576 | Cost: 0.034430 | Acc: 88.89% (Best: 94.44% @ Ep926) | LR: 0.000300 | Rev: 0/99999
Epoch 3577 | Cost: 0.044252 | Acc: 88.89% (Best: 94.44% @ Ep926) | LR: 0.000300 | Rev: 1/99999
Epoch 3578 | Cost: 0.036726 | Acc: 88.89% (Best: 94.44% @ Ep926) | LR: 0.000300 | Rev: 0/99999
Epoch 3579 | Cost: 0.035832 | Acc: 88.89% (Best: 94.44% @ Ep926) | LR: 0.000300 | Rev: 0/99999
Epoch 3580 | Cost: 0.027079 | Acc: 88.89% (Best: 94.44% @ Ep926) | LR: 0.000300 | Rev: 0/99999
Epoch 3581 | Cost: 0.046581 | Acc: 88.89% (Best: 94.44% @ Ep926) | LR: 0.000300 | Rev: 1/99999
Epoch 3582 | Cost: 0.053378 | Acc: 88.89% (Best: 94.44% @ Ep926) | LR: 0.000300 | Rev: 2/99999
Epoch 3583 | Cost: 0.058411 | Acc: 88.89% (Best: 94.44% @ Ep926) | LR: 0.000300 | Rev: 3/99999
Epoch 3584 | Cost: 0.040704 | Acc: 88.89% (Best: 94.44% @ Ep926) | LR: 0.000300 | Rev: 0/99999
Epoch 3585 | Cost: 0.045960 | Acc: 88.89% (Best: 94.44% @ Ep926) | LR: 0.000300 | Rev: 1/99999
Epoch 3586 | Cost: 0.028000 | Acc: 88.89% (Best: 94.44% @ Ep926) | LR: 0.000300 | Rev: 0/99999
Epoch 3587 | Cost: 0.033665 | Acc: 88.89% (Best: 94.44% @ Ep926) | LR: 0.000300 | Rev: 1/99999
Epoch 3588 | Cost: 0.033051 | Acc: 88.89% (Best: 94.44% @ Ep926) | LR: 0.000300 | Rev: 0/99999
Epoch 3589 | Cost: 0.036211 | Acc: 88.89% (Best: 94.44% @ Ep926) | LR: 0.000300 | Rev: 1/99999
Epoch 3590 | Cost: 0.035141 | Acc: 88.89% (Best: 94.44% @ Ep926) | LR: 0.000300 | Rev: 0/99999
Epoch 3591 | Cost: 0.023211 | Acc: 88.89% (Best: 94.44% @ Ep926) | LR: 0.000300 | Rev: 0/99999
Epoch 3592 | Cost: 0.034328 | Acc: 88.89% (Best: 94.44% @ Ep926) | LR: 0.000300 | Rev: 1/99999
Epoch 3593 | Cost: 0.042439 | Acc: 88.89% (Best: 94.44% @ Ep926) | LR: 0.000300 | Rev: 2/99999
Epoch 3594 | Cost: 0.040808 | Acc: 88.89% (Best: 94.44% @ Ep926) | LR: 0.000300 | Rev: 0/99999
Epoch 3595 | Cost: 0.034973 | Acc: 88.89% (Best: 94.44% @ Ep926) | LR: 0.000300 | Rev: 0/99999
Epoch 3596 | Cost: 0.026809 | Acc: 88.89% (Best: 94.44% @ Ep926) | LR: 0.000300 | Rev: 0/99999
Epoch 3597 | Cost: 0.035987 | Acc: 88.89% (Best: 94.44% @ Ep926) | LR: 0.000300 | Rev: 1/99999
Epoch 3598 | Cost: 0.053556 | Acc: 88.89% (Best: 94.44% @ Ep926) | LR: 0.000300 | Rev: 2/99999
Epoch 3599 | Cost: 0.039319 | Acc: 88.89% (Best: 94.44% @ Ep926) | LR: 0.000300 | Rev: 0/99999
Epoch 3600 | Cost: 0.044072 | Acc: 88.89% (Best: 94.44% @ Ep926) | LR: 0.000300 | Rev: 1/99999
Epoch 3601 | Cost: 0.046424 | Acc: 88.89% (Best: 94.44% @ Ep926) | LR: 0.000300 | Rev: 2/99999
Epoch 3602 | Cost: 0.049475 | Acc: 88.89% (Best: 94.44% @ Ep926) | LR: 0.000300 | Rev: 3/99999
Epoch 3603 | Cost: 0.028658 | Acc: 88.89% (Best: 94.44% @ Ep926) | LR: 0.000300 | Rev: 0/99999
Epoch 3604 | Cost: 0.036085 | Acc: 88.89% (Best: 94.44% @ Ep926) | LR: 0.000300 | Rev: 1/99999
Epoch 3605 | Cost: 0.047284 | Acc: 88.89% (Best: 94.44% @ Ep926) | LR: 0.000300 | Rev: 2/99999
Epoch 3606 | Cost: 0.040530 | Acc: 88.89% (Best: 94.44% @ Ep926) | LR: 0.000300 | Rev: 0/99999
Epoch 3607 | Cost: 0.041225 | Acc: 88.89% (Best: 94.44% @ Ep926) | LR: 0.000300 | Rev: 1/99999
Epoch 3608 | Cost: 0.042328 | Acc: 88.89% (Best: 94.44% @ Ep926) | LR: 0.000300 | Rev: 2/99999
Epoch 3609 | Cost: 0.036366 | Acc: 88.89% (Best: 94.44% @ Ep926) | LR: 0.000300 | Rev: 0/99999
Epoch 3610 | Cost: 0.034811 | Acc: 88.89% (Best: 94.44% @ Ep926) | LR: 0.000300 | Rev: 0/99999
Epoch 3611 | Cost: 0.041018 | Acc: 88.89% (Best: 94.44% @ Ep926) | LR: 0.000300 | Rev: 1/99999
Epoch 3612 | Cost: 0.047743 | Acc: 88.89% (Best: 94.44% @ Ep926) | LR: 0.000300 | Rev: 2/99999
Epoch 3613 | Cost: 0.061176 | Acc: 88.89% (Best: 94.44% @ Ep926) | LR: 0.000300 | Rev: 3/99999
Epoch 3614 | Cost: 0.045319 | Acc: 88.89% (Best: 94.44% @ Ep926) | LR: 0.000300 | Rev: 0/99999
Epoch 3615 | Cost: 0.047185 | Acc: 88.89% (Best: 94.44% @ Ep926) | LR: 0.000300 | Rev: 1/99999
Epoch 3616 | Cost: 0.046518 | Acc: 88.89% (Best: 94.44% @ Ep926) | LR: 0.000300 | Rev: 0/99999
Epoch 3617 | Cost: 0.041049 | Acc: 88.89% (Best: 94.44% @ Ep926) | LR: 0.000300 | Rev: 0/99999
Epoch 3618 | Cost: 0.047247 | Acc: 88.89% (Best: 94.44% @ Ep926) | LR: 0.000300 | Rev: 1/99999
Epoch 3619 | Cost: 0.043043 | Acc: 88.89% (Best: 94.44% @ Ep926) | LR: 0.000300 | Rev: 0/99999
Epoch 3620 | Cost: 0.034281 | Acc: 88.89% (Best: 94.44% @ Ep926) | LR: 0.000300 | Rev: 0/99999
Epoch 3621 | Cost: 0.047927 | Acc: 88.89% (Best: 94.44% @ Ep926) | LR: 0.000300 | Rev: 1/99999
Epoch 3622 | Cost: 0.049773 | Acc: 88.89% (Best: 94.44% @ Ep926) | LR: 0.000300 | Rev: 2/99999
Epoch 3623 | Cost: 0.041645 | Acc: 88.89% (Best: 94.44% @ Ep926) | LR: 0.000300 | Rev: 0/99999
Epoch 3624 | Cost: 0.032214 | Acc: 88.89% (Best: 94.44% @ Ep926) | LR: 0.000300 | Rev: 0/99999
Epoch 3625 | Cost: 0.040702 | Acc: 88.89% (Best: 94.44% @ Ep926) | LR: 0.000300 | Rev: 1/99999
Epoch 3626 | Cost: 0.037836 | Acc: 88.89% (Best: 94.44% @ Ep926) | LR: 0.000300 | Rev: 0/99999
Epoch 3627 | Cost: 0.039635 | Acc: 88.89% (Best: 94.44% @ Ep926) | LR: 0.000300 | Rev: 1/99999
Epoch 3628 | Cost: 0.057021 | Acc: 88.89% (Best: 94.44% @ Ep926) | LR: 0.000300 | Rev: 2/99999
Epoch 3629 | Cost: 0.045059 | Acc: 88.89% (Best: 94.44% @ Ep926) | LR: 0.000300 | Rev: 0/99999
Epoch 3630 | Cost: 0.047418 | Acc: 88.89% (Best: 94.44% @ Ep926) | LR: 0.000300 | Rev: 1/99999
Epoch 3631 | Cost: 0.039218 | Acc: 88.89% (Best: 94.44% @ Ep926) | LR: 0.000300 | Rev: 0/99999
Epoch 3632 | Cost: 0.045513 | Acc: 88.89% (Best: 94.44% @ Ep926) | LR: 0.000300 | Rev: 1/99999
Epoch 3633 | Cost: 0.038620 | Acc: 88.89% (Best: 94.44% @ Ep926) | LR: 0.000300 | Rev: 0/99999
Epoch 3634 | Cost: 0.046079 | Acc: 88.89% (Best: 94.44% @ Ep926) | LR: 0.000300 | Rev: 1/99999
Epoch 3635 | Cost: 0.042926 | Acc: 88.89% (Best: 94.44% @ Ep926) | LR: 0.000300 | Rev: 0/99999
Epoch 3636 | Cost: 0.049304 | Acc: 88.89% (Best: 94.44% @ Ep926) | LR: 0.000300 | Rev: 1/99999
Epoch 3637 | Cost: 0.035097 | Acc: 88.89% (Best: 94.44% @ Ep926) | LR: 0.000300 | Rev: 0/99999
Epoch 3638 | Cost: 0.050719 | Acc: 88.89% (Best: 94.44% @ Ep926) | LR: 0.000300 | Rev: 1/99999
Epoch 3639 | Cost: 0.039120 | Acc: 88.89% (Best: 94.44% @ Ep926) | LR: 0.000300 | Rev: 0/99999
Epoch 3640 | Cost: 0.034426 | Acc: 88.89% (Best: 94.44% @ Ep926) | LR: 0.000300 | Rev: 0/99999
Epoch 3641 | Cost: 0.039960 | Acc: 88.89% (Best: 94.44% @ Ep926) | LR: 0.000300 | Rev: 1/99999
Epoch 3642 | Cost: 0.033140 | Acc: 88.89% (Best: 94.44% @ Ep926) | LR: 0.000300 | Rev: 0/99999
Epoch 3643 | Cost: 0.048323 | Acc: 88.89% (Best: 94.44% @ Ep926) | LR: 0.000300 | Rev: 1/99999
Epoch 3644 | Cost: 0.048771 | Acc: 88.89% (Best: 94.44% @ Ep926) | LR: 0.000300 | Rev: 2/99999
Epoch 3645 | Cost: 0.033868 | Acc: 88.89% (Best: 94.44% @ Ep926) | LR: 0.000300 | Rev: 0/99999
Epoch 3646 | Cost: 0.036957 | Acc: 88.89% (Best: 94.44% @ Ep926) | LR: 0.000300 | Rev: 1/99999
Epoch 3647 | Cost: 0.038874 | Acc: 88.89% (Best: 94.44% @ Ep926) | LR: 0.000300 | Rev: 2/99999
Epoch 3648 | Cost: 0.045344 | Acc: 88.89% (Best: 94.44% @ Ep926) | LR: 0.000300 | Rev: 3/99999
Epoch 3649 | Cost: 0.047355 | Acc: 88.89% (Best: 94.44% @ Ep926) | LR: 0.000300 | Rev: 4/99999
Epoch 3650 | Cost: 0.049054 | Acc: 88.89% (Best: 94.44% @ Ep926) | LR: 0.000300 | Rev: 5/99999
Epoch 3651 | Cost: 0.048375 | Acc: 88.89% (Best: 94.44% @ Ep926) | LR: 0.000300 | Rev: 0/99999
Epoch 3652 | Cost: 0.042094 | Acc: 88.89% (Best: 94.44% @ Ep926) | LR: 0.000300 | Rev: 0/99999
Epoch 3653 | Cost: 0.038683 | Acc: 88.89% (Best: 94.44% @ Ep926) | LR: 0.000300 | Rev: 0/99999
Epoch 3654 | Cost: 0.020527 | Acc: 88.89% (Best: 94.44% @ Ep926) | LR: 0.000300 | Rev: 0/99999
Epoch 3655 | Cost: 0.035876 | Acc: 88.89% (Best: 94.44% @ Ep926) | LR: 0.000300 | Rev: 1/99999
Epoch 3656 | Cost: 0.034736 | Acc: 88.89% (Best: 94.44% @ Ep926) | LR: 0.000300 | Rev: 0/99999
Epoch 3657 | Cost: 0.042652 | Acc: 88.89% (Best: 94.44% @ Ep926) | LR: 0.000300 | Rev: 1/99999
Epoch 3658 | Cost: 0.038303 | Acc: 88.89% (Best: 94.44% @ Ep926) | LR: 0.000300 | Rev: 0/99999
Epoch 3659 | Cost: 0.025435 | Acc: 88.89% (Best: 94.44% @ Ep926) | LR: 0.000300 | Rev: 0/99999
Epoch 3660 | Cost: 0.053911 | Acc: 88.89% (Best: 94.44% @ Ep926) | LR: 0.000300 | Rev: 1/99999
Epoch 3661 | Cost: 0.042701 | Acc: 88.89% (Best: 94.44% @ Ep926) | LR: 0.000300 | Rev: 0/99999
Epoch 3662 | Cost: 0.055842 | Acc: 88.89% (Best: 94.44% @ Ep926) | LR: 0.000300 | Rev: 1/99999
Epoch 3663 | Cost: 0.042285 | Acc: 88.89% (Best: 94.44% @ Ep926) | LR: 0.000300 | Rev: 0/99999
Epoch 3664 | Cost: 0.031615 | Acc: 88.89% (Best: 94.44% @ Ep926) | LR: 0.000300 | Rev: 0/99999
Epoch 3665 | Cost: 0.033694 | Acc: 88.89% (Best: 94.44% @ Ep926) | LR: 0.000300 | Rev: 1/99999
Epoch 3666 | Cost: 0.045983 | Acc: 88.89% (Best: 94.44% @ Ep926) | LR: 0.000300 | Rev: 2/99999
Epoch 3667 | Cost: 0.040979 | Acc: 88.89% (Best: 94.44% @ Ep926) | LR: 0.000300 | Rev: 0/99999
Epoch 3668 | Cost: 0.038445 | Acc: 88.89% (Best: 94.44% @ Ep926) | LR: 0.000300 | Rev: 0/99999
Epoch 3669 | Cost: 0.028120 | Acc: 88.89% (Best: 94.44% @ Ep926) | LR: 0.000300 | Rev: 0/99999
Epoch 3670 | Cost: 0.052285 | Acc: 88.89% (Best: 94.44% @ Ep926) | LR: 0.000300 | Rev: 1/99999
Epoch 3671 | Cost: 0.052744 | Acc: 88.89% (Best: 94.44% @ Ep926) | LR: 0.000300 | Rev: 2/99999
Epoch 3672 | Cost: 0.041772 | Acc: 88.89% (Best: 94.44% @ Ep926) | LR: 0.000300 | Rev: 0/99999
Epoch 3673 | Cost: 0.034884 | Acc: 88.89% (Best: 94.44% @ Ep926) | LR: 0.000300 | Rev: 0/99999
Epoch 3674 | Cost: 0.039215 | Acc: 88.89% (Best: 94.44% @ Ep926) | LR: 0.000300 | Rev: 1/99999
Epoch 3675 | Cost: 0.041425 | Acc: 88.89% (Best: 94.44% @ Ep926) | LR: 0.000300 | Rev: 2/99999
Epoch 3676 | Cost: 0.028805 | Acc: 88.89% (Best: 94.44% @ Ep926) | LR: 0.000300 | Rev: 0/99999
Epoch 3677 | Cost: 0.029386 | Acc: 88.89% (Best: 94.44% @ Ep926) | LR: 0.000300 | Rev: 1/99999
Epoch 3678 | Cost: 0.033256 | Acc: 88.89% (Best: 94.44% @ Ep926) | LR: 0.000300 | Rev: 2/99999
Epoch 3679 | Cost: 0.031140 | Acc: 88.89% (Best: 94.44% @ Ep926) | LR: 0.000300 | Rev: 0/99999
Epoch 3680 | Cost: 0.031909 | Acc: 88.89% (Best: 94.44% @ Ep926) | LR: 0.000300 | Rev: 1/99999
Epoch 3681 | Cost: 0.046006 | Acc: 88.89% (Best: 94.44% @ Ep926) | LR: 0.000300 | Rev: 2/99999
Epoch 3682 | Cost: 0.039677 | Acc: 88.89% (Best: 94.44% @ Ep926) | LR: 0.000300 | Rev: 0/99999
Epoch 3683 | Cost: 0.040150 | Acc: 88.89% (Best: 94.44% @ Ep926) | LR: 0.000300 | Rev: 1/99999
Epoch 3684 | Cost: 0.052659 | Acc: 88.89% (Best: 94.44% @ Ep926) | LR: 0.000300 | Rev: 2/99999
Epoch 3685 | Cost: 0.056418 | Acc: 88.89% (Best: 94.44% @ Ep926) | LR: 0.000300 | Rev: 3/99999
Epoch 3686 | Cost: 0.028750 | Acc: 88.89% (Best: 94.44% @ Ep926) | LR: 0.000300 | Rev: 0/99999
Epoch 3687 | Cost: 0.038326 | Acc: 88.89% (Best: 94.44% @ Ep926) | LR: 0.000300 | Rev: 1/99999
Epoch 3688 | Cost: 0.027287 | Acc: 88.89% (Best: 94.44% @ Ep926) | LR: 0.000300 | Rev: 0/99999
Epoch 3689 | Cost: 0.033900 | Acc: 88.89% (Best: 94.44% @ Ep926) | LR: 0.000300 | Rev: 1/99999
Epoch 3690 | Cost: 0.036640 | Acc: 88.89% (Best: 94.44% @ Ep926) | LR: 0.000300 | Rev: 2/99999
Epoch 3691 | Cost: 0.061763 | Acc: 88.89% (Best: 94.44% @ Ep926) | LR: 0.000300 | Rev: 3/99999
Epoch 3692 | Cost: 0.038163 | Acc: 86.11% (Best: 94.44% @ Ep926) | LR: 0.000300 | Rev: 0/99999
Epoch 3693 | Cost: 0.041553 | Acc: 88.89% (Best: 94.44% @ Ep926) | LR: 0.000300 | Rev: 1/99999
Epoch 3694 | Cost: 0.046894 | Acc: 88.89% (Best: 94.44% @ Ep926) | LR: 0.000300 | Rev: 2/99999
Epoch 3695 | Cost: 0.029108 | Acc: 88.89% (Best: 94.44% @ Ep926) | LR: 0.000300 | Rev: 0/99999
Epoch 3696 | Cost: 0.054945 | Acc: 88.89% (Best: 94.44% @ Ep926) | LR: 0.000300 | Rev: 1/99999
Epoch 3697 | Cost: 0.032452 | Acc: 88.89% (Best: 94.44% @ Ep926) | LR: 0.000300 | Rev: 0/99999
Epoch 3698 | Cost: 0.056220 | Acc: 88.89% (Best: 94.44% @ Ep926) | LR: 0.000300 | Rev: 1/99999
Epoch 3699 | Cost: 0.054589 | Acc: 88.89% (Best: 94.44% @ Ep926) | LR: 0.000300 | Rev: 0/99999
Epoch 3700 | Cost: 0.045803 | Acc: 88.89% (Best: 94.44% @ Ep926) | LR: 0.000300 | Rev: 0/99999
Epoch 3701 | Cost: 0.040524 | Acc: 88.89% (Best: 94.44% @ Ep926) | LR: 0.000300 | Rev: 0/99999
Epoch 3702 | Cost: 0.030714 | Acc: 88.89% (Best: 94.44% @ Ep926) | LR: 0.000300 | Rev: 0/99999
Epoch 3703 | Cost: 0.046919 | Acc: 88.89% (Best: 94.44% @ Ep926) | LR: 0.000300 | Rev: 1/99999
Epoch 3704 | Cost: 0.036320 | Acc: 88.89% (Best: 94.44% @ Ep926) | LR: 0.000300 | Rev: 0/99999
Epoch 3705 | Cost: 0.043679 | Acc: 88.89% (Best: 94.44% @ Ep926) | LR: 0.000300 | Rev: 1/99999
Epoch 3706 | Cost: 0.037740 | Acc: 88.89% (Best: 94.44% @ Ep926) | LR: 0.000300 | Rev: 0/99999
Epoch 3707 | Cost: 0.036109 | Acc: 88.89% (Best: 94.44% @ Ep926) | LR: 0.000300 | Rev: 0/99999
Epoch 3708 | Cost: 0.039267 | Acc: 88.89% (Best: 94.44% @ Ep926) | LR: 0.000300 | Rev: 1/99999
Epoch 3709 | Cost: 0.033051 | Acc: 88.89% (Best: 94.44% @ Ep926) | LR: 0.000300 | Rev: 0/99999
Epoch 3710 | Cost: 0.033200 | Acc: 88.89% (Best: 94.44% @ Ep926) | LR: 0.000300 | Rev: 1/99999
Epoch 3711 | Cost: 0.024730 | Acc: 88.89% (Best: 94.44% @ Ep926) | LR: 0.000300 | Rev: 0/99999
Epoch 3712 | Cost: 0.043906 | Acc: 88.89% (Best: 94.44% @ Ep926) | LR: 0.000300 | Rev: 1/99999
Epoch 3713 | Cost: 0.045654 | Acc: 88.89% (Best: 94.44% @ Ep926) | LR: 0.000300 | Rev: 2/99999
Epoch 3714 | Cost: 0.024001 | Acc: 88.89% (Best: 94.44% @ Ep926) | LR: 0.000300 | Rev: 0/99999
Epoch 3715 | Cost: 0.037342 | Acc: 88.89% (Best: 94.44% @ Ep926) | LR: 0.000300 | Rev: 1/99999
Epoch 3716 | Cost: 0.020483 | Acc: 88.89% (Best: 94.44% @ Ep926) | LR: 0.000300 | Rev: 0/99999
Epoch 3717 | Cost: 0.036212 | Acc: 88.89% (Best: 94.44% @ Ep926) | LR: 0.000300 | Rev: 1/99999
Epoch 3718 | Cost: 0.023746 | Acc: 88.89% (Best: 94.44% @ Ep926) | LR: 0.000300 | Rev: 0/99999
Epoch 3719 | Cost: 0.031459 | Acc: 88.89% (Best: 94.44% @ Ep926) | LR: 0.000300 | Rev: 1/99999
Epoch 3720 | Cost: 0.052090 | Acc: 88.89% (Best: 94.44% @ Ep926) | LR: 0.000300 | Rev: 2/99999
Epoch 3721 | Cost: 0.048982 | Acc: 88.89% (Best: 94.44% @ Ep926) | LR: 0.000300 | Rev: 0/99999
Epoch 3722 | Cost: 0.038996 | Acc: 88.89% (Best: 94.44% @ Ep926) | LR: 0.000300 | Rev: 0/99999
Epoch 3723 | Cost: 0.033100 | Acc: 88.89% (Best: 94.44% @ Ep926) | LR: 0.000300 | Rev: 0/99999
Epoch 3724 | Cost: 0.027929 | Acc: 88.89% (Best: 94.44% @ Ep926) | LR: 0.000300 | Rev: 0/99999
Epoch 3725 | Cost: 0.039431 | Acc: 88.89% (Best: 94.44% @ Ep926) | LR: 0.000300 | Rev: 1/99999
Epoch 3726 | Cost: 0.021809 | Acc: 88.89% (Best: 94.44% @ Ep926) | LR: 0.000300 | Rev: 0/99999
Epoch 3727 | Cost: 0.041880 | Acc: 88.89% (Best: 94.44% @ Ep926) | LR: 0.000300 | Rev: 1/99999
Epoch 3728 | Cost: 0.039486 | Acc: 88.89% (Best: 94.44% @ Ep926) | LR: 0.000300 | Rev: 0/99999
Epoch 3729 | Cost: 0.036813 | Acc: 88.89% (Best: 94.44% @ Ep926) | LR: 0.000300 | Rev: 0/99999
Epoch 3730 | Cost: 0.037472 | Acc: 88.89% (Best: 94.44% @ Ep926) | LR: 0.000300 | Rev: 1/99999
Epoch 3731 | Cost: 0.038761 | Acc: 88.89% (Best: 94.44% @ Ep926) | LR: 0.000300 | Rev: 2/99999
Epoch 3732 | Cost: 0.065965 | Acc: 88.89% (Best: 94.44% @ Ep926) | LR: 0.000300 | Rev: 3/99999
Epoch 3733 | Cost: 0.031526 | Acc: 88.89% (Best: 94.44% @ Ep926) | LR: 0.000300 | Rev: 0/99999
Epoch 3734 | Cost: 0.041177 | Acc: 88.89% (Best: 94.44% @ Ep926) | LR: 0.000300 | Rev: 1/99999
Epoch 3735 | Cost: 0.051298 | Acc: 88.89% (Best: 94.44% @ Ep926) | LR: 0.000300 | Rev: 2/99999
Epoch 3736 | Cost: 0.048971 | Acc: 88.89% (Best: 94.44% @ Ep926) | LR: 0.000300 | Rev: 0/99999
Epoch 3737 | Cost: 0.036833 | Acc: 88.89% (Best: 94.44% @ Ep926) | LR: 0.000300 | Rev: 0/99999
Epoch 3738 | Cost: 0.049788 | Acc: 88.89% (Best: 94.44% @ Ep926) | LR: 0.000300 | Rev: 1/99999
Epoch 3739 | Cost: 0.039398 | Acc: 88.89% (Best: 94.44% @ Ep926) | LR: 0.000300 | Rev: 0/99999
Epoch 3740 | Cost: 0.047989 | Acc: 88.89% (Best: 94.44% @ Ep926) | LR: 0.000300 | Rev: 1/99999
Epoch 3741 | Cost: 0.036040 | Acc: 88.89% (Best: 94.44% @ Ep926) | LR: 0.000300 | Rev: 0/99999
Epoch 3742 | Cost: 0.031026 | Acc: 88.89% (Best: 94.44% @ Ep926) | LR: 0.000300 | Rev: 0/99999
Epoch 3743 | Cost: 0.038637 | Acc: 88.89% (Best: 94.44% @ Ep926) | LR: 0.000300 | Rev: 1/99999
Epoch 3744 | Cost: 0.034077 | Acc: 88.89% (Best: 94.44% @ Ep926) | LR: 0.000300 | Rev: 0/99999
Epoch 3745 | Cost: 0.046848 | Acc: 88.89% (Best: 94.44% @ Ep926) | LR: 0.000300 | Rev: 1/99999
Epoch 3746 | Cost: 0.043678 | Acc: 88.89% (Best: 94.44% @ Ep926) | LR: 0.000300 | Rev: 0/99999
Epoch 3747 | Cost: 0.036365 | Acc: 88.89% (Best: 94.44% @ Ep926) | LR: 0.000300 | Rev: 0/99999
Epoch 3748 | Cost: 0.043201 | Acc: 88.89% (Best: 94.44% @ Ep926) | LR: 0.000300 | Rev: 1/99999
Epoch 3749 | Cost: 0.052376 | Acc: 88.89% (Best: 94.44% @ Ep926) | LR: 0.000300 | Rev: 2/99999
Epoch 3750 | Cost: 0.039797 | Acc: 88.89% (Best: 94.44% @ Ep926) | LR: 0.000300 | Rev: 0/99999
Epoch 3751 | Cost: 0.031725 | Acc: 88.89% (Best: 94.44% @ Ep926) | LR: 0.000300 | Rev: 0/99999
Epoch 3752 | Cost: 0.033820 | Acc: 88.89% (Best: 94.44% @ Ep926) | LR: 0.000300 | Rev: 1/99999
Epoch 3753 | Cost: 0.033303 | Acc: 88.89% (Best: 94.44% @ Ep926) | LR: 0.000300 | Rev: 0/99999
Epoch 3754 | Cost: 0.029664 | Acc: 88.89% (Best: 94.44% @ Ep926) | LR: 0.000300 | Rev: 0/99999
Epoch 3755 | Cost: 0.029931 | Acc: 88.89% (Best: 94.44% @ Ep926) | LR: 0.000300 | Rev: 1/99999
Epoch 3756 | Cost: 0.044923 | Acc: 88.89% (Best: 94.44% @ Ep926) | LR: 0.000300 | Rev: 2/99999
Epoch 3757 | Cost: 0.062292 | Acc: 88.89% (Best: 94.44% @ Ep926) | LR: 0.000300 | Rev: 3/99999
Epoch 3758 | Cost: 0.035843 | Acc: 88.89% (Best: 94.44% @ Ep926) | LR: 0.000300 | Rev: 0/99999
Epoch 3759 | Cost: 0.046878 | Acc: 88.89% (Best: 94.44% @ Ep926) | LR: 0.000300 | Rev: 1/99999
Epoch 3760 | Cost: 0.062017 | Acc: 88.89% (Best: 94.44% @ Ep926) | LR: 0.000300 | Rev: 2/99999
Epoch 3761 | Cost: 0.034832 | Acc: 88.89% (Best: 94.44% @ Ep926) | LR: 0.000300 | Rev: 0/99999
Epoch 3762 | Cost: 0.040898 | Acc: 88.89% (Best: 94.44% @ Ep926) | LR: 0.000300 | Rev: 1/99999
Epoch 3763 | Cost: 0.035966 | Acc: 88.89% (Best: 94.44% @ Ep926) | LR: 0.000300 | Rev: 0/99999
Epoch 3764 | Cost: 0.039674 | Acc: 88.89% (Best: 94.44% @ Ep926) | LR: 0.000300 | Rev: 1/99999
Epoch 3765 | Cost: 0.029436 | Acc: 88.89% (Best: 94.44% @ Ep926) | LR: 0.000300 | Rev: 0/99999
Epoch 3766 | Cost: 0.030508 | Acc: 88.89% (Best: 94.44% @ Ep926) | LR: 0.000300 | Rev: 1/99999
Epoch 3767 | Cost: 0.029480 | Acc: 88.89% (Best: 94.44% @ Ep926) | LR: 0.000300 | Rev: 0/99999
Epoch 3768 | Cost: 0.027872 | Acc: 88.89% (Best: 94.44% @ Ep926) | LR: 0.000300 | Rev: 0/99999
Epoch 3769 | Cost: 0.040472 | Acc: 86.11% (Best: 94.44% @ Ep926) | LR: 0.000300 | Rev: 1/99999
Epoch 3770 | Cost: 0.036470 | Acc: 88.89% (Best: 94.44% @ Ep926) | LR: 0.000300 | Rev: 0/99999
Epoch 3771 | Cost: 0.042214 | Acc: 88.89% (Best: 94.44% @ Ep926) | LR: 0.000300 | Rev: 1/99999
Epoch 3772 | Cost: 0.039841 | Acc: 88.89% (Best: 94.44% @ Ep926) | LR: 0.000300 | Rev: 0/99999
Epoch 3773 | Cost: 0.036205 | Acc: 88.89% (Best: 94.44% @ Ep926) | LR: 0.000300 | Rev: 0/99999
Epoch 3774 | Cost: 0.031577 | Acc: 88.89% (Best: 94.44% @ Ep926) | LR: 0.000300 | Rev: 0/99999
Epoch 3775 | Cost: 0.036512 | Acc: 88.89% (Best: 94.44% @ Ep926) | LR: 0.000300 | Rev: 1/99999
Epoch 3776 | Cost: 0.041012 | Acc: 88.89% (Best: 94.44% @ Ep926) | LR: 0.000300 | Rev: 2/99999
Epoch 3777 | Cost: 0.049994 | Acc: 88.89% (Best: 94.44% @ Ep926) | LR: 0.000300 | Rev: 3/99999
Epoch 3778 | Cost: 0.040055 | Acc: 88.89% (Best: 94.44% @ Ep926) | LR: 0.000300 | Rev: 0/99999
Epoch 3779 | Cost: 0.031460 | Acc: 88.89% (Best: 94.44% @ Ep926) | LR: 0.000300 | Rev: 0/99999
Epoch 3780 | Cost: 0.029011 | Acc: 88.89% (Best: 94.44% @ Ep926) | LR: 0.000300 | Rev: 0/99999
Epoch 3781 | Cost: 0.058052 | Acc: 88.89% (Best: 94.44% @ Ep926) | LR: 0.000300 | Rev: 1/99999
Epoch 3782 | Cost: 0.038661 | Acc: 88.89% (Best: 94.44% @ Ep926) | LR: 0.000300 | Rev: 0/99999
Epoch 3783 | Cost: 0.027388 | Acc: 88.89% (Best: 94.44% @ Ep926) | LR: 0.000300 | Rev: 0/99999
Epoch 3784 | Cost: 0.037649 | Acc: 88.89% (Best: 94.44% @ Ep926) | LR: 0.000300 | Rev: 1/99999
Epoch 3785 | Cost: 0.052943 | Acc: 88.89% (Best: 94.44% @ Ep926) | LR: 0.000300 | Rev: 2/99999
Epoch 3786 | Cost: 0.053149 | Acc: 88.89% (Best: 94.44% @ Ep926) | LR: 0.000300 | Rev: 3/99999
Epoch 3787 | Cost: 0.045861 | Acc: 88.89% (Best: 94.44% @ Ep926) | LR: 0.000300 | Rev: 0/99999
Epoch 3788 | Cost: 0.028463 | Acc: 88.89% (Best: 94.44% @ Ep926) | LR: 0.000300 | Rev: 0/99999
Epoch 3789 | Cost: 0.029298 | Acc: 88.89% (Best: 94.44% @ Ep926) | LR: 0.000300 | Rev: 1/99999
Epoch 3790 | Cost: 0.036893 | Acc: 88.89% (Best: 94.44% @ Ep926) | LR: 0.000300 | Rev: 2/99999
Epoch 3791 | Cost: 0.054403 | Acc: 88.89% (Best: 94.44% @ Ep926) | LR: 0.000300 | Rev: 3/99999
Epoch 3792 | Cost: 0.039176 | Acc: 86.11% (Best: 94.44% @ Ep926) | LR: 0.000300 | Rev: 0/99999
Epoch 3793 | Cost: 0.042716 | Acc: 88.89% (Best: 94.44% @ Ep926) | LR: 0.000300 | Rev: 1/99999
Epoch 3794 | Cost: 0.035827 | Acc: 88.89% (Best: 94.44% @ Ep926) | LR: 0.000300 | Rev: 0/99999
Epoch 3795 | Cost: 0.054259 | Acc: 88.89% (Best: 94.44% @ Ep926) | LR: 0.000300 | Rev: 1/99999
Epoch 3796 | Cost: 0.044042 | Acc: 88.89% (Best: 94.44% @ Ep926) | LR: 0.000300 | Rev: 0/99999
Epoch 3797 | Cost: 0.038529 | Acc: 88.89% (Best: 94.44% @ Ep926) | LR: 0.000300 | Rev: 0/99999
Epoch 3798 | Cost: 0.037531 | Acc: 88.89% (Best: 94.44% @ Ep926) | LR: 0.000300 | Rev: 0/99999
Epoch 3799 | Cost: 0.027287 | Acc: 88.89% (Best: 94.44% @ Ep926) | LR: 0.000300 | Rev: 0/99999
Epoch 3800 | Cost: 0.051621 | Acc: 88.89% (Best: 94.44% @ Ep926) | LR: 0.000300 | Rev: 1/99999
Epoch 3801 | Cost: 0.040493 | Acc: 88.89% (Best: 94.44% @ Ep926) | LR: 0.000300 | Rev: 0/99999
Epoch 3802 | Cost: 0.036638 | Acc: 88.89% (Best: 94.44% @ Ep926) | LR: 0.000300 | Rev: 0/99999
Epoch 3803 | Cost: 0.053542 | Acc: 88.89% (Best: 94.44% @ Ep926) | LR: 0.000300 | Rev: 1/99999
Epoch 3804 | Cost: 0.036975 | Acc: 88.89% (Best: 94.44% @ Ep926) | LR: 0.000300 | Rev: 0/99999
Epoch 3805 | Cost: 0.040989 | Acc: 88.89% (Best: 94.44% @ Ep926) | LR: 0.000300 | Rev: 1/99999
Epoch 3806 | Cost: 0.030902 | Acc: 88.89% (Best: 94.44% @ Ep926) | LR: 0.000300 | Rev: 0/99999
Epoch 3807 | Cost: 0.036414 | Acc: 88.89% (Best: 94.44% @ Ep926) | LR: 0.000300 | Rev: 1/99999
Epoch 3808 | Cost: 0.031526 | Acc: 88.89% (Best: 94.44% @ Ep926) | LR: 0.000300 | Rev: 0/99999
Epoch 3809 | Cost: 0.054253 | Acc: 88.89% (Best: 94.44% @ Ep926) | LR: 0.000300 | Rev: 1/99999
Epoch 3810 | Cost: 0.044931 | Acc: 88.89% (Best: 94.44% @ Ep926) | LR: 0.000300 | Rev: 0/99999
Epoch 3811 | Cost: 0.034162 | Acc: 88.89% (Best: 94.44% @ Ep926) | LR: 0.000300 | Rev: 0/99999
Epoch 3812 | Cost: 0.031446 | Acc: 88.89% (Best: 94.44% @ Ep926) | LR: 0.000300 | Rev: 0/99999
Epoch 3813 | Cost: 0.025538 | Acc: 88.89% (Best: 94.44% @ Ep926) | LR: 0.000300 | Rev: 0/99999
Epoch 3814 | Cost: 0.039656 | Acc: 88.89% (Best: 94.44% @ Ep926) | LR: 0.000300 | Rev: 1/99999
Epoch 3815 | Cost: 0.045753 | Acc: 88.89% (Best: 94.44% @ Ep926) | LR: 0.000300 | Rev: 2/99999
Epoch 3816 | Cost: 0.035663 | Acc: 88.89% (Best: 94.44% @ Ep926) | LR: 0.000300 | Rev: 0/99999
Epoch 3817 | Cost: 0.034300 | Acc: 88.89% (Best: 94.44% @ Ep926) | LR: 0.000300 | Rev: 0/99999
Epoch 3818 | Cost: 0.024226 | Acc: 88.89% (Best: 94.44% @ Ep926) | LR: 0.000300 | Rev: 0/99999
Epoch 3819 | Cost: 0.042446 | Acc: 88.89% (Best: 94.44% @ Ep926) | LR: 0.000300 | Rev: 1/99999
Epoch 3820 | Cost: 0.053761 | Acc: 88.89% (Best: 94.44% @ Ep926) | LR: 0.000300 | Rev: 2/99999
Epoch 3821 | Cost: 0.041899 | Acc: 88.89% (Best: 94.44% @ Ep926) | LR: 0.000300 | Rev: 0/99999
Epoch 3822 | Cost: 0.048185 | Acc: 88.89% (Best: 94.44% @ Ep926) | LR: 0.000300 | Rev: 1/99999
Epoch 3823 | Cost: 0.036822 | Acc: 88.89% (Best: 94.44% @ Ep926) | LR: 0.000300 | Rev: 0/99999
Epoch 3824 | Cost: 0.038849 | Acc: 88.89% (Best: 94.44% @ Ep926) | LR: 0.000300 | Rev: 1/99999
Epoch 3825 | Cost: 0.031587 | Acc: 88.89% (Best: 94.44% @ Ep926) | LR: 0.000300 | Rev: 0/99999
Epoch 3826 | Cost: 0.056478 | Acc: 88.89% (Best: 94.44% @ Ep926) | LR: 0.000300 | Rev: 1/99999
Epoch 3827 | Cost: 0.033566 | Acc: 88.89% (Best: 94.44% @ Ep926) | LR: 0.000300 | Rev: 0/99999
Epoch 3828 | Cost: 0.028344 | Acc: 88.89% (Best: 94.44% @ Ep926) | LR: 0.000300 | Rev: 0/99999
Epoch 3829 | Cost: 0.040639 | Acc: 88.89% (Best: 94.44% @ Ep926) | LR: 0.000300 | Rev: 1/99999
Epoch 3830 | Cost: 0.032735 | Acc: 88.89% (Best: 94.44% @ Ep926) | LR: 0.000300 | Rev: 0/99999
Epoch 3831 | Cost: 0.039645 | Acc: 88.89% (Best: 94.44% @ Ep926) | LR: 0.000300 | Rev: 1/99999
Epoch 3832 | Cost: 0.037950 | Acc: 88.89% (Best: 94.44% @ Ep926) | LR: 0.000300 | Rev: 0/99999
Epoch 3833 | Cost: 0.035547 | Acc: 88.89% (Best: 94.44% @ Ep926) | LR: 0.000300 | Rev: 0/99999
Epoch 3834 | Cost: 0.026493 | Acc: 88.89% (Best: 94.44% @ Ep926) | LR: 0.000300 | Rev: 0/99999
Epoch 3835 | Cost: 0.046090 | Acc: 88.89% (Best: 94.44% @ Ep926) | LR: 0.000300 | Rev: 1/99999
Epoch 3836 | Cost: 0.030134 | Acc: 88.89% (Best: 94.44% @ Ep926) | LR: 0.000300 | Rev: 0/99999
Epoch 3837 | Cost: 0.039828 | Acc: 88.89% (Best: 94.44% @ Ep926) | LR: 0.000300 | Rev: 1/99999
Epoch 3838 | Cost: 0.035529 | Acc: 88.89% (Best: 94.44% @ Ep926) | LR: 0.000300 | Rev: 0/99999
Epoch 3839 | Cost: 0.028848 | Acc: 88.89% (Best: 94.44% @ Ep926) | LR: 0.000300 | Rev: 0/99999
Epoch 3840 | Cost: 0.034231 | Acc: 88.89% (Best: 94.44% @ Ep926) | LR: 0.000300 | Rev: 1/99999
Epoch 3841 | Cost: 0.044358 | Acc: 88.89% (Best: 94.44% @ Ep926) | LR: 0.000300 | Rev: 2/99999
Epoch 3842 | Cost: 0.029342 | Acc: 88.89% (Best: 94.44% @ Ep926) | LR: 0.000300 | Rev: 0/99999
Epoch 3843 | Cost: 0.051491 | Acc: 88.89% (Best: 94.44% @ Ep926) | LR: 0.000300 | Rev: 1/99999
Epoch 3844 | Cost: 0.023620 | Acc: 88.89% (Best: 94.44% @ Ep926) | LR: 0.000300 | Rev: 0/99999
Epoch 3845 | Cost: 0.038465 | Acc: 88.89% (Best: 94.44% @ Ep926) | LR: 0.000300 | Rev: 1/99999
Epoch 3846 | Cost: 0.031056 | Acc: 88.89% (Best: 94.44% @ Ep926) | LR: 0.000300 | Rev: 0/99999
Epoch 3847 | Cost: 0.043036 | Acc: 88.89% (Best: 94.44% @ Ep926) | LR: 0.000300 | Rev: 1/99999
Epoch 3848 | Cost: 0.042309 | Acc: 88.89% (Best: 94.44% @ Ep926) | LR: 0.000300 | Rev: 0/99999
Epoch 3849 | Cost: 0.026966 | Acc: 88.89% (Best: 94.44% @ Ep926) | LR: 0.000300 | Rev: 0/99999
Epoch 3850 | Cost: 0.036096 | Acc: 88.89% (Best: 94.44% @ Ep926) | LR: 0.000300 | Rev: 1/99999
Epoch 3851 | Cost: 0.036764 | Acc: 88.89% (Best: 94.44% @ Ep926) | LR: 0.000300 | Rev: 2/99999
Epoch 3852 | Cost: 0.048735 | Acc: 86.11% (Best: 94.44% @ Ep926) | LR: 0.000300 | Rev: 3/99999
Epoch 3853 | Cost: 0.049099 | Acc: 88.89% (Best: 94.44% @ Ep926) | LR: 0.000300 | Rev: 4/99999
Epoch 3854 | Cost: 0.042443 | Acc: 88.89% (Best: 94.44% @ Ep926) | LR: 0.000300 | Rev: 0/99999
Epoch 3855 | Cost: 0.037013 | Acc: 88.89% (Best: 94.44% @ Ep926) | LR: 0.000300 | Rev: 0/99999
Epoch 3856 | Cost: 0.035698 | Acc: 88.89% (Best: 94.44% @ Ep926) | LR: 0.000300 | Rev: 0/99999
Epoch 3857 | Cost: 0.058732 | Acc: 88.89% (Best: 94.44% @ Ep926) | LR: 0.000300 | Rev: 1/99999
Epoch 3858 | Cost: 0.036822 | Acc: 88.89% (Best: 94.44% @ Ep926) | LR: 0.000300 | Rev: 0/99999
Epoch 3859 | Cost: 0.025429 | Acc: 88.89% (Best: 94.44% @ Ep926) | LR: 0.000300 | Rev: 0/99999
Epoch 3860 | Cost: 0.030438 | Acc: 88.89% (Best: 94.44% @ Ep926) | LR: 0.000300 | Rev: 1/99999
Epoch 3861 | Cost: 0.038022 | Acc: 88.89% (Best: 94.44% @ Ep926) | LR: 0.000300 | Rev: 2/99999
Epoch 3862 | Cost: 0.031743 | Acc: 88.89% (Best: 94.44% @ Ep926) | LR: 0.000300 | Rev: 0/99999
Epoch 3863 | Cost: 0.037642 | Acc: 88.89% (Best: 94.44% @ Ep926) | LR: 0.000300 | Rev: 1/99999
Epoch 3864 | Cost: 0.026741 | Acc: 88.89% (Best: 94.44% @ Ep926) | LR: 0.000300 | Rev: 0/99999
Epoch 3865 | Cost: 0.034921 | Acc: 88.89% (Best: 94.44% @ Ep926) | LR: 0.000300 | Rev: 1/99999
Epoch 3866 | Cost: 0.047735 | Acc: 88.89% (Best: 94.44% @ Ep926) | LR: 0.000300 | Rev: 2/99999
Epoch 3867 | Cost: 0.028652 | Acc: 88.89% (Best: 94.44% @ Ep926) | LR: 0.000300 | Rev: 0/99999
Epoch 3868 | Cost: 0.033540 | Acc: 88.89% (Best: 94.44% @ Ep926) | LR: 0.000300 | Rev: 1/99999
Epoch 3869 | Cost: 0.034466 | Acc: 88.89% (Best: 94.44% @ Ep926) | LR: 0.000300 | Rev: 2/99999
Epoch 3870 | Cost: 0.032942 | Acc: 88.89% (Best: 94.44% @ Ep926) | LR: 0.000300 | Rev: 0/99999
Epoch 3871 | Cost: 0.036940 | Acc: 88.89% (Best: 94.44% @ Ep926) | LR: 0.000300 | Rev: 1/99999
Epoch 3872 | Cost: 0.039818 | Acc: 88.89% (Best: 94.44% @ Ep926) | LR: 0.000300 | Rev: 2/99999
Epoch 3873 | Cost: 0.035718 | Acc: 88.89% (Best: 94.44% @ Ep926) | LR: 0.000300 | Rev: 0/99999
Epoch 3874 | Cost: 0.027898 | Acc: 86.11% (Best: 94.44% @ Ep926) | LR: 0.000300 | Rev: 0/99999
Epoch 3875 | Cost: 0.030504 | Acc: 86.11% (Best: 94.44% @ Ep926) | LR: 0.000300 | Rev: 1/99999
Epoch 3876 | Cost: 0.027168 | Acc: 86.11% (Best: 94.44% @ Ep926) | LR: 0.000300 | Rev: 0/99999
Epoch 3877 | Cost: 0.050301 | Acc: 86.11% (Best: 94.44% @ Ep926) | LR: 0.000300 | Rev: 1/99999
Epoch 3878 | Cost: 0.034927 | Acc: 86.11% (Best: 94.44% @ Ep926) | LR: 0.000300 | Rev: 0/99999
Epoch 3879 | Cost: 0.037605 | Acc: 88.89% (Best: 94.44% @ Ep926) | LR: 0.000300 | Rev: 1/99999
Epoch 3880 | Cost: 0.053018 | Acc: 88.89% (Best: 94.44% @ Ep926) | LR: 0.000300 | Rev: 2/99999
Epoch 3881 | Cost: 0.039665 | Acc: 88.89% (Best: 94.44% @ Ep926) | LR: 0.000300 | Rev: 0/99999
Epoch 3882 | Cost: 0.028696 | Acc: 88.89% (Best: 94.44% @ Ep926) | LR: 0.000300 | Rev: 0/99999
Epoch 3883 | Cost: 0.024460 | Acc: 88.89% (Best: 94.44% @ Ep926) | LR: 0.000300 | Rev: 0/99999
Epoch 3884 | Cost: 0.028967 | Acc: 88.89% (Best: 94.44% @ Ep926) | LR: 0.000300 | Rev: 1/99999
Epoch 3885 | Cost: 0.026118 | Acc: 88.89% (Best: 94.44% @ Ep926) | LR: 0.000300 | Rev: 0/99999
Epoch 3886 | Cost: 0.043642 | Acc: 88.89% (Best: 94.44% @ Ep926) | LR: 0.000300 | Rev: 1/99999
Epoch 3887 | Cost: 0.043457 | Acc: 86.11% (Best: 94.44% @ Ep926) | LR: 0.000300 | Rev: 0/99999
Epoch 3888 | Cost: 0.041585 | Acc: 86.11% (Best: 94.44% @ Ep926) | LR: 0.000300 | Rev: 0/99999
Epoch 3889 | Cost: 0.032492 | Acc: 88.89% (Best: 94.44% @ Ep926) | LR: 0.000300 | Rev: 0/99999
Epoch 3890 | Cost: 0.037123 | Acc: 88.89% (Best: 94.44% @ Ep926) | LR: 0.000300 | Rev: 1/99999
Epoch 3891 | Cost: 0.032614 | Acc: 88.89% (Best: 94.44% @ Ep926) | LR: 0.000300 | Rev: 0/99999
Epoch 3892 | Cost: 0.046588 | Acc: 88.89% (Best: 94.44% @ Ep926) | LR: 0.000300 | Rev: 1/99999
Epoch 3893 | Cost: 0.056451 | Acc: 88.89% (Best: 94.44% @ Ep926) | LR: 0.000300 | Rev: 2/99999
Epoch 3894 | Cost: 0.033847 | Acc: 88.89% (Best: 94.44% @ Ep926) | LR: 0.000300 | Rev: 0/99999
Epoch 3895 | Cost: 0.041826 | Acc: 88.89% (Best: 94.44% @ Ep926) | LR: 0.000300 | Rev: 1/99999
Epoch 3896 | Cost: 0.026942 | Acc: 88.89% (Best: 94.44% @ Ep926) | LR: 0.000300 | Rev: 0/99999
Epoch 3897 | Cost: 0.037570 | Acc: 88.89% (Best: 94.44% @ Ep926) | LR: 0.000300 | Rev: 1/99999
Epoch 3898 | Cost: 0.041908 | Acc: 88.89% (Best: 94.44% @ Ep926) | LR: 0.000300 | Rev: 2/99999
Epoch 3899 | Cost: 0.029653 | Acc: 86.11% (Best: 94.44% @ Ep926) | LR: 0.000300 | Rev: 0/99999
Epoch 3900 | Cost: 0.027788 | Acc: 88.89% (Best: 94.44% @ Ep926) | LR: 0.000300 | Rev: 0/99999
Epoch 3901 | Cost: 0.030294 | Acc: 88.89% (Best: 94.44% @ Ep926) | LR: 0.000300 | Rev: 1/99999
Epoch 3902 | Cost: 0.036972 | Acc: 88.89% (Best: 94.44% @ Ep926) | LR: 0.000300 | Rev: 2/99999
Epoch 3903 | Cost: 0.042003 | Acc: 88.89% (Best: 94.44% @ Ep926) | LR: 0.000300 | Rev: 3/99999
Epoch 3904 | Cost: 0.050782 | Acc: 88.89% (Best: 94.44% @ Ep926) | LR: 0.000300 | Rev: 4/99999
Epoch 3905 | Cost: 0.032570 | Acc: 88.89% (Best: 94.44% @ Ep926) | LR: 0.000300 | Rev: 0/99999
Epoch 3906 | Cost: 0.046593 | Acc: 88.89% (Best: 94.44% @ Ep926) | LR: 0.000300 | Rev: 1/99999
Epoch 3907 | Cost: 0.026220 | Acc: 88.89% (Best: 94.44% @ Ep926) | LR: 0.000300 | Rev: 0/99999
Epoch 3908 | Cost: 0.031230 | Acc: 88.89% (Best: 94.44% @ Ep926) | LR: 0.000300 | Rev: 1/99999
Epoch 3909 | Cost: 0.042612 | Acc: 88.89% (Best: 94.44% @ Ep926) | LR: 0.000300 | Rev: 2/99999
Epoch 3910 | Cost: 0.024065 | Acc: 88.89% (Best: 94.44% @ Ep926) | LR: 0.000300 | Rev: 0/99999
Epoch 3911 | Cost: 0.039784 | Acc: 88.89% (Best: 94.44% @ Ep926) | LR: 0.000300 | Rev: 1/99999
Epoch 3912 | Cost: 0.034133 | Acc: 88.89% (Best: 94.44% @ Ep926) | LR: 0.000300 | Rev: 0/99999
Epoch 3913 | Cost: 0.035056 | Acc: 88.89% (Best: 94.44% @ Ep926) | LR: 0.000300 | Rev: 1/99999
Epoch 3914 | Cost: 0.043825 | Acc: 88.89% (Best: 94.44% @ Ep926) | LR: 0.000300 | Rev: 2/99999
Epoch 3915 | Cost: 0.068744 | Acc: 88.89% (Best: 94.44% @ Ep926) | LR: 0.000300 | Rev: 3/99999
Epoch 3916 | Cost: 0.028666 | Acc: 88.89% (Best: 94.44% @ Ep926) | LR: 0.000300 | Rev: 0/99999
Epoch 3917 | Cost: 0.043204 | Acc: 88.89% (Best: 94.44% @ Ep926) | LR: 0.000300 | Rev: 1/99999
Epoch 3918 | Cost: 0.027461 | Acc: 88.89% (Best: 94.44% @ Ep926) | LR: 0.000300 | Rev: 0/99999
Epoch 3919 | Cost: 0.023525 | Acc: 88.89% (Best: 94.44% @ Ep926) | LR: 0.000300 | Rev: 0/99999
Epoch 3920 | Cost: 0.045334 | Acc: 86.11% (Best: 94.44% @ Ep926) | LR: 0.000300 | Rev: 1/99999
Epoch 3921 | Cost: 0.033687 | Acc: 86.11% (Best: 94.44% @ Ep926) | LR: 0.000300 | Rev: 0/99999
Epoch 3922 | Cost: 0.041354 | Acc: 86.11% (Best: 94.44% @ Ep926) | LR: 0.000300 | Rev: 1/99999
Epoch 3923 | Cost: 0.027005 | Acc: 88.89% (Best: 94.44% @ Ep926) | LR: 0.000300 | Rev: 0/99999
Epoch 3924 | Cost: 0.030291 | Acc: 88.89% (Best: 94.44% @ Ep926) | LR: 0.000300 | Rev: 1/99999
Epoch 3925 | Cost: 0.046409 | Acc: 88.89% (Best: 94.44% @ Ep926) | LR: 0.000300 | Rev: 2/99999
Epoch 3926 | Cost: 0.053189 | Acc: 88.89% (Best: 94.44% @ Ep926) | LR: 0.000300 | Rev: 3/99999
Epoch 3927 | Cost: 0.029905 | Acc: 88.89% (Best: 94.44% @ Ep926) | LR: 0.000300 | Rev: 0/99999
Epoch 3928 | Cost: 0.024166 | Acc: 88.89% (Best: 94.44% @ Ep926) | LR: 0.000300 | Rev: 0/99999
Epoch 3929 | Cost: 0.030842 | Acc: 88.89% (Best: 94.44% @ Ep926) | LR: 0.000300 | Rev: 1/99999
Epoch 3930 | Cost: 0.030523 | Acc: 86.11% (Best: 94.44% @ Ep926) | LR: 0.000300 | Rev: 0/99999
Epoch 3931 | Cost: 0.065243 | Acc: 86.11% (Best: 94.44% @ Ep926) | LR: 0.000300 | Rev: 1/99999
Epoch 3932 | Cost: 0.035215 | Acc: 86.11% (Best: 94.44% @ Ep926) | LR: 0.000300 | Rev: 0/99999
Epoch 3933 | Cost: 0.038649 | Acc: 86.11% (Best: 94.44% @ Ep926) | LR: 0.000300 | Rev: 1/99999
Epoch 3934 | Cost: 0.050800 | Acc: 88.89% (Best: 94.44% @ Ep926) | LR: 0.000300 | Rev: 2/99999
Epoch 3935 | Cost: 0.036225 | Acc: 88.89% (Best: 94.44% @ Ep926) | LR: 0.000300 | Rev: 0/99999
Epoch 3936 | Cost: 0.026710 | Acc: 88.89% (Best: 94.44% @ Ep926) | LR: 0.000300 | Rev: 0/99999
Epoch 3937 | Cost: 0.033109 | Acc: 88.89% (Best: 94.44% @ Ep926) | LR: 0.000300 | Rev: 1/99999
Epoch 3938 | Cost: 0.035804 | Acc: 88.89% (Best: 94.44% @ Ep926) | LR: 0.000300 | Rev: 2/99999
Epoch 3939 | Cost: 0.040625 | Acc: 88.89% (Best: 94.44% @ Ep926) | LR: 0.000300 | Rev: 3/99999
Epoch 3940 | Cost: 0.034342 | Acc: 86.11% (Best: 94.44% @ Ep926) | LR: 0.000300 | Rev: 0/99999
Epoch 3941 | Cost: 0.025151 | Acc: 86.11% (Best: 94.44% @ Ep926) | LR: 0.000300 | Rev: 0/99999
Epoch 3942 | Cost: 0.036796 | Acc: 86.11% (Best: 94.44% @ Ep926) | LR: 0.000300 | Rev: 1/99999
Epoch 3943 | Cost: 0.042319 | Acc: 88.89% (Best: 94.44% @ Ep926) | LR: 0.000300 | Rev: 2/99999
Epoch 3944 | Cost: 0.043087 | Acc: 86.11% (Best: 94.44% @ Ep926) | LR: 0.000300 | Rev: 3/99999
Epoch 3945 | Cost: 0.030102 | Acc: 86.11% (Best: 94.44% @ Ep926) | LR: 0.000300 | Rev: 0/99999
Epoch 3946 | Cost: 0.031048 | Acc: 86.11% (Best: 94.44% @ Ep926) | LR: 0.000300 | Rev: 1/99999
Epoch 3947 | Cost: 0.028555 | Acc: 86.11% (Best: 94.44% @ Ep926) | LR: 0.000300 | Rev: 0/99999
Epoch 3948 | Cost: 0.031037 | Acc: 86.11% (Best: 94.44% @ Ep926) | LR: 0.000300 | Rev: 1/99999
Epoch 3949 | Cost: 0.044211 | Acc: 88.89% (Best: 94.44% @ Ep926) | LR: 0.000300 | Rev: 2/99999
Epoch 3950 | Cost: 0.046598 | Acc: 88.89% (Best: 94.44% @ Ep926) | LR: 0.000300 | Rev: 3/99999
Epoch 3951 | Cost: 0.031921 | Acc: 88.89% (Best: 94.44% @ Ep926) | LR: 0.000300 | Rev: 0/99999
Epoch 3952 | Cost: 0.043608 | Acc: 88.89% (Best: 94.44% @ Ep926) | LR: 0.000300 | Rev: 1/99999
Epoch 3953 | Cost: 0.025588 | Acc: 88.89% (Best: 94.44% @ Ep926) | LR: 0.000300 | Rev: 0/99999
Epoch 3954 | Cost: 0.055745 | Acc: 88.89% (Best: 94.44% @ Ep926) | LR: 0.000300 | Rev: 1/99999
Epoch 3955 | Cost: 0.032097 | Acc: 88.89% (Best: 94.44% @ Ep926) | LR: 0.000300 | Rev: 0/99999
Epoch 3956 | Cost: 0.036576 | Acc: 88.89% (Best: 94.44% @ Ep926) | LR: 0.000300 | Rev: 1/99999
Epoch 3957 | Cost: 0.035728 | Acc: 88.89% (Best: 94.44% @ Ep926) | LR: 0.000300 | Rev: 0/99999
Epoch 3958 | Cost: 0.027691 | Acc: 88.89% (Best: 94.44% @ Ep926) | LR: 0.000300 | Rev: 0/99999
Epoch 3959 | Cost: 0.036910 | Acc: 88.89% (Best: 94.44% @ Ep926) | LR: 0.000300 | Rev: 1/99999
Epoch 3960 | Cost: 0.025586 | Acc: 88.89% (Best: 94.44% @ Ep926) | LR: 0.000300 | Rev: 0/99999
Epoch 3961 | Cost: 0.040996 | Acc: 88.89% (Best: 94.44% @ Ep926) | LR: 0.000300 | Rev: 1/99999
Epoch 3962 | Cost: 0.051490 | Acc: 88.89% (Best: 94.44% @ Ep926) | LR: 0.000300 | Rev: 2/99999
Epoch 3963 | Cost: 0.034682 | Acc: 88.89% (Best: 94.44% @ Ep926) | LR: 0.000300 | Rev: 0/99999
Epoch 3964 | Cost: 0.036419 | Acc: 88.89% (Best: 94.44% @ Ep926) | LR: 0.000300 | Rev: 1/99999
Epoch 3965 | Cost: 0.040167 | Acc: 88.89% (Best: 94.44% @ Ep926) | LR: 0.000300 | Rev: 2/99999
Epoch 3966 | Cost: 0.041933 | Acc: 88.89% (Best: 94.44% @ Ep926) | LR: 0.000300 | Rev: 3/99999
Epoch 3967 | Cost: 0.030827 | Acc: 88.89% (Best: 94.44% @ Ep926) | LR: 0.000300 | Rev: 0/99999
Epoch 3968 | Cost: 0.036660 | Acc: 86.11% (Best: 94.44% @ Ep926) | LR: 0.000300 | Rev: 1/99999
Epoch 3969 | Cost: 0.032872 | Acc: 88.89% (Best: 94.44% @ Ep926) | LR: 0.000300 | Rev: 0/99999
Epoch 3970 | Cost: 0.047875 | Acc: 88.89% (Best: 94.44% @ Ep926) | LR: 0.000300 | Rev: 1/99999
Epoch 3971 | Cost: 0.046290 | Acc: 88.89% (Best: 94.44% @ Ep926) | LR: 0.000300 | Rev: 0/99999
Epoch 3972 | Cost: 0.040598 | Acc: 88.89% (Best: 94.44% @ Ep926) | LR: 0.000300 | Rev: 0/99999
Epoch 3973 | Cost: 0.053107 | Acc: 88.89% (Best: 94.44% @ Ep926) | LR: 0.000300 | Rev: 1/99999
Epoch 3974 | Cost: 0.034877 | Acc: 88.89% (Best: 94.44% @ Ep926) | LR: 0.000300 | Rev: 0/99999
Epoch 3975 | Cost: 0.054582 | Acc: 88.89% (Best: 94.44% @ Ep926) | LR: 0.000300 | Rev: 1/99999
Epoch 3976 | Cost: 0.029141 | Acc: 88.89% (Best: 94.44% @ Ep926) | LR: 0.000300 | Rev: 0/99999
Epoch 3977 | Cost: 0.044253 | Acc: 88.89% (Best: 94.44% @ Ep926) | LR: 0.000300 | Rev: 1/99999
Epoch 3978 | Cost: 0.033413 | Acc: 88.89% (Best: 94.44% @ Ep926) | LR: 0.000300 | Rev: 0/99999
Epoch 3979 | Cost: 0.043456 | Acc: 88.89% (Best: 94.44% @ Ep926) | LR: 0.000300 | Rev: 1/99999
Epoch 3980 | Cost: 0.023134 | Acc: 88.89% (Best: 94.44% @ Ep926) | LR: 0.000300 | Rev: 0/99999
Epoch 3981 | Cost: 0.029625 | Acc: 88.89% (Best: 94.44% @ Ep926) | LR: 0.000300 | Rev: 1/99999
Epoch 3982 | Cost: 0.038488 | Acc: 88.89% (Best: 94.44% @ Ep926) | LR: 0.000300 | Rev: 2/99999
Epoch 3983 | Cost: 0.034563 | Acc: 88.89% (Best: 94.44% @ Ep926) | LR: 0.000300 | Rev: 0/99999
Epoch 3984 | Cost: 0.050167 | Acc: 88.89% (Best: 94.44% @ Ep926) | LR: 0.000300 | Rev: 1/99999
Epoch 3985 | Cost: 0.027455 | Acc: 88.89% (Best: 94.44% @ Ep926) | LR: 0.000300 | Rev: 0/99999
Epoch 3986 | Cost: 0.028703 | Acc: 88.89% (Best: 94.44% @ Ep926) | LR: 0.000300 | Rev: 1/99999
Epoch 3987 | Cost: 0.054934 | Acc: 88.89% (Best: 94.44% @ Ep926) | LR: 0.000300 | Rev: 2/99999
Epoch 3988 | Cost: 0.026177 | Acc: 88.89% (Best: 94.44% @ Ep926) | LR: 0.000300 | Rev: 0/99999
Epoch 3989 | Cost: 0.032879 | Acc: 88.89% (Best: 94.44% @ Ep926) | LR: 0.000300 | Rev: 1/99999
Epoch 3990 | Cost: 0.025075 | Acc: 88.89% (Best: 94.44% @ Ep926) | LR: 0.000300 | Rev: 0/99999
Epoch 3991 | Cost: 0.044072 | Acc: 88.89% (Best: 94.44% @ Ep926) | LR: 0.000300 | Rev: 1/99999
Epoch 3992 | Cost: 0.026719 | Acc: 88.89% (Best: 94.44% @ Ep926) | LR: 0.000300 | Rev: 0/99999
Epoch 3993 | Cost: 0.044445 | Acc: 88.89% (Best: 94.44% @ Ep926) | LR: 0.000300 | Rev: 1/99999
Epoch 3994 | Cost: 0.034512 | Acc: 88.89% (Best: 94.44% @ Ep926) | LR: 0.000300 | Rev: 0/99999
Epoch 3995 | Cost: 0.056107 | Acc: 88.89% (Best: 94.44% @ Ep926) | LR: 0.000300 | Rev: 1/99999
Epoch 3996 | Cost: 0.031694 | Acc: 88.89% (Best: 94.44% @ Ep926) | LR: 0.000300 | Rev: 0/99999
Epoch 3997 | Cost: 0.032187 | Acc: 88.89% (Best: 94.44% @ Ep926) | LR: 0.000300 | Rev: 1/99999
Epoch 3998 | Cost: 0.039085 | Acc: 88.89% (Best: 94.44% @ Ep926) | LR: 0.000300 | Rev: 2/99999
Epoch 3999 | Cost: 0.030254 | Acc: 88.89% (Best: 94.44% @ Ep926) | LR: 0.000300 | Rev: 0/99999
Epoch 4000 | Cost: 0.038766 | Acc: 88.89% (Best: 94.44% @ Ep926) | LR: 0.000300 | Rev: 1/99999
Epoch 4001 | Cost: 0.043254 | Acc: 88.89% (Best: 94.44% @ Ep926) | LR: 0.000300 | Rev: 2/99999
Epoch 4002 | Cost: 0.037624 | Acc: 88.89% (Best: 94.44% @ Ep926) | LR: 0.000300 | Rev: 0/99999
Epoch 4003 | Cost: 0.028740 | Acc: 88.89% (Best: 94.44% @ Ep926) | LR: 0.000300 | Rev: 0/99999
Epoch 4004 | Cost: 0.031605 | Acc: 88.89% (Best: 94.44% @ Ep926) | LR: 0.000300 | Rev: 1/99999
Epoch 4005 | Cost: 0.031382 | Acc: 88.89% (Best: 94.44% @ Ep926) | LR: 0.000300 | Rev: 0/99999
Epoch 4006 | Cost: 0.030320 | Acc: 88.89% (Best: 94.44% @ Ep926) | LR: 0.000300 | Rev: 0/99999
Epoch 4007 | Cost: 0.029496 | Acc: 88.89% (Best: 94.44% @ Ep926) | LR: 0.000300 | Rev: 0/99999
Epoch 4008 | Cost: 0.031904 | Acc: 88.89% (Best: 94.44% @ Ep926) | LR: 0.000300 | Rev: 1/99999
Epoch 4009 | Cost: 0.018340 | Acc: 88.89% (Best: 94.44% @ Ep926) | LR: 0.000300 | Rev: 0/99999
Epoch 4010 | Cost: 0.036998 | Acc: 88.89% (Best: 94.44% @ Ep926) | LR: 0.000300 | Rev: 1/99999
Epoch 4011 | Cost: 0.027949 | Acc: 88.89% (Best: 94.44% @ Ep926) | LR: 0.000300 | Rev: 0/99999
Epoch 4012 | Cost: 0.027412 | Acc: 88.89% (Best: 94.44% @ Ep926) | LR: 0.000300 | Rev: 0/99999
Epoch 4013 | Cost: 0.026121 | Acc: 88.89% (Best: 94.44% @ Ep926) | LR: 0.000300 | Rev: 0/99999
Epoch 4014 | Cost: 0.021686 | Acc: 88.89% (Best: 94.44% @ Ep926) | LR: 0.000300 | Rev: 0/99999
Epoch 4015 | Cost: 0.039687 | Acc: 88.89% (Best: 94.44% @ Ep926) | LR: 0.000300 | Rev: 1/99999
Epoch 4016 | Cost: 0.029606 | Acc: 88.89% (Best: 94.44% @ Ep926) | LR: 0.000300 | Rev: 0/99999
Epoch 4017 | Cost: 0.054301 | Acc: 88.89% (Best: 94.44% @ Ep926) | LR: 0.000300 | Rev: 1/99999
Epoch 4018 | Cost: 0.032377 | Acc: 88.89% (Best: 94.44% @ Ep926) | LR: 0.000300 | Rev: 0/99999
Epoch 4019 | Cost: 0.024653 | Acc: 88.89% (Best: 94.44% @ Ep926) | LR: 0.000300 | Rev: 0/99999
Epoch 4020 | Cost: 0.028658 | Acc: 88.89% (Best: 94.44% @ Ep926) | LR: 0.000300 | Rev: 1/99999
Epoch 4021 | Cost: 0.042267 | Acc: 88.89% (Best: 94.44% @ Ep926) | LR: 0.000300 | Rev: 2/99999
Epoch 4022 | Cost: 0.052241 | Acc: 88.89% (Best: 94.44% @ Ep926) | LR: 0.000300 | Rev: 3/99999
Epoch 4023 | Cost: 0.029877 | Acc: 88.89% (Best: 94.44% @ Ep926) | LR: 0.000300 | Rev: 0/99999
Epoch 4024 | Cost: 0.024129 | Acc: 88.89% (Best: 94.44% @ Ep926) | LR: 0.000300 | Rev: 0/99999
Epoch 4025 | Cost: 0.031185 | Acc: 88.89% (Best: 94.44% @ Ep926) | LR: 0.000300 | Rev: 1/99999
Epoch 4026 | Cost: 0.045216 | Acc: 88.89% (Best: 94.44% @ Ep926) | LR: 0.000300 | Rev: 2/99999
Epoch 4027 | Cost: 0.032078 | Acc: 88.89% (Best: 94.44% @ Ep926) | LR: 0.000300 | Rev: 0/99999
Epoch 4028 | Cost: 0.033922 | Acc: 88.89% (Best: 94.44% @ Ep926) | LR: 0.000300 | Rev: 1/99999
Epoch 4029 | Cost: 0.041338 | Acc: 88.89% (Best: 94.44% @ Ep926) | LR: 0.000300 | Rev: 2/99999
Epoch 4030 | Cost: 0.029551 | Acc: 88.89% (Best: 94.44% @ Ep926) | LR: 0.000300 | Rev: 0/99999
Epoch 4031 | Cost: 0.040188 | Acc: 88.89% (Best: 94.44% @ Ep926) | LR: 0.000300 | Rev: 1/99999
Epoch 4032 | Cost: 0.028065 | Acc: 88.89% (Best: 94.44% @ Ep926) | LR: 0.000300 | Rev: 0/99999
Epoch 4033 | Cost: 0.042987 | Acc: 88.89% (Best: 94.44% @ Ep926) | LR: 0.000300 | Rev: 1/99999
Epoch 4034 | Cost: 0.041952 | Acc: 88.89% (Best: 94.44% @ Ep926) | LR: 0.000300 | Rev: 0/99999
Epoch 4035 | Cost: 0.036491 | Acc: 88.89% (Best: 94.44% @ Ep926) | LR: 0.000300 | Rev: 0/99999
Epoch 4036 | Cost: 0.027296 | Acc: 86.11% (Best: 94.44% @ Ep926) | LR: 0.000300 | Rev: 0/99999
Epoch 4037 | Cost: 0.036088 | Acc: 86.11% (Best: 94.44% @ Ep926) | LR: 0.000300 | Rev: 1/99999
Epoch 4038 | Cost: 0.029114 | Acc: 86.11% (Best: 94.44% @ Ep926) | LR: 0.000300 | Rev: 0/99999
Epoch 4039 | Cost: 0.034023 | Acc: 88.89% (Best: 94.44% @ Ep926) | LR: 0.000300 | Rev: 1/99999
Epoch 4040 | Cost: 0.033945 | Acc: 88.89% (Best: 94.44% @ Ep926) | LR: 0.000300 | Rev: 0/99999
Epoch 4041 | Cost: 0.042751 | Acc: 88.89% (Best: 94.44% @ Ep926) | LR: 0.000300 | Rev: 1/99999
Epoch 4042 | Cost: 0.032470 | Acc: 88.89% (Best: 94.44% @ Ep926) | LR: 0.000300 | Rev: 0/99999
Epoch 4043 | Cost: 0.023314 | Acc: 88.89% (Best: 94.44% @ Ep926) | LR: 0.000300 | Rev: 0/99999
Epoch 4044 | Cost: 0.032071 | Acc: 88.89% (Best: 94.44% @ Ep926) | LR: 0.000300 | Rev: 1/99999
Epoch 4045 | Cost: 0.033715 | Acc: 88.89% (Best: 94.44% @ Ep926) | LR: 0.000300 | Rev: 2/99999
Epoch 4046 | Cost: 0.031605 | Acc: 88.89% (Best: 94.44% @ Ep926) | LR: 0.000300 | Rev: 0/99999
Epoch 4047 | Cost: 0.030313 | Acc: 88.89% (Best: 94.44% @ Ep926) | LR: 0.000300 | Rev: 0/99999
Epoch 4048 | Cost: 0.038857 | Acc: 86.11% (Best: 94.44% @ Ep926) | LR: 0.000300 | Rev: 1/99999
Epoch 4049 | Cost: 0.032524 | Acc: 88.89% (Best: 94.44% @ Ep926) | LR: 0.000300 | Rev: 0/99999
Epoch 4050 | Cost: 0.026274 | Acc: 88.89% (Best: 94.44% @ Ep926) | LR: 0.000300 | Rev: 0/99999
Epoch 4051 | Cost: 0.028542 | Acc: 88.89% (Best: 94.44% @ Ep926) | LR: 0.000300 | Rev: 1/99999
Epoch 4052 | Cost: 0.027014 | Acc: 88.89% (Best: 94.44% @ Ep926) | LR: 0.000300 | Rev: 0/99999
Epoch 4053 | Cost: 0.025180 | Acc: 88.89% (Best: 94.44% @ Ep926) | LR: 0.000300 | Rev: 0/99999
Epoch 4054 | Cost: 0.047476 | Acc: 88.89% (Best: 94.44% @ Ep926) | LR: 0.000300 | Rev: 1/99999
Epoch 4055 | Cost: 0.042109 | Acc: 88.89% (Best: 94.44% @ Ep926) | LR: 0.000300 | Rev: 0/99999
Epoch 4056 | Cost: 0.038989 | Acc: 88.89% (Best: 94.44% @ Ep926) | LR: 0.000300 | Rev: 0/99999
Epoch 4057 | Cost: 0.039734 | Acc: 86.11% (Best: 94.44% @ Ep926) | LR: 0.000300 | Rev: 1/99999
Epoch 4058 | Cost: 0.032768 | Acc: 88.89% (Best: 94.44% @ Ep926) | LR: 0.000300 | Rev: 0/99999
Epoch 4059 | Cost: 0.047040 | Acc: 88.89% (Best: 94.44% @ Ep926) | LR: 0.000300 | Rev: 1/99999
Epoch 4060 | Cost: 0.044933 | Acc: 88.89% (Best: 94.44% @ Ep926) | LR: 0.000300 | Rev: 0/99999
Epoch 4061 | Cost: 0.032082 | Acc: 88.89% (Best: 94.44% @ Ep926) | LR: 0.000300 | Rev: 0/99999
Epoch 4062 | Cost: 0.026459 | Acc: 88.89% (Best: 94.44% @ Ep926) | LR: 0.000300 | Rev: 0/99999
Epoch 4063 | Cost: 0.060498 | Acc: 88.89% (Best: 94.44% @ Ep926) | LR: 0.000300 | Rev: 1/99999
Epoch 4064 | Cost: 0.021644 | Acc: 88.89% (Best: 94.44% @ Ep926) | LR: 0.000300 | Rev: 0/99999
Epoch 4065 | Cost: 0.027774 | Acc: 88.89% (Best: 94.44% @ Ep926) | LR: 0.000300 | Rev: 1/99999
Epoch 4066 | Cost: 0.037738 | Acc: 88.89% (Best: 94.44% @ Ep926) | LR: 0.000300 | Rev: 2/99999
Epoch 4067 | Cost: 0.033663 | Acc: 88.89% (Best: 94.44% @ Ep926) | LR: 0.000300 | Rev: 0/99999
Epoch 4068 | Cost: 0.029345 | Acc: 88.89% (Best: 94.44% @ Ep926) | LR: 0.000300 | Rev: 0/99999
Epoch 4069 | Cost: 0.038972 | Acc: 88.89% (Best: 94.44% @ Ep926) | LR: 0.000300 | Rev: 1/99999
Epoch 4070 | Cost: 0.033624 | Acc: 88.89% (Best: 94.44% @ Ep926) | LR: 0.000300 | Rev: 0/99999
Epoch 4071 | Cost: 0.026985 | Acc: 88.89% (Best: 94.44% @ Ep926) | LR: 0.000300 | Rev: 0/99999
Epoch 4072 | Cost: 0.038096 | Acc: 88.89% (Best: 94.44% @ Ep926) | LR: 0.000300 | Rev: 1/99999
Epoch 4073 | Cost: 0.042253 | Acc: 88.89% (Best: 94.44% @ Ep926) | LR: 0.000300 | Rev: 2/99999
Epoch 4074 | Cost: 0.038472 | Acc: 88.89% (Best: 94.44% @ Ep926) | LR: 0.000300 | Rev: 0/99999
Epoch 4075 | Cost: 0.048143 | Acc: 88.89% (Best: 94.44% @ Ep926) | LR: 0.000300 | Rev: 1/99999
Epoch 4076 | Cost: 0.030823 | Acc: 88.89% (Best: 94.44% @ Ep926) | LR: 0.000300 | Rev: 0/99999
Epoch 4077 | Cost: 0.025519 | Acc: 88.89% (Best: 94.44% @ Ep926) | LR: 0.000300 | Rev: 0/99999
Epoch 4078 | Cost: 0.044428 | Acc: 88.89% (Best: 94.44% @ Ep926) | LR: 0.000300 | Rev: 1/99999
Epoch 4079 | Cost: 0.034623 | Acc: 88.89% (Best: 94.44% @ Ep926) | LR: 0.000300 | Rev: 0/99999
Epoch 4080 | Cost: 0.047588 | Acc: 88.89% (Best: 94.44% @ Ep926) | LR: 0.000300 | Rev: 1/99999
Epoch 4081 | Cost: 0.042932 | Acc: 88.89% (Best: 94.44% @ Ep926) | LR: 0.000300 | Rev: 0/99999
Epoch 4082 | Cost: 0.032171 | Acc: 88.89% (Best: 94.44% @ Ep926) | LR: 0.000300 | Rev: 0/99999
Epoch 4083 | Cost: 0.033898 | Acc: 88.89% (Best: 94.44% @ Ep926) | LR: 0.000300 | Rev: 1/99999
Epoch 4084 | Cost: 0.029250 | Acc: 88.89% (Best: 94.44% @ Ep926) | LR: 0.000300 | Rev: 0/99999
Epoch 4085 | Cost: 0.046893 | Acc: 88.89% (Best: 94.44% @ Ep926) | LR: 0.000300 | Rev: 1/99999
Epoch 4086 | Cost: 0.034890 | Acc: 88.89% (Best: 94.44% @ Ep926) | LR: 0.000300 | Rev: 0/99999
Epoch 4087 | Cost: 0.046494 | Acc: 88.89% (Best: 94.44% @ Ep926) | LR: 0.000300 | Rev: 1/99999
Epoch 4088 | Cost: 0.032019 | Acc: 88.89% (Best: 94.44% @ Ep926) | LR: 0.000300 | Rev: 0/99999
Epoch 4089 | Cost: 0.032003 | Acc: 88.89% (Best: 94.44% @ Ep926) | LR: 0.000300 | Rev: 0/99999
Epoch 4090 | Cost: 0.036507 | Acc: 88.89% (Best: 94.44% @ Ep926) | LR: 0.000300 | Rev: 1/99999
Epoch 4091 | Cost: 0.029103 | Acc: 88.89% (Best: 94.44% @ Ep926) | LR: 0.000300 | Rev: 0/99999
Epoch 4092 | Cost: 0.034427 | Acc: 88.89% (Best: 94.44% @ Ep926) | LR: 0.000300 | Rev: 1/99999
Epoch 4093 | Cost: 0.032225 | Acc: 88.89% (Best: 94.44% @ Ep926) | LR: 0.000300 | Rev: 0/99999
Epoch 4094 | Cost: 0.026933 | Acc: 88.89% (Best: 94.44% @ Ep926) | LR: 0.000300 | Rev: 0/99999
Epoch 4095 | Cost: 0.036453 | Acc: 88.89% (Best: 94.44% @ Ep926) | LR: 0.000300 | Rev: 1/99999
Epoch 4096 | Cost: 0.028907 | Acc: 88.89% (Best: 94.44% @ Ep926) | LR: 0.000300 | Rev: 0/99999
Epoch 4097 | Cost: 0.033603 | Acc: 88.89% (Best: 94.44% @ Ep926) | LR: 0.000300 | Rev: 1/99999
Epoch 4098 | Cost: 0.030281 | Acc: 88.89% (Best: 94.44% @ Ep926) | LR: 0.000300 | Rev: 0/99999
Epoch 4099 | Cost: 0.046694 | Acc: 88.89% (Best: 94.44% @ Ep926) | LR: 0.000300 | Rev: 1/99999
Epoch 4100 | Cost: 0.032649 | Acc: 88.89% (Best: 94.44% @ Ep926) | LR: 0.000300 | Rev: 0/99999
Epoch 4101 | Cost: 0.030852 | Acc: 88.89% (Best: 94.44% @ Ep926) | LR: 0.000300 | Rev: 0/99999
Epoch 4102 | Cost: 0.031343 | Acc: 88.89% (Best: 94.44% @ Ep926) | LR: 0.000300 | Rev: 1/99999
Epoch 4103 | Cost: 0.036475 | Acc: 88.89% (Best: 94.44% @ Ep926) | LR: 0.000300 | Rev: 2/99999
Epoch 4104 | Cost: 0.034010 | Acc: 88.89% (Best: 94.44% @ Ep926) | LR: 0.000300 | Rev: 0/99999
Epoch 4105 | Cost: 0.037089 | Acc: 88.89% (Best: 94.44% @ Ep926) | LR: 0.000300 | Rev: 1/99999
Epoch 4106 | Cost: 0.043016 | Acc: 88.89% (Best: 94.44% @ Ep926) | LR: 0.000300 | Rev: 2/99999
Epoch 4107 | Cost: 0.034091 | Acc: 88.89% (Best: 94.44% @ Ep926) | LR: 0.000300 | Rev: 0/99999
Epoch 4108 | Cost: 0.033986 | Acc: 88.89% (Best: 94.44% @ Ep926) | LR: 0.000300 | Rev: 0/99999
Epoch 4109 | Cost: 0.037756 | Acc: 88.89% (Best: 94.44% @ Ep926) | LR: 0.000300 | Rev: 1/99999
Epoch 4110 | Cost: 0.027133 | Acc: 88.89% (Best: 94.44% @ Ep926) | LR: 0.000300 | Rev: 0/99999
Epoch 4111 | Cost: 0.031999 | Acc: 88.89% (Best: 94.44% @ Ep926) | LR: 0.000300 | Rev: 1/99999
Epoch 4112 | Cost: 0.040063 | Acc: 88.89% (Best: 94.44% @ Ep926) | LR: 0.000300 | Rev: 2/99999
Epoch 4113 | Cost: 0.039254 | Acc: 88.89% (Best: 94.44% @ Ep926) | LR: 0.000300 | Rev: 0/99999
Epoch 4114 | Cost: 0.031189 | Acc: 88.89% (Best: 94.44% @ Ep926) | LR: 0.000300 | Rev: 0/99999
Epoch 4115 | Cost: 0.035006 | Acc: 88.89% (Best: 94.44% @ Ep926) | LR: 0.000300 | Rev: 1/99999
Epoch 4116 | Cost: 0.033869 | Acc: 88.89% (Best: 94.44% @ Ep926) | LR: 0.000300 | Rev: 0/99999
Epoch 4117 | Cost: 0.021125 | Acc: 88.89% (Best: 94.44% @ Ep926) | LR: 0.000300 | Rev: 0/99999
Epoch 4118 | Cost: 0.042739 | Acc: 88.89% (Best: 94.44% @ Ep926) | LR: 0.000300 | Rev: 1/99999
Epoch 4119 | Cost: 0.032825 | Acc: 88.89% (Best: 94.44% @ Ep926) | LR: 0.000300 | Rev: 0/99999
Epoch 4120 | Cost: 0.040988 | Acc: 88.89% (Best: 94.44% @ Ep926) | LR: 0.000300 | Rev: 1/99999
Epoch 4121 | Cost: 0.044445 | Acc: 88.89% (Best: 94.44% @ Ep926) | LR: 0.000300 | Rev: 2/99999
Epoch 4122 | Cost: 0.035789 | Acc: 88.89% (Best: 94.44% @ Ep926) | LR: 0.000300 | Rev: 0/99999
Epoch 4123 | Cost: 0.037027 | Acc: 88.89% (Best: 94.44% @ Ep926) | LR: 0.000300 | Rev: 1/99999
Epoch 4124 | Cost: 0.036064 | Acc: 88.89% (Best: 94.44% @ Ep926) | LR: 0.000300 | Rev: 0/99999
Epoch 4125 | Cost: 0.056742 | Acc: 88.89% (Best: 94.44% @ Ep926) | LR: 0.000300 | Rev: 1/99999
Epoch 4126 | Cost: 0.052521 | Acc: 88.89% (Best: 94.44% @ Ep926) | LR: 0.000300 | Rev: 0/99999
Epoch 4127 | Cost: 0.022191 | Acc: 88.89% (Best: 94.44% @ Ep926) | LR: 0.000300 | Rev: 0/99999
Epoch 4128 | Cost: 0.027487 | Acc: 88.89% (Best: 94.44% @ Ep926) | LR: 0.000300 | Rev: 1/99999
Epoch 4129 | Cost: 0.027067 | Acc: 88.89% (Best: 94.44% @ Ep926) | LR: 0.000300 | Rev: 0/99999
Epoch 4130 | Cost: 0.037509 | Acc: 88.89% (Best: 94.44% @ Ep926) | LR: 0.000300 | Rev: 1/99999
Epoch 4131 | Cost: 0.026582 | Acc: 88.89% (Best: 94.44% @ Ep926) | LR: 0.000300 | Rev: 0/99999
Epoch 4132 | Cost: 0.032551 | Acc: 88.89% (Best: 94.44% @ Ep926) | LR: 0.000300 | Rev: 1/99999
Epoch 4133 | Cost: 0.033031 | Acc: 88.89% (Best: 94.44% @ Ep926) | LR: 0.000300 | Rev: 2/99999
Epoch 4134 | Cost: 0.048791 | Acc: 88.89% (Best: 94.44% @ Ep926) | LR: 0.000300 | Rev: 3/99999
Epoch 4135 | Cost: 0.032421 | Acc: 88.89% (Best: 94.44% @ Ep926) | LR: 0.000300 | Rev: 0/99999
Epoch 4136 | Cost: 0.024670 | Acc: 88.89% (Best: 94.44% @ Ep926) | LR: 0.000300 | Rev: 0/99999
Epoch 4137 | Cost: 0.029251 | Acc: 88.89% (Best: 94.44% @ Ep926) | LR: 0.000300 | Rev: 1/99999
Epoch 4138 | Cost: 0.035497 | Acc: 88.89% (Best: 94.44% @ Ep926) | LR: 0.000300 | Rev: 2/99999
Epoch 4139 | Cost: 0.032200 | Acc: 88.89% (Best: 94.44% @ Ep926) | LR: 0.000300 | Rev: 0/99999
Epoch 4140 | Cost: 0.035316 | Acc: 88.89% (Best: 94.44% @ Ep926) | LR: 0.000300 | Rev: 1/99999
Epoch 4141 | Cost: 0.026775 | Acc: 88.89% (Best: 94.44% @ Ep926) | LR: 0.000300 | Rev: 0/99999
Epoch 4142 | Cost: 0.039973 | Acc: 88.89% (Best: 94.44% @ Ep926) | LR: 0.000300 | Rev: 1/99999
Epoch 4143 | Cost: 0.035479 | Acc: 88.89% (Best: 94.44% @ Ep926) | LR: 0.000300 | Rev: 0/99999
Epoch 4144 | Cost: 0.034079 | Acc: 88.89% (Best: 94.44% @ Ep926) | LR: 0.000300 | Rev: 0/99999
Epoch 4145 | Cost: 0.034546 | Acc: 88.89% (Best: 94.44% @ Ep926) | LR: 0.000300 | Rev: 1/99999
Epoch 4146 | Cost: 0.034656 | Acc: 88.89% (Best: 94.44% @ Ep926) | LR: 0.000300 | Rev: 2/99999
Epoch 4147 | Cost: 0.050918 | Acc: 88.89% (Best: 94.44% @ Ep926) | LR: 0.000300 | Rev: 3/99999
Epoch 4148 | Cost: 0.052274 | Acc: 88.89% (Best: 94.44% @ Ep926) | LR: 0.000300 | Rev: 4/99999
Epoch 4149 | Cost: 0.034713 | Acc: 88.89% (Best: 94.44% @ Ep926) | LR: 0.000300 | Rev: 0/99999
Epoch 4150 | Cost: 0.024994 | Acc: 88.89% (Best: 94.44% @ Ep926) | LR: 0.000300 | Rev: 0/99999
Epoch 4151 | Cost: 0.032391 | Acc: 88.89% (Best: 94.44% @ Ep926) | LR: 0.000300 | Rev: 1/99999
Epoch 4152 | Cost: 0.030157 | Acc: 88.89% (Best: 94.44% @ Ep926) | LR: 0.000300 | Rev: 0/99999
Epoch 4153 | Cost: 0.019420 | Acc: 88.89% (Best: 94.44% @ Ep926) | LR: 0.000300 | Rev: 0/99999
Epoch 4154 | Cost: 0.032789 | Acc: 88.89% (Best: 94.44% @ Ep926) | LR: 0.000300 | Rev: 1/99999
Epoch 4155 | Cost: 0.035794 | Acc: 88.89% (Best: 94.44% @ Ep926) | LR: 0.000300 | Rev: 2/99999
Epoch 4156 | Cost: 0.028524 | Acc: 88.89% (Best: 94.44% @ Ep926) | LR: 0.000300 | Rev: 0/99999
Epoch 4157 | Cost: 0.040348 | Acc: 88.89% (Best: 94.44% @ Ep926) | LR: 0.000300 | Rev: 1/99999
Epoch 4158 | Cost: 0.026984 | Acc: 88.89% (Best: 94.44% @ Ep926) | LR: 0.000300 | Rev: 0/99999
Epoch 4159 | Cost: 0.032515 | Acc: 86.11% (Best: 94.44% @ Ep926) | LR: 0.000300 | Rev: 1/99999
Epoch 4160 | Cost: 0.029165 | Acc: 86.11% (Best: 94.44% @ Ep926) | LR: 0.000300 | Rev: 0/99999
Epoch 4161 | Cost: 0.037364 | Acc: 88.89% (Best: 94.44% @ Ep926) | LR: 0.000300 | Rev: 1/99999
Epoch 4162 | Cost: 0.031064 | Acc: 88.89% (Best: 94.44% @ Ep926) | LR: 0.000300 | Rev: 0/99999
Epoch 4163 | Cost: 0.036971 | Acc: 88.89% (Best: 94.44% @ Ep926) | LR: 0.000300 | Rev: 1/99999
Epoch 4164 | Cost: 0.025597 | Acc: 88.89% (Best: 94.44% @ Ep926) | LR: 0.000300 | Rev: 0/99999
Epoch 4165 | Cost: 0.021823 | Acc: 88.89% (Best: 94.44% @ Ep926) | LR: 0.000300 | Rev: 0/99999
Epoch 4166 | Cost: 0.034799 | Acc: 88.89% (Best: 94.44% @ Ep926) | LR: 0.000300 | Rev: 1/99999
Epoch 4167 | Cost: 0.028231 | Acc: 88.89% (Best: 94.44% @ Ep926) | LR: 0.000300 | Rev: 0/99999
Epoch 4168 | Cost: 0.035994 | Acc: 88.89% (Best: 94.44% @ Ep926) | LR: 0.000300 | Rev: 1/99999
Epoch 4169 | Cost: 0.044936 | Acc: 88.89% (Best: 94.44% @ Ep926) | LR: 0.000300 | Rev: 2/99999
Epoch 4170 | Cost: 0.030898 | Acc: 88.89% (Best: 94.44% @ Ep926) | LR: 0.000300 | Rev: 0/99999
Epoch 4171 | Cost: 0.030198 | Acc: 88.89% (Best: 94.44% @ Ep926) | LR: 0.000300 | Rev: 0/99999
Epoch 4172 | Cost: 0.032489 | Acc: 88.89% (Best: 94.44% @ Ep926) | LR: 0.000300 | Rev: 1/99999
Epoch 4173 | Cost: 0.024733 | Acc: 88.89% (Best: 94.44% @ Ep926) | LR: 0.000300 | Rev: 0/99999
Epoch 4174 | Cost: 0.053881 | Acc: 88.89% (Best: 94.44% @ Ep926) | LR: 0.000300 | Rev: 1/99999
Epoch 4175 | Cost: 0.035615 | Acc: 88.89% (Best: 94.44% @ Ep926) | LR: 0.000300 | Rev: 0/99999
Epoch 4176 | Cost: 0.031427 | Acc: 88.89% (Best: 94.44% @ Ep926) | LR: 0.000300 | Rev: 0/99999
Epoch 4177 | Cost: 0.039621 | Acc: 88.89% (Best: 94.44% @ Ep926) | LR: 0.000300 | Rev: 1/99999
Epoch 4178 | Cost: 0.053110 | Acc: 88.89% (Best: 94.44% @ Ep926) | LR: 0.000300 | Rev: 2/99999
Epoch 4179 | Cost: 0.030744 | Acc: 88.89% (Best: 94.44% @ Ep926) | LR: 0.000300 | Rev: 0/99999
Epoch 4180 | Cost: 0.027274 | Acc: 88.89% (Best: 94.44% @ Ep926) | LR: 0.000300 | Rev: 0/99999
Epoch 4181 | Cost: 0.050846 | Acc: 88.89% (Best: 94.44% @ Ep926) | LR: 0.000300 | Rev: 1/99999
Epoch 4182 | Cost: 0.034572 | Acc: 88.89% (Best: 94.44% @ Ep926) | LR: 0.000300 | Rev: 0/99999
Epoch 4183 | Cost: 0.033373 | Acc: 88.89% (Best: 94.44% @ Ep926) | LR: 0.000300 | Rev: 0/99999
Epoch 4184 | Cost: 0.027895 | Acc: 88.89% (Best: 94.44% @ Ep926) | LR: 0.000300 | Rev: 0/99999
Epoch 4185 | Cost: 0.037554 | Acc: 88.89% (Best: 94.44% @ Ep926) | LR: 0.000300 | Rev: 1/99999
Epoch 4186 | Cost: 0.029202 | Acc: 88.89% (Best: 94.44% @ Ep926) | LR: 0.000300 | Rev: 0/99999
Epoch 4187 | Cost: 0.037776 | Acc: 88.89% (Best: 94.44% @ Ep926) | LR: 0.000300 | Rev: 1/99999
Epoch 4188 | Cost: 0.030545 | Acc: 88.89% (Best: 94.44% @ Ep926) | LR: 0.000300 | Rev: 0/99999
Epoch 4189 | Cost: 0.034183 | Acc: 88.89% (Best: 94.44% @ Ep926) | LR: 0.000300 | Rev: 1/99999
Epoch 4190 | Cost: 0.044060 | Acc: 88.89% (Best: 94.44% @ Ep926) | LR: 0.000300 | Rev: 2/99999
Epoch 4191 | Cost: 0.029651 | Acc: 88.89% (Best: 94.44% @ Ep926) | LR: 0.000300 | Rev: 0/99999
Epoch 4192 | Cost: 0.038804 | Acc: 88.89% (Best: 94.44% @ Ep926) | LR: 0.000300 | Rev: 1/99999
Epoch 4193 | Cost: 0.044273 | Acc: 88.89% (Best: 94.44% @ Ep926) | LR: 0.000300 | Rev: 2/99999
Epoch 4194 | Cost: 0.039723 | Acc: 88.89% (Best: 94.44% @ Ep926) | LR: 0.000300 | Rev: 0/99999
Epoch 4195 | Cost: 0.044605 | Acc: 88.89% (Best: 94.44% @ Ep926) | LR: 0.000300 | Rev: 1/99999
Epoch 4196 | Cost: 0.057595 | Acc: 88.89% (Best: 94.44% @ Ep926) | LR: 0.000300 | Rev: 2/99999
Epoch 4197 | Cost: 0.037221 | Acc: 88.89% (Best: 94.44% @ Ep926) | LR: 0.000300 | Rev: 0/99999
Epoch 4198 | Cost: 0.021008 | Acc: 88.89% (Best: 94.44% @ Ep926) | LR: 0.000300 | Rev: 0/99999
Epoch 4199 | Cost: 0.039914 | Acc: 88.89% (Best: 94.44% @ Ep926) | LR: 0.000300 | Rev: 1/99999
Epoch 4200 | Cost: 0.025723 | Acc: 88.89% (Best: 94.44% @ Ep926) | LR: 0.000300 | Rev: 0/99999
Epoch 4201 | Cost: 0.032959 | Acc: 88.89% (Best: 94.44% @ Ep926) | LR: 0.000300 | Rev: 1/99999
Epoch 4202 | Cost: 0.022521 | Acc: 88.89% (Best: 94.44% @ Ep926) | LR: 0.000300 | Rev: 0/99999
Epoch 4203 | Cost: 0.054296 | Acc: 88.89% (Best: 94.44% @ Ep926) | LR: 0.000300 | Rev: 1/99999
Epoch 4204 | Cost: 0.026482 | Acc: 88.89% (Best: 94.44% @ Ep926) | LR: 0.000300 | Rev: 0/99999
Epoch 4205 | Cost: 0.038988 | Acc: 88.89% (Best: 94.44% @ Ep926) | LR: 0.000300 | Rev: 1/99999
Epoch 4206 | Cost: 0.041636 | Acc: 88.89% (Best: 94.44% @ Ep926) | LR: 0.000300 | Rev: 2/99999
Epoch 4207 | Cost: 0.043118 | Acc: 88.89% (Best: 94.44% @ Ep926) | LR: 0.000300 | Rev: 3/99999
Epoch 4208 | Cost: 0.032892 | Acc: 88.89% (Best: 94.44% @ Ep926) | LR: 0.000300 | Rev: 0/99999
Epoch 4209 | Cost: 0.025838 | Acc: 88.89% (Best: 94.44% @ Ep926) | LR: 0.000300 | Rev: 0/99999
Epoch 4210 | Cost: 0.052847 | Acc: 88.89% (Best: 94.44% @ Ep926) | LR: 0.000300 | Rev: 1/99999
Epoch 4211 | Cost: 0.039437 | Acc: 88.89% (Best: 94.44% @ Ep926) | LR: 0.000300 | Rev: 0/99999
Epoch 4212 | Cost: 0.031344 | Acc: 88.89% (Best: 94.44% @ Ep926) | LR: 0.000300 | Rev: 0/99999
Epoch 4213 | Cost: 0.031669 | Acc: 88.89% (Best: 94.44% @ Ep926) | LR: 0.000300 | Rev: 1/99999
Epoch 4214 | Cost: 0.034970 | Acc: 86.11% (Best: 94.44% @ Ep926) | LR: 0.000300 | Rev: 2/99999
Epoch 4215 | Cost: 0.038596 | Acc: 88.89% (Best: 94.44% @ Ep926) | LR: 0.000300 | Rev: 3/99999
Epoch 4216 | Cost: 0.022705 | Acc: 88.89% (Best: 94.44% @ Ep926) | LR: 0.000300 | Rev: 0/99999
Epoch 4217 | Cost: 0.041655 | Acc: 88.89% (Best: 94.44% @ Ep926) | LR: 0.000300 | Rev: 1/99999
Epoch 4218 | Cost: 0.024099 | Acc: 88.89% (Best: 94.44% @ Ep926) | LR: 0.000300 | Rev: 0/99999
Epoch 4219 | Cost: 0.040977 | Acc: 88.89% (Best: 94.44% @ Ep926) | LR: 0.000300 | Rev: 1/99999
Epoch 4220 | Cost: 0.021877 | Acc: 88.89% (Best: 94.44% @ Ep926) | LR: 0.000300 | Rev: 0/99999
Epoch 4221 | Cost: 0.055669 | Acc: 88.89% (Best: 94.44% @ Ep926) | LR: 0.000300 | Rev: 1/99999
Epoch 4222 | Cost: 0.024158 | Acc: 88.89% (Best: 94.44% @ Ep926) | LR: 0.000300 | Rev: 0/99999
Epoch 4223 | Cost: 0.026973 | Acc: 88.89% (Best: 94.44% @ Ep926) | LR: 0.000300 | Rev: 1/99999
Epoch 4224 | Cost: 0.033479 | Acc: 88.89% (Best: 94.44% @ Ep926) | LR: 0.000300 | Rev: 2/99999
Epoch 4225 | Cost: 0.030763 | Acc: 88.89% (Best: 94.44% @ Ep926) | LR: 0.000300 | Rev: 0/99999
Epoch 4226 | Cost: 0.026691 | Acc: 88.89% (Best: 94.44% @ Ep926) | LR: 0.000300 | Rev: 0/99999
Epoch 4227 | Cost: 0.032099 | Acc: 88.89% (Best: 94.44% @ Ep926) | LR: 0.000300 | Rev: 1/99999
Epoch 4228 | Cost: 0.044089 | Acc: 88.89% (Best: 94.44% @ Ep926) | LR: 0.000300 | Rev: 2/99999
Epoch 4229 | Cost: 0.050925 | Acc: 88.89% (Best: 94.44% @ Ep926) | LR: 0.000300 | Rev: 3/99999
Epoch 4230 | Cost: 0.029515 | Acc: 88.89% (Best: 94.44% @ Ep926) | LR: 0.000300 | Rev: 0/99999
Epoch 4231 | Cost: 0.027614 | Acc: 88.89% (Best: 94.44% @ Ep926) | LR: 0.000300 | Rev: 0/99999
Epoch 4232 | Cost: 0.031392 | Acc: 88.89% (Best: 94.44% @ Ep926) | LR: 0.000300 | Rev: 1/99999
Epoch 4233 | Cost: 0.034488 | Acc: 88.89% (Best: 94.44% @ Ep926) | LR: 0.000300 | Rev: 2/99999
Epoch 4234 | Cost: 0.031165 | Acc: 88.89% (Best: 94.44% @ Ep926) | LR: 0.000300 | Rev: 0/99999
Epoch 4235 | Cost: 0.031740 | Acc: 88.89% (Best: 94.44% @ Ep926) | LR: 0.000300 | Rev: 1/99999
Epoch 4236 | Cost: 0.036380 | Acc: 88.89% (Best: 94.44% @ Ep926) | LR: 0.000300 | Rev: 2/99999
Epoch 4237 | Cost: 0.036748 | Acc: 88.89% (Best: 94.44% @ Ep926) | LR: 0.000300 | Rev: 3/99999
Epoch 4238 | Cost: 0.035087 | Acc: 88.89% (Best: 94.44% @ Ep926) | LR: 0.000300 | Rev: 0/99999
Epoch 4239 | Cost: 0.030216 | Acc: 88.89% (Best: 94.44% @ Ep926) | LR: 0.000300 | Rev: 0/99999
Epoch 4240 | Cost: 0.041882 | Acc: 88.89% (Best: 94.44% @ Ep926) | LR: 0.000300 | Rev: 1/99999
Epoch 4241 | Cost: 0.022861 | Acc: 88.89% (Best: 94.44% @ Ep926) | LR: 0.000300 | Rev: 0/99999
Epoch 4242 | Cost: 0.030864 | Acc: 88.89% (Best: 94.44% @ Ep926) | LR: 0.000300 | Rev: 1/99999
Epoch 4243 | Cost: 0.038203 | Acc: 88.89% (Best: 94.44% @ Ep926) | LR: 0.000300 | Rev: 2/99999
Epoch 4244 | Cost: 0.030260 | Acc: 88.89% (Best: 94.44% @ Ep926) | LR: 0.000300 | Rev: 0/99999
Epoch 4245 | Cost: 0.054877 | Acc: 88.89% (Best: 94.44% @ Ep926) | LR: 0.000300 | Rev: 1/99999
Epoch 4246 | Cost: 0.033634 | Acc: 88.89% (Best: 94.44% @ Ep926) | LR: 0.000300 | Rev: 0/99999
Epoch 4247 | Cost: 0.026803 | Acc: 88.89% (Best: 94.44% @ Ep926) | LR: 0.000300 | Rev: 0/99999
Epoch 4248 | Cost: 0.025091 | Acc: 88.89% (Best: 94.44% @ Ep926) | LR: 0.000300 | Rev: 0/99999
Epoch 4249 | Cost: 0.025336 | Acc: 88.89% (Best: 94.44% @ Ep926) | LR: 0.000300 | Rev: 1/99999
Epoch 4250 | Cost: 0.029534 | Acc: 88.89% (Best: 94.44% @ Ep926) | LR: 0.000300 | Rev: 2/99999
Epoch 4251 | Cost: 0.024523 | Acc: 88.89% (Best: 94.44% @ Ep926) | LR: 0.000300 | Rev: 0/99999
Epoch 4252 | Cost: 0.048403 | Acc: 88.89% (Best: 94.44% @ Ep926) | LR: 0.000300 | Rev: 1/99999
Epoch 4253 | Cost: 0.042111 | Acc: 88.89% (Best: 94.44% @ Ep926) | LR: 0.000300 | Rev: 0/99999
Epoch 4254 | Cost: 0.041659 | Acc: 88.89% (Best: 94.44% @ Ep926) | LR: 0.000300 | Rev: 0/99999
Epoch 4255 | Cost: 0.039001 | Acc: 88.89% (Best: 94.44% @ Ep926) | LR: 0.000300 | Rev: 0/99999
Epoch 4256 | Cost: 0.029032 | Acc: 88.89% (Best: 94.44% @ Ep926) | LR: 0.000300 | Rev: 0/99999
Epoch 4257 | Cost: 0.052361 | Acc: 88.89% (Best: 94.44% @ Ep926) | LR: 0.000300 | Rev: 1/99999
Epoch 4258 | Cost: 0.041754 | Acc: 88.89% (Best: 94.44% @ Ep926) | LR: 0.000300 | Rev: 0/99999
Epoch 4259 | Cost: 0.027466 | Acc: 88.89% (Best: 94.44% @ Ep926) | LR: 0.000300 | Rev: 0/99999
Epoch 4260 | Cost: 0.032597 | Acc: 88.89% (Best: 94.44% @ Ep926) | LR: 0.000300 | Rev: 1/99999
Epoch 4261 | Cost: 0.035840 | Acc: 88.89% (Best: 94.44% @ Ep926) | LR: 0.000300 | Rev: 2/99999
Epoch 4262 | Cost: 0.028367 | Acc: 88.89% (Best: 94.44% @ Ep926) | LR: 0.000300 | Rev: 0/99999
Epoch 4263 | Cost: 0.043036 | Acc: 88.89% (Best: 94.44% @ Ep926) | LR: 0.000300 | Rev: 1/99999
Epoch 4264 | Cost: 0.042202 | Acc: 88.89% (Best: 94.44% @ Ep926) | LR: 0.000300 | Rev: 0/99999
Epoch 4265 | Cost: 0.024301 | Acc: 88.89% (Best: 94.44% @ Ep926) | LR: 0.000300 | Rev: 0/99999
Epoch 4266 | Cost: 0.041073 | Acc: 88.89% (Best: 94.44% @ Ep926) | LR: 0.000300 | Rev: 1/99999
Epoch 4267 | Cost: 0.029088 | Acc: 88.89% (Best: 94.44% @ Ep926) | LR: 0.000300 | Rev: 0/99999
Epoch 4268 | Cost: 0.023794 | Acc: 88.89% (Best: 94.44% @ Ep926) | LR: 0.000300 | Rev: 0/99999
Epoch 4269 | Cost: 0.027919 | Acc: 88.89% (Best: 94.44% @ Ep926) | LR: 0.000300 | Rev: 1/99999
Epoch 4270 | Cost: 0.025550 | Acc: 86.11% (Best: 94.44% @ Ep926) | LR: 0.000300 | Rev: 0/99999
Epoch 4271 | Cost: 0.040263 | Acc: 88.89% (Best: 94.44% @ Ep926) | LR: 0.000300 | Rev: 1/99999
Epoch 4272 | Cost: 0.031789 | Acc: 88.89% (Best: 94.44% @ Ep926) | LR: 0.000300 | Rev: 0/99999
Epoch 4273 | Cost: 0.039320 | Acc: 88.89% (Best: 94.44% @ Ep926) | LR: 0.000300 | Rev: 1/99999
Epoch 4274 | Cost: 0.036542 | Acc: 88.89% (Best: 94.44% @ Ep926) | LR: 0.000300 | Rev: 0/99999
Epoch 4275 | Cost: 0.030636 | Acc: 88.89% (Best: 94.44% @ Ep926) | LR: 0.000300 | Rev: 0/99999
Epoch 4276 | Cost: 0.024131 | Acc: 88.89% (Best: 94.44% @ Ep926) | LR: 0.000300 | Rev: 0/99999
Epoch 4277 | Cost: 0.027184 | Acc: 88.89% (Best: 94.44% @ Ep926) | LR: 0.000300 | Rev: 1/99999
Epoch 4278 | Cost: 0.021660 | Acc: 88.89% (Best: 94.44% @ Ep926) | LR: 0.000300 | Rev: 0/99999
Epoch 4279 | Cost: 0.031323 | Acc: 88.89% (Best: 94.44% @ Ep926) | LR: 0.000300 | Rev: 1/99999
Epoch 4280 | Cost: 0.040514 | Acc: 88.89% (Best: 94.44% @ Ep926) | LR: 0.000300 | Rev: 2/99999
Epoch 4281 | Cost: 0.031494 | Acc: 88.89% (Best: 94.44% @ Ep926) | LR: 0.000300 | Rev: 0/99999
Epoch 4282 | Cost: 0.046788 | Acc: 88.89% (Best: 94.44% @ Ep926) | LR: 0.000300 | Rev: 1/99999
Epoch 4283 | Cost: 0.040786 | Acc: 88.89% (Best: 94.44% @ Ep926) | LR: 0.000300 | Rev: 0/99999
Epoch 4284 | Cost: 0.064257 | Acc: 88.89% (Best: 94.44% @ Ep926) | LR: 0.000300 | Rev: 1/99999
Epoch 4285 | Cost: 0.025125 | Acc: 88.89% (Best: 94.44% @ Ep926) | LR: 0.000300 | Rev: 0/99999
Epoch 4286 | Cost: 0.037472 | Acc: 88.89% (Best: 94.44% @ Ep926) | LR: 0.000300 | Rev: 1/99999
Epoch 4287 | Cost: 0.043337 | Acc: 88.89% (Best: 94.44% @ Ep926) | LR: 0.000300 | Rev: 2/99999
Epoch 4288 | Cost: 0.031001 | Acc: 88.89% (Best: 94.44% @ Ep926) | LR: 0.000300 | Rev: 0/99999
Epoch 4289 | Cost: 0.029453 | Acc: 88.89% (Best: 94.44% @ Ep926) | LR: 0.000300 | Rev: 0/99999
Epoch 4290 | Cost: 0.037749 | Acc: 88.89% (Best: 94.44% @ Ep926) | LR: 0.000300 | Rev: 1/99999
Epoch 4291 | Cost: 0.031074 | Acc: 88.89% (Best: 94.44% @ Ep926) | LR: 0.000300 | Rev: 0/99999
Epoch 4292 | Cost: 0.024345 | Acc: 88.89% (Best: 94.44% @ Ep926) | LR: 0.000300 | Rev: 0/99999
Epoch 4293 | Cost: 0.037504 | Acc: 88.89% (Best: 94.44% @ Ep926) | LR: 0.000300 | Rev: 1/99999
Epoch 4294 | Cost: 0.032600 | Acc: 88.89% (Best: 94.44% @ Ep926) | LR: 0.000300 | Rev: 0/99999
Epoch 4295 | Cost: 0.035903 | Acc: 88.89% (Best: 94.44% @ Ep926) | LR: 0.000300 | Rev: 1/99999
Epoch 4296 | Cost: 0.043062 | Acc: 88.89% (Best: 94.44% @ Ep926) | LR: 0.000300 | Rev: 2/99999
Epoch 4297 | Cost: 0.018789 | Acc: 88.89% (Best: 94.44% @ Ep926) | LR: 0.000300 | Rev: 0/99999
Epoch 4298 | Cost: 0.040702 | Acc: 88.89% (Best: 94.44% @ Ep926) | LR: 0.000300 | Rev: 1/99999
Epoch 4299 | Cost: 0.043322 | Acc: 88.89% (Best: 94.44% @ Ep926) | LR: 0.000300 | Rev: 2/99999
Epoch 4300 | Cost: 0.032084 | Acc: 88.89% (Best: 94.44% @ Ep926) | LR: 0.000300 | Rev: 0/99999
Epoch 4301 | Cost: 0.055309 | Acc: 88.89% (Best: 94.44% @ Ep926) | LR: 0.000300 | Rev: 1/99999
Epoch 4302 | Cost: 0.027923 | Acc: 88.89% (Best: 94.44% @ Ep926) | LR: 0.000300 | Rev: 0/99999
Epoch 4303 | Cost: 0.031114 | Acc: 88.89% (Best: 94.44% @ Ep926) | LR: 0.000300 | Rev: 1/99999
Epoch 4304 | Cost: 0.034209 | Acc: 88.89% (Best: 94.44% @ Ep926) | LR: 0.000300 | Rev: 2/99999
Epoch 4305 | Cost: 0.036487 | Acc: 88.89% (Best: 94.44% @ Ep926) | LR: 0.000300 | Rev: 3/99999
Epoch 4306 | Cost: 0.032871 | Acc: 88.89% (Best: 94.44% @ Ep926) | LR: 0.000300 | Rev: 0/99999
Epoch 4307 | Cost: 0.027127 | Acc: 88.89% (Best: 94.44% @ Ep926) | LR: 0.000300 | Rev: 0/99999
Epoch 4308 | Cost: 0.036281 | Acc: 88.89% (Best: 94.44% @ Ep926) | LR: 0.000300 | Rev: 1/99999
Epoch 4309 | Cost: 0.030239 | Acc: 88.89% (Best: 94.44% @ Ep926) | LR: 0.000300 | Rev: 0/99999
Epoch 4310 | Cost: 0.030906 | Acc: 88.89% (Best: 94.44% @ Ep926) | LR: 0.000300 | Rev: 1/99999
Epoch 4311 | Cost: 0.042299 | Acc: 88.89% (Best: 94.44% @ Ep926) | LR: 0.000300 | Rev: 2/99999
Epoch 4312 | Cost: 0.022439 | Acc: 88.89% (Best: 94.44% @ Ep926) | LR: 0.000300 | Rev: 0/99999
Epoch 4313 | Cost: 0.040239 | Acc: 88.89% (Best: 94.44% @ Ep926) | LR: 0.000300 | Rev: 1/99999
Epoch 4314 | Cost: 0.028808 | Acc: 88.89% (Best: 94.44% @ Ep926) | LR: 0.000300 | Rev: 0/99999
Epoch 4315 | Cost: 0.026950 | Acc: 88.89% (Best: 94.44% @ Ep926) | LR: 0.000300 | Rev: 0/99999
Epoch 4316 | Cost: 0.042029 | Acc: 88.89% (Best: 94.44% @ Ep926) | LR: 0.000300 | Rev: 1/99999
Epoch 4317 | Cost: 0.017282 | Acc: 88.89% (Best: 94.44% @ Ep926) | LR: 0.000300 | Rev: 0/99999
Epoch 4318 | Cost: 0.030347 | Acc: 88.89% (Best: 94.44% @ Ep926) | LR: 0.000300 | Rev: 1/99999
Epoch 4319 | Cost: 0.037517 | Acc: 88.89% (Best: 94.44% @ Ep926) | LR: 0.000300 | Rev: 2/99999
Epoch 4320 | Cost: 0.038378 | Acc: 88.89% (Best: 94.44% @ Ep926) | LR: 0.000300 | Rev: 3/99999
Epoch 4321 | Cost: 0.022263 | Acc: 88.89% (Best: 94.44% @ Ep926) | LR: 0.000300 | Rev: 0/99999
Epoch 4322 | Cost: 0.034144 | Acc: 88.89% (Best: 94.44% @ Ep926) | LR: 0.000300 | Rev: 1/99999
Epoch 4323 | Cost: 0.033051 | Acc: 88.89% (Best: 94.44% @ Ep926) | LR: 0.000300 | Rev: 0/99999
Epoch 4324 | Cost: 0.036645 | Acc: 88.89% (Best: 94.44% @ Ep926) | LR: 0.000300 | Rev: 1/99999
Epoch 4325 | Cost: 0.034673 | Acc: 86.11% (Best: 94.44% @ Ep926) | LR: 0.000300 | Rev: 0/99999
Epoch 4326 | Cost: 0.035642 | Acc: 86.11% (Best: 94.44% @ Ep926) | LR: 0.000300 | Rev: 1/99999
Epoch 4327 | Cost: 0.032930 | Acc: 86.11% (Best: 94.44% @ Ep926) | LR: 0.000300 | Rev: 0/99999
Epoch 4328 | Cost: 0.027211 | Acc: 88.89% (Best: 94.44% @ Ep926) | LR: 0.000300 | Rev: 0/99999
Epoch 4329 | Cost: 0.025013 | Acc: 88.89% (Best: 94.44% @ Ep926) | LR: 0.000300 | Rev: 0/99999
Epoch 4330 | Cost: 0.023336 | Acc: 88.89% (Best: 94.44% @ Ep926) | LR: 0.000300 | Rev: 0/99999
Epoch 4331 | Cost: 0.032498 | Acc: 88.89% (Best: 94.44% @ Ep926) | LR: 0.000300 | Rev: 1/99999
Epoch 4332 | Cost: 0.035075 | Acc: 88.89% (Best: 94.44% @ Ep926) | LR: 0.000300 | Rev: 2/99999
Epoch 4333 | Cost: 0.023118 | Acc: 88.89% (Best: 94.44% @ Ep926) | LR: 0.000300 | Rev: 0/99999
Epoch 4334 | Cost: 0.030319 | Acc: 86.11% (Best: 94.44% @ Ep926) | LR: 0.000300 | Rev: 1/99999
Epoch 4335 | Cost: 0.025496 | Acc: 86.11% (Best: 94.44% @ Ep926) | LR: 0.000300 | Rev: 0/99999
Epoch 4336 | Cost: 0.035204 | Acc: 88.89% (Best: 94.44% @ Ep926) | LR: 0.000300 | Rev: 1/99999
Epoch 4337 | Cost: 0.032873 | Acc: 88.89% (Best: 94.44% @ Ep926) | LR: 0.000300 | Rev: 0/99999
Epoch 4338 | Cost: 0.038171 | Acc: 88.89% (Best: 94.44% @ Ep926) | LR: 0.000300 | Rev: 1/99999
Epoch 4339 | Cost: 0.026151 | Acc: 88.89% (Best: 94.44% @ Ep926) | LR: 0.000300 | Rev: 0/99999
Epoch 4340 | Cost: 0.033495 | Acc: 88.89% (Best: 94.44% @ Ep926) | LR: 0.000300 | Rev: 1/99999
Epoch 4341 | Cost: 0.051174 | Acc: 88.89% (Best: 94.44% @ Ep926) | LR: 0.000300 | Rev: 2/99999
Epoch 4342 | Cost: 0.027129 | Acc: 88.89% (Best: 94.44% @ Ep926) | LR: 0.000300 | Rev: 0/99999
Epoch 4343 | Cost: 0.034498 | Acc: 88.89% (Best: 94.44% @ Ep926) | LR: 0.000300 | Rev: 1/99999
Epoch 4344 | Cost: 0.024157 | Acc: 88.89% (Best: 94.44% @ Ep926) | LR: 0.000300 | Rev: 0/99999
Epoch 4345 | Cost: 0.029337 | Acc: 88.89% (Best: 94.44% @ Ep926) | LR: 0.000300 | Rev: 1/99999
Epoch 4346 | Cost: 0.035953 | Acc: 88.89% (Best: 94.44% @ Ep926) | LR: 0.000300 | Rev: 2/99999
Epoch 4347 | Cost: 0.026398 | Acc: 88.89% (Best: 94.44% @ Ep926) | LR: 0.000300 | Rev: 0/99999
Epoch 4348 | Cost: 0.028993 | Acc: 88.89% (Best: 94.44% @ Ep926) | LR: 0.000300 | Rev: 1/99999
Epoch 4349 | Cost: 0.032806 | Acc: 88.89% (Best: 94.44% @ Ep926) | LR: 0.000300 | Rev: 2/99999
Epoch 4350 | Cost: 0.021987 | Acc: 88.89% (Best: 94.44% @ Ep926) | LR: 0.000300 | Rev: 0/99999
Epoch 4351 | Cost: 0.027102 | Acc: 88.89% (Best: 94.44% @ Ep926) | LR: 0.000300 | Rev: 1/99999
Epoch 4352 | Cost: 0.028754 | Acc: 86.11% (Best: 94.44% @ Ep926) | LR: 0.000300 | Rev: 2/99999
Epoch 4353 | Cost: 0.028970 | Acc: 88.89% (Best: 94.44% @ Ep926) | LR: 0.000300 | Rev: 3/99999
Epoch 4354 | Cost: 0.037264 | Acc: 88.89% (Best: 94.44% @ Ep926) | LR: 0.000300 | Rev: 4/99999
Epoch 4355 | Cost: 0.032348 | Acc: 88.89% (Best: 94.44% @ Ep926) | LR: 0.000300 | Rev: 0/99999
Epoch 4356 | Cost: 0.040352 | Acc: 88.89% (Best: 94.44% @ Ep926) | LR: 0.000300 | Rev: 1/99999
Epoch 4357 | Cost: 0.025950 | Acc: 88.89% (Best: 94.44% @ Ep926) | LR: 0.000300 | Rev: 0/99999
Epoch 4358 | Cost: 0.021008 | Acc: 88.89% (Best: 94.44% @ Ep926) | LR: 0.000300 | Rev: 0/99999
Epoch 4359 | Cost: 0.037906 | Acc: 88.89% (Best: 94.44% @ Ep926) | LR: 0.000300 | Rev: 1/99999
Epoch 4360 | Cost: 0.034145 | Acc: 88.89% (Best: 94.44% @ Ep926) | LR: 0.000300 | Rev: 0/99999
Epoch 4361 | Cost: 0.040416 | Acc: 88.89% (Best: 94.44% @ Ep926) | LR: 0.000300 | Rev: 1/99999
Epoch 4362 | Cost: 0.034119 | Acc: 88.89% (Best: 94.44% @ Ep926) | LR: 0.000300 | Rev: 0/99999
Epoch 4363 | Cost: 0.020638 | Acc: 88.89% (Best: 94.44% @ Ep926) | LR: 0.000300 | Rev: 0/99999
Epoch 4364 | Cost: 0.032043 | Acc: 88.89% (Best: 94.44% @ Ep926) | LR: 0.000300 | Rev: 1/99999
Epoch 4365 | Cost: 0.018971 | Acc: 88.89% (Best: 94.44% @ Ep926) | LR: 0.000300 | Rev: 0/99999
Epoch 4366 | Cost: 0.030099 | Acc: 86.11% (Best: 94.44% @ Ep926) | LR: 0.000300 | Rev: 1/99999
Epoch 4367 | Cost: 0.024853 | Acc: 86.11% (Best: 94.44% @ Ep926) | LR: 0.000300 | Rev: 0/99999
Epoch 4368 | Cost: 0.039187 | Acc: 86.11% (Best: 94.44% @ Ep926) | LR: 0.000300 | Rev: 1/99999
Epoch 4369 | Cost: 0.025147 | Acc: 86.11% (Best: 94.44% @ Ep926) | LR: 0.000300 | Rev: 0/99999
Epoch 4370 | Cost: 0.034821 | Acc: 88.89% (Best: 94.44% @ Ep926) | LR: 0.000300 | Rev: 1/99999
Epoch 4371 | Cost: 0.017673 | Acc: 88.89% (Best: 94.44% @ Ep926) | LR: 0.000300 | Rev: 0/99999
Epoch 4372 | Cost: 0.027241 | Acc: 88.89% (Best: 94.44% @ Ep926) | LR: 0.000300 | Rev: 1/99999
Epoch 4373 | Cost: 0.038451 | Acc: 88.89% (Best: 94.44% @ Ep926) | LR: 0.000300 | Rev: 2/99999
Epoch 4374 | Cost: 0.024829 | Acc: 88.89% (Best: 94.44% @ Ep926) | LR: 0.000300 | Rev: 0/99999
Epoch 4375 | Cost: 0.025661 | Acc: 88.89% (Best: 94.44% @ Ep926) | LR: 0.000300 | Rev: 1/99999
Epoch 4376 | Cost: 0.040404 | Acc: 88.89% (Best: 94.44% @ Ep926) | LR: 0.000300 | Rev: 2/99999
Epoch 4377 | Cost: 0.023963 | Acc: 88.89% (Best: 94.44% @ Ep926) | LR: 0.000300 | Rev: 0/99999
Epoch 4378 | Cost: 0.034417 | Acc: 88.89% (Best: 94.44% @ Ep926) | LR: 0.000300 | Rev: 1/99999
Epoch 4379 | Cost: 0.038231 | Acc: 88.89% (Best: 94.44% @ Ep926) | LR: 0.000300 | Rev: 2/99999
Epoch 4380 | Cost: 0.047897 | Acc: 88.89% (Best: 94.44% @ Ep926) | LR: 0.000300 | Rev: 3/99999
Epoch 4381 | Cost: 0.029044 | Acc: 88.89% (Best: 94.44% @ Ep926) | LR: 0.000300 | Rev: 0/99999
Epoch 4382 | Cost: 0.040581 | Acc: 88.89% (Best: 94.44% @ Ep926) | LR: 0.000300 | Rev: 1/99999
Epoch 4383 | Cost: 0.029419 | Acc: 88.89% (Best: 94.44% @ Ep926) | LR: 0.000300 | Rev: 0/99999
Epoch 4384 | Cost: 0.025359 | Acc: 88.89% (Best: 94.44% @ Ep926) | LR: 0.000300 | Rev: 0/99999
Epoch 4385 | Cost: 0.029665 | Acc: 88.89% (Best: 94.44% @ Ep926) | LR: 0.000300 | Rev: 1/99999
Epoch 4386 | Cost: 0.019055 | Acc: 88.89% (Best: 94.44% @ Ep926) | LR: 0.000300 | Rev: 0/99999
Epoch 4387 | Cost: 0.029825 | Acc: 88.89% (Best: 94.44% @ Ep926) | LR: 0.000300 | Rev: 1/99999
Epoch 4388 | Cost: 0.033652 | Acc: 88.89% (Best: 94.44% @ Ep926) | LR: 0.000300 | Rev: 2/99999
Epoch 4389 | Cost: 0.029489 | Acc: 88.89% (Best: 94.44% @ Ep926) | LR: 0.000300 | Rev: 0/99999
Epoch 4390 | Cost: 0.025535 | Acc: 88.89% (Best: 94.44% @ Ep926) | LR: 0.000300 | Rev: 0/99999
Epoch 4391 | Cost: 0.028388 | Acc: 88.89% (Best: 94.44% @ Ep926) | LR: 0.000300 | Rev: 1/99999
Epoch 4392 | Cost: 0.034836 | Acc: 88.89% (Best: 94.44% @ Ep926) | LR: 0.000300 | Rev: 2/99999
Epoch 4393 | Cost: 0.054979 | Acc: 88.89% (Best: 94.44% @ Ep926) | LR: 0.000300 | Rev: 3/99999
Epoch 4394 | Cost: 0.035878 | Acc: 88.89% (Best: 94.44% @ Ep926) | LR: 0.000300 | Rev: 0/99999
Epoch 4395 | Cost: 0.032077 | Acc: 88.89% (Best: 94.44% @ Ep926) | LR: 0.000300 | Rev: 0/99999
Epoch 4396 | Cost: 0.034804 | Acc: 88.89% (Best: 94.44% @ Ep926) | LR: 0.000300 | Rev: 1/99999
Epoch 4397 | Cost: 0.033477 | Acc: 88.89% (Best: 94.44% @ Ep926) | LR: 0.000300 | Rev: 0/99999
Epoch 4398 | Cost: 0.042509 | Acc: 88.89% (Best: 94.44% @ Ep926) | LR: 0.000300 | Rev: 1/99999
Epoch 4399 | Cost: 0.032078 | Acc: 88.89% (Best: 94.44% @ Ep926) | LR: 0.000300 | Rev: 0/99999
Epoch 4400 | Cost: 0.035074 | Acc: 88.89% (Best: 94.44% @ Ep926) | LR: 0.000300 | Rev: 1/99999
Epoch 4401 | Cost: 0.044345 | Acc: 88.89% (Best: 94.44% @ Ep926) | LR: 0.000300 | Rev: 2/99999
Epoch 4402 | Cost: 0.033262 | Acc: 88.89% (Best: 94.44% @ Ep926) | LR: 0.000300 | Rev: 0/99999
Epoch 4403 | Cost: 0.027036 | Acc: 88.89% (Best: 94.44% @ Ep926) | LR: 0.000300 | Rev: 0/99999
Epoch 4404 | Cost: 0.053117 | Acc: 88.89% (Best: 94.44% @ Ep926) | LR: 0.000300 | Rev: 1/99999
Epoch 4405 | Cost: 0.029787 | Acc: 88.89% (Best: 94.44% @ Ep926) | LR: 0.000300 | Rev: 0/99999
Epoch 4406 | Cost: 0.034427 | Acc: 88.89% (Best: 94.44% @ Ep926) | LR: 0.000300 | Rev: 1/99999
Epoch 4407 | Cost: 0.031110 | Acc: 88.89% (Best: 94.44% @ Ep926) | LR: 0.000300 | Rev: 0/99999
Epoch 4408 | Cost: 0.027563 | Acc: 88.89% (Best: 94.44% @ Ep926) | LR: 0.000300 | Rev: 0/99999
Epoch 4409 | Cost: 0.045630 | Acc: 88.89% (Best: 94.44% @ Ep926) | LR: 0.000300 | Rev: 1/99999
Epoch 4410 | Cost: 0.036676 | Acc: 88.89% (Best: 94.44% @ Ep926) | LR: 0.000300 | Rev: 0/99999
Epoch 4411 | Cost: 0.040226 | Acc: 88.89% (Best: 94.44% @ Ep926) | LR: 0.000300 | Rev: 1/99999
Epoch 4412 | Cost: 0.031803 | Acc: 88.89% (Best: 94.44% @ Ep926) | LR: 0.000300 | Rev: 0/99999
Epoch 4413 | Cost: 0.029190 | Acc: 88.89% (Best: 94.44% @ Ep926) | LR: 0.000300 | Rev: 0/99999
Epoch 4414 | Cost: 0.029678 | Acc: 86.11% (Best: 94.44% @ Ep926) | LR: 0.000300 | Rev: 1/99999
Epoch 4415 | Cost: 0.025634 | Acc: 88.89% (Best: 94.44% @ Ep926) | LR: 0.000300 | Rev: 0/99999
Epoch 4416 | Cost: 0.034355 | Acc: 88.89% (Best: 94.44% @ Ep926) | LR: 0.000300 | Rev: 1/99999
Epoch 4417 | Cost: 0.034678 | Acc: 88.89% (Best: 94.44% @ Ep926) | LR: 0.000300 | Rev: 2/99999
Epoch 4418 | Cost: 0.032357 | Acc: 88.89% (Best: 94.44% @ Ep926) | LR: 0.000300 | Rev: 0/99999
Epoch 4419 | Cost: 0.029287 | Acc: 88.89% (Best: 94.44% @ Ep926) | LR: 0.000300 | Rev: 0/99999
Epoch 4420 | Cost: 0.019049 | Acc: 88.89% (Best: 94.44% @ Ep926) | LR: 0.000300 | Rev: 0/99999
Epoch 4421 | Cost: 0.030657 | Acc: 88.89% (Best: 94.44% @ Ep926) | LR: 0.000300 | Rev: 1/99999
Epoch 4422 | Cost: 0.020776 | Acc: 88.89% (Best: 94.44% @ Ep926) | LR: 0.000300 | Rev: 0/99999
Epoch 4423 | Cost: 0.041657 | Acc: 88.89% (Best: 94.44% @ Ep926) | LR: 0.000300 | Rev: 1/99999
Epoch 4424 | Cost: 0.042415 | Acc: 88.89% (Best: 94.44% @ Ep926) | LR: 0.000300 | Rev: 2/99999
Epoch 4425 | Cost: 0.026873 | Acc: 88.89% (Best: 94.44% @ Ep926) | LR: 0.000300 | Rev: 0/99999
Epoch 4426 | Cost: 0.029883 | Acc: 88.89% (Best: 94.44% @ Ep926) | LR: 0.000300 | Rev: 1/99999
Epoch 4427 | Cost: 0.035582 | Acc: 88.89% (Best: 94.44% @ Ep926) | LR: 0.000300 | Rev: 2/99999
Epoch 4428 | Cost: 0.038817 | Acc: 88.89% (Best: 94.44% @ Ep926) | LR: 0.000300 | Rev: 3/99999
Epoch 4429 | Cost: 0.031661 | Acc: 88.89% (Best: 94.44% @ Ep926) | LR: 0.000300 | Rev: 0/99999
Epoch 4430 | Cost: 0.029943 | Acc: 88.89% (Best: 94.44% @ Ep926) | LR: 0.000300 | Rev: 0/99999
Epoch 4431 | Cost: 0.038513 | Acc: 88.89% (Best: 94.44% @ Ep926) | LR: 0.000300 | Rev: 1/99999
Epoch 4432 | Cost: 0.020981 | Acc: 88.89% (Best: 94.44% @ Ep926) | LR: 0.000300 | Rev: 0/99999
Epoch 4433 | Cost: 0.024388 | Acc: 88.89% (Best: 94.44% @ Ep926) | LR: 0.000300 | Rev: 1/99999
Epoch 4434 | Cost: 0.038232 | Acc: 88.89% (Best: 94.44% @ Ep926) | LR: 0.000300 | Rev: 2/99999
Epoch 4435 | Cost: 0.037465 | Acc: 88.89% (Best: 94.44% @ Ep926) | LR: 0.000300 | Rev: 0/99999
Epoch 4436 | Cost: 0.030641 | Acc: 88.89% (Best: 94.44% @ Ep926) | LR: 0.000300 | Rev: 0/99999
Epoch 4437 | Cost: 0.038368 | Acc: 88.89% (Best: 94.44% @ Ep926) | LR: 0.000300 | Rev: 1/99999
Epoch 4438 | Cost: 0.039778 | Acc: 88.89% (Best: 94.44% @ Ep926) | LR: 0.000300 | Rev: 2/99999
Epoch 4439 | Cost: 0.032860 | Acc: 88.89% (Best: 94.44% @ Ep926) | LR: 0.000300 | Rev: 0/99999
Epoch 4440 | Cost: 0.027252 | Acc: 88.89% (Best: 94.44% @ Ep926) | LR: 0.000300 | Rev: 0/99999
Epoch 4441 | Cost: 0.030216 | Acc: 88.89% (Best: 94.44% @ Ep926) | LR: 0.000300 | Rev: 1/99999
Epoch 4442 | Cost: 0.023837 | Acc: 88.89% (Best: 94.44% @ Ep926) | LR: 0.000300 | Rev: 0/99999
Epoch 4443 | Cost: 0.032629 | Acc: 88.89% (Best: 94.44% @ Ep926) | LR: 0.000300 | Rev: 1/99999
Epoch 4444 | Cost: 0.028052 | Acc: 88.89% (Best: 94.44% @ Ep926) | LR: 0.000300 | Rev: 0/99999
Epoch 4445 | Cost: 0.032122 | Acc: 88.89% (Best: 94.44% @ Ep926) | LR: 0.000300 | Rev: 1/99999
Epoch 4446 | Cost: 0.023390 | Acc: 88.89% (Best: 94.44% @ Ep926) | LR: 0.000300 | Rev: 0/99999
Epoch 4447 | Cost: 0.040530 | Acc: 88.89% (Best: 94.44% @ Ep926) | LR: 0.000300 | Rev: 1/99999
Epoch 4448 | Cost: 0.044879 | Acc: 88.89% (Best: 94.44% @ Ep926) | LR: 0.000300 | Rev: 2/99999
Epoch 4449 | Cost: 0.035278 | Acc: 88.89% (Best: 94.44% @ Ep926) | LR: 0.000300 | Rev: 0/99999
Epoch 4450 | Cost: 0.035547 | Acc: 88.89% (Best: 94.44% @ Ep926) | LR: 0.000300 | Rev: 1/99999
Epoch 4451 | Cost: 0.026133 | Acc: 88.89% (Best: 94.44% @ Ep926) | LR: 0.000300 | Rev: 0/99999
Epoch 4452 | Cost: 0.034833 | Acc: 88.89% (Best: 94.44% @ Ep926) | LR: 0.000300 | Rev: 1/99999
Epoch 4453 | Cost: 0.042277 | Acc: 88.89% (Best: 94.44% @ Ep926) | LR: 0.000300 | Rev: 2/99999
Epoch 4454 | Cost: 0.033407 | Acc: 88.89% (Best: 94.44% @ Ep926) | LR: 0.000300 | Rev: 0/99999
Epoch 4455 | Cost: 0.025097 | Acc: 88.89% (Best: 94.44% @ Ep926) | LR: 0.000300 | Rev: 0/99999
Epoch 4456 | Cost: 0.023661 | Acc: 88.89% (Best: 94.44% @ Ep926) | LR: 0.000300 | Rev: 0/99999
Epoch 4457 | Cost: 0.020879 | Acc: 88.89% (Best: 94.44% @ Ep926) | LR: 0.000300 | Rev: 0/99999
Epoch 4458 | Cost: 0.027042 | Acc: 88.89% (Best: 94.44% @ Ep926) | LR: 0.000300 | Rev: 1/99999
Epoch 4459 | Cost: 0.044097 | Acc: 88.89% (Best: 94.44% @ Ep926) | LR: 0.000300 | Rev: 2/99999
Epoch 4460 | Cost: 0.021778 | Acc: 88.89% (Best: 94.44% @ Ep926) | LR: 0.000300 | Rev: 0/99999
Epoch 4461 | Cost: 0.025128 | Acc: 88.89% (Best: 94.44% @ Ep926) | LR: 0.000300 | Rev: 1/99999
Epoch 4462 | Cost: 0.031225 | Acc: 88.89% (Best: 94.44% @ Ep926) | LR: 0.000300 | Rev: 2/99999
Epoch 4463 | Cost: 0.041890 | Acc: 88.89% (Best: 94.44% @ Ep926) | LR: 0.000300 | Rev: 3/99999
Epoch 4464 | Cost: 0.042839 | Acc: 88.89% (Best: 94.44% @ Ep926) | LR: 0.000300 | Rev: 4/99999
Epoch 4465 | Cost: 0.024978 | Acc: 88.89% (Best: 94.44% @ Ep926) | LR: 0.000300 | Rev: 0/99999
Epoch 4466 | Cost: 0.039355 | Acc: 88.89% (Best: 94.44% @ Ep926) | LR: 0.000300 | Rev: 1/99999
Epoch 4467 | Cost: 0.022281 | Acc: 88.89% (Best: 94.44% @ Ep926) | LR: 0.000300 | Rev: 0/99999
Epoch 4468 | Cost: 0.035782 | Acc: 88.89% (Best: 94.44% @ Ep926) | LR: 0.000300 | Rev: 1/99999
Epoch 4469 | Cost: 0.055141 | Acc: 88.89% (Best: 94.44% @ Ep926) | LR: 0.000300 | Rev: 2/99999
Epoch 4470 | Cost: 0.029807 | Acc: 88.89% (Best: 94.44% @ Ep926) | LR: 0.000300 | Rev: 0/99999
Epoch 4471 | Cost: 0.041675 | Acc: 88.89% (Best: 94.44% @ Ep926) | LR: 0.000300 | Rev: 1/99999
Epoch 4472 | Cost: 0.023243 | Acc: 88.89% (Best: 94.44% @ Ep926) | LR: 0.000300 | Rev: 0/99999
Epoch 4473 | Cost: 0.026242 | Acc: 88.89% (Best: 94.44% @ Ep926) | LR: 0.000300 | Rev: 1/99999
Epoch 4474 | Cost: 0.030057 | Acc: 88.89% (Best: 94.44% @ Ep926) | LR: 0.000300 | Rev: 2/99999
Epoch 4475 | Cost: 0.036239 | Acc: 88.89% (Best: 94.44% @ Ep926) | LR: 0.000300 | Rev: 3/99999
Epoch 4476 | Cost: 0.037121 | Acc: 88.89% (Best: 94.44% @ Ep926) | LR: 0.000300 | Rev: 4/99999
Epoch 4477 | Cost: 0.031422 | Acc: 88.89% (Best: 94.44% @ Ep926) | LR: 0.000300 | Rev: 0/99999
Epoch 4478 | Cost: 0.024776 | Acc: 88.89% (Best: 94.44% @ Ep926) | LR: 0.000300 | Rev: 0/99999
Epoch 4479 | Cost: 0.024650 | Acc: 88.89% (Best: 94.44% @ Ep926) | LR: 0.000300 | Rev: 0/99999
Epoch 4480 | Cost: 0.030952 | Acc: 88.89% (Best: 94.44% @ Ep926) | LR: 0.000300 | Rev: 1/99999
Epoch 4481 | Cost: 0.025003 | Acc: 88.89% (Best: 94.44% @ Ep926) | LR: 0.000300 | Rev: 0/99999
Epoch 4482 | Cost: 0.035651 | Acc: 88.89% (Best: 94.44% @ Ep926) | LR: 0.000300 | Rev: 1/99999
Epoch 4483 | Cost: 0.038409 | Acc: 88.89% (Best: 94.44% @ Ep926) | LR: 0.000300 | Rev: 2/99999
Epoch 4484 | Cost: 0.034326 | Acc: 88.89% (Best: 94.44% @ Ep926) | LR: 0.000300 | Rev: 0/99999
Epoch 4485 | Cost: 0.020670 | Acc: 88.89% (Best: 94.44% @ Ep926) | LR: 0.000300 | Rev: 0/99999
Epoch 4486 | Cost: 0.029467 | Acc: 88.89% (Best: 94.44% @ Ep926) | LR: 0.000300 | Rev: 1/99999
Epoch 4487 | Cost: 0.048316 | Acc: 88.89% (Best: 94.44% @ Ep926) | LR: 0.000300 | Rev: 2/99999
Epoch 4488 | Cost: 0.027059 | Acc: 88.89% (Best: 94.44% @ Ep926) | LR: 0.000300 | Rev: 0/99999
Epoch 4489 | Cost: 0.027399 | Acc: 88.89% (Best: 94.44% @ Ep926) | LR: 0.000300 | Rev: 1/99999
Epoch 4490 | Cost: 0.044181 | Acc: 88.89% (Best: 94.44% @ Ep926) | LR: 0.000300 | Rev: 2/99999
Epoch 4491 | Cost: 0.045046 | Acc: 88.89% (Best: 94.44% @ Ep926) | LR: 0.000300 | Rev: 3/99999
Epoch 4492 | Cost: 0.024423 | Acc: 88.89% (Best: 94.44% @ Ep926) | LR: 0.000300 | Rev: 0/99999
Epoch 4493 | Cost: 0.027672 | Acc: 88.89% (Best: 94.44% @ Ep926) | LR: 0.000300 | Rev: 1/99999
Epoch 4494 | Cost: 0.034765 | Acc: 88.89% (Best: 94.44% @ Ep926) | LR: 0.000300 | Rev: 2/99999
Epoch 4495 | Cost: 0.026134 | Acc: 88.89% (Best: 94.44% @ Ep926) | LR: 0.000300 | Rev: 0/99999
Epoch 4496 | Cost: 0.028705 | Acc: 88.89% (Best: 94.44% @ Ep926) | LR: 0.000300 | Rev: 1/99999
Epoch 4497 | Cost: 0.023287 | Acc: 88.89% (Best: 94.44% @ Ep926) | LR: 0.000300 | Rev: 0/99999
Epoch 4498 | Cost: 0.038570 | Acc: 88.89% (Best: 94.44% @ Ep926) | LR: 0.000300 | Rev: 1/99999
Epoch 4499 | Cost: 0.029110 | Acc: 88.89% (Best: 94.44% @ Ep926) | LR: 0.000300 | Rev: 0/99999
Epoch 4500 | Cost: 0.018109 | Acc: 88.89% (Best: 94.44% @ Ep926) | LR: 0.000300 | Rev: 0/99999
Epoch 4501 | Cost: 0.050684 | Acc: 88.89% (Best: 94.44% @ Ep926) | LR: 0.000300 | Rev: 1/99999
Epoch 4502 | Cost: 0.023732 | Acc: 88.89% (Best: 94.44% @ Ep926) | LR: 0.000300 | Rev: 0/99999
Epoch 4503 | Cost: 0.043980 | Acc: 88.89% (Best: 94.44% @ Ep926) | LR: 0.000300 | Rev: 1/99999
Epoch 4504 | Cost: 0.021744 | Acc: 88.89% (Best: 94.44% @ Ep926) | LR: 0.000300 | Rev: 0/99999
Epoch 4505 | Cost: 0.022753 | Acc: 88.89% (Best: 94.44% @ Ep926) | LR: 0.000300 | Rev: 1/99999
Epoch 4506 | Cost: 0.031591 | Acc: 88.89% (Best: 94.44% @ Ep926) | LR: 0.000300 | Rev: 2/99999
Epoch 4507 | Cost: 0.033675 | Acc: 88.89% (Best: 94.44% @ Ep926) | LR: 0.000300 | Rev: 3/99999
Epoch 4508 | Cost: 0.033312 | Acc: 88.89% (Best: 94.44% @ Ep926) | LR: 0.000300 | Rev: 0/99999
Epoch 4509 | Cost: 0.025879 | Acc: 88.89% (Best: 94.44% @ Ep926) | LR: 0.000300 | Rev: 0/99999
Epoch 4510 | Cost: 0.023863 | Acc: 88.89% (Best: 94.44% @ Ep926) | LR: 0.000300 | Rev: 0/99999
Epoch 4511 | Cost: 0.024662 | Acc: 88.89% (Best: 94.44% @ Ep926) | LR: 0.000300 | Rev: 1/99999
Epoch 4512 | Cost: 0.029703 | Acc: 88.89% (Best: 94.44% @ Ep926) | LR: 0.000300 | Rev: 2/99999
Epoch 4513 | Cost: 0.039115 | Acc: 88.89% (Best: 94.44% @ Ep926) | LR: 0.000300 | Rev: 3/99999
Epoch 4514 | Cost: 0.026450 | Acc: 88.89% (Best: 94.44% @ Ep926) | LR: 0.000300 | Rev: 0/99999
Epoch 4515 | Cost: 0.041818 | Acc: 88.89% (Best: 94.44% @ Ep926) | LR: 0.000300 | Rev: 1/99999
Epoch 4516 | Cost: 0.035860 | Acc: 88.89% (Best: 94.44% @ Ep926) | LR: 0.000300 | Rev: 0/99999
Epoch 4517 | Cost: 0.026317 | Acc: 88.89% (Best: 94.44% @ Ep926) | LR: 0.000300 | Rev: 0/99999
Epoch 4518 | Cost: 0.038914 | Acc: 88.89% (Best: 94.44% @ Ep926) | LR: 0.000300 | Rev: 1/99999
Epoch 4519 | Cost: 0.025967 | Acc: 88.89% (Best: 94.44% @ Ep926) | LR: 0.000300 | Rev: 0/99999
Epoch 4520 | Cost: 0.026537 | Acc: 88.89% (Best: 94.44% @ Ep926) | LR: 0.000300 | Rev: 1/99999
Epoch 4521 | Cost: 0.026274 | Acc: 88.89% (Best: 94.44% @ Ep926) | LR: 0.000300 | Rev: 0/99999
Epoch 4522 | Cost: 0.032565 | Acc: 88.89% (Best: 94.44% @ Ep926) | LR: 0.000300 | Rev: 1/99999
Epoch 4523 | Cost: 0.043269 | Acc: 88.89% (Best: 94.44% @ Ep926) | LR: 0.000300 | Rev: 2/99999
Epoch 4524 | Cost: 0.033311 | Acc: 88.89% (Best: 94.44% @ Ep926) | LR: 0.000300 | Rev: 0/99999
Epoch 4525 | Cost: 0.025129 | Acc: 88.89% (Best: 94.44% @ Ep926) | LR: 0.000300 | Rev: 0/99999
Epoch 4526 | Cost: 0.022629 | Acc: 88.89% (Best: 94.44% @ Ep926) | LR: 0.000300 | Rev: 0/99999
Epoch 4527 | Cost: 0.038780 | Acc: 88.89% (Best: 94.44% @ Ep926) | LR: 0.000300 | Rev: 1/99999
Epoch 4528 | Cost: 0.035036 | Acc: 88.89% (Best: 94.44% @ Ep926) | LR: 0.000300 | Rev: 0/99999
Epoch 4529 | Cost: 0.025214 | Acc: 88.89% (Best: 94.44% @ Ep926) | LR: 0.000300 | Rev: 0/99999
Epoch 4530 | Cost: 0.042949 | Acc: 88.89% (Best: 94.44% @ Ep926) | LR: 0.000300 | Rev: 1/99999
Epoch 4531 | Cost: 0.027658 | Acc: 88.89% (Best: 94.44% @ Ep926) | LR: 0.000300 | Rev: 0/99999
Epoch 4532 | Cost: 0.035287 | Acc: 88.89% (Best: 94.44% @ Ep926) | LR: 0.000300 | Rev: 1/99999
Epoch 4533 | Cost: 0.041316 | Acc: 88.89% (Best: 94.44% @ Ep926) | LR: 0.000300 | Rev: 2/99999
Epoch 4534 | Cost: 0.024147 | Acc: 86.11% (Best: 94.44% @ Ep926) | LR: 0.000300 | Rev: 0/99999
Epoch 4535 | Cost: 0.050917 | Acc: 86.11% (Best: 94.44% @ Ep926) | LR: 0.000300 | Rev: 1/99999
Epoch 4536 | Cost: 0.039561 | Acc: 88.89% (Best: 94.44% @ Ep926) | LR: 0.000300 | Rev: 0/99999
Epoch 4537 | Cost: 0.029609 | Acc: 88.89% (Best: 94.44% @ Ep926) | LR: 0.000300 | Rev: 0/99999
Epoch 4538 | Cost: 0.030731 | Acc: 88.89% (Best: 94.44% @ Ep926) | LR: 0.000300 | Rev: 1/99999
Epoch 4539 | Cost: 0.044235 | Acc: 88.89% (Best: 94.44% @ Ep926) | LR: 0.000300 | Rev: 2/99999
Epoch 4540 | Cost: 0.030264 | Acc: 86.11% (Best: 94.44% @ Ep926) | LR: 0.000300 | Rev: 0/99999
Epoch 4541 | Cost: 0.036652 | Acc: 88.89% (Best: 94.44% @ Ep926) | LR: 0.000300 | Rev: 1/99999
Epoch 4542 | Cost: 0.029939 | Acc: 88.89% (Best: 94.44% @ Ep926) | LR: 0.000300 | Rev: 0/99999
Epoch 4543 | Cost: 0.030820 | Acc: 88.89% (Best: 94.44% @ Ep926) | LR: 0.000300 | Rev: 1/99999
Epoch 4544 | Cost: 0.034770 | Acc: 88.89% (Best: 94.44% @ Ep926) | LR: 0.000300 | Rev: 2/99999
Epoch 4545 | Cost: 0.031525 | Acc: 88.89% (Best: 94.44% @ Ep926) | LR: 0.000300 | Rev: 0/99999
Epoch 4546 | Cost: 0.032953 | Acc: 88.89% (Best: 94.44% @ Ep926) | LR: 0.000300 | Rev: 1/99999
Epoch 4547 | Cost: 0.032008 | Acc: 88.89% (Best: 94.44% @ Ep926) | LR: 0.000300 | Rev: 0/99999
Epoch 4548 | Cost: 0.029740 | Acc: 88.89% (Best: 94.44% @ Ep926) | LR: 0.000300 | Rev: 0/99999
Epoch 4549 | Cost: 0.036686 | Acc: 86.11% (Best: 94.44% @ Ep926) | LR: 0.000300 | Rev: 1/99999
Epoch 4550 | Cost: 0.037440 | Acc: 86.11% (Best: 94.44% @ Ep926) | LR: 0.000300 | Rev: 2/99999
Epoch 4551 | Cost: 0.020291 | Acc: 88.89% (Best: 94.44% @ Ep926) | LR: 0.000300 | Rev: 0/99999
Epoch 4552 | Cost: 0.026149 | Acc: 88.89% (Best: 94.44% @ Ep926) | LR: 0.000300 | Rev: 1/99999
Epoch 4553 | Cost: 0.030586 | Acc: 88.89% (Best: 94.44% @ Ep926) | LR: 0.000300 | Rev: 2/99999
Epoch 4554 | Cost: 0.027440 | Acc: 88.89% (Best: 94.44% @ Ep926) | LR: 0.000300 | Rev: 0/99999
Epoch 4555 | Cost: 0.025878 | Acc: 88.89% (Best: 94.44% @ Ep926) | LR: 0.000300 | Rev: 0/99999
Epoch 4556 | Cost: 0.034970 | Acc: 88.89% (Best: 94.44% @ Ep926) | LR: 0.000300 | Rev: 1/99999
Epoch 4557 | Cost: 0.034759 | Acc: 88.89% (Best: 94.44% @ Ep926) | LR: 0.000300 | Rev: 0/99999
Epoch 4558 | Cost: 0.042116 | Acc: 88.89% (Best: 94.44% @ Ep926) | LR: 0.000300 | Rev: 1/99999
Epoch 4559 | Cost: 0.040808 | Acc: 88.89% (Best: 94.44% @ Ep926) | LR: 0.000300 | Rev: 0/99999
Epoch 4560 | Cost: 0.041799 | Acc: 88.89% (Best: 94.44% @ Ep926) | LR: 0.000300 | Rev: 1/99999
Epoch 4561 | Cost: 0.033294 | Acc: 88.89% (Best: 94.44% @ Ep926) | LR: 0.000300 | Rev: 0/99999
Epoch 4562 | Cost: 0.030335 | Acc: 88.89% (Best: 94.44% @ Ep926) | LR: 0.000300 | Rev: 0/99999
Epoch 4563 | Cost: 0.046294 | Acc: 88.89% (Best: 94.44% @ Ep926) | LR: 0.000300 | Rev: 1/99999
Epoch 4564 | Cost: 0.035433 | Acc: 88.89% (Best: 94.44% @ Ep926) | LR: 0.000300 | Rev: 0/99999
Epoch 4565 | Cost: 0.019726 | Acc: 88.89% (Best: 94.44% @ Ep926) | LR: 0.000300 | Rev: 0/99999
Epoch 4566 | Cost: 0.015267 | Acc: 88.89% (Best: 94.44% @ Ep926) | LR: 0.000300 | Rev: 0/99999
Epoch 4567 | Cost: 0.026437 | Acc: 88.89% (Best: 94.44% @ Ep926) | LR: 0.000300 | Rev: 1/99999
Epoch 4568 | Cost: 0.035275 | Acc: 88.89% (Best: 94.44% @ Ep926) | LR: 0.000300 | Rev: 2/99999
Epoch 4569 | Cost: 0.038538 | Acc: 88.89% (Best: 94.44% @ Ep926) | LR: 0.000300 | Rev: 3/99999
Epoch 4570 | Cost: 0.024265 | Acc: 88.89% (Best: 94.44% @ Ep926) | LR: 0.000300 | Rev: 0/99999
Epoch 4571 | Cost: 0.028028 | Acc: 88.89% (Best: 94.44% @ Ep926) | LR: 0.000300 | Rev: 1/99999
Epoch 4572 | Cost: 0.040901 | Acc: 88.89% (Best: 94.44% @ Ep926) | LR: 0.000300 | Rev: 2/99999
Epoch 4573 | Cost: 0.027578 | Acc: 88.89% (Best: 94.44% @ Ep926) | LR: 0.000300 | Rev: 0/99999
Epoch 4574 | Cost: 0.031397 | Acc: 88.89% (Best: 94.44% @ Ep926) | LR: 0.000300 | Rev: 1/99999
Epoch 4575 | Cost: 0.024393 | Acc: 88.89% (Best: 94.44% @ Ep926) | LR: 0.000300 | Rev: 0/99999
Epoch 4576 | Cost: 0.044382 | Acc: 88.89% (Best: 94.44% @ Ep926) | LR: 0.000300 | Rev: 1/99999
Epoch 4577 | Cost: 0.051192 | Acc: 88.89% (Best: 94.44% @ Ep926) | LR: 0.000300 | Rev: 2/99999
Epoch 4578 | Cost: 0.049457 | Acc: 88.89% (Best: 94.44% @ Ep926) | LR: 0.000300 | Rev: 0/99999
Epoch 4579 | Cost: 0.023250 | Acc: 88.89% (Best: 94.44% @ Ep926) | LR: 0.000300 | Rev: 0/99999
Epoch 4580 | Cost: 0.044474 | Acc: 86.11% (Best: 94.44% @ Ep926) | LR: 0.000300 | Rev: 1/99999
Epoch 4581 | Cost: 0.034450 | Acc: 86.11% (Best: 94.44% @ Ep926) | LR: 0.000300 | Rev: 0/99999
Epoch 4582 | Cost: 0.031344 | Acc: 88.89% (Best: 94.44% @ Ep926) | LR: 0.000300 | Rev: 0/99999
Epoch 4583 | Cost: 0.032766 | Acc: 88.89% (Best: 94.44% @ Ep926) | LR: 0.000300 | Rev: 1/99999
Epoch 4584 | Cost: 0.030574 | Acc: 88.89% (Best: 94.44% @ Ep926) | LR: 0.000300 | Rev: 0/99999
Epoch 4585 | Cost: 0.026857 | Acc: 88.89% (Best: 94.44% @ Ep926) | LR: 0.000300 | Rev: 0/99999
Epoch 4586 | Cost: 0.018693 | Acc: 88.89% (Best: 94.44% @ Ep926) | LR: 0.000300 | Rev: 0/99999
Epoch 4587 | Cost: 0.035003 | Acc: 88.89% (Best: 94.44% @ Ep926) | LR: 0.000300 | Rev: 1/99999
Epoch 4588 | Cost: 0.022904 | Acc: 88.89% (Best: 94.44% @ Ep926) | LR: 0.000300 | Rev: 0/99999
Epoch 4589 | Cost: 0.020876 | Acc: 88.89% (Best: 94.44% @ Ep926) | LR: 0.000300 | Rev: 0/99999
Epoch 4590 | Cost: 0.035550 | Acc: 88.89% (Best: 94.44% @ Ep926) | LR: 0.000300 | Rev: 1/99999
Epoch 4591 | Cost: 0.047381 | Acc: 88.89% (Best: 94.44% @ Ep926) | LR: 0.000300 | Rev: 2/99999
Epoch 4592 | Cost: 0.031310 | Acc: 88.89% (Best: 94.44% @ Ep926) | LR: 0.000300 | Rev: 0/99999
Epoch 4593 | Cost: 0.028533 | Acc: 88.89% (Best: 94.44% @ Ep926) | LR: 0.000300 | Rev: 0/99999
Epoch 4594 | Cost: 0.040457 | Acc: 88.89% (Best: 94.44% @ Ep926) | LR: 0.000300 | Rev: 1/99999
Epoch 4595 | Cost: 0.043899 | Acc: 88.89% (Best: 94.44% @ Ep926) | LR: 0.000300 | Rev: 2/99999
Epoch 4596 | Cost: 0.035097 | Acc: 88.89% (Best: 94.44% @ Ep926) | LR: 0.000300 | Rev: 0/99999
Epoch 4597 | Cost: 0.027544 | Acc: 88.89% (Best: 94.44% @ Ep926) | LR: 0.000300 | Rev: 0/99999
Epoch 4598 | Cost: 0.039703 | Acc: 88.89% (Best: 94.44% @ Ep926) | LR: 0.000300 | Rev: 1/99999
Epoch 4599 | Cost: 0.024270 | Acc: 88.89% (Best: 94.44% @ Ep926) | LR: 0.000300 | Rev: 0/99999
Epoch 4600 | Cost: 0.032246 | Acc: 88.89% (Best: 94.44% @ Ep926) | LR: 0.000300 | Rev: 1/99999
Epoch 4601 | Cost: 0.029429 | Acc: 88.89% (Best: 94.44% @ Ep926) | LR: 0.000300 | Rev: 0/99999
Epoch 4602 | Cost: 0.035395 | Acc: 88.89% (Best: 94.44% @ Ep926) | LR: 0.000300 | Rev: 1/99999
Epoch 4603 | Cost: 0.030680 | Acc: 88.89% (Best: 94.44% @ Ep926) | LR: 0.000300 | Rev: 0/99999
Epoch 4604 | Cost: 0.022946 | Acc: 88.89% (Best: 94.44% @ Ep926) | LR: 0.000300 | Rev: 0/99999
Epoch 4605 | Cost: 0.039994 | Acc: 88.89% (Best: 94.44% @ Ep926) | LR: 0.000300 | Rev: 1/99999
Epoch 4606 | Cost: 0.040921 | Acc: 88.89% (Best: 94.44% @ Ep926) | LR: 0.000300 | Rev: 2/99999
Epoch 4607 | Cost: 0.021368 | Acc: 88.89% (Best: 94.44% @ Ep926) | LR: 0.000300 | Rev: 0/99999
Epoch 4608 | Cost: 0.033712 | Acc: 88.89% (Best: 94.44% @ Ep926) | LR: 0.000300 | Rev: 1/99999
Epoch 4609 | Cost: 0.031488 | Acc: 88.89% (Best: 94.44% @ Ep926) | LR: 0.000300 | Rev: 0/99999
Epoch 4610 | Cost: 0.039211 | Acc: 88.89% (Best: 94.44% @ Ep926) | LR: 0.000300 | Rev: 1/99999
Epoch 4611 | Cost: 0.030869 | Acc: 88.89% (Best: 94.44% @ Ep926) | LR: 0.000300 | Rev: 0/99999
Epoch 4612 | Cost: 0.022957 | Acc: 88.89% (Best: 94.44% @ Ep926) | LR: 0.000300 | Rev: 0/99999
Epoch 4613 | Cost: 0.048988 | Acc: 88.89% (Best: 94.44% @ Ep926) | LR: 0.000300 | Rev: 1/99999
Epoch 4614 | Cost: 0.030676 | Acc: 88.89% (Best: 94.44% @ Ep926) | LR: 0.000300 | Rev: 0/99999
Epoch 4615 | Cost: 0.030393 | Acc: 88.89% (Best: 94.44% @ Ep926) | LR: 0.000300 | Rev: 0/99999
Epoch 4616 | Cost: 0.017541 | Acc: 88.89% (Best: 94.44% @ Ep926) | LR: 0.000300 | Rev: 0/99999
Epoch 4617 | Cost: 0.031946 | Acc: 88.89% (Best: 94.44% @ Ep926) | LR: 0.000300 | Rev: 1/99999
Epoch 4618 | Cost: 0.033511 | Acc: 88.89% (Best: 94.44% @ Ep926) | LR: 0.000300 | Rev: 2/99999
Epoch 4619 | Cost: 0.049230 | Acc: 88.89% (Best: 94.44% @ Ep926) | LR: 0.000300 | Rev: 3/99999
Epoch 4620 | Cost: 0.024106 | Acc: 88.89% (Best: 94.44% @ Ep926) | LR: 0.000300 | Rev: 0/99999
Epoch 4621 | Cost: 0.032198 | Acc: 88.89% (Best: 94.44% @ Ep926) | LR: 0.000300 | Rev: 1/99999
Epoch 4622 | Cost: 0.034243 | Acc: 88.89% (Best: 94.44% @ Ep926) | LR: 0.000300 | Rev: 2/99999
Epoch 4623 | Cost: 0.043696 | Acc: 88.89% (Best: 94.44% @ Ep926) | LR: 0.000300 | Rev: 3/99999
Epoch 4624 | Cost: 0.034721 | Acc: 86.11% (Best: 94.44% @ Ep926) | LR: 0.000300 | Rev: 0/99999
Epoch 4625 | Cost: 0.037903 | Acc: 88.89% (Best: 94.44% @ Ep926) | LR: 0.000300 | Rev: 1/99999
Epoch 4626 | Cost: 0.024000 | Acc: 88.89% (Best: 94.44% @ Ep926) | LR: 0.000300 | Rev: 0/99999
Epoch 4627 | Cost: 0.024611 | Acc: 88.89% (Best: 94.44% @ Ep926) | LR: 0.000300 | Rev: 1/99999
Epoch 4628 | Cost: 0.025404 | Acc: 88.89% (Best: 94.44% @ Ep926) | LR: 0.000300 | Rev: 2/99999
Epoch 4629 | Cost: 0.028957 | Acc: 88.89% (Best: 94.44% @ Ep926) | LR: 0.000300 | Rev: 3/99999
Epoch 4630 | Cost: 0.043363 | Acc: 88.89% (Best: 94.44% @ Ep926) | LR: 0.000300 | Rev: 4/99999
Epoch 4631 | Cost: 0.031960 | Acc: 88.89% (Best: 94.44% @ Ep926) | LR: 0.000300 | Rev: 0/99999
Epoch 4632 | Cost: 0.030136 | Acc: 88.89% (Best: 94.44% @ Ep926) | LR: 0.000300 | Rev: 0/99999
Epoch 4633 | Cost: 0.039820 | Acc: 88.89% (Best: 94.44% @ Ep926) | LR: 0.000300 | Rev: 1/99999
Epoch 4634 | Cost: 0.041027 | Acc: 88.89% (Best: 94.44% @ Ep926) | LR: 0.000300 | Rev: 2/99999
Epoch 4635 | Cost: 0.034958 | Acc: 88.89% (Best: 94.44% @ Ep926) | LR: 0.000300 | Rev: 0/99999
Epoch 4636 | Cost: 0.046373 | Acc: 88.89% (Best: 94.44% @ Ep926) | LR: 0.000300 | Rev: 1/99999
Epoch 4637 | Cost: 0.023956 | Acc: 88.89% (Best: 94.44% @ Ep926) | LR: 0.000300 | Rev: 0/99999
Epoch 4638 | Cost: 0.020196 | Acc: 88.89% (Best: 94.44% @ Ep926) | LR: 0.000300 | Rev: 0/99999
Epoch 4639 | Cost: 0.030648 | Acc: 88.89% (Best: 94.44% @ Ep926) | LR: 0.000300 | Rev: 1/99999
Epoch 4640 | Cost: 0.022937 | Acc: 88.89% (Best: 94.44% @ Ep926) | LR: 0.000300 | Rev: 0/99999
Epoch 4641 | Cost: 0.026110 | Acc: 88.89% (Best: 94.44% @ Ep926) | LR: 0.000300 | Rev: 1/99999
Epoch 4642 | Cost: 0.034537 | Acc: 88.89% (Best: 94.44% @ Ep926) | LR: 0.000300 | Rev: 2/99999
Epoch 4643 | Cost: 0.017265 | Acc: 88.89% (Best: 94.44% @ Ep926) | LR: 0.000300 | Rev: 0/99999
Epoch 4644 | Cost: 0.030162 | Acc: 88.89% (Best: 94.44% @ Ep926) | LR: 0.000300 | Rev: 1/99999
Epoch 4645 | Cost: 0.017179 | Acc: 88.89% (Best: 94.44% @ Ep926) | LR: 0.000300 | Rev: 0/99999
Epoch 4646 | Cost: 0.030583 | Acc: 88.89% (Best: 94.44% @ Ep926) | LR: 0.000300 | Rev: 1/99999
Epoch 4647 | Cost: 0.018481 | Acc: 88.89% (Best: 94.44% @ Ep926) | LR: 0.000300 | Rev: 0/99999
Epoch 4648 | Cost: 0.022363 | Acc: 88.89% (Best: 94.44% @ Ep926) | LR: 0.000300 | Rev: 1/99999
Epoch 4649 | Cost: 0.031705 | Acc: 88.89% (Best: 94.44% @ Ep926) | LR: 0.000300 | Rev: 2/99999
Epoch 4650 | Cost: 0.047371 | Acc: 88.89% (Best: 94.44% @ Ep926) | LR: 0.000300 | Rev: 3/99999
Epoch 4651 | Cost: 0.028216 | Acc: 88.89% (Best: 94.44% @ Ep926) | LR: 0.000300 | Rev: 0/99999
Epoch 4652 | Cost: 0.044418 | Acc: 88.89% (Best: 94.44% @ Ep926) | LR: 0.000300 | Rev: 1/99999
Epoch 4653 | Cost: 0.022535 | Acc: 88.89% (Best: 94.44% @ Ep926) | LR: 0.000300 | Rev: 0/99999
Epoch 4654 | Cost: 0.035830 | Acc: 88.89% (Best: 94.44% @ Ep926) | LR: 0.000300 | Rev: 1/99999
Epoch 4655 | Cost: 0.028660 | Acc: 88.89% (Best: 94.44% @ Ep926) | LR: 0.000300 | Rev: 0/99999
Epoch 4656 | Cost: 0.015943 | Acc: 88.89% (Best: 94.44% @ Ep926) | LR: 0.000300 | Rev: 0/99999
Epoch 4657 | Cost: 0.036565 | Acc: 88.89% (Best: 94.44% @ Ep926) | LR: 0.000300 | Rev: 1/99999
Epoch 4658 | Cost: 0.030783 | Acc: 88.89% (Best: 94.44% @ Ep926) | LR: 0.000300 | Rev: 0/99999
Epoch 4659 | Cost: 0.030436 | Acc: 88.89% (Best: 94.44% @ Ep926) | LR: 0.000300 | Rev: 0/99999
Epoch 4660 | Cost: 0.023029 | Acc: 88.89% (Best: 94.44% @ Ep926) | LR: 0.000300 | Rev: 0/99999
Epoch 4661 | Cost: 0.031145 | Acc: 88.89% (Best: 94.44% @ Ep926) | LR: 0.000300 | Rev: 1/99999
Epoch 4662 | Cost: 0.032157 | Acc: 88.89% (Best: 94.44% @ Ep926) | LR: 0.000300 | Rev: 2/99999
Epoch 4663 | Cost: 0.027730 | Acc: 88.89% (Best: 94.44% @ Ep926) | LR: 0.000300 | Rev: 0/99999
Epoch 4664 | Cost: 0.030648 | Acc: 88.89% (Best: 94.44% @ Ep926) | LR: 0.000300 | Rev: 1/99999
Epoch 4665 | Cost: 0.032861 | Acc: 88.89% (Best: 94.44% @ Ep926) | LR: 0.000300 | Rev: 2/99999
Epoch 4666 | Cost: 0.025707 | Acc: 88.89% (Best: 94.44% @ Ep926) | LR: 0.000300 | Rev: 0/99999
Epoch 4667 | Cost: 0.029568 | Acc: 88.89% (Best: 94.44% @ Ep926) | LR: 0.000300 | Rev: 1/99999
Epoch 4668 | Cost: 0.024245 | Acc: 88.89% (Best: 94.44% @ Ep926) | LR: 0.000300 | Rev: 0/99999
Epoch 4669 | Cost: 0.035296 | Acc: 88.89% (Best: 94.44% @ Ep926) | LR: 0.000300 | Rev: 1/99999
Epoch 4670 | Cost: 0.021330 | Acc: 88.89% (Best: 94.44% @ Ep926) | LR: 0.000300 | Rev: 0/99999
Epoch 4671 | Cost: 0.021013 | Acc: 88.89% (Best: 94.44% @ Ep926) | LR: 0.000300 | Rev: 0/99999
Epoch 4672 | Cost: 0.022454 | Acc: 88.89% (Best: 94.44% @ Ep926) | LR: 0.000300 | Rev: 1/99999
Epoch 4673 | Cost: 0.036010 | Acc: 86.11% (Best: 94.44% @ Ep926) | LR: 0.000300 | Rev: 2/99999
Epoch 4674 | Cost: 0.025834 | Acc: 88.89% (Best: 94.44% @ Ep926) | LR: 0.000300 | Rev: 0/99999
Epoch 4675 | Cost: 0.037570 | Acc: 88.89% (Best: 94.44% @ Ep926) | LR: 0.000300 | Rev: 1/99999
Epoch 4676 | Cost: 0.031920 | Acc: 88.89% (Best: 94.44% @ Ep926) | LR: 0.000300 | Rev: 0/99999
Epoch 4677 | Cost: 0.042536 | Acc: 88.89% (Best: 94.44% @ Ep926) | LR: 0.000300 | Rev: 1/99999
Epoch 4678 | Cost: 0.025117 | Acc: 88.89% (Best: 94.44% @ Ep926) | LR: 0.000300 | Rev: 0/99999
Epoch 4679 | Cost: 0.040460 | Acc: 88.89% (Best: 94.44% @ Ep926) | LR: 0.000300 | Rev: 1/99999
Epoch 4680 | Cost: 0.030770 | Acc: 88.89% (Best: 94.44% @ Ep926) | LR: 0.000300 | Rev: 0/99999
Epoch 4681 | Cost: 0.034801 | Acc: 88.89% (Best: 94.44% @ Ep926) | LR: 0.000300 | Rev: 1/99999
Epoch 4682 | Cost: 0.019121 | Acc: 88.89% (Best: 94.44% @ Ep926) | LR: 0.000300 | Rev: 0/99999
Epoch 4683 | Cost: 0.025188 | Acc: 88.89% (Best: 94.44% @ Ep926) | LR: 0.000300 | Rev: 1/99999
Epoch 4684 | Cost: 0.031694 | Acc: 88.89% (Best: 94.44% @ Ep926) | LR: 0.000300 | Rev: 2/99999
Epoch 4685 | Cost: 0.030601 | Acc: 88.89% (Best: 94.44% @ Ep926) | LR: 0.000300 | Rev: 0/99999
Epoch 4686 | Cost: 0.026150 | Acc: 88.89% (Best: 94.44% @ Ep926) | LR: 0.000300 | Rev: 0/99999
Epoch 4687 | Cost: 0.032770 | Acc: 88.89% (Best: 94.44% @ Ep926) | LR: 0.000300 | Rev: 1/99999
Epoch 4688 | Cost: 0.025080 | Acc: 88.89% (Best: 94.44% @ Ep926) | LR: 0.000300 | Rev: 0/99999
Epoch 4689 | Cost: 0.033907 | Acc: 88.89% (Best: 94.44% @ Ep926) | LR: 0.000300 | Rev: 1/99999
Epoch 4690 | Cost: 0.031567 | Acc: 88.89% (Best: 94.44% @ Ep926) | LR: 0.000300 | Rev: 0/99999
Epoch 4691 | Cost: 0.029368 | Acc: 88.89% (Best: 94.44% @ Ep926) | LR: 0.000300 | Rev: 0/99999
Epoch 4692 | Cost: 0.027862 | Acc: 88.89% (Best: 94.44% @ Ep926) | LR: 0.000300 | Rev: 0/99999
Epoch 4693 | Cost: 0.032052 | Acc: 88.89% (Best: 94.44% @ Ep926) | LR: 0.000300 | Rev: 1/99999
Epoch 4694 | Cost: 0.021213 | Acc: 88.89% (Best: 94.44% @ Ep926) | LR: 0.000300 | Rev: 0/99999
Epoch 4695 | Cost: 0.028883 | Acc: 88.89% (Best: 94.44% @ Ep926) | LR: 0.000300 | Rev: 1/99999
Epoch 4696 | Cost: 0.029573 | Acc: 88.89% (Best: 94.44% @ Ep926) | LR: 0.000300 | Rev: 2/99999
Epoch 4697 | Cost: 0.030405 | Acc: 88.89% (Best: 94.44% @ Ep926) | LR: 0.000300 | Rev: 3/99999
Epoch 4698 | Cost: 0.026220 | Acc: 88.89% (Best: 94.44% @ Ep926) | LR: 0.000300 | Rev: 0/99999
Epoch 4699 | Cost: 0.018062 | Acc: 88.89% (Best: 94.44% @ Ep926) | LR: 0.000300 | Rev: 0/99999
Epoch 4700 | Cost: 0.029182 | Acc: 88.89% (Best: 94.44% @ Ep926) | LR: 0.000300 | Rev: 1/99999
Epoch 4701 | Cost: 0.032388 | Acc: 88.89% (Best: 94.44% @ Ep926) | LR: 0.000300 | Rev: 2/99999
Epoch 4702 | Cost: 0.033930 | Acc: 88.89% (Best: 94.44% @ Ep926) | LR: 0.000300 | Rev: 3/99999
Epoch 4703 | Cost: 0.026278 | Acc: 88.89% (Best: 94.44% @ Ep926) | LR: 0.000300 | Rev: 0/99999
Epoch 4704 | Cost: 0.031292 | Acc: 88.89% (Best: 94.44% @ Ep926) | LR: 0.000300 | Rev: 1/99999
Epoch 4705 | Cost: 0.021146 | Acc: 88.89% (Best: 94.44% @ Ep926) | LR: 0.000300 | Rev: 0/99999
Epoch 4706 | Cost: 0.040801 | Acc: 88.89% (Best: 94.44% @ Ep926) | LR: 0.000300 | Rev: 1/99999
Epoch 4707 | Cost: 0.035218 | Acc: 88.89% (Best: 94.44% @ Ep926) | LR: 0.000300 | Rev: 0/99999
Epoch 4708 | Cost: 0.023356 | Acc: 88.89% (Best: 94.44% @ Ep926) | LR: 0.000300 | Rev: 0/99999
Epoch 4709 | Cost: 0.018169 | Acc: 88.89% (Best: 94.44% @ Ep926) | LR: 0.000300 | Rev: 0/99999
Epoch 4710 | Cost: 0.049568 | Acc: 88.89% (Best: 94.44% @ Ep926) | LR: 0.000300 | Rev: 1/99999
Epoch 4711 | Cost: 0.024075 | Acc: 88.89% (Best: 94.44% @ Ep926) | LR: 0.000300 | Rev: 0/99999
Epoch 4712 | Cost: 0.024655 | Acc: 88.89% (Best: 94.44% @ Ep926) | LR: 0.000300 | Rev: 1/99999
Epoch 4713 | Cost: 0.040849 | Acc: 88.89% (Best: 94.44% @ Ep926) | LR: 0.000300 | Rev: 2/99999
Epoch 4714 | Cost: 0.023839 | Acc: 88.89% (Best: 94.44% @ Ep926) | LR: 0.000300 | Rev: 0/99999
Epoch 4715 | Cost: 0.027051 | Acc: 88.89% (Best: 94.44% @ Ep926) | LR: 0.000300 | Rev: 1/99999
Epoch 4716 | Cost: 0.043652 | Acc: 88.89% (Best: 94.44% @ Ep926) | LR: 0.000300 | Rev: 2/99999
Epoch 4717 | Cost: 0.028096 | Acc: 88.89% (Best: 94.44% @ Ep926) | LR: 0.000300 | Rev: 0/99999
Epoch 4718 | Cost: 0.035818 | Acc: 88.89% (Best: 94.44% @ Ep926) | LR: 0.000300 | Rev: 1/99999
Epoch 4719 | Cost: 0.020649 | Acc: 88.89% (Best: 94.44% @ Ep926) | LR: 0.000300 | Rev: 0/99999
Epoch 4720 | Cost: 0.035793 | Acc: 88.89% (Best: 94.44% @ Ep926) | LR: 0.000300 | Rev: 1/99999
Epoch 4721 | Cost: 0.020306 | Acc: 88.89% (Best: 94.44% @ Ep926) | LR: 0.000300 | Rev: 0/99999
Epoch 4722 | Cost: 0.036394 | Acc: 88.89% (Best: 94.44% @ Ep926) | LR: 0.000300 | Rev: 1/99999
Epoch 4723 | Cost: 0.026826 | Acc: 88.89% (Best: 94.44% @ Ep926) | LR: 0.000300 | Rev: 0/99999
Epoch 4724 | Cost: 0.031518 | Acc: 88.89% (Best: 94.44% @ Ep926) | LR: 0.000300 | Rev: 1/99999
Epoch 4725 | Cost: 0.025273 | Acc: 88.89% (Best: 94.44% @ Ep926) | LR: 0.000300 | Rev: 0/99999
Epoch 4726 | Cost: 0.023690 | Acc: 88.89% (Best: 94.44% @ Ep926) | LR: 0.000300 | Rev: 0/99999
Epoch 4727 | Cost: 0.040134 | Acc: 88.89% (Best: 94.44% @ Ep926) | LR: 0.000300 | Rev: 1/99999
Epoch 4728 | Cost: 0.030385 | Acc: 88.89% (Best: 94.44% @ Ep926) | LR: 0.000300 | Rev: 0/99999
Epoch 4729 | Cost: 0.033894 | Acc: 88.89% (Best: 94.44% @ Ep926) | LR: 0.000300 | Rev: 1/99999
Epoch 4730 | Cost: 0.021044 | Acc: 88.89% (Best: 94.44% @ Ep926) | LR: 0.000300 | Rev: 0/99999
Epoch 4731 | Cost: 0.020972 | Acc: 88.89% (Best: 94.44% @ Ep926) | LR: 0.000300 | Rev: 0/99999
Epoch 4732 | Cost: 0.024149 | Acc: 88.89% (Best: 94.44% @ Ep926) | LR: 0.000300 | Rev: 1/99999
Epoch 4733 | Cost: 0.026622 | Acc: 88.89% (Best: 94.44% @ Ep926) | LR: 0.000300 | Rev: 2/99999
Epoch 4734 | Cost: 0.034615 | Acc: 88.89% (Best: 94.44% @ Ep926) | LR: 0.000300 | Rev: 3/99999
Epoch 4735 | Cost: 0.029445 | Acc: 88.89% (Best: 94.44% @ Ep926) | LR: 0.000300 | Rev: 0/99999
Epoch 4736 | Cost: 0.023836 | Acc: 88.89% (Best: 94.44% @ Ep926) | LR: 0.000300 | Rev: 0/99999
Epoch 4737 | Cost: 0.032219 | Acc: 88.89% (Best: 94.44% @ Ep926) | LR: 0.000300 | Rev: 1/99999
Epoch 4738 | Cost: 0.028663 | Acc: 88.89% (Best: 94.44% @ Ep926) | LR: 0.000300 | Rev: 0/99999
Epoch 4739 | Cost: 0.027758 | Acc: 88.89% (Best: 94.44% @ Ep926) | LR: 0.000300 | Rev: 0/99999
Epoch 4740 | Cost: 0.025934 | Acc: 88.89% (Best: 94.44% @ Ep926) | LR: 0.000300 | Rev: 0/99999
Epoch 4741 | Cost: 0.032227 | Acc: 88.89% (Best: 94.44% @ Ep926) | LR: 0.000300 | Rev: 1/99999
Epoch 4742 | Cost: 0.032743 | Acc: 88.89% (Best: 94.44% @ Ep926) | LR: 0.000300 | Rev: 2/99999
Epoch 4743 | Cost: 0.042126 | Acc: 88.89% (Best: 94.44% @ Ep926) | LR: 0.000300 | Rev: 3/99999
Epoch 4744 | Cost: 0.033043 | Acc: 88.89% (Best: 94.44% @ Ep926) | LR: 0.000300 | Rev: 0/99999
Epoch 4745 | Cost: 0.030125 | Acc: 88.89% (Best: 94.44% @ Ep926) | LR: 0.000300 | Rev: 0/99999
Epoch 4746 | Cost: 0.019182 | Acc: 88.89% (Best: 94.44% @ Ep926) | LR: 0.000300 | Rev: 0/99999
Epoch 4747 | Cost: 0.028778 | Acc: 88.89% (Best: 94.44% @ Ep926) | LR: 0.000300 | Rev: 1/99999
Epoch 4748 | Cost: 0.028811 | Acc: 88.89% (Best: 94.44% @ Ep926) | LR: 0.000300 | Rev: 2/99999
Epoch 4749 | Cost: 0.021343 | Acc: 88.89% (Best: 94.44% @ Ep926) | LR: 0.000300 | Rev: 0/99999
Epoch 4750 | Cost: 0.022893 | Acc: 88.89% (Best: 94.44% @ Ep926) | LR: 0.000300 | Rev: 1/99999
Epoch 4751 | Cost: 0.026367 | Acc: 88.89% (Best: 94.44% @ Ep926) | LR: 0.000300 | Rev: 2/99999
Epoch 4752 | Cost: 0.036762 | Acc: 88.89% (Best: 94.44% @ Ep926) | LR: 0.000300 | Rev: 3/99999
Epoch 4753 | Cost: 0.025478 | Acc: 88.89% (Best: 94.44% @ Ep926) | LR: 0.000300 | Rev: 0/99999
Epoch 4754 | Cost: 0.024740 | Acc: 88.89% (Best: 94.44% @ Ep926) | LR: 0.000300 | Rev: 0/99999
Epoch 4755 | Cost: 0.034662 | Acc: 88.89% (Best: 94.44% @ Ep926) | LR: 0.000300 | Rev: 1/99999
Epoch 4756 | Cost: 0.029880 | Acc: 88.89% (Best: 94.44% @ Ep926) | LR: 0.000300 | Rev: 0/99999
Epoch 4757 | Cost: 0.023789 | Acc: 88.89% (Best: 94.44% @ Ep926) | LR: 0.000300 | Rev: 0/99999
Epoch 4758 | Cost: 0.037014 | Acc: 88.89% (Best: 94.44% @ Ep926) | LR: 0.000300 | Rev: 1/99999
Epoch 4759 | Cost: 0.026147 | Acc: 88.89% (Best: 94.44% @ Ep926) | LR: 0.000300 | Rev: 0/99999
Epoch 4760 | Cost: 0.036848 | Acc: 88.89% (Best: 94.44% @ Ep926) | LR: 0.000300 | Rev: 1/99999
Epoch 4761 | Cost: 0.022188 | Acc: 88.89% (Best: 94.44% @ Ep926) | LR: 0.000300 | Rev: 0/99999
Epoch 4762 | Cost: 0.037932 | Acc: 88.89% (Best: 94.44% @ Ep926) | LR: 0.000300 | Rev: 1/99999
Epoch 4763 | Cost: 0.023547 | Acc: 88.89% (Best: 94.44% @ Ep926) | LR: 0.000300 | Rev: 0/99999
Epoch 4764 | Cost: 0.027032 | Acc: 88.89% (Best: 94.44% @ Ep926) | LR: 0.000300 | Rev: 1/99999
Epoch 4765 | Cost: 0.021403 | Acc: 88.89% (Best: 94.44% @ Ep926) | LR: 0.000300 | Rev: 0/99999
Epoch 4766 | Cost: 0.023936 | Acc: 88.89% (Best: 94.44% @ Ep926) | LR: 0.000300 | Rev: 1/99999
Epoch 4767 | Cost: 0.031065 | Acc: 88.89% (Best: 94.44% @ Ep926) | LR: 0.000300 | Rev: 2/99999
Epoch 4768 | Cost: 0.031158 | Acc: 88.89% (Best: 94.44% @ Ep926) | LR: 0.000300 | Rev: 3/99999
Epoch 4769 | Cost: 0.039126 | Acc: 88.89% (Best: 94.44% @ Ep926) | LR: 0.000300 | Rev: 4/99999
Epoch 4770 | Cost: 0.027896 | Acc: 88.89% (Best: 94.44% @ Ep926) | LR: 0.000300 | Rev: 0/99999
Epoch 4771 | Cost: 0.021159 | Acc: 88.89% (Best: 94.44% @ Ep926) | LR: 0.000300 | Rev: 0/99999
Epoch 4772 | Cost: 0.031495 | Acc: 88.89% (Best: 94.44% @ Ep926) | LR: 0.000300 | Rev: 1/99999
Epoch 4773 | Cost: 0.031775 | Acc: 88.89% (Best: 94.44% @ Ep926) | LR: 0.000300 | Rev: 2/99999
Epoch 4774 | Cost: 0.029570 | Acc: 88.89% (Best: 94.44% @ Ep926) | LR: 0.000300 | Rev: 0/99999
Epoch 4775 | Cost: 0.020955 | Acc: 88.89% (Best: 94.44% @ Ep926) | LR: 0.000300 | Rev: 0/99999
Epoch 4776 | Cost: 0.027679 | Acc: 88.89% (Best: 94.44% @ Ep926) | LR: 0.000300 | Rev: 1/99999
Epoch 4777 | Cost: 0.034680 | Acc: 88.89% (Best: 94.44% @ Ep926) | LR: 0.000300 | Rev: 2/99999
Epoch 4778 | Cost: 0.022166 | Acc: 88.89% (Best: 94.44% @ Ep926) | LR: 0.000300 | Rev: 0/99999
Epoch 4779 | Cost: 0.030891 | Acc: 88.89% (Best: 94.44% @ Ep926) | LR: 0.000300 | Rev: 1/99999
Epoch 4780 | Cost: 0.024996 | Acc: 88.89% (Best: 94.44% @ Ep926) | LR: 0.000300 | Rev: 0/99999
Epoch 4781 | Cost: 0.028619 | Acc: 88.89% (Best: 94.44% @ Ep926) | LR: 0.000300 | Rev: 1/99999
Epoch 4782 | Cost: 0.038853 | Acc: 88.89% (Best: 94.44% @ Ep926) | LR: 0.000300 | Rev: 2/99999
Epoch 4783 | Cost: 0.036638 | Acc: 88.89% (Best: 94.44% @ Ep926) | LR: 0.000300 | Rev: 0/99999
Epoch 4784 | Cost: 0.021581 | Acc: 88.89% (Best: 94.44% @ Ep926) | LR: 0.000300 | Rev: 0/99999
Epoch 4785 | Cost: 0.032947 | Acc: 88.89% (Best: 94.44% @ Ep926) | LR: 0.000300 | Rev: 1/99999
Epoch 4786 | Cost: 0.033052 | Acc: 88.89% (Best: 94.44% @ Ep926) | LR: 0.000300 | Rev: 2/99999
Epoch 4787 | Cost: 0.024367 | Acc: 88.89% (Best: 94.44% @ Ep926) | LR: 0.000300 | Rev: 0/99999
Epoch 4788 | Cost: 0.020010 | Acc: 88.89% (Best: 94.44% @ Ep926) | LR: 0.000300 | Rev: 0/99999
Epoch 4789 | Cost: 0.020000 | Acc: 88.89% (Best: 94.44% @ Ep926) | LR: 0.000300 | Rev: 0/99999
Epoch 4790 | Cost: 0.027498 | Acc: 88.89% (Best: 94.44% @ Ep926) | LR: 0.000300 | Rev: 1/99999
Epoch 4791 | Cost: 0.021865 | Acc: 88.89% (Best: 94.44% @ Ep926) | LR: 0.000300 | Rev: 0/99999
Epoch 4792 | Cost: 0.032029 | Acc: 88.89% (Best: 94.44% @ Ep926) | LR: 0.000300 | Rev: 1/99999
Epoch 4793 | Cost: 0.022695 | Acc: 88.89% (Best: 94.44% @ Ep926) | LR: 0.000300 | Rev: 0/99999
Epoch 4794 | Cost: 0.015997 | Acc: 88.89% (Best: 94.44% @ Ep926) | LR: 0.000300 | Rev: 0/99999
Epoch 4795 | Cost: 0.033733 | Acc: 88.89% (Best: 94.44% @ Ep926) | LR: 0.000300 | Rev: 1/99999
Epoch 4796 | Cost: 0.025509 | Acc: 88.89% (Best: 94.44% @ Ep926) | LR: 0.000300 | Rev: 0/99999
Epoch 4797 | Cost: 0.031913 | Acc: 88.89% (Best: 94.44% @ Ep926) | LR: 0.000300 | Rev: 1/99999
Epoch 4798 | Cost: 0.029997 | Acc: 88.89% (Best: 94.44% @ Ep926) | LR: 0.000300 | Rev: 0/99999
Epoch 4799 | Cost: 0.034360 | Acc: 88.89% (Best: 94.44% @ Ep926) | LR: 0.000300 | Rev: 1/99999
Epoch 4800 | Cost: 0.022863 | Acc: 88.89% (Best: 94.44% @ Ep926) | LR: 0.000300 | Rev: 0/99999
Epoch 4801 | Cost: 0.026223 | Acc: 88.89% (Best: 94.44% @ Ep926) | LR: 0.000300 | Rev: 1/99999
Epoch 4802 | Cost: 0.029590 | Acc: 88.89% (Best: 94.44% @ Ep926) | LR: 0.000300 | Rev: 2/99999
Epoch 4803 | Cost: 0.029438 | Acc: 88.89% (Best: 94.44% @ Ep926) | LR: 0.000300 | Rev: 0/99999
Epoch 4804 | Cost: 0.028883 | Acc: 88.89% (Best: 94.44% @ Ep926) | LR: 0.000300 | Rev: 0/99999
Epoch 4805 | Cost: 0.053717 | Acc: 88.89% (Best: 94.44% @ Ep926) | LR: 0.000300 | Rev: 1/99999
Epoch 4806 | Cost: 0.047698 | Acc: 88.89% (Best: 94.44% @ Ep926) | LR: 0.000300 | Rev: 0/99999
Epoch 4807 | Cost: 0.028530 | Acc: 88.89% (Best: 94.44% @ Ep926) | LR: 0.000300 | Rev: 0/99999
Epoch 4808 | Cost: 0.029947 | Acc: 88.89% (Best: 94.44% @ Ep926) | LR: 0.000300 | Rev: 1/99999
Epoch 4809 | Cost: 0.035957 | Acc: 88.89% (Best: 94.44% @ Ep926) | LR: 0.000300 | Rev: 2/99999
Epoch 4810 | Cost: 0.024814 | Acc: 88.89% (Best: 94.44% @ Ep926) | LR: 0.000300 | Rev: 0/99999
Epoch 4811 | Cost: 0.027504 | Acc: 88.89% (Best: 94.44% @ Ep926) | LR: 0.000300 | Rev: 1/99999
Epoch 4812 | Cost: 0.034625 | Acc: 88.89% (Best: 94.44% @ Ep926) | LR: 0.000300 | Rev: 2/99999
Epoch 4813 | Cost: 0.021780 | Acc: 88.89% (Best: 94.44% @ Ep926) | LR: 0.000300 | Rev: 0/99999
Epoch 4814 | Cost: 0.026466 | Acc: 88.89% (Best: 94.44% @ Ep926) | LR: 0.000300 | Rev: 1/99999
Epoch 4815 | Cost: 0.025307 | Acc: 88.89% (Best: 94.44% @ Ep926) | LR: 0.000300 | Rev: 0/99999
Epoch 4816 | Cost: 0.020971 | Acc: 88.89% (Best: 94.44% @ Ep926) | LR: 0.000300 | Rev: 0/99999
Epoch 4817 | Cost: 0.027778 | Acc: 88.89% (Best: 94.44% @ Ep926) | LR: 0.000300 | Rev: 1/99999
Epoch 4818 | Cost: 0.030453 | Acc: 88.89% (Best: 94.44% @ Ep926) | LR: 0.000300 | Rev: 2/99999
Epoch 4819 | Cost: 0.026108 | Acc: 88.89% (Best: 94.44% @ Ep926) | LR: 0.000300 | Rev: 0/99999
Epoch 4820 | Cost: 0.027856 | Acc: 88.89% (Best: 94.44% @ Ep926) | LR: 0.000300 | Rev: 1/99999
Epoch 4821 | Cost: 0.021444 | Acc: 88.89% (Best: 94.44% @ Ep926) | LR: 0.000300 | Rev: 0/99999
Epoch 4822 | Cost: 0.032058 | Acc: 88.89% (Best: 94.44% @ Ep926) | LR: 0.000300 | Rev: 1/99999
Epoch 4823 | Cost: 0.033503 | Acc: 88.89% (Best: 94.44% @ Ep926) | LR: 0.000300 | Rev: 2/99999
Epoch 4824 | Cost: 0.030593 | Acc: 88.89% (Best: 94.44% @ Ep926) | LR: 0.000300 | Rev: 0/99999
Epoch 4825 | Cost: 0.028399 | Acc: 88.89% (Best: 94.44% @ Ep926) | LR: 0.000300 | Rev: 0/99999
Epoch 4826 | Cost: 0.035663 | Acc: 88.89% (Best: 94.44% @ Ep926) | LR: 0.000300 | Rev: 1/99999
Epoch 4827 | Cost: 0.024020 | Acc: 88.89% (Best: 94.44% @ Ep926) | LR: 0.000300 | Rev: 0/99999
Epoch 4828 | Cost: 0.031167 | Acc: 88.89% (Best: 94.44% @ Ep926) | LR: 0.000300 | Rev: 1/99999
Epoch 4829 | Cost: 0.026413 | Acc: 88.89% (Best: 94.44% @ Ep926) | LR: 0.000300 | Rev: 0/99999
Epoch 4830 | Cost: 0.023733 | Acc: 88.89% (Best: 94.44% @ Ep926) | LR: 0.000300 | Rev: 0/99999
Epoch 4831 | Cost: 0.028224 | Acc: 86.11% (Best: 94.44% @ Ep926) | LR: 0.000300 | Rev: 1/99999
Epoch 4832 | Cost: 0.047049 | Acc: 88.89% (Best: 94.44% @ Ep926) | LR: 0.000300 | Rev: 2/99999
Epoch 4833 | Cost: 0.021414 | Acc: 88.89% (Best: 94.44% @ Ep926) | LR: 0.000300 | Rev: 0/99999
Epoch 4834 | Cost: 0.027782 | Acc: 88.89% (Best: 94.44% @ Ep926) | LR: 0.000300 | Rev: 1/99999
Epoch 4835 | Cost: 0.021787 | Acc: 88.89% (Best: 94.44% @ Ep926) | LR: 0.000300 | Rev: 0/99999
Epoch 4836 | Cost: 0.029647 | Acc: 88.89% (Best: 94.44% @ Ep926) | LR: 0.000300 | Rev: 1/99999
Epoch 4837 | Cost: 0.020941 | Acc: 88.89% (Best: 94.44% @ Ep926) | LR: 0.000300 | Rev: 0/99999
Epoch 4838 | Cost: 0.027292 | Acc: 88.89% (Best: 94.44% @ Ep926) | LR: 0.000300 | Rev: 1/99999
Epoch 4839 | Cost: 0.039737 | Acc: 88.89% (Best: 94.44% @ Ep926) | LR: 0.000300 | Rev: 2/99999
Epoch 4840 | Cost: 0.041978 | Acc: 88.89% (Best: 94.44% @ Ep926) | LR: 0.000300 | Rev: 3/99999
Epoch 4841 | Cost: 0.024221 | Acc: 88.89% (Best: 94.44% @ Ep926) | LR: 0.000300 | Rev: 0/99999
Epoch 4842 | Cost: 0.024857 | Acc: 88.89% (Best: 94.44% @ Ep926) | LR: 0.000300 | Rev: 1/99999
Epoch 4843 | Cost: 0.045633 | Acc: 86.11% (Best: 94.44% @ Ep926) | LR: 0.000300 | Rev: 2/99999
Epoch 4844 | Cost: 0.027096 | Acc: 86.11% (Best: 94.44% @ Ep926) | LR: 0.000300 | Rev: 0/99999
Epoch 4845 | Cost: 0.039574 | Acc: 88.89% (Best: 94.44% @ Ep926) | LR: 0.000300 | Rev: 1/99999
Epoch 4846 | Cost: 0.027271 | Acc: 88.89% (Best: 94.44% @ Ep926) | LR: 0.000300 | Rev: 0/99999
Epoch 4847 | Cost: 0.049009 | Acc: 88.89% (Best: 94.44% @ Ep926) | LR: 0.000300 | Rev: 1/99999
Epoch 4848 | Cost: 0.019304 | Acc: 88.89% (Best: 94.44% @ Ep926) | LR: 0.000300 | Rev: 0/99999
Epoch 4849 | Cost: 0.024445 | Acc: 86.11% (Best: 94.44% @ Ep926) | LR: 0.000300 | Rev: 1/99999
Epoch 4850 | Cost: 0.032744 | Acc: 88.89% (Best: 94.44% @ Ep926) | LR: 0.000300 | Rev: 2/99999
Epoch 4851 | Cost: 0.017461 | Acc: 88.89% (Best: 94.44% @ Ep926) | LR: 0.000300 | Rev: 0/99999
Epoch 4852 | Cost: 0.022609 | Acc: 88.89% (Best: 94.44% @ Ep926) | LR: 0.000300 | Rev: 1/99999
Epoch 4853 | Cost: 0.037837 | Acc: 88.89% (Best: 94.44% @ Ep926) | LR: 0.000300 | Rev: 2/99999
Epoch 4854 | Cost: 0.036250 | Acc: 88.89% (Best: 94.44% @ Ep926) | LR: 0.000300 | Rev: 0/99999
Epoch 4855 | Cost: 0.026892 | Acc: 88.89% (Best: 94.44% @ Ep926) | LR: 0.000300 | Rev: 0/99999
Epoch 4856 | Cost: 0.032751 | Acc: 88.89% (Best: 94.44% @ Ep926) | LR: 0.000300 | Rev: 1/99999
Epoch 4857 | Cost: 0.030599 | Acc: 88.89% (Best: 94.44% @ Ep926) | LR: 0.000300 | Rev: 0/99999
Epoch 4858 | Cost: 0.028825 | Acc: 88.89% (Best: 94.44% @ Ep926) | LR: 0.000300 | Rev: 0/99999
Epoch 4859 | Cost: 0.027478 | Acc: 88.89% (Best: 94.44% @ Ep926) | LR: 0.000300 | Rev: 0/99999
Epoch 4860 | Cost: 0.026808 | Acc: 88.89% (Best: 94.44% @ Ep926) | LR: 0.000300 | Rev: 0/99999
Epoch 4861 | Cost: 0.028301 | Acc: 88.89% (Best: 94.44% @ Ep926) | LR: 0.000300 | Rev: 1/99999
Epoch 4862 | Cost: 0.037435 | Acc: 88.89% (Best: 94.44% @ Ep926) | LR: 0.000300 | Rev: 2/99999
Epoch 4863 | Cost: 0.025894 | Acc: 88.89% (Best: 94.44% @ Ep926) | LR: 0.000300 | Rev: 0/99999
Epoch 4864 | Cost: 0.032406 | Acc: 88.89% (Best: 94.44% @ Ep926) | LR: 0.000300 | Rev: 1/99999
Epoch 4865 | Cost: 0.036515 | Acc: 88.89% (Best: 94.44% @ Ep926) | LR: 0.000300 | Rev: 2/99999
Epoch 4866 | Cost: 0.033659 | Acc: 88.89% (Best: 94.44% @ Ep926) | LR: 0.000300 | Rev: 0/99999
Epoch 4867 | Cost: 0.020544 | Acc: 88.89% (Best: 94.44% @ Ep926) | LR: 0.000300 | Rev: 0/99999
Epoch 4868 | Cost: 0.027238 | Acc: 88.89% (Best: 94.44% @ Ep926) | LR: 0.000300 | Rev: 1/99999
Epoch 4869 | Cost: 0.022027 | Acc: 88.89% (Best: 94.44% @ Ep926) | LR: 0.000300 | Rev: 0/99999
Epoch 4870 | Cost: 0.031904 | Acc: 88.89% (Best: 94.44% @ Ep926) | LR: 0.000300 | Rev: 1/99999
Epoch 4871 | Cost: 0.023055 | Acc: 88.89% (Best: 94.44% @ Ep926) | LR: 0.000300 | Rev: 0/99999
Epoch 4872 | Cost: 0.029249 | Acc: 88.89% (Best: 94.44% @ Ep926) | LR: 0.000300 | Rev: 1/99999
Epoch 4873 | Cost: 0.034356 | Acc: 86.11% (Best: 94.44% @ Ep926) | LR: 0.000300 | Rev: 2/99999
Epoch 4874 | Cost: 0.036667 | Acc: 88.89% (Best: 94.44% @ Ep926) | LR: 0.000300 | Rev: 3/99999
Epoch 4875 | Cost: 0.036481 | Acc: 88.89% (Best: 94.44% @ Ep926) | LR: 0.000300 | Rev: 0/99999
Epoch 4876 | Cost: 0.031172 | Acc: 88.89% (Best: 94.44% @ Ep926) | LR: 0.000300 | Rev: 0/99999
Epoch 4877 | Cost: 0.022428 | Acc: 88.89% (Best: 94.44% @ Ep926) | LR: 0.000300 | Rev: 0/99999
Epoch 4878 | Cost: 0.033519 | Acc: 88.89% (Best: 94.44% @ Ep926) | LR: 0.000300 | Rev: 1/99999
Epoch 4879 | Cost: 0.034052 | Acc: 88.89% (Best: 94.44% @ Ep926) | LR: 0.000300 | Rev: 2/99999
Epoch 4880 | Cost: 0.035801 | Acc: 88.89% (Best: 94.44% @ Ep926) | LR: 0.000300 | Rev: 3/99999
Epoch 4881 | Cost: 0.030541 | Acc: 88.89% (Best: 94.44% @ Ep926) | LR: 0.000300 | Rev: 0/99999
Epoch 4882 | Cost: 0.034194 | Acc: 86.11% (Best: 94.44% @ Ep926) | LR: 0.000300 | Rev: 1/99999
Epoch 4883 | Cost: 0.038784 | Acc: 86.11% (Best: 94.44% @ Ep926) | LR: 0.000300 | Rev: 2/99999
Epoch 4884 | Cost: 0.028793 | Acc: 88.89% (Best: 94.44% @ Ep926) | LR: 0.000300 | Rev: 0/99999
Epoch 4885 | Cost: 0.027562 | Acc: 88.89% (Best: 94.44% @ Ep926) | LR: 0.000300 | Rev: 0/99999
Epoch 4886 | Cost: 0.034782 | Acc: 88.89% (Best: 94.44% @ Ep926) | LR: 0.000300 | Rev: 1/99999
Epoch 4887 | Cost: 0.024361 | Acc: 88.89% (Best: 94.44% @ Ep926) | LR: 0.000300 | Rev: 0/99999
Epoch 4888 | Cost: 0.034039 | Acc: 88.89% (Best: 94.44% @ Ep926) | LR: 0.000300 | Rev: 1/99999
Epoch 4889 | Cost: 0.029861 | Acc: 88.89% (Best: 94.44% @ Ep926) | LR: 0.000300 | Rev: 0/99999
Epoch 4890 | Cost: 0.032021 | Acc: 88.89% (Best: 94.44% @ Ep926) | LR: 0.000300 | Rev: 1/99999
Epoch 4891 | Cost: 0.028993 | Acc: 88.89% (Best: 94.44% @ Ep926) | LR: 0.000300 | Rev: 0/99999
Epoch 4892 | Cost: 0.023043 | Acc: 88.89% (Best: 94.44% @ Ep926) | LR: 0.000300 | Rev: 0/99999
Epoch 4893 | Cost: 0.045010 | Acc: 88.89% (Best: 94.44% @ Ep926) | LR: 0.000300 | Rev: 1/99999
Epoch 4894 | Cost: 0.027028 | Acc: 88.89% (Best: 94.44% @ Ep926) | LR: 0.000300 | Rev: 0/99999
Epoch 4895 | Cost: 0.029915 | Acc: 88.89% (Best: 94.44% @ Ep926) | LR: 0.000300 | Rev: 1/99999
Epoch 4896 | Cost: 0.034133 | Acc: 88.89% (Best: 94.44% @ Ep926) | LR: 0.000300 | Rev: 2/99999
Epoch 4897 | Cost: 0.024495 | Acc: 88.89% (Best: 94.44% @ Ep926) | LR: 0.000300 | Rev: 0/99999
Epoch 4898 | Cost: 0.029658 | Acc: 88.89% (Best: 94.44% @ Ep926) | LR: 0.000300 | Rev: 1/99999
Epoch 4899 | Cost: 0.025281 | Acc: 88.89% (Best: 94.44% @ Ep926) | LR: 0.000300 | Rev: 0/99999
Epoch 4900 | Cost: 0.033730 | Acc: 88.89% (Best: 94.44% @ Ep926) | LR: 0.000300 | Rev: 1/99999
Epoch 4901 | Cost: 0.029257 | Acc: 88.89% (Best: 94.44% @ Ep926) | LR: 0.000300 | Rev: 0/99999
Epoch 4902 | Cost: 0.027305 | Acc: 88.89% (Best: 94.44% @ Ep926) | LR: 0.000300 | Rev: 0/99999
Epoch 4903 | Cost: 0.032391 | Acc: 88.89% (Best: 94.44% @ Ep926) | LR: 0.000300 | Rev: 1/99999
Epoch 4904 | Cost: 0.020719 | Acc: 88.89% (Best: 94.44% @ Ep926) | LR: 0.000300 | Rev: 0/99999
Epoch 4905 | Cost: 0.026436 | Acc: 88.89% (Best: 94.44% @ Ep926) | LR: 0.000300 | Rev: 1/99999
Epoch 4906 | Cost: 0.022716 | Acc: 88.89% (Best: 94.44% @ Ep926) | LR: 0.000300 | Rev: 0/99999
Epoch 4907 | Cost: 0.038751 | Acc: 88.89% (Best: 94.44% @ Ep926) | LR: 0.000300 | Rev: 1/99999
Epoch 4908 | Cost: 0.027673 | Acc: 88.89% (Best: 94.44% @ Ep926) | LR: 0.000300 | Rev: 0/99999
Epoch 4909 | Cost: 0.026878 | Acc: 88.89% (Best: 94.44% @ Ep926) | LR: 0.000300 | Rev: 0/99999
Epoch 4910 | Cost: 0.018449 | Acc: 88.89% (Best: 94.44% @ Ep926) | LR: 0.000300 | Rev: 0/99999
Epoch 4911 | Cost: 0.038916 | Acc: 88.89% (Best: 94.44% @ Ep926) | LR: 0.000300 | Rev: 1/99999
Epoch 4912 | Cost: 0.036530 | Acc: 88.89% (Best: 94.44% @ Ep926) | LR: 0.000300 | Rev: 0/99999
Epoch 4913 | Cost: 0.023799 | Acc: 88.89% (Best: 94.44% @ Ep926) | LR: 0.000300 | Rev: 0/99999
Epoch 4914 | Cost: 0.021562 | Acc: 88.89% (Best: 94.44% @ Ep926) | LR: 0.000300 | Rev: 0/99999
Epoch 4915 | Cost: 0.037407 | Acc: 88.89% (Best: 94.44% @ Ep926) | LR: 0.000300 | Rev: 1/99999
Epoch 4916 | Cost: 0.021645 | Acc: 88.89% (Best: 94.44% @ Ep926) | LR: 0.000300 | Rev: 0/99999
Epoch 4917 | Cost: 0.029875 | Acc: 88.89% (Best: 94.44% @ Ep926) | LR: 0.000300 | Rev: 1/99999
Epoch 4918 | Cost: 0.028537 | Acc: 88.89% (Best: 94.44% @ Ep926) | LR: 0.000300 | Rev: 0/99999
Epoch 4919 | Cost: 0.023183 | Acc: 88.89% (Best: 94.44% @ Ep926) | LR: 0.000300 | Rev: 0/99999
Epoch 4920 | Cost: 0.034913 | Acc: 88.89% (Best: 94.44% @ Ep926) | LR: 0.000300 | Rev: 1/99999
Epoch 4921 | Cost: 0.036007 | Acc: 88.89% (Best: 94.44% @ Ep926) | LR: 0.000300 | Rev: 2/99999
Epoch 4922 | Cost: 0.025629 | Acc: 88.89% (Best: 94.44% @ Ep926) | LR: 0.000300 | Rev: 0/99999
Epoch 4923 | Cost: 0.025424 | Acc: 86.11% (Best: 94.44% @ Ep926) | LR: 0.000300 | Rev: 0/99999
Epoch 4924 | Cost: 0.029384 | Acc: 86.11% (Best: 94.44% @ Ep926) | LR: 0.000300 | Rev: 1/99999
Epoch 4925 | Cost: 0.028282 | Acc: 88.89% (Best: 94.44% @ Ep926) | LR: 0.000300 | Rev: 0/99999
Epoch 4926 | Cost: 0.037136 | Acc: 88.89% (Best: 94.44% @ Ep926) | LR: 0.000300 | Rev: 1/99999
Epoch 4927 | Cost: 0.022605 | Acc: 88.89% (Best: 94.44% @ Ep926) | LR: 0.000300 | Rev: 0/99999
Epoch 4928 | Cost: 0.029270 | Acc: 88.89% (Best: 94.44% @ Ep926) | LR: 0.000300 | Rev: 1/99999
Epoch 4929 | Cost: 0.026850 | Acc: 88.89% (Best: 94.44% @ Ep926) | LR: 0.000300 | Rev: 0/99999
Epoch 4930 | Cost: 0.027279 | Acc: 88.89% (Best: 94.44% @ Ep926) | LR: 0.000300 | Rev: 1/99999
Epoch 4931 | Cost: 0.016043 | Acc: 88.89% (Best: 94.44% @ Ep926) | LR: 0.000300 | Rev: 0/99999
Epoch 4932 | Cost: 0.026675 | Acc: 88.89% (Best: 94.44% @ Ep926) | LR: 0.000300 | Rev: 1/99999
Epoch 4933 | Cost: 0.027684 | Acc: 88.89% (Best: 94.44% @ Ep926) | LR: 0.000300 | Rev: 2/99999
Epoch 4934 | Cost: 0.021752 | Acc: 88.89% (Best: 94.44% @ Ep926) | LR: 0.000300 | Rev: 0/99999
Epoch 4935 | Cost: 0.036146 | Acc: 88.89% (Best: 94.44% @ Ep926) | LR: 0.000300 | Rev: 1/99999
Epoch 4936 | Cost: 0.031660 | Acc: 88.89% (Best: 94.44% @ Ep926) | LR: 0.000300 | Rev: 0/99999
Epoch 4937 | Cost: 0.033590 | Acc: 88.89% (Best: 94.44% @ Ep926) | LR: 0.000300 | Rev: 1/99999
Epoch 4938 | Cost: 0.024996 | Acc: 88.89% (Best: 94.44% @ Ep926) | LR: 0.000300 | Rev: 0/99999
Epoch 4939 | Cost: 0.029335 | Acc: 88.89% (Best: 94.44% @ Ep926) | LR: 0.000300 | Rev: 1/99999
Epoch 4940 | Cost: 0.025209 | Acc: 88.89% (Best: 94.44% @ Ep926) | LR: 0.000300 | Rev: 0/99999
Epoch 4941 | Cost: 0.040841 | Acc: 88.89% (Best: 94.44% @ Ep926) | LR: 0.000300 | Rev: 1/99999
Epoch 4942 | Cost: 0.017133 | Acc: 88.89% (Best: 94.44% @ Ep926) | LR: 0.000300 | Rev: 0/99999
Epoch 4943 | Cost: 0.030743 | Acc: 88.89% (Best: 94.44% @ Ep926) | LR: 0.000300 | Rev: 1/99999
Epoch 4944 | Cost: 0.030107 | Acc: 88.89% (Best: 94.44% @ Ep926) | LR: 0.000300 | Rev: 0/99999
Epoch 4945 | Cost: 0.025918 | Acc: 88.89% (Best: 94.44% @ Ep926) | LR: 0.000300 | Rev: 0/99999
Epoch 4946 | Cost: 0.031119 | Acc: 88.89% (Best: 94.44% @ Ep926) | LR: 0.000300 | Rev: 1/99999
Epoch 4947 | Cost: 0.021286 | Acc: 88.89% (Best: 94.44% @ Ep926) | LR: 0.000300 | Rev: 0/99999
Epoch 4948 | Cost: 0.026758 | Acc: 88.89% (Best: 94.44% @ Ep926) | LR: 0.000300 | Rev: 1/99999
Epoch 4949 | Cost: 0.024720 | Acc: 88.89% (Best: 94.44% @ Ep926) | LR: 0.000300 | Rev: 0/99999
Epoch 4950 | Cost: 0.039636 | Acc: 88.89% (Best: 94.44% @ Ep926) | LR: 0.000300 | Rev: 1/99999
Epoch 4951 | Cost: 0.034852 | Acc: 86.11% (Best: 94.44% @ Ep926) | LR: 0.000300 | Rev: 0/99999
Epoch 4952 | Cost: 0.022460 | Acc: 86.11% (Best: 94.44% @ Ep926) | LR: 0.000300 | Rev: 0/99999
Epoch 4953 | Cost: 0.022690 | Acc: 86.11% (Best: 94.44% @ Ep926) | LR: 0.000300 | Rev: 1/99999
Epoch 4954 | Cost: 0.041170 | Acc: 86.11% (Best: 94.44% @ Ep926) | LR: 0.000300 | Rev: 2/99999
Epoch 4955 | Cost: 0.035579 | Acc: 88.89% (Best: 94.44% @ Ep926) | LR: 0.000300 | Rev: 0/99999
Epoch 4956 | Cost: 0.018475 | Acc: 88.89% (Best: 94.44% @ Ep926) | LR: 0.000300 | Rev: 0/99999
Epoch 4957 | Cost: 0.034128 | Acc: 88.89% (Best: 94.44% @ Ep926) | LR: 0.000300 | Rev: 1/99999
Epoch 4958 | Cost: 0.028672 | Acc: 88.89% (Best: 94.44% @ Ep926) | LR: 0.000300 | Rev: 0/99999
Epoch 4959 | Cost: 0.032232 | Acc: 88.89% (Best: 94.44% @ Ep926) | LR: 0.000300 | Rev: 1/99999
Epoch 4960 | Cost: 0.015776 | Acc: 88.89% (Best: 94.44% @ Ep926) | LR: 0.000300 | Rev: 0/99999
Epoch 4961 | Cost: 0.025504 | Acc: 88.89% (Best: 94.44% @ Ep926) | LR: 0.000300 | Rev: 1/99999
Epoch 4962 | Cost: 0.017370 | Acc: 88.89% (Best: 94.44% @ Ep926) | LR: 0.000300 | Rev: 0/99999
Epoch 4963 | Cost: 0.027505 | Acc: 88.89% (Best: 94.44% @ Ep926) | LR: 0.000300 | Rev: 1/99999
Epoch 4964 | Cost: 0.025766 | Acc: 88.89% (Best: 94.44% @ Ep926) | LR: 0.000300 | Rev: 0/99999
Epoch 4965 | Cost: 0.060545 | Acc: 88.89% (Best: 94.44% @ Ep926) | LR: 0.000300 | Rev: 1/99999
Epoch 4966 | Cost: 0.036274 | Acc: 88.89% (Best: 94.44% @ Ep926) | LR: 0.000300 | Rev: 0/99999
Epoch 4967 | Cost: 0.030637 | Acc: 88.89% (Best: 94.44% @ Ep926) | LR: 0.000300 | Rev: 0/99999
Epoch 4968 | Cost: 0.038966 | Acc: 88.89% (Best: 94.44% @ Ep926) | LR: 0.000300 | Rev: 1/99999
Epoch 4969 | Cost: 0.031764 | Acc: 86.11% (Best: 94.44% @ Ep926) | LR: 0.000300 | Rev: 0/99999
Epoch 4970 | Cost: 0.029885 | Acc: 86.11% (Best: 94.44% @ Ep926) | LR: 0.000300 | Rev: 0/99999
Epoch 4971 | Cost: 0.013901 | Acc: 86.11% (Best: 94.44% @ Ep926) | LR: 0.000300 | Rev: 0/99999
Epoch 4972 | Cost: 0.026112 | Acc: 86.11% (Best: 94.44% @ Ep926) | LR: 0.000300 | Rev: 1/99999
Epoch 4973 | Cost: 0.022724 | Acc: 88.89% (Best: 94.44% @ Ep926) | LR: 0.000300 | Rev: 0/99999
Epoch 4974 | Cost: 0.034200 | Acc: 88.89% (Best: 94.44% @ Ep926) | LR: 0.000300 | Rev: 1/99999
Epoch 4975 | Cost: 0.026886 | Acc: 88.89% (Best: 94.44% @ Ep926) | LR: 0.000300 | Rev: 0/99999
Epoch 4976 | Cost: 0.027277 | Acc: 88.89% (Best: 94.44% @ Ep926) | LR: 0.000300 | Rev: 1/99999
Epoch 4977 | Cost: 0.021252 | Acc: 88.89% (Best: 94.44% @ Ep926) | LR: 0.000300 | Rev: 0/99999
Epoch 4978 | Cost: 0.033434 | Acc: 88.89% (Best: 94.44% @ Ep926) | LR: 0.000300 | Rev: 1/99999
Epoch 4979 | Cost: 0.020183 | Acc: 88.89% (Best: 94.44% @ Ep926) | LR: 0.000300 | Rev: 0/99999
Epoch 4980 | Cost: 0.035501 | Acc: 88.89% (Best: 94.44% @ Ep926) | LR: 0.000300 | Rev: 1/99999
Epoch 4981 | Cost: 0.023153 | Acc: 88.89% (Best: 94.44% @ Ep926) | LR: 0.000300 | Rev: 0/99999
Epoch 4982 | Cost: 0.032782 | Acc: 88.89% (Best: 94.44% @ Ep926) | LR: 0.000300 | Rev: 1/99999
Epoch 4983 | Cost: 0.024036 | Acc: 88.89% (Best: 94.44% @ Ep926) | LR: 0.000300 | Rev: 0/99999
Epoch 4984 | Cost: 0.033276 | Acc: 88.89% (Best: 94.44% @ Ep926) | LR: 0.000300 | Rev: 1/99999
Epoch 4985 | Cost: 0.048780 | Acc: 88.89% (Best: 94.44% @ Ep926) | LR: 0.000300 | Rev: 2/99999
Epoch 4986 | Cost: 0.019574 | Acc: 88.89% (Best: 94.44% @ Ep926) | LR: 0.000300 | Rev: 0/99999
Epoch 4987 | Cost: 0.026748 | Acc: 88.89% (Best: 94.44% @ Ep926) | LR: 0.000300 | Rev: 1/99999
Epoch 4988 | Cost: 0.024356 | Acc: 88.89% (Best: 94.44% @ Ep926) | LR: 0.000300 | Rev: 0/99999
Epoch 4989 | Cost: 0.022274 | Acc: 86.11% (Best: 94.44% @ Ep926) | LR: 0.000300 | Rev: 0/99999
Epoch 4990 | Cost: 0.037941 | Acc: 88.89% (Best: 94.44% @ Ep926) | LR: 0.000300 | Rev: 1/99999
Epoch 4991 | Cost: 0.029665 | Acc: 88.89% (Best: 94.44% @ Ep926) | LR: 0.000300 | Rev: 0/99999
Epoch 4992 | Cost: 0.028210 | Acc: 88.89% (Best: 94.44% @ Ep926) | LR: 0.000300 | Rev: 0/99999
Epoch 4993 | Cost: 0.026428 | Acc: 88.89% (Best: 94.44% @ Ep926) | LR: 0.000300 | Rev: 0/99999
Epoch 4994 | Cost: 0.031272 | Acc: 88.89% (Best: 94.44% @ Ep926) | LR: 0.000300 | Rev: 1/99999
Epoch 4995 | Cost: 0.035623 | Acc: 88.89% (Best: 94.44% @ Ep926) | LR: 0.000300 | Rev: 2/99999
Epoch 4996 | Cost: 0.020192 | Acc: 88.89% (Best: 94.44% @ Ep926) | LR: 0.000300 | Rev: 0/99999
Epoch 4997 | Cost: 0.036768 | Acc: 88.89% (Best: 94.44% @ Ep926) | LR: 0.000300 | Rev: 1/99999
Epoch 4998 | Cost: 0.024800 | Acc: 88.89% (Best: 94.44% @ Ep926) | LR: 0.000300 | Rev: 0/99999
Epoch 4999 | Cost: 0.027364 | Acc: 88.89% (Best: 94.44% @ Ep926) | LR: 0.000300 | Rev: 1/99999
Epoch 5000 | Cost: 0.029153 | Acc: 88.89% (Best: 94.44% @ Ep926) | LR: 0.000300 | Rev: 2/99999
Epoch 5001 | Cost: 0.041550 | Acc: 88.89% (Best: 94.44% @ Ep926) | LR: 0.000300 | Rev: 3/99999
Epoch 5002 | Cost: 0.016393 | Acc: 88.89% (Best: 94.44% @ Ep926) | LR: 0.000300 | Rev: 0/99999
Epoch 5003 | Cost: 0.036454 | Acc: 88.89% (Best: 94.44% @ Ep926) | LR: 0.000300 | Rev: 1/99999
Epoch 5004 | Cost: 0.020719 | Acc: 88.89% (Best: 94.44% @ Ep926) | LR: 0.000300 | Rev: 0/99999
Epoch 5005 | Cost: 0.017810 | Acc: 88.89% (Best: 94.44% @ Ep926) | LR: 0.000300 | Rev: 0/99999
Epoch 5006 | Cost: 0.027962 | Acc: 86.11% (Best: 94.44% @ Ep926) | LR: 0.000300 | Rev: 1/99999
Epoch 5007 | Cost: 0.020188 | Acc: 86.11% (Best: 94.44% @ Ep926) | LR: 0.000300 | Rev: 0/99999
Epoch 5008 | Cost: 0.041805 | Acc: 86.11% (Best: 94.44% @ Ep926) | LR: 0.000300 | Rev: 1/99999
Epoch 5009 | Cost: 0.027888 | Acc: 86.11% (Best: 94.44% @ Ep926) | LR: 0.000300 | Rev: 0/99999
Epoch 5010 | Cost: 0.031261 | Acc: 86.11% (Best: 94.44% @ Ep926) | LR: 0.000300 | Rev: 1/99999
Epoch 5011 | Cost: 0.029424 | Acc: 88.89% (Best: 94.44% @ Ep926) | LR: 0.000300 | Rev: 0/99999
Epoch 5012 | Cost: 0.039399 | Acc: 88.89% (Best: 94.44% @ Ep926) | LR: 0.000300 | Rev: 1/99999
Epoch 5013 | Cost: 0.019005 | Acc: 88.89% (Best: 94.44% @ Ep926) | LR: 0.000300 | Rev: 0/99999
Epoch 5014 | Cost: 0.029331 | Acc: 88.89% (Best: 94.44% @ Ep926) | LR: 0.000300 | Rev: 1/99999
Epoch 5015 | Cost: 0.037194 | Acc: 88.89% (Best: 94.44% @ Ep926) | LR: 0.000300 | Rev: 2/99999
Epoch 5016 | Cost: 0.024024 | Acc: 88.89% (Best: 94.44% @ Ep926) | LR: 0.000300 | Rev: 0/99999
Epoch 5017 | Cost: 0.030228 | Acc: 88.89% (Best: 94.44% @ Ep926) | LR: 0.000300 | Rev: 1/99999
Epoch 5018 | Cost: 0.022510 | Acc: 88.89% (Best: 94.44% @ Ep926) | LR: 0.000300 | Rev: 0/99999
Epoch 5019 | Cost: 0.034060 | Acc: 88.89% (Best: 94.44% @ Ep926) | LR: 0.000300 | Rev: 1/99999
Epoch 5020 | Cost: 0.030949 | Acc: 88.89% (Best: 94.44% @ Ep926) | LR: 0.000300 | Rev: 0/99999
Epoch 5021 | Cost: 0.022184 | Acc: 88.89% (Best: 94.44% @ Ep926) | LR: 0.000300 | Rev: 0/99999
Epoch 5022 | Cost: 0.033428 | Acc: 88.89% (Best: 94.44% @ Ep926) | LR: 0.000300 | Rev: 1/99999
Epoch 5023 | Cost: 0.047407 | Acc: 86.11% (Best: 94.44% @ Ep926) | LR: 0.000300 | Rev: 2/99999
Epoch 5024 | Cost: 0.023151 | Acc: 88.89% (Best: 94.44% @ Ep926) | LR: 0.000300 | Rev: 0/99999
Epoch 5025 | Cost: 0.017195 | Acc: 88.89% (Best: 94.44% @ Ep926) | LR: 0.000300 | Rev: 0/99999
Epoch 5026 | Cost: 0.027084 | Acc: 88.89% (Best: 94.44% @ Ep926) | LR: 0.000300 | Rev: 1/99999
Epoch 5027 | Cost: 0.028260 | Acc: 88.89% (Best: 94.44% @ Ep926) | LR: 0.000300 | Rev: 2/99999
Epoch 5028 | Cost: 0.025125 | Acc: 88.89% (Best: 94.44% @ Ep926) | LR: 0.000300 | Rev: 0/99999
Epoch 5029 | Cost: 0.033806 | Acc: 88.89% (Best: 94.44% @ Ep926) | LR: 0.000300 | Rev: 1/99999
Epoch 5030 | Cost: 0.029243 | Acc: 88.89% (Best: 94.44% @ Ep926) | LR: 0.000300 | Rev: 0/99999
Epoch 5031 | Cost: 0.025239 | Acc: 88.89% (Best: 94.44% @ Ep926) | LR: 0.000300 | Rev: 0/99999
Epoch 5032 | Cost: 0.037850 | Acc: 88.89% (Best: 94.44% @ Ep926) | LR: 0.000300 | Rev: 1/99999
Epoch 5033 | Cost: 0.028534 | Acc: 88.89% (Best: 94.44% @ Ep926) | LR: 0.000300 | Rev: 0/99999
Epoch 5034 | Cost: 0.032728 | Acc: 88.89% (Best: 94.44% @ Ep926) | LR: 0.000300 | Rev: 1/99999
Epoch 5035 | Cost: 0.024302 | Acc: 88.89% (Best: 94.44% @ Ep926) | LR: 0.000300 | Rev: 0/99999
Epoch 5036 | Cost: 0.045633 | Acc: 88.89% (Best: 94.44% @ Ep926) | LR: 0.000300 | Rev: 1/99999
Epoch 5037 | Cost: 0.021695 | Acc: 88.89% (Best: 94.44% @ Ep926) | LR: 0.000300 | Rev: 0/99999
Epoch 5038 | Cost: 0.028938 | Acc: 88.89% (Best: 94.44% @ Ep926) | LR: 0.000300 | Rev: 1/99999
Epoch 5039 | Cost: 0.017846 | Acc: 88.89% (Best: 94.44% @ Ep926) | LR: 0.000300 | Rev: 0/99999
Epoch 5040 | Cost: 0.028546 | Acc: 88.89% (Best: 94.44% @ Ep926) | LR: 0.000300 | Rev: 1/99999
Epoch 5041 | Cost: 0.016376 | Acc: 88.89% (Best: 94.44% @ Ep926) | LR: 0.000300 | Rev: 0/99999
Epoch 5042 | Cost: 0.026947 | Acc: 88.89% (Best: 94.44% @ Ep926) | LR: 0.000300 | Rev: 1/99999
Epoch 5043 | Cost: 0.026208 | Acc: 88.89% (Best: 94.44% @ Ep926) | LR: 0.000300 | Rev: 0/99999
Epoch 5044 | Cost: 0.028596 | Acc: 88.89% (Best: 94.44% @ Ep926) | LR: 0.000300 | Rev: 1/99999
Epoch 5045 | Cost: 0.021488 | Acc: 88.89% (Best: 94.44% @ Ep926) | LR: 0.000300 | Rev: 0/99999
Epoch 5046 | Cost: 0.024927 | Acc: 88.89% (Best: 94.44% @ Ep926) | LR: 0.000300 | Rev: 1/99999
Epoch 5047 | Cost: 0.035191 | Acc: 88.89% (Best: 94.44% @ Ep926) | LR: 0.000300 | Rev: 2/99999
Epoch 5048 | Cost: 0.018992 | Acc: 88.89% (Best: 94.44% @ Ep926) | LR: 0.000300 | Rev: 0/99999
Epoch 5049 | Cost: 0.032623 | Acc: 88.89% (Best: 94.44% @ Ep926) | LR: 0.000300 | Rev: 1/99999
Epoch 5050 | Cost: 0.031272 | Acc: 88.89% (Best: 94.44% @ Ep926) | LR: 0.000300 | Rev: 0/99999
Epoch 5051 | Cost: 0.022301 | Acc: 88.89% (Best: 94.44% @ Ep926) | LR: 0.000300 | Rev: 0/99999
Epoch 5052 | Cost: 0.020526 | Acc: 88.89% (Best: 94.44% @ Ep926) | LR: 0.000300 | Rev: 0/99999
Epoch 5053 | Cost: 0.024784 | Acc: 88.89% (Best: 94.44% @ Ep926) | LR: 0.000300 | Rev: 1/99999
Epoch 5054 | Cost: 0.024279 | Acc: 88.89% (Best: 94.44% @ Ep926) | LR: 0.000300 | Rev: 0/99999
Epoch 5055 | Cost: 0.031696 | Acc: 88.89% (Best: 94.44% @ Ep926) | LR: 0.000300 | Rev: 1/99999
Epoch 5056 | Cost: 0.018992 | Acc: 88.89% (Best: 94.44% @ Ep926) | LR: 0.000300 | Rev: 0/99999
Epoch 5057 | Cost: 0.033416 | Acc: 88.89% (Best: 94.44% @ Ep926) | LR: 0.000300 | Rev: 1/99999
Epoch 5058 | Cost: 0.051683 | Acc: 88.89% (Best: 94.44% @ Ep926) | LR: 0.000300 | Rev: 2/99999
Epoch 5059 | Cost: 0.031537 | Acc: 88.89% (Best: 94.44% @ Ep926) | LR: 0.000300 | Rev: 0/99999
Epoch 5060 | Cost: 0.024291 | Acc: 88.89% (Best: 94.44% @ Ep926) | LR: 0.000300 | Rev: 0/99999
Epoch 5061 | Cost: 0.027409 | Acc: 88.89% (Best: 94.44% @ Ep926) | LR: 0.000300 | Rev: 1/99999
Epoch 5062 | Cost: 0.035475 | Acc: 88.89% (Best: 94.44% @ Ep926) | LR: 0.000300 | Rev: 2/99999
Epoch 5063 | Cost: 0.025930 | Acc: 88.89% (Best: 94.44% @ Ep926) | LR: 0.000300 | Rev: 0/99999
Epoch 5064 | Cost: 0.035627 | Acc: 88.89% (Best: 94.44% @ Ep926) | LR: 0.000300 | Rev: 1/99999
Epoch 5065 | Cost: 0.023904 | Acc: 88.89% (Best: 94.44% @ Ep926) | LR: 0.000300 | Rev: 0/99999
Epoch 5066 | Cost: 0.025907 | Acc: 88.89% (Best: 94.44% @ Ep926) | LR: 0.000300 | Rev: 1/99999
Epoch 5067 | Cost: 0.040833 | Acc: 88.89% (Best: 94.44% @ Ep926) | LR: 0.000300 | Rev: 2/99999
Epoch 5068 | Cost: 0.023071 | Acc: 88.89% (Best: 94.44% @ Ep926) | LR: 0.000300 | Rev: 0/99999
Epoch 5069 | Cost: 0.047792 | Acc: 88.89% (Best: 94.44% @ Ep926) | LR: 0.000300 | Rev: 1/99999
Epoch 5070 | Cost: 0.028955 | Acc: 88.89% (Best: 94.44% @ Ep926) | LR: 0.000300 | Rev: 0/99999
Epoch 5071 | Cost: 0.024131 | Acc: 88.89% (Best: 94.44% @ Ep926) | LR: 0.000300 | Rev: 0/99999
Epoch 5072 | Cost: 0.035406 | Acc: 88.89% (Best: 94.44% @ Ep926) | LR: 0.000300 | Rev: 1/99999
Epoch 5073 | Cost: 0.024869 | Acc: 88.89% (Best: 94.44% @ Ep926) | LR: 0.000300 | Rev: 0/99999
Epoch 5074 | Cost: 0.026168 | Acc: 88.89% (Best: 94.44% @ Ep926) | LR: 0.000300 | Rev: 1/99999
Epoch 5075 | Cost: 0.020403 | Acc: 86.11% (Best: 94.44% @ Ep926) | LR: 0.000300 | Rev: 0/99999
Epoch 5076 | Cost: 0.033405 | Acc: 86.11% (Best: 94.44% @ Ep926) | LR: 0.000300 | Rev: 1/99999
Epoch 5077 | Cost: 0.034012 | Acc: 86.11% (Best: 94.44% @ Ep926) | LR: 0.000300 | Rev: 2/99999
Epoch 5078 | Cost: 0.026757 | Acc: 88.89% (Best: 94.44% @ Ep926) | LR: 0.000300 | Rev: 0/99999
Epoch 5079 | Cost: 0.034202 | Acc: 88.89% (Best: 94.44% @ Ep926) | LR: 0.000300 | Rev: 1/99999
Epoch 5080 | Cost: 0.022328 | Acc: 88.89% (Best: 94.44% @ Ep926) | LR: 0.000300 | Rev: 0/99999
Epoch 5081 | Cost: 0.022199 | Acc: 88.89% (Best: 94.44% @ Ep926) | LR: 0.000300 | Rev: 0/99999
Epoch 5082 | Cost: 0.034903 | Acc: 88.89% (Best: 94.44% @ Ep926) | LR: 0.000300 | Rev: 1/99999
Epoch 5083 | Cost: 0.026262 | Acc: 88.89% (Best: 94.44% @ Ep926) | LR: 0.000300 | Rev: 0/99999
Epoch 5084 | Cost: 0.027031 | Acc: 88.89% (Best: 94.44% @ Ep926) | LR: 0.000300 | Rev: 1/99999
Epoch 5085 | Cost: 0.029714 | Acc: 88.89% (Best: 94.44% @ Ep926) | LR: 0.000300 | Rev: 2/99999
Epoch 5086 | Cost: 0.030071 | Acc: 88.89% (Best: 94.44% @ Ep926) | LR: 0.000300 | Rev: 3/99999
Epoch 5087 | Cost: 0.026265 | Acc: 88.89% (Best: 94.44% @ Ep926) | LR: 0.000300 | Rev: 0/99999
Epoch 5088 | Cost: 0.018451 | Acc: 88.89% (Best: 94.44% @ Ep926) | LR: 0.000300 | Rev: 0/99999
Epoch 5089 | Cost: 0.040444 | Acc: 88.89% (Best: 94.44% @ Ep926) | LR: 0.000300 | Rev: 1/99999
Epoch 5090 | Cost: 0.039056 | Acc: 86.11% (Best: 94.44% @ Ep926) | LR: 0.000300 | Rev: 0/99999
Epoch 5091 | Cost: 0.042905 | Acc: 88.89% (Best: 94.44% @ Ep926) | LR: 0.000300 | Rev: 1/99999
Epoch 5092 | Cost: 0.019277 | Acc: 88.89% (Best: 94.44% @ Ep926) | LR: 0.000300 | Rev: 0/99999
Epoch 5093 | Cost: 0.037377 | Acc: 88.89% (Best: 94.44% @ Ep926) | LR: 0.000300 | Rev: 1/99999
Epoch 5094 | Cost: 0.038062 | Acc: 88.89% (Best: 94.44% @ Ep926) | LR: 0.000300 | Rev: 2/99999
Epoch 5095 | Cost: 0.029796 | Acc: 88.89% (Best: 94.44% @ Ep926) | LR: 0.000300 | Rev: 0/99999
Epoch 5096 | Cost: 0.021101 | Acc: 88.89% (Best: 94.44% @ Ep926) | LR: 0.000300 | Rev: 0/99999
Epoch 5097 | Cost: 0.016046 | Acc: 88.89% (Best: 94.44% @ Ep926) | LR: 0.000300 | Rev: 0/99999
Epoch 5098 | Cost: 0.033004 | Acc: 88.89% (Best: 94.44% @ Ep926) | LR: 0.000300 | Rev: 1/99999
Epoch 5099 | Cost: 0.028054 | Acc: 88.89% (Best: 94.44% @ Ep926) | LR: 0.000300 | Rev: 0/99999
Epoch 5100 | Cost: 0.032006 | Acc: 88.89% (Best: 94.44% @ Ep926) | LR: 0.000300 | Rev: 1/99999
Epoch 5101 | Cost: 0.034386 | Acc: 88.89% (Best: 94.44% @ Ep926) | LR: 0.000300 | Rev: 2/99999
Epoch 5102 | Cost: 0.028999 | Acc: 88.89% (Best: 94.44% @ Ep926) | LR: 0.000300 | Rev: 0/99999
Epoch 5103 | Cost: 0.029101 | Acc: 88.89% (Best: 94.44% @ Ep926) | LR: 0.000300 | Rev: 1/99999
Epoch 5104 | Cost: 0.023084 | Acc: 88.89% (Best: 94.44% @ Ep926) | LR: 0.000300 | Rev: 0/99999
Epoch 5105 | Cost: 0.032912 | Acc: 88.89% (Best: 94.44% @ Ep926) | LR: 0.000300 | Rev: 1/99999
Epoch 5106 | Cost: 0.027809 | Acc: 88.89% (Best: 94.44% @ Ep926) | LR: 0.000300 | Rev: 0/99999
Epoch 5107 | Cost: 0.029774 | Acc: 88.89% (Best: 94.44% @ Ep926) | LR: 0.000300 | Rev: 1/99999
Epoch 5108 | Cost: 0.026695 | Acc: 88.89% (Best: 94.44% @ Ep926) | LR: 0.000300 | Rev: 0/99999
Epoch 5109 | Cost: 0.028204 | Acc: 88.89% (Best: 94.44% @ Ep926) | LR: 0.000300 | Rev: 1/99999
Epoch 5110 | Cost: 0.037784 | Acc: 88.89% (Best: 94.44% @ Ep926) | LR: 0.000300 | Rev: 2/99999
Epoch 5111 | Cost: 0.027839 | Acc: 88.89% (Best: 94.44% @ Ep926) | LR: 0.000300 | Rev: 0/99999
Epoch 5112 | Cost: 0.026524 | Acc: 88.89% (Best: 94.44% @ Ep926) | LR: 0.000300 | Rev: 0/99999
Epoch 5113 | Cost: 0.036919 | Acc: 88.89% (Best: 94.44% @ Ep926) | LR: 0.000300 | Rev: 1/99999
Epoch 5114 | Cost: 0.035553 | Acc: 88.89% (Best: 94.44% @ Ep926) | LR: 0.000300 | Rev: 0/99999
Epoch 5115 | Cost: 0.022230 | Acc: 88.89% (Best: 94.44% @ Ep926) | LR: 0.000300 | Rev: 0/99999
Epoch 5116 | Cost: 0.017246 | Acc: 88.89% (Best: 94.44% @ Ep926) | LR: 0.000300 | Rev: 0/99999
Epoch 5117 | Cost: 0.022010 | Acc: 88.89% (Best: 94.44% @ Ep926) | LR: 0.000300 | Rev: 1/99999
Epoch 5118 | Cost: 0.028888 | Acc: 88.89% (Best: 94.44% @ Ep926) | LR: 0.000300 | Rev: 2/99999
Epoch 5119 | Cost: 0.023892 | Acc: 88.89% (Best: 94.44% @ Ep926) | LR: 0.000300 | Rev: 0/99999
Epoch 5120 | Cost: 0.020954 | Acc: 88.89% (Best: 94.44% @ Ep926) | LR: 0.000300 | Rev: 0/99999
Epoch 5121 | Cost: 0.028853 | Acc: 88.89% (Best: 94.44% @ Ep926) | LR: 0.000300 | Rev: 1/99999
Epoch 5122 | Cost: 0.037209 | Acc: 88.89% (Best: 94.44% @ Ep926) | LR: 0.000300 | Rev: 2/99999
Epoch 5123 | Cost: 0.020985 | Acc: 88.89% (Best: 94.44% @ Ep926) | LR: 0.000300 | Rev: 0/99999
Epoch 5124 | Cost: 0.031054 | Acc: 88.89% (Best: 94.44% @ Ep926) | LR: 0.000300 | Rev: 1/99999
Epoch 5125 | Cost: 0.030667 | Acc: 88.89% (Best: 94.44% @ Ep926) | LR: 0.000300 | Rev: 0/99999
Epoch 5126 | Cost: 0.042346 | Acc: 88.89% (Best: 94.44% @ Ep926) | LR: 0.000300 | Rev: 1/99999
Epoch 5127 | Cost: 0.039735 | Acc: 88.89% (Best: 94.44% @ Ep926) | LR: 0.000300 | Rev: 0/99999
Epoch 5128 | Cost: 0.034559 | Acc: 88.89% (Best: 94.44% @ Ep926) | LR: 0.000300 | Rev: 0/99999
Epoch 5129 | Cost: 0.044824 | Acc: 86.11% (Best: 94.44% @ Ep926) | LR: 0.000300 | Rev: 1/99999
Epoch 5130 | Cost: 0.023530 | Acc: 88.89% (Best: 94.44% @ Ep926) | LR: 0.000300 | Rev: 0/99999
Epoch 5131 | Cost: 0.025186 | Acc: 88.89% (Best: 94.44% @ Ep926) | LR: 0.000300 | Rev: 1/99999
Epoch 5132 | Cost: 0.028054 | Acc: 88.89% (Best: 94.44% @ Ep926) | LR: 0.000300 | Rev: 2/99999
Epoch 5133 | Cost: 0.019531 | Acc: 88.89% (Best: 94.44% @ Ep926) | LR: 0.000300 | Rev: 0/99999
Epoch 5134 | Cost: 0.018465 | Acc: 88.89% (Best: 94.44% @ Ep926) | LR: 0.000300 | Rev: 0/99999
Epoch 5135 | Cost: 0.027744 | Acc: 88.89% (Best: 94.44% @ Ep926) | LR: 0.000300 | Rev: 1/99999
Epoch 5136 | Cost: 0.028728 | Acc: 88.89% (Best: 94.44% @ Ep926) | LR: 0.000300 | Rev: 2/99999
Epoch 5137 | Cost: 0.019425 | Acc: 88.89% (Best: 94.44% @ Ep926) | LR: 0.000300 | Rev: 0/99999
Epoch 5138 | Cost: 0.019291 | Acc: 88.89% (Best: 94.44% @ Ep926) | LR: 0.000300 | Rev: 0/99999
Epoch 5139 | Cost: 0.052042 | Acc: 88.89% (Best: 94.44% @ Ep926) | LR: 0.000300 | Rev: 1/99999
Epoch 5140 | Cost: 0.032432 | Acc: 88.89% (Best: 94.44% @ Ep926) | LR: 0.000300 | Rev: 0/99999
Epoch 5141 | Cost: 0.023561 | Acc: 88.89% (Best: 94.44% @ Ep926) | LR: 0.000300 | Rev: 0/99999
Epoch 5142 | Cost: 0.032838 | Acc: 88.89% (Best: 94.44% @ Ep926) | LR: 0.000300 | Rev: 1/99999
Epoch 5143 | Cost: 0.039105 | Acc: 88.89% (Best: 94.44% @ Ep926) | LR: 0.000300 | Rev: 2/99999
Epoch 5144 | Cost: 0.022242 | Acc: 88.89% (Best: 94.44% @ Ep926) | LR: 0.000300 | Rev: 0/99999
Epoch 5145 | Cost: 0.021470 | Acc: 88.89% (Best: 94.44% @ Ep926) | LR: 0.000300 | Rev: 0/99999
Epoch 5146 | Cost: 0.028280 | Acc: 88.89% (Best: 94.44% @ Ep926) | LR: 0.000300 | Rev: 1/99999
Epoch 5147 | Cost: 0.033933 | Acc: 88.89% (Best: 94.44% @ Ep926) | LR: 0.000300 | Rev: 2/99999
Epoch 5148 | Cost: 0.021457 | Acc: 88.89% (Best: 94.44% @ Ep926) | LR: 0.000300 | Rev: 0/99999
Epoch 5149 | Cost: 0.030458 | Acc: 88.89% (Best: 94.44% @ Ep926) | LR: 0.000300 | Rev: 1/99999
Epoch 5150 | Cost: 0.030855 | Acc: 88.89% (Best: 94.44% @ Ep926) | LR: 0.000300 | Rev: 2/99999
Epoch 5151 | Cost: 0.042761 | Acc: 88.89% (Best: 94.44% @ Ep926) | LR: 0.000300 | Rev: 3/99999
Epoch 5152 | Cost: 0.029252 | Acc: 88.89% (Best: 94.44% @ Ep926) | LR: 0.000300 | Rev: 0/99999
Epoch 5153 | Cost: 0.020143 | Acc: 88.89% (Best: 94.44% @ Ep926) | LR: 0.000300 | Rev: 0/99999
Epoch 5154 | Cost: 0.022324 | Acc: 88.89% (Best: 94.44% @ Ep926) | LR: 0.000300 | Rev: 1/99999
Epoch 5155 | Cost: 0.014587 | Acc: 88.89% (Best: 94.44% @ Ep926) | LR: 0.000300 | Rev: 0/99999
Epoch 5156 | Cost: 0.035868 | Acc: 88.89% (Best: 94.44% @ Ep926) | LR: 0.000300 | Rev: 1/99999
Epoch 5157 | Cost: 0.037407 | Acc: 88.89% (Best: 94.44% @ Ep926) | LR: 0.000300 | Rev: 2/99999
Epoch 5158 | Cost: 0.022034 | Acc: 88.89% (Best: 94.44% @ Ep926) | LR: 0.000300 | Rev: 0/99999
Epoch 5159 | Cost: 0.017276 | Acc: 88.89% (Best: 94.44% @ Ep926) | LR: 0.000300 | Rev: 0/99999
Epoch 5160 | Cost: 0.030647 | Acc: 88.89% (Best: 94.44% @ Ep926) | LR: 0.000300 | Rev: 1/99999
Epoch 5161 | Cost: 0.047581 | Acc: 88.89% (Best: 94.44% @ Ep926) | LR: 0.000300 | Rev: 2/99999
Epoch 5162 | Cost: 0.037481 | Acc: 88.89% (Best: 94.44% @ Ep926) | LR: 0.000300 | Rev: 0/99999
Epoch 5163 | Cost: 0.023768 | Acc: 88.89% (Best: 94.44% @ Ep926) | LR: 0.000300 | Rev: 0/99999
Epoch 5164 | Cost: 0.019471 | Acc: 88.89% (Best: 94.44% @ Ep926) | LR: 0.000300 | Rev: 0/99999
Epoch 5165 | Cost: 0.027823 | Acc: 88.89% (Best: 94.44% @ Ep926) | LR: 0.000300 | Rev: 1/99999
Epoch 5166 | Cost: 0.022129 | Acc: 88.89% (Best: 94.44% @ Ep926) | LR: 0.000300 | Rev: 0/99999
Epoch 5167 | Cost: 0.024099 | Acc: 88.89% (Best: 94.44% @ Ep926) | LR: 0.000300 | Rev: 1/99999
Epoch 5168 | Cost: 0.030411 | Acc: 88.89% (Best: 94.44% @ Ep926) | LR: 0.000300 | Rev: 2/99999
Epoch 5169 | Cost: 0.024284 | Acc: 88.89% (Best: 94.44% @ Ep926) | LR: 0.000300 | Rev: 0/99999
Epoch 5170 | Cost: 0.029033 | Acc: 88.89% (Best: 94.44% @ Ep926) | LR: 0.000300 | Rev: 1/99999
Epoch 5171 | Cost: 0.031847 | Acc: 88.89% (Best: 94.44% @ Ep926) | LR: 0.000300 | Rev: 2/99999
Epoch 5172 | Cost: 0.028097 | Acc: 88.89% (Best: 94.44% @ Ep926) | LR: 0.000300 | Rev: 0/99999
Epoch 5173 | Cost: 0.016364 | Acc: 88.89% (Best: 94.44% @ Ep926) | LR: 0.000300 | Rev: 0/99999
Epoch 5174 | Cost: 0.033290 | Acc: 88.89% (Best: 94.44% @ Ep926) | LR: 0.000300 | Rev: 1/99999
Epoch 5175 | Cost: 0.026369 | Acc: 88.89% (Best: 94.44% @ Ep926) | LR: 0.000300 | Rev: 0/99999
Epoch 5176 | Cost: 0.021673 | Acc: 88.89% (Best: 94.44% @ Ep926) | LR: 0.000300 | Rev: 0/99999
Epoch 5177 | Cost: 0.020556 | Acc: 88.89% (Best: 94.44% @ Ep926) | LR: 0.000300 | Rev: 0/99999
Epoch 5178 | Cost: 0.030277 | Acc: 88.89% (Best: 94.44% @ Ep926) | LR: 0.000300 | Rev: 1/99999
Epoch 5179 | Cost: 0.016300 | Acc: 88.89% (Best: 94.44% @ Ep926) | LR: 0.000300 | Rev: 0/99999
Epoch 5180 | Cost: 0.032890 | Acc: 88.89% (Best: 94.44% @ Ep926) | LR: 0.000300 | Rev: 1/99999
Epoch 5181 | Cost: 0.045183 | Acc: 88.89% (Best: 94.44% @ Ep926) | LR: 0.000300 | Rev: 2/99999
Epoch 5182 | Cost: 0.027604 | Acc: 88.89% (Best: 94.44% @ Ep926) | LR: 0.000300 | Rev: 0/99999
Epoch 5183 | Cost: 0.022436 | Acc: 88.89% (Best: 94.44% @ Ep926) | LR: 0.000300 | Rev: 0/99999
Epoch 5184 | Cost: 0.026717 | Acc: 88.89% (Best: 94.44% @ Ep926) | LR: 0.000300 | Rev: 1/99999
Epoch 5185 | Cost: 0.020273 | Acc: 88.89% (Best: 94.44% @ Ep926) | LR: 0.000300 | Rev: 0/99999
Epoch 5186 | Cost: 0.027454 | Acc: 88.89% (Best: 94.44% @ Ep926) | LR: 0.000300 | Rev: 1/99999
Epoch 5187 | Cost: 0.027651 | Acc: 88.89% (Best: 94.44% @ Ep926) | LR: 0.000300 | Rev: 2/99999
Epoch 5188 | Cost: 0.022909 | Acc: 88.89% (Best: 94.44% @ Ep926) | LR: 0.000300 | Rev: 0/99999
Epoch 5189 | Cost: 0.035948 | Acc: 88.89% (Best: 94.44% @ Ep926) | LR: 0.000300 | Rev: 1/99999
Epoch 5190 | Cost: 0.027863 | Acc: 88.89% (Best: 94.44% @ Ep926) | LR: 0.000300 | Rev: 0/99999
Epoch 5191 | Cost: 0.022350 | Acc: 88.89% (Best: 94.44% @ Ep926) | LR: 0.000300 | Rev: 0/99999
Epoch 5192 | Cost: 0.028972 | Acc: 88.89% (Best: 94.44% @ Ep926) | LR: 0.000300 | Rev: 1/99999
Epoch 5193 | Cost: 0.023249 | Acc: 88.89% (Best: 94.44% @ Ep926) | LR: 0.000300 | Rev: 0/99999
Epoch 5194 | Cost: 0.022192 | Acc: 88.89% (Best: 94.44% @ Ep926) | LR: 0.000300 | Rev: 0/99999
Epoch 5195 | Cost: 0.018295 | Acc: 88.89% (Best: 94.44% @ Ep926) | LR: 0.000300 | Rev: 0/99999
Epoch 5196 | Cost: 0.021086 | Acc: 88.89% (Best: 94.44% @ Ep926) | LR: 0.000300 | Rev: 1/99999
Epoch 5197 | Cost: 0.037683 | Acc: 88.89% (Best: 94.44% @ Ep926) | LR: 0.000300 | Rev: 2/99999
Epoch 5198 | Cost: 0.031787 | Acc: 88.89% (Best: 94.44% @ Ep926) | LR: 0.000300 | Rev: 0/99999
Epoch 5199 | Cost: 0.030990 | Acc: 88.89% (Best: 94.44% @ Ep926) | LR: 0.000300 | Rev: 0/99999
Epoch 5200 | Cost: 0.017146 | Acc: 88.89% (Best: 94.44% @ Ep926) | LR: 0.000300 | Rev: 0/99999
Epoch 5201 | Cost: 0.021489 | Acc: 88.89% (Best: 94.44% @ Ep926) | LR: 0.000300 | Rev: 1/99999
Epoch 5202 | Cost: 0.023792 | Acc: 88.89% (Best: 94.44% @ Ep926) | LR: 0.000300 | Rev: 2/99999
Epoch 5203 | Cost: 0.017131 | Acc: 88.89% (Best: 94.44% @ Ep926) | LR: 0.000300 | Rev: 0/99999
Epoch 5204 | Cost: 0.018571 | Acc: 88.89% (Best: 94.44% @ Ep926) | LR: 0.000300 | Rev: 1/99999
Epoch 5205 | Cost: 0.047846 | Acc: 88.89% (Best: 94.44% @ Ep926) | LR: 0.000300 | Rev: 2/99999
Epoch 5206 | Cost: 0.030955 | Acc: 88.89% (Best: 94.44% @ Ep926) | LR: 0.000300 | Rev: 0/99999
Epoch 5207 | Cost: 0.020112 | Acc: 88.89% (Best: 94.44% @ Ep926) | LR: 0.000300 | Rev: 0/99999
Epoch 5208 | Cost: 0.012978 | Acc: 88.89% (Best: 94.44% @ Ep926) | LR: 0.000300 | Rev: 0/99999
Epoch 5209 | Cost: 0.028174 | Acc: 88.89% (Best: 94.44% @ Ep926) | LR: 0.000300 | Rev: 1/99999
Epoch 5210 | Cost: 0.025386 | Acc: 88.89% (Best: 94.44% @ Ep926) | LR: 0.000300 | Rev: 0/99999
Epoch 5211 | Cost: 0.015791 | Acc: 88.89% (Best: 94.44% @ Ep926) | LR: 0.000300 | Rev: 0/99999
Epoch 5212 | Cost: 0.030191 | Acc: 88.89% (Best: 94.44% @ Ep926) | LR: 0.000300 | Rev: 1/99999
Epoch 5213 | Cost: 0.017634 | Acc: 88.89% (Best: 94.44% @ Ep926) | LR: 0.000300 | Rev: 0/99999
Epoch 5214 | Cost: 0.018580 | Acc: 88.89% (Best: 94.44% @ Ep926) | LR: 0.000300 | Rev: 1/99999
Epoch 5215 | Cost: 0.044938 | Acc: 88.89% (Best: 94.44% @ Ep926) | LR: 0.000300 | Rev: 2/99999
Epoch 5216 | Cost: 0.035959 | Acc: 88.89% (Best: 94.44% @ Ep926) | LR: 0.000300 | Rev: 0/99999
Epoch 5217 | Cost: 0.026398 | Acc: 88.89% (Best: 94.44% @ Ep926) | LR: 0.000300 | Rev: 0/99999
Epoch 5218 | Cost: 0.028166 | Acc: 88.89% (Best: 94.44% @ Ep926) | LR: 0.000300 | Rev: 1/99999
Epoch 5219 | Cost: 0.036439 | Acc: 88.89% (Best: 94.44% @ Ep926) | LR: 0.000300 | Rev: 2/99999
Epoch 5220 | Cost: 0.031701 | Acc: 88.89% (Best: 94.44% @ Ep926) | LR: 0.000300 | Rev: 0/99999
Epoch 5221 | Cost: 0.021457 | Acc: 88.89% (Best: 94.44% @ Ep926) | LR: 0.000300 | Rev: 0/99999
Epoch 5222 | Cost: 0.013646 | Acc: 88.89% (Best: 94.44% @ Ep926) | LR: 0.000300 | Rev: 0/99999
Epoch 5223 | Cost: 0.026981 | Acc: 88.89% (Best: 94.44% @ Ep926) | LR: 0.000300 | Rev: 1/99999
Epoch 5224 | Cost: 0.019893 | Acc: 88.89% (Best: 94.44% @ Ep926) | LR: 0.000300 | Rev: 0/99999
Epoch 5225 | Cost: 0.035201 | Acc: 88.89% (Best: 94.44% @ Ep926) | LR: 0.000300 | Rev: 1/99999
Epoch 5226 | Cost: 0.038603 | Acc: 88.89% (Best: 94.44% @ Ep926) | LR: 0.000300 | Rev: 2/99999
Epoch 5227 | Cost: 0.040019 | Acc: 88.89% (Best: 94.44% @ Ep926) | LR: 0.000300 | Rev: 3/99999
Epoch 5228 | Cost: 0.026404 | Acc: 88.89% (Best: 94.44% @ Ep926) | LR: 0.000300 | Rev: 0/99999
Epoch 5229 | Cost: 0.029354 | Acc: 88.89% (Best: 94.44% @ Ep926) | LR: 0.000300 | Rev: 1/99999
Epoch 5230 | Cost: 0.019374 | Acc: 88.89% (Best: 94.44% @ Ep926) | LR: 0.000300 | Rev: 0/99999
Epoch 5231 | Cost: 0.017187 | Acc: 88.89% (Best: 94.44% @ Ep926) | LR: 0.000300 | Rev: 0/99999
Epoch 5232 | Cost: 0.030993 | Acc: 88.89% (Best: 94.44% @ Ep926) | LR: 0.000300 | Rev: 1/99999
Epoch 5233 | Cost: 0.025942 | Acc: 88.89% (Best: 94.44% @ Ep926) | LR: 0.000300 | Rev: 0/99999
Epoch 5234 | Cost: 0.033810 | Acc: 88.89% (Best: 94.44% @ Ep926) | LR: 0.000300 | Rev: 1/99999
Epoch 5235 | Cost: 0.028208 | Acc: 88.89% (Best: 94.44% @ Ep926) | LR: 0.000300 | Rev: 0/99999
Epoch 5236 | Cost: 0.023595 | Acc: 88.89% (Best: 94.44% @ Ep926) | LR: 0.000300 | Rev: 0/99999
Epoch 5237 | Cost: 0.053513 | Acc: 88.89% (Best: 94.44% @ Ep926) | LR: 0.000300 | Rev: 1/99999
Epoch 5238 | Cost: 0.027717 | Acc: 88.89% (Best: 94.44% @ Ep926) | LR: 0.000300 | Rev: 0/99999
Epoch 5239 | Cost: 0.022067 | Acc: 88.89% (Best: 94.44% @ Ep926) | LR: 0.000300 | Rev: 0/99999
Epoch 5240 | Cost: 0.029529 | Acc: 88.89% (Best: 94.44% @ Ep926) | LR: 0.000300 | Rev: 1/99999
Epoch 5241 | Cost: 0.033893 | Acc: 88.89% (Best: 94.44% @ Ep926) | LR: 0.000300 | Rev: 2/99999
Epoch 5242 | Cost: 0.029957 | Acc: 88.89% (Best: 94.44% @ Ep926) | LR: 0.000300 | Rev: 0/99999
Epoch 5243 | Cost: 0.026107 | Acc: 88.89% (Best: 94.44% @ Ep926) | LR: 0.000300 | Rev: 0/99999
Epoch 5244 | Cost: 0.032026 | Acc: 88.89% (Best: 94.44% @ Ep926) | LR: 0.000300 | Rev: 1/99999
Epoch 5245 | Cost: 0.028730 | Acc: 88.89% (Best: 94.44% @ Ep926) | LR: 0.000300 | Rev: 0/99999
Epoch 5246 | Cost: 0.027164 | Acc: 88.89% (Best: 94.44% @ Ep926) | LR: 0.000300 | Rev: 0/99999
Epoch 5247 | Cost: 0.036928 | Acc: 88.89% (Best: 94.44% @ Ep926) | LR: 0.000300 | Rev: 1/99999
Epoch 5248 | Cost: 0.029661 | Acc: 88.89% (Best: 94.44% @ Ep926) | LR: 0.000300 | Rev: 0/99999
Epoch 5249 | Cost: 0.020902 | Acc: 88.89% (Best: 94.44% @ Ep926) | LR: 0.000300 | Rev: 0/99999
Epoch 5250 | Cost: 0.031514 | Acc: 88.89% (Best: 94.44% @ Ep926) | LR: 0.000300 | Rev: 1/99999
Epoch 5251 | Cost: 0.043025 | Acc: 88.89% (Best: 94.44% @ Ep926) | LR: 0.000300 | Rev: 2/99999
Epoch 5252 | Cost: 0.022425 | Acc: 88.89% (Best: 94.44% @ Ep926) | LR: 0.000300 | Rev: 0/99999
Epoch 5253 | Cost: 0.025216 | Acc: 88.89% (Best: 94.44% @ Ep926) | LR: 0.000300 | Rev: 1/99999
Epoch 5254 | Cost: 0.027384 | Acc: 88.89% (Best: 94.44% @ Ep926) | LR: 0.000300 | Rev: 2/99999
Epoch 5255 | Cost: 0.038530 | Acc: 88.89% (Best: 94.44% @ Ep926) | LR: 0.000300 | Rev: 3/99999
Epoch 5256 | Cost: 0.035569 | Acc: 88.89% (Best: 94.44% @ Ep926) | LR: 0.000300 | Rev: 0/99999
Epoch 5257 | Cost: 0.035664 | Acc: 88.89% (Best: 94.44% @ Ep926) | LR: 0.000300 | Rev: 1/99999
Epoch 5258 | Cost: 0.029599 | Acc: 88.89% (Best: 94.44% @ Ep926) | LR: 0.000300 | Rev: 0/99999
Epoch 5259 | Cost: 0.020620 | Acc: 88.89% (Best: 94.44% @ Ep926) | LR: 0.000300 | Rev: 0/99999
Epoch 5260 | Cost: 0.031282 | Acc: 88.89% (Best: 94.44% @ Ep926) | LR: 0.000300 | Rev: 1/99999
Epoch 5261 | Cost: 0.033370 | Acc: 88.89% (Best: 94.44% @ Ep926) | LR: 0.000300 | Rev: 2/99999
Epoch 5262 | Cost: 0.034575 | Acc: 88.89% (Best: 94.44% @ Ep926) | LR: 0.000300 | Rev: 3/99999
Epoch 5263 | Cost: 0.017070 | Acc: 88.89% (Best: 94.44% @ Ep926) | LR: 0.000300 | Rev: 0/99999
Epoch 5264 | Cost: 0.040288 | Acc: 88.89% (Best: 94.44% @ Ep926) | LR: 0.000300 | Rev: 1/99999
Epoch 5265 | Cost: 0.029978 | Acc: 88.89% (Best: 94.44% @ Ep926) | LR: 0.000300 | Rev: 0/99999
Epoch 5266 | Cost: 0.036921 | Acc: 88.89% (Best: 94.44% @ Ep926) | LR: 0.000300 | Rev: 1/99999
Epoch 5267 | Cost: 0.029216 | Acc: 88.89% (Best: 94.44% @ Ep926) | LR: 0.000300 | Rev: 0/99999
Epoch 5268 | Cost: 0.030939 | Acc: 88.89% (Best: 94.44% @ Ep926) | LR: 0.000300 | Rev: 1/99999
Epoch 5269 | Cost: 0.018363 | Acc: 88.89% (Best: 94.44% @ Ep926) | LR: 0.000300 | Rev: 0/99999
Epoch 5270 | Cost: 0.026568 | Acc: 88.89% (Best: 94.44% @ Ep926) | LR: 0.000300 | Rev: 1/99999
Epoch 5271 | Cost: 0.033114 | Acc: 88.89% (Best: 94.44% @ Ep926) | LR: 0.000300 | Rev: 2/99999
Epoch 5272 | Cost: 0.027279 | Acc: 88.89% (Best: 94.44% @ Ep926) | LR: 0.000300 | Rev: 0/99999
Epoch 5273 | Cost: 0.042276 | Acc: 88.89% (Best: 94.44% @ Ep926) | LR: 0.000300 | Rev: 1/99999
Epoch 5274 | Cost: 0.031587 | Acc: 88.89% (Best: 94.44% @ Ep926) | LR: 0.000300 | Rev: 0/99999
Epoch 5275 | Cost: 0.033526 | Acc: 88.89% (Best: 94.44% @ Ep926) | LR: 0.000300 | Rev: 1/99999
Epoch 5276 | Cost: 0.033071 | Acc: 88.89% (Best: 94.44% @ Ep926) | LR: 0.000300 | Rev: 0/99999
Epoch 5277 | Cost: 0.027340 | Acc: 88.89% (Best: 94.44% @ Ep926) | LR: 0.000300 | Rev: 0/99999
Epoch 5278 | Cost: 0.034996 | Acc: 88.89% (Best: 94.44% @ Ep926) | LR: 0.000300 | Rev: 1/99999
Epoch 5279 | Cost: 0.021914 | Acc: 88.89% (Best: 94.44% @ Ep926) | LR: 0.000300 | Rev: 0/99999
Epoch 5280 | Cost: 0.031343 | Acc: 88.89% (Best: 94.44% @ Ep926) | LR: 0.000300 | Rev: 1/99999
Epoch 5281 | Cost: 0.042297 | Acc: 88.89% (Best: 94.44% @ Ep926) | LR: 0.000300 | Rev: 2/99999
Epoch 5282 | Cost: 0.028827 | Acc: 86.11% (Best: 94.44% @ Ep926) | LR: 0.000300 | Rev: 0/99999
Epoch 5283 | Cost: 0.021632 | Acc: 88.89% (Best: 94.44% @ Ep926) | LR: 0.000300 | Rev: 0/99999
Epoch 5284 | Cost: 0.032608 | Acc: 88.89% (Best: 94.44% @ Ep926) | LR: 0.000300 | Rev: 1/99999
Epoch 5285 | Cost: 0.052213 | Acc: 88.89% (Best: 94.44% @ Ep926) | LR: 0.000300 | Rev: 2/99999
Epoch 5286 | Cost: 0.022337 | Acc: 88.89% (Best: 94.44% @ Ep926) | LR: 0.000300 | Rev: 0/99999
Epoch 5287 | Cost: 0.024497 | Acc: 88.89% (Best: 94.44% @ Ep926) | LR: 0.000300 | Rev: 1/99999
Epoch 5288 | Cost: 0.029384 | Acc: 88.89% (Best: 94.44% @ Ep926) | LR: 0.000300 | Rev: 2/99999
Epoch 5289 | Cost: 0.023455 | Acc: 88.89% (Best: 94.44% @ Ep926) | LR: 0.000300 | Rev: 0/99999
Epoch 5290 | Cost: 0.024647 | Acc: 88.89% (Best: 94.44% @ Ep926) | LR: 0.000300 | Rev: 1/99999
Epoch 5291 | Cost: 0.015998 | Acc: 88.89% (Best: 94.44% @ Ep926) | LR: 0.000300 | Rev: 0/99999
Epoch 5292 | Cost: 0.013763 | Acc: 88.89% (Best: 94.44% @ Ep926) | LR: 0.000300 | Rev: 0/99999
Epoch 5293 | Cost: 0.024187 | Acc: 88.89% (Best: 94.44% @ Ep926) | LR: 0.000300 | Rev: 1/99999
Epoch 5294 | Cost: 0.023281 | Acc: 88.89% (Best: 94.44% @ Ep926) | LR: 0.000300 | Rev: 0/99999
Epoch 5295 | Cost: 0.028476 | Acc: 88.89% (Best: 94.44% @ Ep926) | LR: 0.000300 | Rev: 1/99999
Epoch 5296 | Cost: 0.018702 | Acc: 88.89% (Best: 94.44% @ Ep926) | LR: 0.000300 | Rev: 0/99999
Epoch 5297 | Cost: 0.015395 | Acc: 88.89% (Best: 94.44% @ Ep926) | LR: 0.000300 | Rev: 0/99999
Epoch 5298 | Cost: 0.021044 | Acc: 88.89% (Best: 94.44% @ Ep926) | LR: 0.000300 | Rev: 1/99999
Epoch 5299 | Cost: 0.022318 | Acc: 88.89% (Best: 94.44% @ Ep926) | LR: 0.000300 | Rev: 2/99999
Epoch 5300 | Cost: 0.039802 | Acc: 88.89% (Best: 94.44% @ Ep926) | LR: 0.000300 | Rev: 3/99999
Epoch 5301 | Cost: 0.035501 | Acc: 88.89% (Best: 94.44% @ Ep926) | LR: 0.000300 | Rev: 0/99999
Epoch 5302 | Cost: 0.021796 | Acc: 88.89% (Best: 94.44% @ Ep926) | LR: 0.000300 | Rev: 0/99999
Epoch 5303 | Cost: 0.030349 | Acc: 88.89% (Best: 94.44% @ Ep926) | LR: 0.000300 | Rev: 1/99999
Epoch 5304 | Cost: 0.028531 | Acc: 88.89% (Best: 94.44% @ Ep926) | LR: 0.000300 | Rev: 0/99999
Epoch 5305 | Cost: 0.023775 | Acc: 88.89% (Best: 94.44% @ Ep926) | LR: 0.000300 | Rev: 0/99999
Epoch 5306 | Cost: 0.030362 | Acc: 88.89% (Best: 94.44% @ Ep926) | LR: 0.000300 | Rev: 1/99999
Epoch 5307 | Cost: 0.019614 | Acc: 88.89% (Best: 94.44% @ Ep926) | LR: 0.000300 | Rev: 0/99999
Epoch 5308 | Cost: 0.024870 | Acc: 88.89% (Best: 94.44% @ Ep926) | LR: 0.000300 | Rev: 1/99999
Epoch 5309 | Cost: 0.039597 | Acc: 88.89% (Best: 94.44% @ Ep926) | LR: 0.000300 | Rev: 2/99999
Epoch 5310 | Cost: 0.029236 | Acc: 88.89% (Best: 94.44% @ Ep926) | LR: 0.000300 | Rev: 0/99999
Epoch 5311 | Cost: 0.021867 | Acc: 88.89% (Best: 94.44% @ Ep926) | LR: 0.000300 | Rev: 0/99999
Epoch 5312 | Cost: 0.027603 | Acc: 88.89% (Best: 94.44% @ Ep926) | LR: 0.000300 | Rev: 1/99999
Epoch 5313 | Cost: 0.020966 | Acc: 88.89% (Best: 94.44% @ Ep926) | LR: 0.000300 | Rev: 0/99999
Epoch 5314 | Cost: 0.021369 | Acc: 88.89% (Best: 94.44% @ Ep926) | LR: 0.000300 | Rev: 1/99999
Epoch 5315 | Cost: 0.023862 | Acc: 88.89% (Best: 94.44% @ Ep926) | LR: 0.000300 | Rev: 2/99999
Epoch 5316 | Cost: 0.023684 | Acc: 88.89% (Best: 94.44% @ Ep926) | LR: 0.000300 | Rev: 0/99999
Epoch 5317 | Cost: 0.022151 | Acc: 88.89% (Best: 94.44% @ Ep926) | LR: 0.000300 | Rev: 0/99999
Epoch 5318 | Cost: 0.031546 | Acc: 88.89% (Best: 94.44% @ Ep926) | LR: 0.000300 | Rev: 1/99999
Epoch 5319 | Cost: 0.045866 | Acc: 88.89% (Best: 94.44% @ Ep926) | LR: 0.000300 | Rev: 2/99999
Epoch 5320 | Cost: 0.031080 | Acc: 88.89% (Best: 94.44% @ Ep926) | LR: 0.000300 | Rev: 0/99999
Epoch 5321 | Cost: 0.038123 | Acc: 88.89% (Best: 94.44% @ Ep926) | LR: 0.000300 | Rev: 1/99999
Epoch 5322 | Cost: 0.020188 | Acc: 88.89% (Best: 94.44% @ Ep926) | LR: 0.000300 | Rev: 0/99999
Epoch 5323 | Cost: 0.024659 | Acc: 88.89% (Best: 94.44% @ Ep926) | LR: 0.000300 | Rev: 1/99999
Epoch 5324 | Cost: 0.034461 | Acc: 88.89% (Best: 94.44% @ Ep926) | LR: 0.000300 | Rev: 2/99999
Epoch 5325 | Cost: 0.028429 | Acc: 88.89% (Best: 94.44% @ Ep926) | LR: 0.000300 | Rev: 0/99999
Epoch 5326 | Cost: 0.026595 | Acc: 88.89% (Best: 94.44% @ Ep926) | LR: 0.000300 | Rev: 0/99999
Epoch 5327 | Cost: 0.026829 | Acc: 88.89% (Best: 94.44% @ Ep926) | LR: 0.000300 | Rev: 1/99999
Epoch 5328 | Cost: 0.027737 | Acc: 88.89% (Best: 94.44% @ Ep926) | LR: 0.000300 | Rev: 2/99999
Epoch 5329 | Cost: 0.023345 | Acc: 88.89% (Best: 94.44% @ Ep926) | LR: 0.000300 | Rev: 0/99999
Epoch 5330 | Cost: 0.021014 | Acc: 88.89% (Best: 94.44% @ Ep926) | LR: 0.000300 | Rev: 0/99999
Epoch 5331 | Cost: 0.034420 | Acc: 88.89% (Best: 94.44% @ Ep926) | LR: 0.000300 | Rev: 1/99999
Epoch 5332 | Cost: 0.031279 | Acc: 88.89% (Best: 94.44% @ Ep926) | LR: 0.000300 | Rev: 0/99999
Epoch 5333 | Cost: 0.023471 | Acc: 88.89% (Best: 94.44% @ Ep926) | LR: 0.000300 | Rev: 0/99999
Epoch 5334 | Cost: 0.026501 | Acc: 88.89% (Best: 94.44% @ Ep926) | LR: 0.000300 | Rev: 1/99999
Epoch 5335 | Cost: 0.030635 | Acc: 88.89% (Best: 94.44% @ Ep926) | LR: 0.000300 | Rev: 2/99999
Epoch 5336 | Cost: 0.033314 | Acc: 88.89% (Best: 94.44% @ Ep926) | LR: 0.000300 | Rev: 3/99999
Epoch 5337 | Cost: 0.021059 | Acc: 88.89% (Best: 94.44% @ Ep926) | LR: 0.000300 | Rev: 0/99999
Epoch 5338 | Cost: 0.024614 | Acc: 88.89% (Best: 94.44% @ Ep926) | LR: 0.000300 | Rev: 1/99999
Epoch 5339 | Cost: 0.019225 | Acc: 88.89% (Best: 94.44% @ Ep926) | LR: 0.000300 | Rev: 0/99999
Epoch 5340 | Cost: 0.016791 | Acc: 88.89% (Best: 94.44% @ Ep926) | LR: 0.000300 | Rev: 0/99999
Epoch 5341 | Cost: 0.017443 | Acc: 88.89% (Best: 94.44% @ Ep926) | LR: 0.000300 | Rev: 1/99999
Epoch 5342 | Cost: 0.020113 | Acc: 88.89% (Best: 94.44% @ Ep926) | LR: 0.000300 | Rev: 2/99999
Epoch 5343 | Cost: 0.021207 | Acc: 88.89% (Best: 94.44% @ Ep926) | LR: 0.000300 | Rev: 3/99999
Epoch 5344 | Cost: 0.023123 | Acc: 88.89% (Best: 94.44% @ Ep926) | LR: 0.000300 | Rev: 4/99999
Epoch 5345 | Cost: 0.027014 | Acc: 88.89% (Best: 94.44% @ Ep926) | LR: 0.000300 | Rev: 5/99999
Epoch 5346 | Cost: 0.017290 | Acc: 88.89% (Best: 94.44% @ Ep926) | LR: 0.000300 | Rev: 0/99999
Epoch 5347 | Cost: 0.028308 | Acc: 88.89% (Best: 94.44% @ Ep926) | LR: 0.000300 | Rev: 1/99999
Epoch 5348 | Cost: 0.021336 | Acc: 88.89% (Best: 94.44% @ Ep926) | LR: 0.000300 | Rev: 0/99999
Epoch 5349 | Cost: 0.032242 | Acc: 88.89% (Best: 94.44% @ Ep926) | LR: 0.000300 | Rev: 1/99999
Epoch 5350 | Cost: 0.038348 | Acc: 88.89% (Best: 94.44% @ Ep926) | LR: 0.000300 | Rev: 2/99999
Epoch 5351 | Cost: 0.021027 | Acc: 88.89% (Best: 94.44% @ Ep926) | LR: 0.000300 | Rev: 0/99999
Epoch 5352 | Cost: 0.034530 | Acc: 88.89% (Best: 94.44% @ Ep926) | LR: 0.000300 | Rev: 1/99999
Epoch 5353 | Cost: 0.028860 | Acc: 88.89% (Best: 94.44% @ Ep926) | LR: 0.000300 | Rev: 0/99999
Epoch 5354 | Cost: 0.022939 | Acc: 88.89% (Best: 94.44% @ Ep926) | LR: 0.000300 | Rev: 0/99999
Epoch 5355 | Cost: 0.026948 | Acc: 88.89% (Best: 94.44% @ Ep926) | LR: 0.000300 | Rev: 1/99999
Epoch 5356 | Cost: 0.024464 | Acc: 88.89% (Best: 94.44% @ Ep926) | LR: 0.000300 | Rev: 0/99999
Epoch 5357 | Cost: 0.022800 | Acc: 86.11% (Best: 94.44% @ Ep926) | LR: 0.000300 | Rev: 0/99999
Epoch 5358 | Cost: 0.025811 | Acc: 86.11% (Best: 94.44% @ Ep926) | LR: 0.000300 | Rev: 1/99999
Epoch 5359 | Cost: 0.025641 | Acc: 88.89% (Best: 94.44% @ Ep926) | LR: 0.000300 | Rev: 0/99999
Epoch 5360 | Cost: 0.028776 | Acc: 88.89% (Best: 94.44% @ Ep926) | LR: 0.000300 | Rev: 1/99999
Epoch 5361 | Cost: 0.013773 | Acc: 88.89% (Best: 94.44% @ Ep926) | LR: 0.000300 | Rev: 0/99999
Epoch 5362 | Cost: 0.032127 | Acc: 88.89% (Best: 94.44% @ Ep926) | LR: 0.000300 | Rev: 1/99999
Epoch 5363 | Cost: 0.020969 | Acc: 88.89% (Best: 94.44% @ Ep926) | LR: 0.000300 | Rev: 0/99999
Epoch 5364 | Cost: 0.029153 | Acc: 88.89% (Best: 94.44% @ Ep926) | LR: 0.000300 | Rev: 1/99999
Epoch 5365 | Cost: 0.051952 | Acc: 88.89% (Best: 94.44% @ Ep926) | LR: 0.000300 | Rev: 2/99999
Epoch 5366 | Cost: 0.031182 | Acc: 88.89% (Best: 94.44% @ Ep926) | LR: 0.000300 | Rev: 0/99999
Epoch 5367 | Cost: 0.034122 | Acc: 88.89% (Best: 94.44% @ Ep926) | LR: 0.000300 | Rev: 1/99999
Epoch 5368 | Cost: 0.022321 | Acc: 88.89% (Best: 94.44% @ Ep926) | LR: 0.000300 | Rev: 0/99999
Epoch 5369 | Cost: 0.029977 | Acc: 88.89% (Best: 94.44% @ Ep926) | LR: 0.000300 | Rev: 1/99999
Epoch 5370 | Cost: 0.026513 | Acc: 88.89% (Best: 94.44% @ Ep926) | LR: 0.000300 | Rev: 0/99999
Epoch 5371 | Cost: 0.028036 | Acc: 88.89% (Best: 94.44% @ Ep926) | LR: 0.000300 | Rev: 1/99999
Epoch 5372 | Cost: 0.024156 | Acc: 88.89% (Best: 94.44% @ Ep926) | LR: 0.000300 | Rev: 0/99999
Epoch 5373 | Cost: 0.036038 | Acc: 88.89% (Best: 94.44% @ Ep926) | LR: 0.000300 | Rev: 1/99999
Epoch 5374 | Cost: 0.033189 | Acc: 88.89% (Best: 94.44% @ Ep926) | LR: 0.000300 | Rev: 0/99999
Epoch 5375 | Cost: 0.019034 | Acc: 88.89% (Best: 94.44% @ Ep926) | LR: 0.000300 | Rev: 0/99999
Epoch 5376 | Cost: 0.025723 | Acc: 88.89% (Best: 94.44% @ Ep926) | LR: 0.000300 | Rev: 1/99999
Epoch 5377 | Cost: 0.029119 | Acc: 88.89% (Best: 94.44% @ Ep926) | LR: 0.000300 | Rev: 2/99999
Epoch 5378 | Cost: 0.026765 | Acc: 88.89% (Best: 94.44% @ Ep926) | LR: 0.000300 | Rev: 0/99999
Epoch 5379 | Cost: 0.022609 | Acc: 88.89% (Best: 94.44% @ Ep926) | LR: 0.000300 | Rev: 0/99999
Epoch 5380 | Cost: 0.019793 | Acc: 88.89% (Best: 94.44% @ Ep926) | LR: 0.000300 | Rev: 0/99999
Epoch 5381 | Cost: 0.021936 | Acc: 88.89% (Best: 94.44% @ Ep926) | LR: 0.000300 | Rev: 1/99999
Epoch 5382 | Cost: 0.029996 | Acc: 88.89% (Best: 94.44% @ Ep926) | LR: 0.000300 | Rev: 2/99999
Epoch 5383 | Cost: 0.028427 | Acc: 88.89% (Best: 94.44% @ Ep926) | LR: 0.000300 | Rev: 0/99999
Epoch 5384 | Cost: 0.013133 | Acc: 88.89% (Best: 94.44% @ Ep926) | LR: 0.000300 | Rev: 0/99999
Epoch 5385 | Cost: 0.024819 | Acc: 88.89% (Best: 94.44% @ Ep926) | LR: 0.000300 | Rev: 1/99999
Epoch 5386 | Cost: 0.027497 | Acc: 88.89% (Best: 94.44% @ Ep926) | LR: 0.000300 | Rev: 2/99999
Epoch 5387 | Cost: 0.029240 | Acc: 88.89% (Best: 94.44% @ Ep926) | LR: 0.000300 | Rev: 3/99999
Epoch 5388 | Cost: 0.028950 | Acc: 88.89% (Best: 94.44% @ Ep926) | LR: 0.000300 | Rev: 0/99999
Epoch 5389 | Cost: 0.020223 | Acc: 88.89% (Best: 94.44% @ Ep926) | LR: 0.000300 | Rev: 0/99999
Epoch 5390 | Cost: 0.017195 | Acc: 88.89% (Best: 94.44% @ Ep926) | LR: 0.000300 | Rev: 0/99999
Epoch 5391 | Cost: 0.031693 | Acc: 88.89% (Best: 94.44% @ Ep926) | LR: 0.000300 | Rev: 1/99999
Epoch 5392 | Cost: 0.031350 | Acc: 88.89% (Best: 94.44% @ Ep926) | LR: 0.000300 | Rev: 0/99999
Epoch 5393 | Cost: 0.023746 | Acc: 88.89% (Best: 94.44% @ Ep926) | LR: 0.000300 | Rev: 0/99999
Epoch 5394 | Cost: 0.028973 | Acc: 88.89% (Best: 94.44% @ Ep926) | LR: 0.000300 | Rev: 1/99999
Epoch 5395 | Cost: 0.038967 | Acc: 88.89% (Best: 94.44% @ Ep926) | LR: 0.000300 | Rev: 2/99999
Epoch 5396 | Cost: 0.044741 | Acc: 88.89% (Best: 94.44% @ Ep926) | LR: 0.000300 | Rev: 3/99999
Epoch 5397 | Cost: 0.025212 | Acc: 88.89% (Best: 94.44% @ Ep926) | LR: 0.000300 | Rev: 0/99999
Epoch 5398 | Cost: 0.027046 | Acc: 88.89% (Best: 94.44% @ Ep926) | LR: 0.000300 | Rev: 1/99999
Epoch 5399 | Cost: 0.047152 | Acc: 88.89% (Best: 94.44% @ Ep926) | LR: 0.000300 | Rev: 2/99999
Epoch 5400 | Cost: 0.022290 | Acc: 88.89% (Best: 94.44% @ Ep926) | LR: 0.000300 | Rev: 0/99999
Epoch 5401 | Cost: 0.028568 | Acc: 88.89% (Best: 94.44% @ Ep926) | LR: 0.000300 | Rev: 1/99999
Epoch 5402 | Cost: 0.026793 | Acc: 88.89% (Best: 94.44% @ Ep926) | LR: 0.000300 | Rev: 0/99999
Epoch 5403 | Cost: 0.031581 | Acc: 88.89% (Best: 94.44% @ Ep926) | LR: 0.000300 | Rev: 1/99999
Epoch 5404 | Cost: 0.022662 | Acc: 88.89% (Best: 94.44% @ Ep926) | LR: 0.000300 | Rev: 0/99999
Epoch 5405 | Cost: 0.035187 | Acc: 88.89% (Best: 94.44% @ Ep926) | LR: 0.000300 | Rev: 1/99999
Epoch 5406 | Cost: 0.034900 | Acc: 88.89% (Best: 94.44% @ Ep926) | LR: 0.000300 | Rev: 0/99999
Epoch 5407 | Cost: 0.030979 | Acc: 88.89% (Best: 94.44% @ Ep926) | LR: 0.000300 | Rev: 0/99999
Epoch 5408 | Cost: 0.015127 | Acc: 88.89% (Best: 94.44% @ Ep926) | LR: 0.000300 | Rev: 0/99999
Epoch 5409 | Cost: 0.036220 | Acc: 88.89% (Best: 94.44% @ Ep926) | LR: 0.000300 | Rev: 1/99999
Epoch 5410 | Cost: 0.027998 | Acc: 88.89% (Best: 94.44% @ Ep926) | LR: 0.000300 | Rev: 0/99999
Epoch 5411 | Cost: 0.031026 | Acc: 88.89% (Best: 94.44% @ Ep926) | LR: 0.000300 | Rev: 1/99999
Epoch 5412 | Cost: 0.025275 | Acc: 88.89% (Best: 94.44% @ Ep926) | LR: 0.000300 | Rev: 0/99999
Epoch 5413 | Cost: 0.028268 | Acc: 88.89% (Best: 94.44% @ Ep926) | LR: 0.000300 | Rev: 1/99999
Epoch 5414 | Cost: 0.024904 | Acc: 86.11% (Best: 94.44% @ Ep926) | LR: 0.000300 | Rev: 0/99999
Epoch 5415 | Cost: 0.033953 | Acc: 86.11% (Best: 94.44% @ Ep926) | LR: 0.000300 | Rev: 1/99999
Epoch 5416 | Cost: 0.024411 | Acc: 86.11% (Best: 94.44% @ Ep926) | LR: 0.000300 | Rev: 0/99999
Epoch 5417 | Cost: 0.052666 | Acc: 88.89% (Best: 94.44% @ Ep926) | LR: 0.000300 | Rev: 1/99999
Epoch 5418 | Cost: 0.030203 | Acc: 88.89% (Best: 94.44% @ Ep926) | LR: 0.000300 | Rev: 0/99999
Epoch 5419 | Cost: 0.027526 | Acc: 88.89% (Best: 94.44% @ Ep926) | LR: 0.000300 | Rev: 0/99999
Epoch 5420 | Cost: 0.033897 | Acc: 88.89% (Best: 94.44% @ Ep926) | LR: 0.000300 | Rev: 1/99999
Epoch 5421 | Cost: 0.021538 | Acc: 88.89% (Best: 94.44% @ Ep926) | LR: 0.000300 | Rev: 0/99999
Epoch 5422 | Cost: 0.022472 | Acc: 88.89% (Best: 94.44% @ Ep926) | LR: 0.000300 | Rev: 1/99999
Epoch 5423 | Cost: 0.020220 | Acc: 88.89% (Best: 94.44% @ Ep926) | LR: 0.000300 | Rev: 0/99999
Epoch 5424 | Cost: 0.019470 | Acc: 88.89% (Best: 94.44% @ Ep926) | LR: 0.000300 | Rev: 0/99999
Epoch 5425 | Cost: 0.021653 | Acc: 88.89% (Best: 94.44% @ Ep926) | LR: 0.000300 | Rev: 1/99999
Epoch 5426 | Cost: 0.020528 | Acc: 88.89% (Best: 94.44% @ Ep926) | LR: 0.000300 | Rev: 0/99999
Epoch 5427 | Cost: 0.038820 | Acc: 88.89% (Best: 94.44% @ Ep926) | LR: 0.000300 | Rev: 1/99999
Epoch 5428 | Cost: 0.030495 | Acc: 88.89% (Best: 94.44% @ Ep926) | LR: 0.000300 | Rev: 0/99999
Epoch 5429 | Cost: 0.025391 | Acc: 88.89% (Best: 94.44% @ Ep926) | LR: 0.000300 | Rev: 0/99999
Epoch 5430 | Cost: 0.018577 | Acc: 88.89% (Best: 94.44% @ Ep926) | LR: 0.000300 | Rev: 0/99999
Epoch 5431 | Cost: 0.027548 | Acc: 88.89% (Best: 94.44% @ Ep926) | LR: 0.000300 | Rev: 1/99999
Epoch 5432 | Cost: 0.017398 | Acc: 88.89% (Best: 94.44% @ Ep926) | LR: 0.000300 | Rev: 0/99999
Epoch 5433 | Cost: 0.043919 | Acc: 88.89% (Best: 94.44% @ Ep926) | LR: 0.000300 | Rev: 1/99999
Epoch 5434 | Cost: 0.030105 | Acc: 88.89% (Best: 94.44% @ Ep926) | LR: 0.000300 | Rev: 0/99999
Epoch 5435 | Cost: 0.022971 | Acc: 88.89% (Best: 94.44% @ Ep926) | LR: 0.000300 | Rev: 0/99999
Epoch 5436 | Cost: 0.023555 | Acc: 88.89% (Best: 94.44% @ Ep926) | LR: 0.000300 | Rev: 1/99999
Epoch 5437 | Cost: 0.028047 | Acc: 88.89% (Best: 94.44% @ Ep926) | LR: 0.000300 | Rev: 2/99999
Epoch 5438 | Cost: 0.032969 | Acc: 88.89% (Best: 94.44% @ Ep926) | LR: 0.000300 | Rev: 3/99999
Epoch 5439 | Cost: 0.025585 | Acc: 88.89% (Best: 94.44% @ Ep926) | LR: 0.000300 | Rev: 0/99999
Epoch 5440 | Cost: 0.020396 | Acc: 88.89% (Best: 94.44% @ Ep926) | LR: 0.000300 | Rev: 0/99999
Epoch 5441 | Cost: 0.022637 | Acc: 88.89% (Best: 94.44% @ Ep926) | LR: 0.000300 | Rev: 1/99999
Epoch 5442 | Cost: 0.015248 | Acc: 88.89% (Best: 94.44% @ Ep926) | LR: 0.000300 | Rev: 0/99999
Epoch 5443 | Cost: 0.023827 | Acc: 88.89% (Best: 94.44% @ Ep926) | LR: 0.000300 | Rev: 1/99999
Epoch 5444 | Cost: 0.020756 | Acc: 88.89% (Best: 94.44% @ Ep926) | LR: 0.000300 | Rev: 0/99999
Epoch 5445 | Cost: 0.025187 | Acc: 88.89% (Best: 94.44% @ Ep926) | LR: 0.000300 | Rev: 1/99999
Epoch 5446 | Cost: 0.025480 | Acc: 88.89% (Best: 94.44% @ Ep926) | LR: 0.000300 | Rev: 2/99999
Epoch 5447 | Cost: 0.018259 | Acc: 88.89% (Best: 94.44% @ Ep926) | LR: 0.000300 | Rev: 0/99999
Epoch 5448 | Cost: 0.016091 | Acc: 88.89% (Best: 94.44% @ Ep926) | LR: 0.000300 | Rev: 0/99999
Epoch 5449 | Cost: 0.025743 | Acc: 88.89% (Best: 94.44% @ Ep926) | LR: 0.000300 | Rev: 1/99999
Epoch 5450 | Cost: 0.018718 | Acc: 88.89% (Best: 94.44% @ Ep926) | LR: 0.000300 | Rev: 0/99999
Epoch 5451 | Cost: 0.029398 | Acc: 88.89% (Best: 94.44% @ Ep926) | LR: 0.000300 | Rev: 1/99999
Epoch 5452 | Cost: 0.017370 | Acc: 88.89% (Best: 94.44% @ Ep926) | LR: 0.000300 | Rev: 0/99999
Epoch 5453 | Cost: 0.018887 | Acc: 88.89% (Best: 94.44% @ Ep926) | LR: 0.000300 | Rev: 1/99999
Epoch 5454 | Cost: 0.016329 | Acc: 88.89% (Best: 94.44% @ Ep926) | LR: 0.000300 | Rev: 0/99999
Epoch 5455 | Cost: 0.022232 | Acc: 88.89% (Best: 94.44% @ Ep926) | LR: 0.000300 | Rev: 1/99999
Epoch 5456 | Cost: 0.023170 | Acc: 88.89% (Best: 94.44% @ Ep926) | LR: 0.000300 | Rev: 2/99999
Epoch 5457 | Cost: 0.025396 | Acc: 88.89% (Best: 94.44% @ Ep926) | LR: 0.000300 | Rev: 3/99999
Epoch 5458 | Cost: 0.030468 | Acc: 88.89% (Best: 94.44% @ Ep926) | LR: 0.000300 | Rev: 4/99999
Epoch 5459 | Cost: 0.017869 | Acc: 88.89% (Best: 94.44% @ Ep926) | LR: 0.000300 | Rev: 0/99999
Epoch 5460 | Cost: 0.020881 | Acc: 88.89% (Best: 94.44% @ Ep926) | LR: 0.000300 | Rev: 1/99999
Epoch 5461 | Cost: 0.029917 | Acc: 88.89% (Best: 94.44% @ Ep926) | LR: 0.000300 | Rev: 2/99999
Epoch 5462 | Cost: 0.017059 | Acc: 88.89% (Best: 94.44% @ Ep926) | LR: 0.000300 | Rev: 0/99999
Epoch 5463 | Cost: 0.017941 | Acc: 88.89% (Best: 94.44% @ Ep926) | LR: 0.000300 | Rev: 1/99999
Epoch 5464 | Cost: 0.029246 | Acc: 88.89% (Best: 94.44% @ Ep926) | LR: 0.000300 | Rev: 2/99999
Epoch 5465 | Cost: 0.021754 | Acc: 88.89% (Best: 94.44% @ Ep926) | LR: 0.000300 | Rev: 0/99999
Epoch 5466 | Cost: 0.024634 | Acc: 88.89% (Best: 94.44% @ Ep926) | LR: 0.000300 | Rev: 1/99999
Epoch 5467 | Cost: 0.021697 | Acc: 88.89% (Best: 94.44% @ Ep926) | LR: 0.000300 | Rev: 0/99999
Epoch 5468 | Cost: 0.016161 | Acc: 88.89% (Best: 94.44% @ Ep926) | LR: 0.000300 | Rev: 0/99999
Epoch 5469 | Cost: 0.046972 | Acc: 88.89% (Best: 94.44% @ Ep926) | LR: 0.000300 | Rev: 1/99999
Epoch 5470 | Cost: 0.024406 | Acc: 86.11% (Best: 94.44% @ Ep926) | LR: 0.000300 | Rev: 0/99999
Epoch 5471 | Cost: 0.023250 | Acc: 86.11% (Best: 94.44% @ Ep926) | LR: 0.000300 | Rev: 0/99999
Epoch 5472 | Cost: 0.021085 | Acc: 86.11% (Best: 94.44% @ Ep926) | LR: 0.000300 | Rev: 0/99999
Epoch 5473 | Cost: 0.019154 | Acc: 86.11% (Best: 94.44% @ Ep926) | LR: 0.000300 | Rev: 0/99999
Epoch 5474 | Cost: 0.021892 | Acc: 88.89% (Best: 94.44% @ Ep926) | LR: 0.000300 | Rev: 1/99999
Epoch 5475 | Cost: 0.019396 | Acc: 88.89% (Best: 94.44% @ Ep926) | LR: 0.000300 | Rev: 0/99999
Epoch 5476 | Cost: 0.026410 | Acc: 88.89% (Best: 94.44% @ Ep926) | LR: 0.000300 | Rev: 1/99999
Epoch 5477 | Cost: 0.031753 | Acc: 88.89% (Best: 94.44% @ Ep926) | LR: 0.000300 | Rev: 2/99999
Epoch 5478 | Cost: 0.016058 | Acc: 88.89% (Best: 94.44% @ Ep926) | LR: 0.000300 | Rev: 0/99999
Epoch 5479 | Cost: 0.035179 | Acc: 88.89% (Best: 94.44% @ Ep926) | LR: 0.000300 | Rev: 1/99999
Epoch 5480 | Cost: 0.043593 | Acc: 88.89% (Best: 94.44% @ Ep926) | LR: 0.000300 | Rev: 2/99999
Epoch 5481 | Cost: 0.021422 | Acc: 88.89% (Best: 94.44% @ Ep926) | LR: 0.000300 | Rev: 0/99999
Epoch 5482 | Cost: 0.024455 | Acc: 88.89% (Best: 94.44% @ Ep926) | LR: 0.000300 | Rev: 1/99999
Epoch 5483 | Cost: 0.022349 | Acc: 88.89% (Best: 94.44% @ Ep926) | LR: 0.000300 | Rev: 0/99999
Epoch 5484 | Cost: 0.014086 | Acc: 88.89% (Best: 94.44% @ Ep926) | LR: 0.000300 | Rev: 0/99999
Epoch 5485 | Cost: 0.030254 | Acc: 88.89% (Best: 94.44% @ Ep926) | LR: 0.000300 | Rev: 1/99999
Epoch 5486 | Cost: 0.025960 | Acc: 88.89% (Best: 94.44% @ Ep926) | LR: 0.000300 | Rev: 0/99999
Epoch 5487 | Cost: 0.025840 | Acc: 88.89% (Best: 94.44% @ Ep926) | LR: 0.000300 | Rev: 0/99999
Epoch 5488 | Cost: 0.024095 | Acc: 88.89% (Best: 94.44% @ Ep926) | LR: 0.000300 | Rev: 0/99999
Epoch 5489 | Cost: 0.025031 | Acc: 88.89% (Best: 94.44% @ Ep926) | LR: 0.000300 | Rev: 1/99999
Epoch 5490 | Cost: 0.023106 | Acc: 88.89% (Best: 94.44% @ Ep926) | LR: 0.000300 | Rev: 0/99999
Epoch 5491 | Cost: 0.028960 | Acc: 88.89% (Best: 94.44% @ Ep926) | LR: 0.000300 | Rev: 1/99999
Epoch 5492 | Cost: 0.025236 | Acc: 88.89% (Best: 94.44% @ Ep926) | LR: 0.000300 | Rev: 0/99999
Epoch 5493 | Cost: 0.019737 | Acc: 88.89% (Best: 94.44% @ Ep926) | LR: 0.000300 | Rev: 0/99999
Epoch 5494 | Cost: 0.020350 | Acc: 88.89% (Best: 94.44% @ Ep926) | LR: 0.000300 | Rev: 1/99999
Epoch 5495 | Cost: 0.029888 | Acc: 88.89% (Best: 94.44% @ Ep926) | LR: 0.000300 | Rev: 2/99999
Epoch 5496 | Cost: 0.029708 | Acc: 88.89% (Best: 94.44% @ Ep926) | LR: 0.000300 | Rev: 0/99999
Epoch 5497 | Cost: 0.025846 | Acc: 88.89% (Best: 94.44% @ Ep926) | LR: 0.000300 | Rev: 0/99999
Epoch 5498 | Cost: 0.033513 | Acc: 88.89% (Best: 94.44% @ Ep926) | LR: 0.000300 | Rev: 1/99999
Epoch 5499 | Cost: 0.018927 | Acc: 88.89% (Best: 94.44% @ Ep926) | LR: 0.000300 | Rev: 0/99999
Epoch 5500 | Cost: 0.022891 | Acc: 88.89% (Best: 94.44% @ Ep926) | LR: 0.000300 | Rev: 1/99999
Epoch 5501 | Cost: 0.020909 | Acc: 88.89% (Best: 94.44% @ Ep926) | LR: 0.000300 | Rev: 0/99999
Epoch 5502 | Cost: 0.025596 | Acc: 88.89% (Best: 94.44% @ Ep926) | LR: 0.000300 | Rev: 1/99999
Epoch 5503 | Cost: 0.022424 | Acc: 88.89% (Best: 94.44% @ Ep926) | LR: 0.000300 | Rev: 0/99999
Epoch 5504 | Cost: 0.019853 | Acc: 88.89% (Best: 94.44% @ Ep926) | LR: 0.000300 | Rev: 0/99999
Epoch 5505 | Cost: 0.031640 | Acc: 88.89% (Best: 94.44% @ Ep926) | LR: 0.000300 | Rev: 1/99999
Epoch 5506 | Cost: 0.032109 | Acc: 88.89% (Best: 94.44% @ Ep926) | LR: 0.000300 | Rev: 2/99999
Epoch 5507 | Cost: 0.020261 | Acc: 88.89% (Best: 94.44% @ Ep926) | LR: 0.000300 | Rev: 0/99999
Epoch 5508 | Cost: 0.020390 | Acc: 88.89% (Best: 94.44% @ Ep926) | LR: 0.000300 | Rev: 1/99999
Epoch 5509 | Cost: 0.027289 | Acc: 88.89% (Best: 94.44% @ Ep926) | LR: 0.000300 | Rev: 2/99999
Epoch 5510 | Cost: 0.026120 | Acc: 88.89% (Best: 94.44% @ Ep926) | LR: 0.000300 | Rev: 0/99999
Epoch 5511 | Cost: 0.021460 | Acc: 88.89% (Best: 94.44% @ Ep926) | LR: 0.000300 | Rev: 0/99999
Epoch 5512 | Cost: 0.025233 | Acc: 88.89% (Best: 94.44% @ Ep926) | LR: 0.000300 | Rev: 1/99999
Epoch 5513 | Cost: 0.035307 | Acc: 88.89% (Best: 94.44% @ Ep926) | LR: 0.000300 | Rev: 2/99999
Epoch 5514 | Cost: 0.012907 | Acc: 88.89% (Best: 94.44% @ Ep926) | LR: 0.000300 | Rev: 0/99999
Epoch 5515 | Cost: 0.033082 | Acc: 88.89% (Best: 94.44% @ Ep926) | LR: 0.000300 | Rev: 1/99999
Epoch 5516 | Cost: 0.034256 | Acc: 88.89% (Best: 94.44% @ Ep926) | LR: 0.000300 | Rev: 2/99999
Epoch 5517 | Cost: 0.018678 | Acc: 88.89% (Best: 94.44% @ Ep926) | LR: 0.000300 | Rev: 0/99999
Epoch 5518 | Cost: 0.023841 | Acc: 88.89% (Best: 94.44% @ Ep926) | LR: 0.000300 | Rev: 1/99999
Epoch 5519 | Cost: 0.027294 | Acc: 88.89% (Best: 94.44% @ Ep926) | LR: 0.000300 | Rev: 2/99999
Epoch 5520 | Cost: 0.036111 | Acc: 88.89% (Best: 94.44% @ Ep926) | LR: 0.000300 | Rev: 3/99999
Epoch 5521 | Cost: 0.033831 | Acc: 88.89% (Best: 94.44% @ Ep926) | LR: 0.000300 | Rev: 0/99999
Epoch 5522 | Cost: 0.028158 | Acc: 88.89% (Best: 94.44% @ Ep926) | LR: 0.000300 | Rev: 0/99999
Epoch 5523 | Cost: 0.020653 | Acc: 88.89% (Best: 94.44% @ Ep926) | LR: 0.000300 | Rev: 0/99999
Epoch 5524 | Cost: 0.021370 | Acc: 88.89% (Best: 94.44% @ Ep926) | LR: 0.000300 | Rev: 1/99999
Epoch 5525 | Cost: 0.024768 | Acc: 88.89% (Best: 94.44% @ Ep926) | LR: 0.000300 | Rev: 2/99999
Epoch 5526 | Cost: 0.033259 | Acc: 88.89% (Best: 94.44% @ Ep926) | LR: 0.000300 | Rev: 3/99999
Epoch 5527 | Cost: 0.028938 | Acc: 88.89% (Best: 94.44% @ Ep926) | LR: 0.000300 | Rev: 0/99999
Epoch 5528 | Cost: 0.028104 | Acc: 88.89% (Best: 94.44% @ Ep926) | LR: 0.000300 | Rev: 0/99999
Epoch 5529 | Cost: 0.019124 | Acc: 88.89% (Best: 94.44% @ Ep926) | LR: 0.000300 | Rev: 0/99999
Epoch 5530 | Cost: 0.026319 | Acc: 88.89% (Best: 94.44% @ Ep926) | LR: 0.000300 | Rev: 1/99999
Epoch 5531 | Cost: 0.029535 | Acc: 88.89% (Best: 94.44% @ Ep926) | LR: 0.000300 | Rev: 2/99999
Epoch 5532 | Cost: 0.061952 | Acc: 88.89% (Best: 94.44% @ Ep926) | LR: 0.000300 | Rev: 3/99999
Epoch 5533 | Cost: 0.034789 | Acc: 88.89% (Best: 94.44% @ Ep926) | LR: 0.000300 | Rev: 0/99999
Epoch 5534 | Cost: 0.024104 | Acc: 88.89% (Best: 94.44% @ Ep926) | LR: 0.000300 | Rev: 0/99999
Epoch 5535 | Cost: 0.024790 | Acc: 88.89% (Best: 94.44% @ Ep926) | LR: 0.000300 | Rev: 1/99999
Epoch 5536 | Cost: 0.020750 | Acc: 88.89% (Best: 94.44% @ Ep926) | LR: 0.000300 | Rev: 0/99999
Epoch 5537 | Cost: 0.019029 | Acc: 88.89% (Best: 94.44% @ Ep926) | LR: 0.000300 | Rev: 0/99999
Epoch 5538 | Cost: 0.018643 | Acc: 88.89% (Best: 94.44% @ Ep926) | LR: 0.000300 | Rev: 0/99999
Epoch 5539 | Cost: 0.017087 | Acc: 88.89% (Best: 94.44% @ Ep926) | LR: 0.000300 | Rev: 0/99999
Epoch 5540 | Cost: 0.032086 | Acc: 88.89% (Best: 94.44% @ Ep926) | LR: 0.000300 | Rev: 1/99999
Epoch 5541 | Cost: 0.023164 | Acc: 88.89% (Best: 94.44% @ Ep926) | LR: 0.000300 | Rev: 0/99999
Epoch 5542 | Cost: 0.018088 | Acc: 88.89% (Best: 94.44% @ Ep926) | LR: 0.000300 | Rev: 0/99999
Epoch 5543 | Cost: 0.029539 | Acc: 88.89% (Best: 94.44% @ Ep926) | LR: 0.000300 | Rev: 1/99999
Epoch 5544 | Cost: 0.033947 | Acc: 88.89% (Best: 94.44% @ Ep926) | LR: 0.000300 | Rev: 2/99999
Epoch 5545 | Cost: 0.017646 | Acc: 88.89% (Best: 94.44% @ Ep926) | LR: 0.000300 | Rev: 0/99999
Epoch 5546 | Cost: 0.019856 | Acc: 88.89% (Best: 94.44% @ Ep926) | LR: 0.000300 | Rev: 1/99999
Epoch 5547 | Cost: 0.040836 | Acc: 88.89% (Best: 94.44% @ Ep926) | LR: 0.000300 | Rev: 2/99999
Epoch 5548 | Cost: 0.036089 | Acc: 88.89% (Best: 94.44% @ Ep926) | LR: 0.000300 | Rev: 0/99999
Epoch 5549 | Cost: 0.025394 | Acc: 88.89% (Best: 94.44% @ Ep926) | LR: 0.000300 | Rev: 0/99999
Epoch 5550 | Cost: 0.021753 | Acc: 88.89% (Best: 94.44% @ Ep926) | LR: 0.000300 | Rev: 0/99999
Epoch 5551 | Cost: 0.023258 | Acc: 88.89% (Best: 94.44% @ Ep926) | LR: 0.000300 | Rev: 1/99999
Epoch 5552 | Cost: 0.022297 | Acc: 88.89% (Best: 94.44% @ Ep926) | LR: 0.000300 | Rev: 0/99999
Epoch 5553 | Cost: 0.021182 | Acc: 88.89% (Best: 94.44% @ Ep926) | LR: 0.000300 | Rev: 0/99999
Epoch 5554 | Cost: 0.013176 | Acc: 88.89% (Best: 94.44% @ Ep926) | LR: 0.000300 | Rev: 0/99999
Epoch 5555 | Cost: 0.028935 | Acc: 88.89% (Best: 94.44% @ Ep926) | LR: 0.000300 | Rev: 1/99999
Epoch 5556 | Cost: 0.038965 | Acc: 88.89% (Best: 94.44% @ Ep926) | LR: 0.000300 | Rev: 2/99999
Epoch 5557 | Cost: 0.027939 | Acc: 88.89% (Best: 94.44% @ Ep926) | LR: 0.000300 | Rev: 0/99999
Epoch 5558 | Cost: 0.054322 | Acc: 88.89% (Best: 94.44% @ Ep926) | LR: 0.000300 | Rev: 1/99999
Epoch 5559 | Cost: 0.024050 | Acc: 88.89% (Best: 94.44% @ Ep926) | LR: 0.000300 | Rev: 0/99999
Epoch 5560 | Cost: 0.022938 | Acc: 88.89% (Best: 94.44% @ Ep926) | LR: 0.000300 | Rev: 0/99999
Epoch 5561 | Cost: 0.039905 | Acc: 88.89% (Best: 94.44% @ Ep926) | LR: 0.000300 | Rev: 1/99999
Epoch 5562 | Cost: 0.035058 | Acc: 88.89% (Best: 94.44% @ Ep926) | LR: 0.000300 | Rev: 0/99999
Epoch 5563 | Cost: 0.021370 | Acc: 88.89% (Best: 94.44% @ Ep926) | LR: 0.000300 | Rev: 0/99999
Epoch 5564 | Cost: 0.025063 | Acc: 88.89% (Best: 94.44% @ Ep926) | LR: 0.000300 | Rev: 1/99999
Epoch 5565 | Cost: 0.025727 | Acc: 88.89% (Best: 94.44% @ Ep926) | LR: 0.000300 | Rev: 2/99999
Epoch 5566 | Cost: 0.024616 | Acc: 88.89% (Best: 94.44% @ Ep926) | LR: 0.000300 | Rev: 0/99999
Epoch 5567 | Cost: 0.029379 | Acc: 88.89% (Best: 94.44% @ Ep926) | LR: 0.000300 | Rev: 1/99999
Epoch 5568 | Cost: 0.022956 | Acc: 88.89% (Best: 94.44% @ Ep926) | LR: 0.000300 | Rev: 0/99999
Epoch 5569 | Cost: 0.020457 | Acc: 88.89% (Best: 94.44% @ Ep926) | LR: 0.000300 | Rev: 0/99999
Epoch 5570 | Cost: 0.020519 | Acc: 88.89% (Best: 94.44% @ Ep926) | LR: 0.000300 | Rev: 1/99999
Epoch 5571 | Cost: 0.022012 | Acc: 88.89% (Best: 94.44% @ Ep926) | LR: 0.000300 | Rev: 2/99999
Epoch 5572 | Cost: 0.026275 | Acc: 88.89% (Best: 94.44% @ Ep926) | LR: 0.000300 | Rev: 3/99999
Epoch 5573 | Cost: 0.019282 | Acc: 88.89% (Best: 94.44% @ Ep926) | LR: 0.000300 | Rev: 0/99999
Epoch 5574 | Cost: 0.027396 | Acc: 88.89% (Best: 94.44% @ Ep926) | LR: 0.000300 | Rev: 1/99999
Epoch 5575 | Cost: 0.018865 | Acc: 88.89% (Best: 94.44% @ Ep926) | LR: 0.000300 | Rev: 0/99999
Epoch 5576 | Cost: 0.017336 | Acc: 88.89% (Best: 94.44% @ Ep926) | LR: 0.000300 | Rev: 0/99999
Epoch 5577 | Cost: 0.020180 | Acc: 88.89% (Best: 94.44% @ Ep926) | LR: 0.000300 | Rev: 1/99999
Epoch 5578 | Cost: 0.021042 | Acc: 88.89% (Best: 94.44% @ Ep926) | LR: 0.000300 | Rev: 2/99999
Epoch 5579 | Cost: 0.032760 | Acc: 88.89% (Best: 94.44% @ Ep926) | LR: 0.000300 | Rev: 3/99999
Epoch 5580 | Cost: 0.012346 | Acc: 88.89% (Best: 94.44% @ Ep926) | LR: 0.000300 | Rev: 0/99999
Epoch 5581 | Cost: 0.026989 | Acc: 88.89% (Best: 94.44% @ Ep926) | LR: 0.000300 | Rev: 1/99999
Epoch 5582 | Cost: 0.027903 | Acc: 88.89% (Best: 94.44% @ Ep926) | LR: 0.000300 | Rev: 2/99999
Epoch 5583 | Cost: 0.021404 | Acc: 88.89% (Best: 94.44% @ Ep926) | LR: 0.000300 | Rev: 0/99999
Epoch 5584 | Cost: 0.019259 | Acc: 88.89% (Best: 94.44% @ Ep926) | LR: 0.000300 | Rev: 0/99999
Epoch 5585 | Cost: 0.023387 | Acc: 88.89% (Best: 94.44% @ Ep926) | LR: 0.000300 | Rev: 1/99999
Epoch 5586 | Cost: 0.033925 | Acc: 88.89% (Best: 94.44% @ Ep926) | LR: 0.000300 | Rev: 2/99999
Epoch 5587 | Cost: 0.021702 | Acc: 88.89% (Best: 94.44% @ Ep926) | LR: 0.000300 | Rev: 0/99999
Epoch 5588 | Cost: 0.023306 | Acc: 88.89% (Best: 94.44% @ Ep926) | LR: 0.000300 | Rev: 1/99999
Epoch 5589 | Cost: 0.019925 | Acc: 88.89% (Best: 94.44% @ Ep926) | LR: 0.000300 | Rev: 0/99999
Epoch 5590 | Cost: 0.033687 | Acc: 88.89% (Best: 94.44% @ Ep926) | LR: 0.000300 | Rev: 1/99999
Epoch 5591 | Cost: 0.026409 | Acc: 88.89% (Best: 94.44% @ Ep926) | LR: 0.000300 | Rev: 0/99999
Epoch 5592 | Cost: 0.023830 | Acc: 88.89% (Best: 94.44% @ Ep926) | LR: 0.000300 | Rev: 0/99999
Epoch 5593 | Cost: 0.025607 | Acc: 88.89% (Best: 94.44% @ Ep926) | LR: 0.000300 | Rev: 1/99999
Epoch 5594 | Cost: 0.021226 | Acc: 88.89% (Best: 94.44% @ Ep926) | LR: 0.000300 | Rev: 0/99999
Epoch 5595 | Cost: 0.027382 | Acc: 88.89% (Best: 94.44% @ Ep926) | LR: 0.000300 | Rev: 1/99999
Epoch 5596 | Cost: 0.029324 | Acc: 88.89% (Best: 94.44% @ Ep926) | LR: 0.000300 | Rev: 2/99999
Epoch 5597 | Cost: 0.016945 | Acc: 88.89% (Best: 94.44% @ Ep926) | LR: 0.000300 | Rev: 0/99999
Epoch 5598 | Cost: 0.023074 | Acc: 88.89% (Best: 94.44% @ Ep926) | LR: 0.000300 | Rev: 1/99999
Epoch 5599 | Cost: 0.032601 | Acc: 88.89% (Best: 94.44% @ Ep926) | LR: 0.000300 | Rev: 2/99999
Epoch 5600 | Cost: 0.041085 | Acc: 88.89% (Best: 94.44% @ Ep926) | LR: 0.000300 | Rev: 3/99999
Epoch 5601 | Cost: 0.023857 | Acc: 86.11% (Best: 94.44% @ Ep926) | LR: 0.000300 | Rev: 0/99999
Epoch 5602 | Cost: 0.028614 | Acc: 88.89% (Best: 94.44% @ Ep926) | LR: 0.000300 | Rev: 1/99999
Epoch 5603 | Cost: 0.028941 | Acc: 88.89% (Best: 94.44% @ Ep926) | LR: 0.000300 | Rev: 2/99999
Epoch 5604 | Cost: 0.047744 | Acc: 88.89% (Best: 94.44% @ Ep926) | LR: 0.000300 | Rev: 3/99999
Epoch 5605 | Cost: 0.025373 | Acc: 88.89% (Best: 94.44% @ Ep926) | LR: 0.000300 | Rev: 0/99999
Epoch 5606 | Cost: 0.020507 | Acc: 88.89% (Best: 94.44% @ Ep926) | LR: 0.000300 | Rev: 0/99999
Epoch 5607 | Cost: 0.029233 | Acc: 88.89% (Best: 94.44% @ Ep926) | LR: 0.000300 | Rev: 1/99999
Epoch 5608 | Cost: 0.024371 | Acc: 88.89% (Best: 94.44% @ Ep926) | LR: 0.000300 | Rev: 0/99999
Epoch 5609 | Cost: 0.026251 | Acc: 88.89% (Best: 94.44% @ Ep926) | LR: 0.000300 | Rev: 1/99999
Epoch 5610 | Cost: 0.023536 | Acc: 88.89% (Best: 94.44% @ Ep926) | LR: 0.000300 | Rev: 0/99999
Epoch 5611 | Cost: 0.031690 | Acc: 88.89% (Best: 94.44% @ Ep926) | LR: 0.000300 | Rev: 1/99999
Epoch 5612 | Cost: 0.018933 | Acc: 88.89% (Best: 94.44% @ Ep926) | LR: 0.000300 | Rev: 0/99999
Epoch 5613 | Cost: 0.025613 | Acc: 88.89% (Best: 94.44% @ Ep926) | LR: 0.000300 | Rev: 1/99999
Epoch 5614 | Cost: 0.021115 | Acc: 88.89% (Best: 94.44% @ Ep926) | LR: 0.000300 | Rev: 0/99999
Epoch 5615 | Cost: 0.023117 | Acc: 88.89% (Best: 94.44% @ Ep926) | LR: 0.000300 | Rev: 1/99999
Epoch 5616 | Cost: 0.032649 | Acc: 88.89% (Best: 94.44% @ Ep926) | LR: 0.000300 | Rev: 2/99999
Epoch 5617 | Cost: 0.020602 | Acc: 88.89% (Best: 94.44% @ Ep926) | LR: 0.000300 | Rev: 0/99999
Epoch 5618 | Cost: 0.038239 | Acc: 88.89% (Best: 94.44% @ Ep926) | LR: 0.000300 | Rev: 1/99999
Epoch 5619 | Cost: 0.021284 | Acc: 88.89% (Best: 94.44% @ Ep926) | LR: 0.000300 | Rev: 0/99999
Epoch 5620 | Cost: 0.022102 | Acc: 88.89% (Best: 94.44% @ Ep926) | LR: 0.000300 | Rev: 1/99999
Epoch 5621 | Cost: 0.025834 | Acc: 88.89% (Best: 94.44% @ Ep926) | LR: 0.000300 | Rev: 2/99999
Epoch 5622 | Cost: 0.021857 | Acc: 88.89% (Best: 94.44% @ Ep926) | LR: 0.000300 | Rev: 0/99999
Epoch 5623 | Cost: 0.030170 | Acc: 88.89% (Best: 94.44% @ Ep926) | LR: 0.000300 | Rev: 1/99999
Epoch 5624 | Cost: 0.039821 | Acc: 88.89% (Best: 94.44% @ Ep926) | LR: 0.000300 | Rev: 2/99999
Epoch 5625 | Cost: 0.027828 | Acc: 88.89% (Best: 94.44% @ Ep926) | LR: 0.000300 | Rev: 0/99999
Epoch 5626 | Cost: 0.025116 | Acc: 88.89% (Best: 94.44% @ Ep926) | LR: 0.000300 | Rev: 0/99999
Epoch 5627 | Cost: 0.025801 | Acc: 88.89% (Best: 94.44% @ Ep926) | LR: 0.000300 | Rev: 1/99999
Epoch 5628 | Cost: 0.022561 | Acc: 88.89% (Best: 94.44% @ Ep926) | LR: 0.000300 | Rev: 0/99999
Epoch 5629 | Cost: 0.019135 | Acc: 88.89% (Best: 94.44% @ Ep926) | LR: 0.000300 | Rev: 0/99999
Epoch 5630 | Cost: 0.032181 | Acc: 88.89% (Best: 94.44% @ Ep926) | LR: 0.000300 | Rev: 1/99999
Epoch 5631 | Cost: 0.025705 | Acc: 88.89% (Best: 94.44% @ Ep926) | LR: 0.000300 | Rev: 0/99999
Epoch 5632 | Cost: 0.019757 | Acc: 88.89% (Best: 94.44% @ Ep926) | LR: 0.000300 | Rev: 0/99999
Epoch 5633 | Cost: 0.021028 | Acc: 88.89% (Best: 94.44% @ Ep926) | LR: 0.000300 | Rev: 1/99999
Epoch 5634 | Cost: 0.022069 | Acc: 88.89% (Best: 94.44% @ Ep926) | LR: 0.000300 | Rev: 2/99999
Epoch 5635 | Cost: 0.024878 | Acc: 88.89% (Best: 94.44% @ Ep926) | LR: 0.000300 | Rev: 3/99999
Epoch 5636 | Cost: 0.029522 | Acc: 88.89% (Best: 94.44% @ Ep926) | LR: 0.000300 | Rev: 4/99999
Epoch 5637 | Cost: 0.025865 | Acc: 88.89% (Best: 94.44% @ Ep926) | LR: 0.000300 | Rev: 0/99999
Epoch 5638 | Cost: 0.016241 | Acc: 88.89% (Best: 94.44% @ Ep926) | LR: 0.000300 | Rev: 0/99999
Epoch 5639 | Cost: 0.019018 | Acc: 88.89% (Best: 94.44% @ Ep926) | LR: 0.000300 | Rev: 1/99999
Epoch 5640 | Cost: 0.024649 | Acc: 88.89% (Best: 94.44% @ Ep926) | LR: 0.000300 | Rev: 2/99999
Epoch 5641 | Cost: 0.029777 | Acc: 88.89% (Best: 94.44% @ Ep926) | LR: 0.000300 | Rev: 3/99999
Epoch 5642 | Cost: 0.023558 | Acc: 88.89% (Best: 94.44% @ Ep926) | LR: 0.000300 | Rev: 0/99999
Epoch 5643 | Cost: 0.032026 | Acc: 88.89% (Best: 94.44% @ Ep926) | LR: 0.000300 | Rev: 1/99999
Epoch 5644 | Cost: 0.031687 | Acc: 88.89% (Best: 94.44% @ Ep926) | LR: 0.000300 | Rev: 0/99999
Epoch 5645 | Cost: 0.021720 | Acc: 88.89% (Best: 94.44% @ Ep926) | LR: 0.000300 | Rev: 0/99999
Epoch 5646 | Cost: 0.017901 | Acc: 88.89% (Best: 94.44% @ Ep926) | LR: 0.000300 | Rev: 0/99999
Epoch 5647 | Cost: 0.035567 | Acc: 88.89% (Best: 94.44% @ Ep926) | LR: 0.000300 | Rev: 1/99999
Epoch 5648 | Cost: 0.033076 | Acc: 88.89% (Best: 94.44% @ Ep926) | LR: 0.000300 | Rev: 0/99999
Epoch 5649 | Cost: 0.037104 | Acc: 88.89% (Best: 94.44% @ Ep926) | LR: 0.000300 | Rev: 1/99999
Epoch 5650 | Cost: 0.030663 | Acc: 88.89% (Best: 94.44% @ Ep926) | LR: 0.000300 | Rev: 0/99999
Epoch 5651 | Cost: 0.031794 | Acc: 88.89% (Best: 94.44% @ Ep926) | LR: 0.000300 | Rev: 1/99999
Epoch 5652 | Cost: 0.025166 | Acc: 88.89% (Best: 94.44% @ Ep926) | LR: 0.000300 | Rev: 0/99999
Epoch 5653 | Cost: 0.030977 | Acc: 88.89% (Best: 94.44% @ Ep926) | LR: 0.000300 | Rev: 1/99999
Epoch 5654 | Cost: 0.027142 | Acc: 88.89% (Best: 94.44% @ Ep926) | LR: 0.000300 | Rev: 0/99999
Epoch 5655 | Cost: 0.026465 | Acc: 88.89% (Best: 94.44% @ Ep926) | LR: 0.000300 | Rev: 0/99999
Epoch 5656 | Cost: 0.012795 | Acc: 88.89% (Best: 94.44% @ Ep926) | LR: 0.000300 | Rev: 0/99999
Epoch 5657 | Cost: 0.024231 | Acc: 88.89% (Best: 94.44% @ Ep926) | LR: 0.000300 | Rev: 1/99999
Epoch 5658 | Cost: 0.028263 | Acc: 88.89% (Best: 94.44% @ Ep926) | LR: 0.000300 | Rev: 2/99999
Epoch 5659 | Cost: 0.016689 | Acc: 88.89% (Best: 94.44% @ Ep926) | LR: 0.000300 | Rev: 0/99999
Epoch 5660 | Cost: 0.019062 | Acc: 88.89% (Best: 94.44% @ Ep926) | LR: 0.000300 | Rev: 1/99999
Epoch 5661 | Cost: 0.024393 | Acc: 88.89% (Best: 94.44% @ Ep926) | LR: 0.000300 | Rev: 2/99999
Epoch 5662 | Cost: 0.024784 | Acc: 88.89% (Best: 94.44% @ Ep926) | LR: 0.000300 | Rev: 3/99999
Epoch 5663 | Cost: 0.026100 | Acc: 88.89% (Best: 94.44% @ Ep926) | LR: 0.000300 | Rev: 4/99999
Epoch 5664 | Cost: 0.026335 | Acc: 88.89% (Best: 94.44% @ Ep926) | LR: 0.000300 | Rev: 5/99999
Epoch 5665 | Cost: 0.018560 | Acc: 88.89% (Best: 94.44% @ Ep926) | LR: 0.000300 | Rev: 0/99999
Epoch 5666 | Cost: 0.027400 | Acc: 88.89% (Best: 94.44% @ Ep926) | LR: 0.000300 | Rev: 1/99999
Epoch 5667 | Cost: 0.031238 | Acc: 88.89% (Best: 94.44% @ Ep926) | LR: 0.000300 | Rev: 2/99999
Epoch 5668 | Cost: 0.020787 | Acc: 88.89% (Best: 94.44% @ Ep926) | LR: 0.000300 | Rev: 0/99999
Epoch 5669 | Cost: 0.022515 | Acc: 88.89% (Best: 94.44% @ Ep926) | LR: 0.000300 | Rev: 1/99999
Epoch 5670 | Cost: 0.019425 | Acc: 88.89% (Best: 94.44% @ Ep926) | LR: 0.000300 | Rev: 0/99999
Epoch 5671 | Cost: 0.031681 | Acc: 88.89% (Best: 94.44% @ Ep926) | LR: 0.000300 | Rev: 1/99999
Epoch 5672 | Cost: 0.014023 | Acc: 88.89% (Best: 94.44% @ Ep926) | LR: 0.000300 | Rev: 0/99999
Epoch 5673 | Cost: 0.030509 | Acc: 88.89% (Best: 94.44% @ Ep926) | LR: 0.000300 | Rev: 1/99999
Epoch 5674 | Cost: 0.029742 | Acc: 88.89% (Best: 94.44% @ Ep926) | LR: 0.000300 | Rev: 0/99999
Epoch 5675 | Cost: 0.030054 | Acc: 88.89% (Best: 94.44% @ Ep926) | LR: 0.000300 | Rev: 1/99999
Epoch 5676 | Cost: 0.029893 | Acc: 88.89% (Best: 94.44% @ Ep926) | LR: 0.000300 | Rev: 0/99999
Epoch 5677 | Cost: 0.050686 | Acc: 88.89% (Best: 94.44% @ Ep926) | LR: 0.000300 | Rev: 1/99999
Epoch 5678 | Cost: 0.028257 | Acc: 88.89% (Best: 94.44% @ Ep926) | LR: 0.000300 | Rev: 0/99999
Epoch 5679 | Cost: 0.023003 | Acc: 88.89% (Best: 94.44% @ Ep926) | LR: 0.000300 | Rev: 0/99999
Epoch 5680 | Cost: 0.023834 | Acc: 88.89% (Best: 94.44% @ Ep926) | LR: 0.000300 | Rev: 1/99999
Epoch 5681 | Cost: 0.017501 | Acc: 88.89% (Best: 94.44% @ Ep926) | LR: 0.000300 | Rev: 0/99999
Epoch 5682 | Cost: 0.026735 | Acc: 88.89% (Best: 94.44% @ Ep926) | LR: 0.000300 | Rev: 1/99999
Epoch 5683 | Cost: 0.040383 | Acc: 88.89% (Best: 94.44% @ Ep926) | LR: 0.000300 | Rev: 2/99999
Epoch 5684 | Cost: 0.023568 | Acc: 88.89% (Best: 94.44% @ Ep926) | LR: 0.000300 | Rev: 0/99999
Epoch 5685 | Cost: 0.021471 | Acc: 88.89% (Best: 94.44% @ Ep926) | LR: 0.000300 | Rev: 0/99999
Epoch 5686 | Cost: 0.018409 | Acc: 88.89% (Best: 94.44% @ Ep926) | LR: 0.000300 | Rev: 0/99999
Epoch 5687 | Cost: 0.026314 | Acc: 88.89% (Best: 94.44% @ Ep926) | LR: 0.000300 | Rev: 1/99999
Epoch 5688 | Cost: 0.028397 | Acc: 88.89% (Best: 94.44% @ Ep926) | LR: 0.000300 | Rev: 2/99999
Epoch 5689 | Cost: 0.024221 | Acc: 88.89% (Best: 94.44% @ Ep926) | LR: 0.000300 | Rev: 0/99999
Epoch 5690 | Cost: 0.017930 | Acc: 88.89% (Best: 94.44% @ Ep926) | LR: 0.000300 | Rev: 0/99999
Epoch 5691 | Cost: 0.033579 | Acc: 88.89% (Best: 94.44% @ Ep926) | LR: 0.000300 | Rev: 1/99999
Epoch 5692 | Cost: 0.023434 | Acc: 88.89% (Best: 94.44% @ Ep926) | LR: 0.000300 | Rev: 0/99999
Epoch 5693 | Cost: 0.028875 | Acc: 88.89% (Best: 94.44% @ Ep926) | LR: 0.000300 | Rev: 1/99999
Epoch 5694 | Cost: 0.031036 | Acc: 88.89% (Best: 94.44% @ Ep926) | LR: 0.000300 | Rev: 2/99999
Epoch 5695 | Cost: 0.025703 | Acc: 88.89% (Best: 94.44% @ Ep926) | LR: 0.000300 | Rev: 0/99999
Epoch 5696 | Cost: 0.029644 | Acc: 88.89% (Best: 94.44% @ Ep926) | LR: 0.000300 | Rev: 1/99999
Epoch 5697 | Cost: 0.019264 | Acc: 88.89% (Best: 94.44% @ Ep926) | LR: 0.000300 | Rev: 0/99999
Epoch 5698 | Cost: 0.028374 | Acc: 88.89% (Best: 94.44% @ Ep926) | LR: 0.000300 | Rev: 1/99999
Epoch 5699 | Cost: 0.023790 | Acc: 88.89% (Best: 94.44% @ Ep926) | LR: 0.000300 | Rev: 0/99999
Epoch 5700 | Cost: 0.024709 | Acc: 88.89% (Best: 94.44% @ Ep926) | LR: 0.000300 | Rev: 1/99999
Epoch 5701 | Cost: 0.022934 | Acc: 88.89% (Best: 94.44% @ Ep926) | LR: 0.000300 | Rev: 0/99999
Epoch 5702 | Cost: 0.023885 | Acc: 88.89% (Best: 94.44% @ Ep926) | LR: 0.000300 | Rev: 1/99999
Epoch 5703 | Cost: 0.016148 | Acc: 86.11% (Best: 94.44% @ Ep926) | LR: 0.000300 | Rev: 0/99999
Epoch 5704 | Cost: 0.030457 | Acc: 86.11% (Best: 94.44% @ Ep926) | LR: 0.000300 | Rev: 1/99999
Epoch 5705 | Cost: 0.024958 | Acc: 86.11% (Best: 94.44% @ Ep926) | LR: 0.000300 | Rev: 0/99999
Epoch 5706 | Cost: 0.023873 | Acc: 86.11% (Best: 94.44% @ Ep926) | LR: 0.000300 | Rev: 0/99999
Epoch 5707 | Cost: 0.020691 | Acc: 88.89% (Best: 94.44% @ Ep926) | LR: 0.000300 | Rev: 0/99999
Epoch 5708 | Cost: 0.018899 | Acc: 88.89% (Best: 94.44% @ Ep926) | LR: 0.000300 | Rev: 0/99999
Epoch 5709 | Cost: 0.036317 | Acc: 86.11% (Best: 94.44% @ Ep926) | LR: 0.000300 | Rev: 1/99999
Epoch 5710 | Cost: 0.036252 | Acc: 88.89% (Best: 94.44% @ Ep926) | LR: 0.000300 | Rev: 0/99999
Epoch 5711 | Cost: 0.031505 | Acc: 88.89% (Best: 94.44% @ Ep926) | LR: 0.000300 | Rev: 0/99999
Epoch 5712 | Cost: 0.026993 | Acc: 88.89% (Best: 94.44% @ Ep926) | LR: 0.000300 | Rev: 0/99999
Epoch 5713 | Cost: 0.030649 | Acc: 86.11% (Best: 94.44% @ Ep926) | LR: 0.000300 | Rev: 1/99999
Epoch 5714 | Cost: 0.019798 | Acc: 86.11% (Best: 94.44% @ Ep926) | LR: 0.000300 | Rev: 0/99999
Epoch 5715 | Cost: 0.025638 | Acc: 88.89% (Best: 94.44% @ Ep926) | LR: 0.000300 | Rev: 1/99999
Epoch 5716 | Cost: 0.031086 | Acc: 88.89% (Best: 94.44% @ Ep926) | LR: 0.000300 | Rev: 2/99999
Epoch 5717 | Cost: 0.043207 | Acc: 88.89% (Best: 94.44% @ Ep926) | LR: 0.000300 | Rev: 3/99999
Epoch 5718 | Cost: 0.028530 | Acc: 88.89% (Best: 94.44% @ Ep926) | LR: 0.000300 | Rev: 0/99999
Epoch 5719 | Cost: 0.024583 | Acc: 86.11% (Best: 94.44% @ Ep926) | LR: 0.000300 | Rev: 0/99999
Epoch 5720 | Cost: 0.039148 | Acc: 86.11% (Best: 94.44% @ Ep926) | LR: 0.000300 | Rev: 1/99999
Epoch 5721 | Cost: 0.024985 | Acc: 88.89% (Best: 94.44% @ Ep926) | LR: 0.000300 | Rev: 0/99999
Epoch 5722 | Cost: 0.028364 | Acc: 88.89% (Best: 94.44% @ Ep926) | LR: 0.000300 | Rev: 1/99999
Epoch 5723 | Cost: 0.025445 | Acc: 88.89% (Best: 94.44% @ Ep926) | LR: 0.000300 | Rev: 0/99999
Epoch 5724 | Cost: 0.034306 | Acc: 88.89% (Best: 94.44% @ Ep926) | LR: 0.000300 | Rev: 1/99999
Epoch 5725 | Cost: 0.026211 | Acc: 88.89% (Best: 94.44% @ Ep926) | LR: 0.000300 | Rev: 0/99999
Epoch 5726 | Cost: 0.025171 | Acc: 88.89% (Best: 94.44% @ Ep926) | LR: 0.000300 | Rev: 0/99999
Epoch 5727 | Cost: 0.025600 | Acc: 88.89% (Best: 94.44% @ Ep926) | LR: 0.000300 | Rev: 1/99999
Epoch 5728 | Cost: 0.028681 | Acc: 88.89% (Best: 94.44% @ Ep926) | LR: 0.000300 | Rev: 2/99999
Epoch 5729 | Cost: 0.022101 | Acc: 88.89% (Best: 94.44% @ Ep926) | LR: 0.000300 | Rev: 0/99999
Epoch 5730 | Cost: 0.038086 | Acc: 88.89% (Best: 94.44% @ Ep926) | LR: 0.000300 | Rev: 1/99999
Epoch 5731 | Cost: 0.014808 | Acc: 88.89% (Best: 94.44% @ Ep926) | LR: 0.000300 | Rev: 0/99999
Epoch 5732 | Cost: 0.020548 | Acc: 88.89% (Best: 94.44% @ Ep926) | LR: 0.000300 | Rev: 1/99999
Epoch 5733 | Cost: 0.026920 | Acc: 88.89% (Best: 94.44% @ Ep926) | LR: 0.000300 | Rev: 2/99999
Epoch 5734 | Cost: 0.026907 | Acc: 88.89% (Best: 94.44% @ Ep926) | LR: 0.000300 | Rev: 0/99999
Epoch 5735 | Cost: 0.016469 | Acc: 88.89% (Best: 94.44% @ Ep926) | LR: 0.000300 | Rev: 0/99999
Epoch 5736 | Cost: 0.014883 | Acc: 86.11% (Best: 94.44% @ Ep926) | LR: 0.000300 | Rev: 0/99999
Epoch 5737 | Cost: 0.026088 | Acc: 88.89% (Best: 94.44% @ Ep926) | LR: 0.000300 | Rev: 1/99999
Epoch 5738 | Cost: 0.015403 | Acc: 88.89% (Best: 94.44% @ Ep926) | LR: 0.000300 | Rev: 0/99999
Epoch 5739 | Cost: 0.025546 | Acc: 86.11% (Best: 94.44% @ Ep926) | LR: 0.000300 | Rev: 1/99999
Epoch 5740 | Cost: 0.028798 | Acc: 86.11% (Best: 94.44% @ Ep926) | LR: 0.000300 | Rev: 2/99999
Epoch 5741 | Cost: 0.038202 | Acc: 86.11% (Best: 94.44% @ Ep926) | LR: 0.000300 | Rev: 3/99999
Epoch 5742 | Cost: 0.027930 | Acc: 86.11% (Best: 94.44% @ Ep926) | LR: 0.000300 | Rev: 0/99999
Epoch 5743 | Cost: 0.020546 | Acc: 88.89% (Best: 94.44% @ Ep926) | LR: 0.000300 | Rev: 0/99999
Epoch 5744 | Cost: 0.019867 | Acc: 88.89% (Best: 94.44% @ Ep926) | LR: 0.000300 | Rev: 0/99999
Epoch 5745 | Cost: 0.037546 | Acc: 88.89% (Best: 94.44% @ Ep926) | LR: 0.000300 | Rev: 1/99999
Epoch 5746 | Cost: 0.015403 | Acc: 88.89% (Best: 94.44% @ Ep926) | LR: 0.000300 | Rev: 0/99999
Epoch 5747 | Cost: 0.019242 | Acc: 88.89% (Best: 94.44% @ Ep926) | LR: 0.000300 | Rev: 1/99999
Epoch 5748 | Cost: 0.032347 | Acc: 88.89% (Best: 94.44% @ Ep926) | LR: 0.000300 | Rev: 2/99999
Epoch 5749 | Cost: 0.044170 | Acc: 88.89% (Best: 94.44% @ Ep926) | LR: 0.000300 | Rev: 3/99999
Epoch 5750 | Cost: 0.024127 | Acc: 88.89% (Best: 94.44% @ Ep926) | LR: 0.000300 | Rev: 0/99999
Epoch 5751 | Cost: 0.018398 | Acc: 88.89% (Best: 94.44% @ Ep926) | LR: 0.000300 | Rev: 0/99999
Epoch 5752 | Cost: 0.019856 | Acc: 88.89% (Best: 94.44% @ Ep926) | LR: 0.000300 | Rev: 1/99999
Epoch 5753 | Cost: 0.027289 | Acc: 88.89% (Best: 94.44% @ Ep926) | LR: 0.000300 | Rev: 2/99999
Epoch 5754 | Cost: 0.027912 | Acc: 88.89% (Best: 94.44% @ Ep926) | LR: 0.000300 | Rev: 3/99999
Epoch 5755 | Cost: 0.021678 | Acc: 88.89% (Best: 94.44% @ Ep926) | LR: 0.000300 | Rev: 0/99999
Epoch 5756 | Cost: 0.030965 | Acc: 88.89% (Best: 94.44% @ Ep926) | LR: 0.000300 | Rev: 1/99999
Epoch 5757 | Cost: 0.019780 | Acc: 88.89% (Best: 94.44% @ Ep926) | LR: 0.000300 | Rev: 0/99999
Epoch 5758 | Cost: 0.022844 | Acc: 88.89% (Best: 94.44% @ Ep926) | LR: 0.000300 | Rev: 1/99999
Epoch 5759 | Cost: 0.023034 | Acc: 88.89% (Best: 94.44% @ Ep926) | LR: 0.000300 | Rev: 2/99999
Epoch 5760 | Cost: 0.024314 | Acc: 88.89% (Best: 94.44% @ Ep926) | LR: 0.000300 | Rev: 3/99999
Epoch 5761 | Cost: 0.054631 | Acc: 88.89% (Best: 94.44% @ Ep926) | LR: 0.000300 | Rev: 4/99999
Epoch 5762 | Cost: 0.022117 | Acc: 88.89% (Best: 94.44% @ Ep926) | LR: 0.000300 | Rev: 0/99999
Epoch 5763 | Cost: 0.018812 | Acc: 88.89% (Best: 94.44% @ Ep926) | LR: 0.000300 | Rev: 0/99999
Epoch 5764 | Cost: 0.022947 | Acc: 88.89% (Best: 94.44% @ Ep926) | LR: 0.000300 | Rev: 1/99999
Epoch 5765 | Cost: 0.024392 | Acc: 88.89% (Best: 94.44% @ Ep926) | LR: 0.000300 | Rev: 2/99999
Epoch 5766 | Cost: 0.020164 | Acc: 88.89% (Best: 94.44% @ Ep926) | LR: 0.000300 | Rev: 0/99999
Epoch 5767 | Cost: 0.029639 | Acc: 88.89% (Best: 94.44% @ Ep926) | LR: 0.000300 | Rev: 1/99999
Epoch 5768 | Cost: 0.026641 | Acc: 88.89% (Best: 94.44% @ Ep926) | LR: 0.000300 | Rev: 0/99999
Epoch 5769 | Cost: 0.023443 | Acc: 88.89% (Best: 94.44% @ Ep926) | LR: 0.000300 | Rev: 0/99999
Epoch 5770 | Cost: 0.017684 | Acc: 88.89% (Best: 94.44% @ Ep926) | LR: 0.000300 | Rev: 0/99999
Epoch 5771 | Cost: 0.029386 | Acc: 88.89% (Best: 94.44% @ Ep926) | LR: 0.000300 | Rev: 1/99999
Epoch 5772 | Cost: 0.034323 | Acc: 88.89% (Best: 94.44% @ Ep926) | LR: 0.000300 | Rev: 2/99999
Epoch 5773 | Cost: 0.033304 | Acc: 88.89% (Best: 94.44% @ Ep926) | LR: 0.000300 | Rev: 0/99999
Epoch 5774 | Cost: 0.030380 | Acc: 88.89% (Best: 94.44% @ Ep926) | LR: 0.000300 | Rev: 0/99999
Epoch 5775 | Cost: 0.025284 | Acc: 88.89% (Best: 94.44% @ Ep926) | LR: 0.000300 | Rev: 0/99999
Epoch 5776 | Cost: 0.039968 | Acc: 88.89% (Best: 94.44% @ Ep926) | LR: 0.000300 | Rev: 1/99999
Epoch 5777 | Cost: 0.023636 | Acc: 88.89% (Best: 94.44% @ Ep926) | LR: 0.000300 | Rev: 0/99999
Epoch 5778 | Cost: 0.020718 | Acc: 88.89% (Best: 94.44% @ Ep926) | LR: 0.000300 | Rev: 0/99999
Epoch 5779 | Cost: 0.032963 | Acc: 88.89% (Best: 94.44% @ Ep926) | LR: 0.000300 | Rev: 1/99999
Epoch 5780 | Cost: 0.020820 | Acc: 88.89% (Best: 94.44% @ Ep926) | LR: 0.000300 | Rev: 0/99999
Epoch 5781 | Cost: 0.016959 | Acc: 88.89% (Best: 94.44% @ Ep926) | LR: 0.000300 | Rev: 0/99999
Epoch 5782 | Cost: 0.033601 | Acc: 88.89% (Best: 94.44% @ Ep926) | LR: 0.000300 | Rev: 1/99999
Epoch 5783 | Cost: 0.032069 | Acc: 88.89% (Best: 94.44% @ Ep926) | LR: 0.000300 | Rev: 0/99999
Epoch 5784 | Cost: 0.040789 | Acc: 88.89% (Best: 94.44% @ Ep926) | LR: 0.000300 | Rev: 1/99999
Epoch 5785 | Cost: 0.036385 | Acc: 88.89% (Best: 94.44% @ Ep926) | LR: 0.000300 | Rev: 0/99999
Epoch 5786 | Cost: 0.014836 | Acc: 88.89% (Best: 94.44% @ Ep926) | LR: 0.000300 | Rev: 0/99999
Epoch 5787 | Cost: 0.032789 | Acc: 88.89% (Best: 94.44% @ Ep926) | LR: 0.000300 | Rev: 1/99999
Epoch 5788 | Cost: 0.033280 | Acc: 88.89% (Best: 94.44% @ Ep926) | LR: 0.000300 | Rev: 2/99999
Epoch 5789 | Cost: 0.027230 | Acc: 88.89% (Best: 94.44% @ Ep926) | LR: 0.000300 | Rev: 0/99999
Epoch 5790 | Cost: 0.023378 | Acc: 88.89% (Best: 94.44% @ Ep926) | LR: 0.000300 | Rev: 0/99999
Epoch 5791 | Cost: 0.028120 | Acc: 88.89% (Best: 94.44% @ Ep926) | LR: 0.000300 | Rev: 1/99999
Epoch 5792 | Cost: 0.025072 | Acc: 88.89% (Best: 94.44% @ Ep926) | LR: 0.000300 | Rev: 0/99999
Epoch 5793 | Cost: 0.032037 | Acc: 88.89% (Best: 94.44% @ Ep926) | LR: 0.000300 | Rev: 1/99999
Epoch 5794 | Cost: 0.026638 | Acc: 88.89% (Best: 94.44% @ Ep926) | LR: 0.000300 | Rev: 0/99999
Epoch 5795 | Cost: 0.025435 | Acc: 86.11% (Best: 94.44% @ Ep926) | LR: 0.000300 | Rev: 0/99999
Epoch 5796 | Cost: 0.027883 | Acc: 88.89% (Best: 94.44% @ Ep926) | LR: 0.000300 | Rev: 1/99999
Epoch 5797 | Cost: 0.037087 | Acc: 88.89% (Best: 94.44% @ Ep926) | LR: 0.000300 | Rev: 2/99999
Epoch 5798 | Cost: 0.016718 | Acc: 88.89% (Best: 94.44% @ Ep926) | LR: 0.000300 | Rev: 0/99999
Epoch 5799 | Cost: 0.025739 | Acc: 88.89% (Best: 94.44% @ Ep926) | LR: 0.000300 | Rev: 1/99999
Epoch 5800 | Cost: 0.032994 | Acc: 88.89% (Best: 94.44% @ Ep926) | LR: 0.000300 | Rev: 2/99999
Epoch 5801 | Cost: 0.033921 | Acc: 88.89% (Best: 94.44% @ Ep926) | LR: 0.000300 | Rev: 3/99999
Epoch 5802 | Cost: 0.032286 | Acc: 88.89% (Best: 94.44% @ Ep926) | LR: 0.000300 | Rev: 0/99999
Epoch 5803 | Cost: 0.025074 | Acc: 88.89% (Best: 94.44% @ Ep926) | LR: 0.000300 | Rev: 0/99999
Epoch 5804 | Cost: 0.020047 | Acc: 88.89% (Best: 94.44% @ Ep926) | LR: 0.000300 | Rev: 0/99999
Epoch 5805 | Cost: 0.024067 | Acc: 88.89% (Best: 94.44% @ Ep926) | LR: 0.000300 | Rev: 1/99999
Epoch 5806 | Cost: 0.025579 | Acc: 88.89% (Best: 94.44% @ Ep926) | LR: 0.000300 | Rev: 2/99999
Epoch 5807 | Cost: 0.025815 | Acc: 88.89% (Best: 94.44% @ Ep926) | LR: 0.000300 | Rev: 3/99999
Epoch 5808 | Cost: 0.043894 | Acc: 88.89% (Best: 94.44% @ Ep926) | LR: 0.000300 | Rev: 4/99999
Epoch 5809 | Cost: 0.030959 | Acc: 88.89% (Best: 94.44% @ Ep926) | LR: 0.000300 | Rev: 0/99999
Epoch 5810 | Cost: 0.024350 | Acc: 88.89% (Best: 94.44% @ Ep926) | LR: 0.000300 | Rev: 0/99999
Epoch 5811 | Cost: 0.035915 | Acc: 88.89% (Best: 94.44% @ Ep926) | LR: 0.000300 | Rev: 1/99999
Epoch 5812 | Cost: 0.022501 | Acc: 88.89% (Best: 94.44% @ Ep926) | LR: 0.000300 | Rev: 0/99999
Epoch 5813 | Cost: 0.032943 | Acc: 86.11% (Best: 94.44% @ Ep926) | LR: 0.000300 | Rev: 1/99999
Epoch 5814 | Cost: 0.016682 | Acc: 86.11% (Best: 94.44% @ Ep926) | LR: 0.000300 | Rev: 0/99999
Epoch 5815 | Cost: 0.016934 | Acc: 86.11% (Best: 94.44% @ Ep926) | LR: 0.000300 | Rev: 1/99999
Epoch 5816 | Cost: 0.020981 | Acc: 88.89% (Best: 94.44% @ Ep926) | LR: 0.000300 | Rev: 2/99999
Epoch 5817 | Cost: 0.017764 | Acc: 88.89% (Best: 94.44% @ Ep926) | LR: 0.000300 | Rev: 0/99999
Epoch 5818 | Cost: 0.035679 | Acc: 88.89% (Best: 94.44% @ Ep926) | LR: 0.000300 | Rev: 1/99999
Epoch 5819 | Cost: 0.048248 | Acc: 88.89% (Best: 94.44% @ Ep926) | LR: 0.000300 | Rev: 2/99999
Epoch 5820 | Cost: 0.021243 | Acc: 88.89% (Best: 94.44% @ Ep926) | LR: 0.000300 | Rev: 0/99999
Epoch 5821 | Cost: 0.022161 | Acc: 88.89% (Best: 94.44% @ Ep926) | LR: 0.000300 | Rev: 1/99999
Epoch 5822 | Cost: 0.020784 | Acc: 88.89% (Best: 94.44% @ Ep926) | LR: 0.000300 | Rev: 0/99999
Epoch 5823 | Cost: 0.038076 | Acc: 88.89% (Best: 94.44% @ Ep926) | LR: 0.000300 | Rev: 1/99999
Epoch 5824 | Cost: 0.016034 | Acc: 88.89% (Best: 94.44% @ Ep926) | LR: 0.000300 | Rev: 0/99999
Epoch 5825 | Cost: 0.027689 | Acc: 88.89% (Best: 94.44% @ Ep926) | LR: 0.000300 | Rev: 1/99999
Epoch 5826 | Cost: 0.027221 | Acc: 88.89% (Best: 94.44% @ Ep926) | LR: 0.000300 | Rev: 0/99999
Epoch 5827 | Cost: 0.036274 | Acc: 88.89% (Best: 94.44% @ Ep926) | LR: 0.000300 | Rev: 1/99999
Epoch 5828 | Cost: 0.025321 | Acc: 88.89% (Best: 94.44% @ Ep926) | LR: 0.000300 | Rev: 0/99999
Epoch 5829 | Cost: 0.034631 | Acc: 88.89% (Best: 94.44% @ Ep926) | LR: 0.000300 | Rev: 1/99999
Epoch 5830 | Cost: 0.020443 | Acc: 88.89% (Best: 94.44% @ Ep926) | LR: 0.000300 | Rev: 0/99999
Epoch 5831 | Cost: 0.016898 | Acc: 88.89% (Best: 94.44% @ Ep926) | LR: 0.000300 | Rev: 0/99999
Epoch 5832 | Cost: 0.034645 | Acc: 88.89% (Best: 94.44% @ Ep926) | LR: 0.000300 | Rev: 1/99999
Epoch 5833 | Cost: 0.020714 | Acc: 88.89% (Best: 94.44% @ Ep926) | LR: 0.000300 | Rev: 0/99999
Epoch 5834 | Cost: 0.022272 | Acc: 88.89% (Best: 94.44% @ Ep926) | LR: 0.000300 | Rev: 1/99999
Epoch 5835 | Cost: 0.022103 | Acc: 88.89% (Best: 94.44% @ Ep926) | LR: 0.000300 | Rev: 0/99999
Epoch 5836 | Cost: 0.034153 | Acc: 88.89% (Best: 94.44% @ Ep926) | LR: 0.000300 | Rev: 1/99999
Epoch 5837 | Cost: 0.015836 | Acc: 88.89% (Best: 94.44% @ Ep926) | LR: 0.000300 | Rev: 0/99999
Epoch 5838 | Cost: 0.038250 | Acc: 88.89% (Best: 94.44% @ Ep926) | LR: 0.000300 | Rev: 1/99999
Epoch 5839 | Cost: 0.024889 | Acc: 88.89% (Best: 94.44% @ Ep926) | LR: 0.000300 | Rev: 0/99999
Epoch 5840 | Cost: 0.032089 | Acc: 88.89% (Best: 94.44% @ Ep926) | LR: 0.000300 | Rev: 1/99999
Epoch 5841 | Cost: 0.025373 | Acc: 88.89% (Best: 94.44% @ Ep926) | LR: 0.000300 | Rev: 0/99999
Epoch 5842 | Cost: 0.017467 | Acc: 88.89% (Best: 94.44% @ Ep926) | LR: 0.000300 | Rev: 0/99999
Epoch 5843 | Cost: 0.035481 | Acc: 88.89% (Best: 94.44% @ Ep926) | LR: 0.000300 | Rev: 1/99999
Epoch 5844 | Cost: 0.019636 | Acc: 88.89% (Best: 94.44% @ Ep926) | LR: 0.000300 | Rev: 0/99999
Epoch 5845 | Cost: 0.018607 | Acc: 88.89% (Best: 94.44% @ Ep926) | LR: 0.000300 | Rev: 0/99999
Epoch 5846 | Cost: 0.022353 | Acc: 88.89% (Best: 94.44% @ Ep926) | LR: 0.000300 | Rev: 1/99999
Epoch 5847 | Cost: 0.028627 | Acc: 86.11% (Best: 94.44% @ Ep926) | LR: 0.000300 | Rev: 2/99999
Epoch 5848 | Cost: 0.012593 | Acc: 86.11% (Best: 94.44% @ Ep926) | LR: 0.000300 | Rev: 0/99999
Epoch 5849 | Cost: 0.016335 | Acc: 86.11% (Best: 94.44% @ Ep926) | LR: 0.000300 | Rev: 1/99999
Epoch 5850 | Cost: 0.019157 | Acc: 86.11% (Best: 94.44% @ Ep926) | LR: 0.000300 | Rev: 2/99999
Epoch 5851 | Cost: 0.032119 | Acc: 86.11% (Best: 94.44% @ Ep926) | LR: 0.000300 | Rev: 3/99999
Epoch 5852 | Cost: 0.024205 | Acc: 88.89% (Best: 94.44% @ Ep926) | LR: 0.000300 | Rev: 0/99999
Epoch 5853 | Cost: 0.019928 | Acc: 88.89% (Best: 94.44% @ Ep926) | LR: 0.000300 | Rev: 0/99999
Epoch 5854 | Cost: 0.029973 | Acc: 88.89% (Best: 94.44% @ Ep926) | LR: 0.000300 | Rev: 1/99999
Epoch 5855 | Cost: 0.018022 | Acc: 88.89% (Best: 94.44% @ Ep926) | LR: 0.000300 | Rev: 0/99999
Epoch 5856 | Cost: 0.029038 | Acc: 88.89% (Best: 94.44% @ Ep926) | LR: 0.000300 | Rev: 1/99999
Epoch 5857 | Cost: 0.023097 | Acc: 86.11% (Best: 94.44% @ Ep926) | LR: 0.000300 | Rev: 0/99999
Epoch 5858 | Cost: 0.026924 | Acc: 86.11% (Best: 94.44% @ Ep926) | LR: 0.000300 | Rev: 1/99999
Epoch 5859 | Cost: 0.023531 | Acc: 86.11% (Best: 94.44% @ Ep926) | LR: 0.000300 | Rev: 0/99999
Epoch 5860 | Cost: 0.035569 | Acc: 86.11% (Best: 94.44% @ Ep926) | LR: 0.000300 | Rev: 1/99999
Epoch 5861 | Cost: 0.026294 | Acc: 88.89% (Best: 94.44% @ Ep926) | LR: 0.000300 | Rev: 0/99999
Epoch 5862 | Cost: 0.029349 | Acc: 88.89% (Best: 94.44% @ Ep926) | LR: 0.000300 | Rev: 1/99999
Epoch 5863 | Cost: 0.024678 | Acc: 88.89% (Best: 94.44% @ Ep926) | LR: 0.000300 | Rev: 0/99999
Epoch 5864 | Cost: 0.025617 | Acc: 88.89% (Best: 94.44% @ Ep926) | LR: 0.000300 | Rev: 1/99999
Epoch 5865 | Cost: 0.034940 | Acc: 88.89% (Best: 94.44% @ Ep926) | LR: 0.000300 | Rev: 2/99999
Epoch 5866 | Cost: 0.023294 | Acc: 88.89% (Best: 94.44% @ Ep926) | LR: 0.000300 | Rev: 0/99999
Epoch 5867 | Cost: 0.014291 | Acc: 88.89% (Best: 94.44% @ Ep926) | LR: 0.000300 | Rev: 0/99999
Epoch 5868 | Cost: 0.022006 | Acc: 88.89% (Best: 94.44% @ Ep926) | LR: 0.000300 | Rev: 1/99999
Epoch 5869 | Cost: 0.024273 | Acc: 88.89% (Best: 94.44% @ Ep926) | LR: 0.000300 | Rev: 2/99999
Epoch 5870 | Cost: 0.016325 | Acc: 88.89% (Best: 94.44% @ Ep926) | LR: 0.000300 | Rev: 0/99999
Epoch 5871 | Cost: 0.019250 | Acc: 88.89% (Best: 94.44% @ Ep926) | LR: 0.000300 | Rev: 1/99999
Epoch 5872 | Cost: 0.021316 | Acc: 88.89% (Best: 94.44% @ Ep926) | LR: 0.000300 | Rev: 2/99999
Epoch 5873 | Cost: 0.039666 | Acc: 88.89% (Best: 94.44% @ Ep926) | LR: 0.000300 | Rev: 3/99999
Epoch 5874 | Cost: 0.029478 | Acc: 88.89% (Best: 94.44% @ Ep926) | LR: 0.000300 | Rev: 0/99999
Epoch 5875 | Cost: 0.033019 | Acc: 88.89% (Best: 94.44% @ Ep926) | LR: 0.000300 | Rev: 1/99999
Epoch 5876 | Cost: 0.034266 | Acc: 88.89% (Best: 94.44% @ Ep926) | LR: 0.000300 | Rev: 2/99999
Epoch 5877 | Cost: 0.026118 | Acc: 88.89% (Best: 94.44% @ Ep926) | LR: 0.000300 | Rev: 0/99999
Epoch 5878 | Cost: 0.023807 | Acc: 88.89% (Best: 94.44% @ Ep926) | LR: 0.000300 | Rev: 0/99999
Epoch 5879 | Cost: 0.016217 | Acc: 88.89% (Best: 94.44% @ Ep926) | LR: 0.000300 | Rev: 0/99999
Epoch 5880 | Cost: 0.031226 | Acc: 88.89% (Best: 94.44% @ Ep926) | LR: 0.000300 | Rev: 1/99999
Epoch 5881 | Cost: 0.019128 | Acc: 88.89% (Best: 94.44% @ Ep926) | LR: 0.000300 | Rev: 0/99999
Epoch 5882 | Cost: 0.029020 | Acc: 88.89% (Best: 94.44% @ Ep926) | LR: 0.000300 | Rev: 1/99999
Epoch 5883 | Cost: 0.025698 | Acc: 86.11% (Best: 94.44% @ Ep926) | LR: 0.000300 | Rev: 0/99999
Epoch 5884 | Cost: 0.021369 | Acc: 88.89% (Best: 94.44% @ Ep926) | LR: 0.000300 | Rev: 0/99999
Epoch 5885 | Cost: 0.018671 | Acc: 88.89% (Best: 94.44% @ Ep926) | LR: 0.000300 | Rev: 0/99999
Epoch 5886 | Cost: 0.033390 | Acc: 88.89% (Best: 94.44% @ Ep926) | LR: 0.000300 | Rev: 1/99999
Epoch 5887 | Cost: 0.029194 | Acc: 86.11% (Best: 94.44% @ Ep926) | LR: 0.000300 | Rev: 0/99999
Epoch 5888 | Cost: 0.037364 | Acc: 88.89% (Best: 94.44% @ Ep926) | LR: 0.000300 | Rev: 1/99999
Epoch 5889 | Cost: 0.025852 | Acc: 88.89% (Best: 94.44% @ Ep926) | LR: 0.000300 | Rev: 0/99999
Epoch 5890 | Cost: 0.014922 | Acc: 88.89% (Best: 94.44% @ Ep926) | LR: 0.000300 | Rev: 0/99999
Epoch 5891 | Cost: 0.019991 | Acc: 88.89% (Best: 94.44% @ Ep926) | LR: 0.000300 | Rev: 1/99999
Epoch 5892 | Cost: 0.023008 | Acc: 88.89% (Best: 94.44% @ Ep926) | LR: 0.000300 | Rev: 2/99999
Epoch 5893 | Cost: 0.037393 | Acc: 88.89% (Best: 94.44% @ Ep926) | LR: 0.000300 | Rev: 3/99999
Epoch 5894 | Cost: 0.021368 | Acc: 88.89% (Best: 94.44% @ Ep926) | LR: 0.000300 | Rev: 0/99999
Epoch 5895 | Cost: 0.028875 | Acc: 88.89% (Best: 94.44% @ Ep926) | LR: 0.000300 | Rev: 1/99999
Epoch 5896 | Cost: 0.034033 | Acc: 88.89% (Best: 94.44% @ Ep926) | LR: 0.000300 | Rev: 2/99999
Epoch 5897 | Cost: 0.027412 | Acc: 88.89% (Best: 94.44% @ Ep926) | LR: 0.000300 | Rev: 0/99999
Epoch 5898 | Cost: 0.031030 | Acc: 88.89% (Best: 94.44% @ Ep926) | LR: 0.000300 | Rev: 1/99999
Epoch 5899 | Cost: 0.022103 | Acc: 88.89% (Best: 94.44% @ Ep926) | LR: 0.000300 | Rev: 0/99999
Epoch 5900 | Cost: 0.026503 | Acc: 88.89% (Best: 94.44% @ Ep926) | LR: 0.000300 | Rev: 1/99999
Epoch 5901 | Cost: 0.021347 | Acc: 88.89% (Best: 94.44% @ Ep926) | LR: 0.000300 | Rev: 0/99999
Epoch 5902 | Cost: 0.021995 | Acc: 88.89% (Best: 94.44% @ Ep926) | LR: 0.000300 | Rev: 1/99999
Epoch 5903 | Cost: 0.025781 | Acc: 88.89% (Best: 94.44% @ Ep926) | LR: 0.000300 | Rev: 2/99999
Epoch 5904 | Cost: 0.038230 | Acc: 88.89% (Best: 94.44% @ Ep926) | LR: 0.000300 | Rev: 3/99999
Epoch 5905 | Cost: 0.026270 | Acc: 88.89% (Best: 94.44% @ Ep926) | LR: 0.000300 | Rev: 0/99999
Epoch 5906 | Cost: 0.026141 | Acc: 86.11% (Best: 94.44% @ Ep926) | LR: 0.000300 | Rev: 0/99999
Epoch 5907 | Cost: 0.029960 | Acc: 88.89% (Best: 94.44% @ Ep926) | LR: 0.000300 | Rev: 1/99999
Epoch 5908 | Cost: 0.020752 | Acc: 88.89% (Best: 94.44% @ Ep926) | LR: 0.000300 | Rev: 0/99999
Epoch 5909 | Cost: 0.016446 | Acc: 88.89% (Best: 94.44% @ Ep926) | LR: 0.000300 | Rev: 0/99999
Epoch 5910 | Cost: 0.025929 | Acc: 88.89% (Best: 94.44% @ Ep926) | LR: 0.000300 | Rev: 1/99999
Epoch 5911 | Cost: 0.023922 | Acc: 88.89% (Best: 94.44% @ Ep926) | LR: 0.000300 | Rev: 0/99999
Epoch 5912 | Cost: 0.034429 | Acc: 88.89% (Best: 94.44% @ Ep926) | LR: 0.000300 | Rev: 1/99999
Epoch 5913 | Cost: 0.014867 | Acc: 86.11% (Best: 94.44% @ Ep926) | LR: 0.000300 | Rev: 0/99999
Epoch 5914 | Cost: 0.025539 | Acc: 86.11% (Best: 94.44% @ Ep926) | LR: 0.000300 | Rev: 1/99999
Epoch 5915 | Cost: 0.024286 | Acc: 86.11% (Best: 94.44% @ Ep926) | LR: 0.000300 | Rev: 0/99999
Epoch 5916 | Cost: 0.027525 | Acc: 86.11% (Best: 94.44% @ Ep926) | LR: 0.000300 | Rev: 1/99999
Epoch 5917 | Cost: 0.024680 | Acc: 86.11% (Best: 94.44% @ Ep926) | LR: 0.000300 | Rev: 0/99999
Epoch 5918 | Cost: 0.014788 | Acc: 88.89% (Best: 94.44% @ Ep926) | LR: 0.000300 | Rev: 0/99999
Epoch 5919 | Cost: 0.023660 | Acc: 88.89% (Best: 94.44% @ Ep926) | LR: 0.000300 | Rev: 1/99999
Epoch 5920 | Cost: 0.040474 | Acc: 88.89% (Best: 94.44% @ Ep926) | LR: 0.000300 | Rev: 2/99999
Epoch 5921 | Cost: 0.020188 | Acc: 88.89% (Best: 94.44% @ Ep926) | LR: 0.000300 | Rev: 0/99999
Epoch 5922 | Cost: 0.034046 | Acc: 88.89% (Best: 94.44% @ Ep926) | LR: 0.000300 | Rev: 1/99999
Epoch 5923 | Cost: 0.026492 | Acc: 88.89% (Best: 94.44% @ Ep926) | LR: 0.000300 | Rev: 0/99999
Epoch 5924 | Cost: 0.026183 | Acc: 88.89% (Best: 94.44% @ Ep926) | LR: 0.000300 | Rev: 0/99999
Epoch 5925 | Cost: 0.018167 | Acc: 88.89% (Best: 94.44% @ Ep926) | LR: 0.000300 | Rev: 0/99999
Epoch 5926 | Cost: 0.017946 | Acc: 88.89% (Best: 94.44% @ Ep926) | LR: 0.000300 | Rev: 0/99999
Epoch 5927 | Cost: 0.036749 | Acc: 88.89% (Best: 94.44% @ Ep926) | LR: 0.000300 | Rev: 1/99999
Epoch 5928 | Cost: 0.014741 | Acc: 88.89% (Best: 94.44% @ Ep926) | LR: 0.000300 | Rev: 0/99999
Epoch 5929 | Cost: 0.021588 | Acc: 88.89% (Best: 94.44% @ Ep926) | LR: 0.000300 | Rev: 1/99999
Epoch 5930 | Cost: 0.021898 | Acc: 88.89% (Best: 94.44% @ Ep926) | LR: 0.000300 | Rev: 2/99999
Epoch 5931 | Cost: 0.023868 | Acc: 86.11% (Best: 94.44% @ Ep926) | LR: 0.000300 | Rev: 3/99999
Epoch 5932 | Cost: 0.021587 | Acc: 86.11% (Best: 94.44% @ Ep926) | LR: 0.000300 | Rev: 0/99999
Epoch 5933 | Cost: 0.031470 | Acc: 88.89% (Best: 94.44% @ Ep926) | LR: 0.000300 | Rev: 1/99999
Epoch 5934 | Cost: 0.027594 | Acc: 88.89% (Best: 94.44% @ Ep926) | LR: 0.000300 | Rev: 0/99999
Epoch 5935 | Cost: 0.019773 | Acc: 88.89% (Best: 94.44% @ Ep926) | LR: 0.000300 | Rev: 0/99999
Epoch 5936 | Cost: 0.019136 | Acc: 88.89% (Best: 94.44% @ Ep926) | LR: 0.000300 | Rev: 0/99999
Epoch 5937 | Cost: 0.020444 | Acc: 88.89% (Best: 94.44% @ Ep926) | LR: 0.000300 | Rev: 1/99999
Epoch 5938 | Cost: 0.025708 | Acc: 88.89% (Best: 94.44% @ Ep926) | LR: 0.000300 | Rev: 2/99999
Epoch 5939 | Cost: 0.023211 | Acc: 88.89% (Best: 94.44% @ Ep926) | LR: 0.000300 | Rev: 0/99999
Epoch 5940 | Cost: 0.022343 | Acc: 88.89% (Best: 94.44% @ Ep926) | LR: 0.000300 | Rev: 0/99999
Epoch 5941 | Cost: 0.025110 | Acc: 88.89% (Best: 94.44% @ Ep926) | LR: 0.000300 | Rev: 1/99999
Epoch 5942 | Cost: 0.026582 | Acc: 88.89% (Best: 94.44% @ Ep926) | LR: 0.000300 | Rev: 2/99999
Epoch 5943 | Cost: 0.020912 | Acc: 88.89% (Best: 94.44% @ Ep926) | LR: 0.000300 | Rev: 0/99999
Epoch 5944 | Cost: 0.028029 | Acc: 88.89% (Best: 94.44% @ Ep926) | LR: 0.000300 | Rev: 1/99999
Epoch 5945 | Cost: 0.027220 | Acc: 88.89% (Best: 94.44% @ Ep926) | LR: 0.000300 | Rev: 0/99999
Epoch 5946 | Cost: 0.022300 | Acc: 88.89% (Best: 94.44% @ Ep926) | LR: 0.000300 | Rev: 0/99999
Epoch 5947 | Cost: 0.026875 | Acc: 88.89% (Best: 94.44% @ Ep926) | LR: 0.000300 | Rev: 1/99999
Epoch 5948 | Cost: 0.020409 | Acc: 88.89% (Best: 94.44% @ Ep926) | LR: 0.000300 | Rev: 0/99999
Epoch 5949 | Cost: 0.041955 | Acc: 88.89% (Best: 94.44% @ Ep926) | LR: 0.000300 | Rev: 1/99999
Epoch 5950 | Cost: 0.019860 | Acc: 88.89% (Best: 94.44% @ Ep926) | LR: 0.000300 | Rev: 0/99999
Epoch 5951 | Cost: 0.026091 | Acc: 88.89% (Best: 94.44% @ Ep926) | LR: 0.000300 | Rev: 1/99999
Epoch 5952 | Cost: 0.025320 | Acc: 88.89% (Best: 94.44% @ Ep926) | LR: 0.000300 | Rev: 0/99999
Epoch 5953 | Cost: 0.018386 | Acc: 88.89% (Best: 94.44% @ Ep926) | LR: 0.000300 | Rev: 0/99999
Epoch 5954 | Cost: 0.031563 | Acc: 88.89% (Best: 94.44% @ Ep926) | LR: 0.000300 | Rev: 1/99999
Epoch 5955 | Cost: 0.022049 | Acc: 88.89% (Best: 94.44% @ Ep926) | LR: 0.000300 | Rev: 0/99999
Epoch 5956 | Cost: 0.020196 | Acc: 88.89% (Best: 94.44% @ Ep926) | LR: 0.000300 | Rev: 0/99999
Epoch 5957 | Cost: 0.035502 | Acc: 88.89% (Best: 94.44% @ Ep926) | LR: 0.000300 | Rev: 1/99999
Epoch 5958 | Cost: 0.037163 | Acc: 88.89% (Best: 94.44% @ Ep926) | LR: 0.000300 | Rev: 2/99999
Epoch 5959 | Cost: 0.027840 | Acc: 88.89% (Best: 94.44% @ Ep926) | LR: 0.000300 | Rev: 0/99999
Epoch 5960 | Cost: 0.024133 | Acc: 88.89% (Best: 94.44% @ Ep926) | LR: 0.000300 | Rev: 0/99999
Epoch 5961 | Cost: 0.024294 | Acc: 88.89% (Best: 94.44% @ Ep926) | LR: 0.000300 | Rev: 1/99999
Epoch 5962 | Cost: 0.031166 | Acc: 88.89% (Best: 94.44% @ Ep926) | LR: 0.000300 | Rev: 2/99999
Epoch 5963 | Cost: 0.029176 | Acc: 88.89% (Best: 94.44% @ Ep926) | LR: 0.000300 | Rev: 0/99999
Epoch 5964 | Cost: 0.023984 | Acc: 88.89% (Best: 94.44% @ Ep926) | LR: 0.000300 | Rev: 0/99999
Epoch 5965 | Cost: 0.019345 | Acc: 88.89% (Best: 94.44% @ Ep926) | LR: 0.000300 | Rev: 0/99999
Epoch 5966 | Cost: 0.029614 | Acc: 88.89% (Best: 94.44% @ Ep926) | LR: 0.000300 | Rev: 1/99999
Epoch 5967 | Cost: 0.025358 | Acc: 88.89% (Best: 94.44% @ Ep926) | LR: 0.000300 | Rev: 0/99999
Epoch 5968 | Cost: 0.030551 | Acc: 88.89% (Best: 94.44% @ Ep926) | LR: 0.000300 | Rev: 1/99999
Epoch 5969 | Cost: 0.019953 | Acc: 88.89% (Best: 94.44% @ Ep926) | LR: 0.000300 | Rev: 0/99999
Epoch 5970 | Cost: 0.028901 | Acc: 88.89% (Best: 94.44% @ Ep926) | LR: 0.000300 | Rev: 1/99999
Epoch 5971 | Cost: 0.031411 | Acc: 88.89% (Best: 94.44% @ Ep926) | LR: 0.000300 | Rev: 2/99999
Epoch 5972 | Cost: 0.030238 | Acc: 88.89% (Best: 94.44% @ Ep926) | LR: 0.000300 | Rev: 0/99999
Epoch 5973 | Cost: 0.027428 | Acc: 88.89% (Best: 94.44% @ Ep926) | LR: 0.000300 | Rev: 0/99999
Epoch 5974 | Cost: 0.023680 | Acc: 88.89% (Best: 94.44% @ Ep926) | LR: 0.000300 | Rev: 0/99999
Epoch 5975 | Cost: 0.020425 | Acc: 88.89% (Best: 94.44% @ Ep926) | LR: 0.000300 | Rev: 0/99999
Epoch 5976 | Cost: 0.031499 | Acc: 88.89% (Best: 94.44% @ Ep926) | LR: 0.000300 | Rev: 1/99999
Epoch 5977 | Cost: 0.022118 | Acc: 88.89% (Best: 94.44% @ Ep926) | LR: 0.000300 | Rev: 0/99999
Epoch 5978 | Cost: 0.017914 | Acc: 88.89% (Best: 94.44% @ Ep926) | LR: 0.000300 | Rev: 0/99999
Epoch 5979 | Cost: 0.019911 | Acc: 88.89% (Best: 94.44% @ Ep926) | LR: 0.000300 | Rev: 1/99999
Epoch 5980 | Cost: 0.028205 | Acc: 88.89% (Best: 94.44% @ Ep926) | LR: 0.000300 | Rev: 2/99999
Epoch 5981 | Cost: 0.023289 | Acc: 88.89% (Best: 94.44% @ Ep926) | LR: 0.000300 | Rev: 0/99999
Epoch 5982 | Cost: 0.028689 | Acc: 88.89% (Best: 94.44% @ Ep926) | LR: 0.000300 | Rev: 1/99999
Epoch 5983 | Cost: 0.020441 | Acc: 88.89% (Best: 94.44% @ Ep926) | LR: 0.000300 | Rev: 0/99999
Epoch 5984 | Cost: 0.024841 | Acc: 88.89% (Best: 94.44% @ Ep926) | LR: 0.000300 | Rev: 1/99999
Epoch 5985 | Cost: 0.019651 | Acc: 88.89% (Best: 94.44% @ Ep926) | LR: 0.000300 | Rev: 0/99999
Epoch 5986 | Cost: 0.017769 | Acc: 88.89% (Best: 94.44% @ Ep926) | LR: 0.000300 | Rev: 0/99999
Epoch 5987 | Cost: 0.015740 | Acc: 88.89% (Best: 94.44% @ Ep926) | LR: 0.000300 | Rev: 0/99999
Epoch 5988 | Cost: 0.032352 | Acc: 88.89% (Best: 94.44% @ Ep926) | LR: 0.000300 | Rev: 1/99999
Epoch 5989 | Cost: 0.032419 | Acc: 88.89% (Best: 94.44% @ Ep926) | LR: 0.000300 | Rev: 2/99999
Epoch 5990 | Cost: 0.020856 | Acc: 88.89% (Best: 94.44% @ Ep926) | LR: 0.000300 | Rev: 0/99999
Epoch 5991 | Cost: 0.021467 | Acc: 88.89% (Best: 94.44% @ Ep926) | LR: 0.000300 | Rev: 1/99999
Epoch 5992 | Cost: 0.023229 | Acc: 88.89% (Best: 94.44% @ Ep926) | LR: 0.000300 | Rev: 2/99999
Epoch 5993 | Cost: 0.025340 | Acc: 88.89% (Best: 94.44% @ Ep926) | LR: 0.000300 | Rev: 3/99999
Epoch 5994 | Cost: 0.013692 | Acc: 88.89% (Best: 94.44% @ Ep926) | LR: 0.000300 | Rev: 0/99999
Epoch 5995 | Cost: 0.019818 | Acc: 88.89% (Best: 94.44% @ Ep926) | LR: 0.000300 | Rev: 1/99999
Epoch 5996 | Cost: 0.018684 | Acc: 88.89% (Best: 94.44% @ Ep926) | LR: 0.000300 | Rev: 0/99999
Epoch 5997 | Cost: 0.020114 | Acc: 88.89% (Best: 94.44% @ Ep926) | LR: 0.000300 | Rev: 1/99999
Epoch 5998 | Cost: 0.037749 | Acc: 88.89% (Best: 94.44% @ Ep926) | LR: 0.000300 | Rev: 2/99999
Epoch 5999 | Cost: 0.018444 | Acc: 88.89% (Best: 94.44% @ Ep926) | LR: 0.000300 | Rev: 0/99999
Epoch 6000 | Cost: 0.029543 | Acc: 88.89% (Best: 94.44% @ Ep926) | LR: 0.000300 | Rev: 1/99999
Epoch 6001 | Cost: 0.021626 | Acc: 88.89% (Best: 94.44% @ Ep926) | LR: 0.000300 | Rev: 0/99999
Epoch 6002 | Cost: 0.022448 | Acc: 88.89% (Best: 94.44% @ Ep926) | LR: 0.000300 | Rev: 1/99999
Epoch 6003 | Cost: 0.032741 | Acc: 88.89% (Best: 94.44% @ Ep926) | LR: 0.000300 | Rev: 2/99999
Epoch 6004 | Cost: 0.031280 | Acc: 88.89% (Best: 94.44% @ Ep926) | LR: 0.000300 | Rev: 0/99999
Epoch 6005 | Cost: 0.016103 | Acc: 88.89% (Best: 94.44% @ Ep926) | LR: 0.000300 | Rev: 0/99999
Epoch 6006 | Cost: 0.027722 | Acc: 88.89% (Best: 94.44% @ Ep926) | LR: 0.000300 | Rev: 1/99999
Epoch 6007 | Cost: 0.038755 | Acc: 88.89% (Best: 94.44% @ Ep926) | LR: 0.000300 | Rev: 2/99999
Epoch 6008 | Cost: 0.020743 | Acc: 88.89% (Best: 94.44% @ Ep926) | LR: 0.000300 | Rev: 0/99999
Epoch 6009 | Cost: 0.017930 | Acc: 88.89% (Best: 94.44% @ Ep926) | LR: 0.000300 | Rev: 0/99999
Epoch 6010 | Cost: 0.018869 | Acc: 88.89% (Best: 94.44% @ Ep926) | LR: 0.000300 | Rev: 1/99999
Epoch 6011 | Cost: 0.029044 | Acc: 88.89% (Best: 94.44% @ Ep926) | LR: 0.000300 | Rev: 2/99999
Epoch 6012 | Cost: 0.025380 | Acc: 88.89% (Best: 94.44% @ Ep926) | LR: 0.000300 | Rev: 0/99999
Epoch 6013 | Cost: 0.020453 | Acc: 88.89% (Best: 94.44% @ Ep926) | LR: 0.000300 | Rev: 0/99999
Epoch 6014 | Cost: 0.015451 | Acc: 86.11% (Best: 94.44% @ Ep926) | LR: 0.000300 | Rev: 0/99999
Epoch 6015 | Cost: 0.017356 | Acc: 86.11% (Best: 94.44% @ Ep926) | LR: 0.000300 | Rev: 1/99999
Epoch 6016 | Cost: 0.024157 | Acc: 88.89% (Best: 94.44% @ Ep926) | LR: 0.000300 | Rev: 2/99999
Epoch 6017 | Cost: 0.016185 | Acc: 88.89% (Best: 94.44% @ Ep926) | LR: 0.000300 | Rev: 0/99999
Epoch 6018 | Cost: 0.020291 | Acc: 88.89% (Best: 94.44% @ Ep926) | LR: 0.000300 | Rev: 1/99999
Epoch 6019 | Cost: 0.016272 | Acc: 88.89% (Best: 94.44% @ Ep926) | LR: 0.000300 | Rev: 0/99999
Epoch 6020 | Cost: 0.011716 | Acc: 88.89% (Best: 94.44% @ Ep926) | LR: 0.000300 | Rev: 0/99999
Epoch 6021 | Cost: 0.019526 | Acc: 88.89% (Best: 94.44% @ Ep926) | LR: 0.000300 | Rev: 1/99999
Epoch 6022 | Cost: 0.011784 | Acc: 88.89% (Best: 94.44% @ Ep926) | LR: 0.000300 | Rev: 0/99999
Epoch 6023 | Cost: 0.024308 | Acc: 86.11% (Best: 94.44% @ Ep926) | LR: 0.000300 | Rev: 1/99999
Epoch 6024 | Cost: 0.017062 | Acc: 86.11% (Best: 94.44% @ Ep926) | LR: 0.000300 | Rev: 0/99999
Epoch 6025 | Cost: 0.027458 | Acc: 86.11% (Best: 94.44% @ Ep926) | LR: 0.000300 | Rev: 1/99999
Epoch 6026 | Cost: 0.023960 | Acc: 88.89% (Best: 94.44% @ Ep926) | LR: 0.000300 | Rev: 0/99999
Epoch 6027 | Cost: 0.029236 | Acc: 88.89% (Best: 94.44% @ Ep926) | LR: 0.000300 | Rev: 1/99999
Epoch 6028 | Cost: 0.026392 | Acc: 88.89% (Best: 94.44% @ Ep926) | LR: 0.000300 | Rev: 0/99999
Epoch 6029 | Cost: 0.022492 | Acc: 88.89% (Best: 94.44% @ Ep926) | LR: 0.000300 | Rev: 0/99999
Epoch 6030 | Cost: 0.037185 | Acc: 88.89% (Best: 94.44% @ Ep926) | LR: 0.000300 | Rev: 1/99999
Epoch 6031 | Cost: 0.030805 | Acc: 88.89% (Best: 94.44% @ Ep926) | LR: 0.000300 | Rev: 0/99999
Epoch 6032 | Cost: 0.033249 | Acc: 88.89% (Best: 94.44% @ Ep926) | LR: 0.000300 | Rev: 1/99999
Epoch 6033 | Cost: 0.024555 | Acc: 88.89% (Best: 94.44% @ Ep926) | LR: 0.000300 | Rev: 0/99999
Epoch 6034 | Cost: 0.028196 | Acc: 88.89% (Best: 94.44% @ Ep926) | LR: 0.000300 | Rev: 1/99999
Epoch 6035 | Cost: 0.017741 | Acc: 88.89% (Best: 94.44% @ Ep926) | LR: 0.000300 | Rev: 0/99999
Epoch 6036 | Cost: 0.029127 | Acc: 88.89% (Best: 94.44% @ Ep926) | LR: 0.000300 | Rev: 1/99999
Epoch 6037 | Cost: 0.015859 | Acc: 88.89% (Best: 94.44% @ Ep926) | LR: 0.000300 | Rev: 0/99999
Epoch 6038 | Cost: 0.027540 | Acc: 88.89% (Best: 94.44% @ Ep926) | LR: 0.000300 | Rev: 1/99999
Epoch 6039 | Cost: 0.022426 | Acc: 88.89% (Best: 94.44% @ Ep926) | LR: 0.000300 | Rev: 0/99999
Epoch 6040 | Cost: 0.032042 | Acc: 88.89% (Best: 94.44% @ Ep926) | LR: 0.000300 | Rev: 1/99999
Epoch 6041 | Cost: 0.038307 | Acc: 86.11% (Best: 94.44% @ Ep926) | LR: 0.000300 | Rev: 2/99999
Epoch 6042 | Cost: 0.029121 | Acc: 88.89% (Best: 94.44% @ Ep926) | LR: 0.000300 | Rev: 0/99999
Epoch 6043 | Cost: 0.019324 | Acc: 88.89% (Best: 94.44% @ Ep926) | LR: 0.000300 | Rev: 0/99999
Epoch 6044 | Cost: 0.024382 | Acc: 88.89% (Best: 94.44% @ Ep926) | LR: 0.000300 | Rev: 1/99999
Epoch 6045 | Cost: 0.020682 | Acc: 88.89% (Best: 94.44% @ Ep926) | LR: 0.000300 | Rev: 0/99999
Epoch 6046 | Cost: 0.016504 | Acc: 88.89% (Best: 94.44% @ Ep926) | LR: 0.000300 | Rev: 0/99999
Epoch 6047 | Cost: 0.028813 | Acc: 88.89% (Best: 94.44% @ Ep926) | LR: 0.000300 | Rev: 1/99999
Epoch 6048 | Cost: 0.029677 | Acc: 88.89% (Best: 94.44% @ Ep926) | LR: 0.000300 | Rev: 2/99999
Epoch 6049 | Cost: 0.019523 | Acc: 88.89% (Best: 94.44% @ Ep926) | LR: 0.000300 | Rev: 0/99999
Epoch 6050 | Cost: 0.022068 | Acc: 86.11% (Best: 94.44% @ Ep926) | LR: 0.000300 | Rev: 1/99999
Epoch 6051 | Cost: 0.030154 | Acc: 86.11% (Best: 94.44% @ Ep926) | LR: 0.000300 | Rev: 2/99999
Epoch 6052 | Cost: 0.023219 | Acc: 86.11% (Best: 94.44% @ Ep926) | LR: 0.000300 | Rev: 0/99999
Epoch 6053 | Cost: 0.021123 | Acc: 86.11% (Best: 94.44% @ Ep926) | LR: 0.000300 | Rev: 0/99999
Epoch 6054 | Cost: 0.038795 | Acc: 86.11% (Best: 94.44% @ Ep926) | LR: 0.000300 | Rev: 1/99999
Epoch 6055 | Cost: 0.031438 | Acc: 88.89% (Best: 94.44% @ Ep926) | LR: 0.000300 | Rev: 0/99999
Epoch 6056 | Cost: 0.032452 | Acc: 88.89% (Best: 94.44% @ Ep926) | LR: 0.000300 | Rev: 1/99999
Epoch 6057 | Cost: 0.019704 | Acc: 88.89% (Best: 94.44% @ Ep926) | LR: 0.000300 | Rev: 0/99999
Epoch 6058 | Cost: 0.032514 | Acc: 88.89% (Best: 94.44% @ Ep926) | LR: 0.000300 | Rev: 1/99999
Epoch 6059 | Cost: 0.035870 | Acc: 88.89% (Best: 94.44% @ Ep926) | LR: 0.000300 | Rev: 2/99999
Epoch 6060 | Cost: 0.027996 | Acc: 88.89% (Best: 94.44% @ Ep926) | LR: 0.000300 | Rev: 0/99999
Epoch 6061 | Cost: 0.019999 | Acc: 88.89% (Best: 94.44% @ Ep926) | LR: 0.000300 | Rev: 0/99999
Epoch 6062 | Cost: 0.022758 | Acc: 88.89% (Best: 94.44% @ Ep926) | LR: 0.000300 | Rev: 1/99999
Epoch 6063 | Cost: 0.016236 | Acc: 88.89% (Best: 94.44% @ Ep926) | LR: 0.000300 | Rev: 0/99999
Epoch 6064 | Cost: 0.020759 | Acc: 86.11% (Best: 94.44% @ Ep926) | LR: 0.000300 | Rev: 1/99999
Epoch 6065 | Cost: 0.031388 | Acc: 88.89% (Best: 94.44% @ Ep926) | LR: 0.000300 | Rev: 2/99999
Epoch 6066 | Cost: 0.026178 | Acc: 88.89% (Best: 94.44% @ Ep926) | LR: 0.000300 | Rev: 0/99999
Epoch 6067 | Cost: 0.023267 | Acc: 88.89% (Best: 94.44% @ Ep926) | LR: 0.000300 | Rev: 0/99999
Epoch 6068 | Cost: 0.021128 | Acc: 88.89% (Best: 94.44% @ Ep926) | LR: 0.000300 | Rev: 0/99999
Epoch 6069 | Cost: 0.032235 | Acc: 88.89% (Best: 94.44% @ Ep926) | LR: 0.000300 | Rev: 1/99999
Epoch 6070 | Cost: 0.029038 | Acc: 88.89% (Best: 94.44% @ Ep926) | LR: 0.000300 | Rev: 0/99999
Epoch 6071 | Cost: 0.024027 | Acc: 88.89% (Best: 94.44% @ Ep926) | LR: 0.000300 | Rev: 0/99999
Epoch 6072 | Cost: 0.028087 | Acc: 88.89% (Best: 94.44% @ Ep926) | LR: 0.000300 | Rev: 1/99999
Epoch 6073 | Cost: 0.033254 | Acc: 88.89% (Best: 94.44% @ Ep926) | LR: 0.000300 | Rev: 2/99999
Epoch 6074 | Cost: 0.023764 | Acc: 88.89% (Best: 94.44% @ Ep926) | LR: 0.000300 | Rev: 0/99999
Epoch 6075 | Cost: 0.025691 | Acc: 88.89% (Best: 94.44% @ Ep926) | LR: 0.000300 | Rev: 1/99999
Epoch 6076 | Cost: 0.020713 | Acc: 88.89% (Best: 94.44% @ Ep926) | LR: 0.000300 | Rev: 0/99999
Epoch 6077 | Cost: 0.018023 | Acc: 86.11% (Best: 94.44% @ Ep926) | LR: 0.000300 | Rev: 0/99999
Epoch 6078 | Cost: 0.019612 | Acc: 88.89% (Best: 94.44% @ Ep926) | LR: 0.000300 | Rev: 1/99999
Epoch 6079 | Cost: 0.021114 | Acc: 88.89% (Best: 94.44% @ Ep926) | LR: 0.000300 | Rev: 2/99999
Epoch 6080 | Cost: 0.023772 | Acc: 88.89% (Best: 94.44% @ Ep926) | LR: 0.000300 | Rev: 3/99999
Epoch 6081 | Cost: 0.020321 | Acc: 88.89% (Best: 94.44% @ Ep926) | LR: 0.000300 | Rev: 0/99999
Epoch 6082 | Cost: 0.025661 | Acc: 88.89% (Best: 94.44% @ Ep926) | LR: 0.000300 | Rev: 1/99999
Epoch 6083 | Cost: 0.020479 | Acc: 86.11% (Best: 94.44% @ Ep926) | LR: 0.000300 | Rev: 0/99999
Epoch 6084 | Cost: 0.026780 | Acc: 88.89% (Best: 94.44% @ Ep926) | LR: 0.000300 | Rev: 1/99999
Epoch 6085 | Cost: 0.023107 | Acc: 88.89% (Best: 94.44% @ Ep926) | LR: 0.000300 | Rev: 0/99999
Epoch 6086 | Cost: 0.026036 | Acc: 88.89% (Best: 94.44% @ Ep926) | LR: 0.000300 | Rev: 1/99999
Epoch 6087 | Cost: 0.025915 | Acc: 88.89% (Best: 94.44% @ Ep926) | LR: 0.000300 | Rev: 0/99999
Epoch 6088 | Cost: 0.020665 | Acc: 88.89% (Best: 94.44% @ Ep926) | LR: 0.000300 | Rev: 0/99999
Epoch 6089 | Cost: 0.022090 | Acc: 88.89% (Best: 94.44% @ Ep926) | LR: 0.000300 | Rev: 1/99999
Epoch 6090 | Cost: 0.034174 | Acc: 88.89% (Best: 94.44% @ Ep926) | LR: 0.000300 | Rev: 2/99999
Epoch 6091 | Cost: 0.020015 | Acc: 88.89% (Best: 94.44% @ Ep926) | LR: 0.000300 | Rev: 0/99999
Epoch 6092 | Cost: 0.021914 | Acc: 88.89% (Best: 94.44% @ Ep926) | LR: 0.000300 | Rev: 1/99999
Epoch 6093 | Cost: 0.020245 | Acc: 88.89% (Best: 94.44% @ Ep926) | LR: 0.000300 | Rev: 0/99999
Epoch 6094 | Cost: 0.018936 | Acc: 88.89% (Best: 94.44% @ Ep926) | LR: 0.000300 | Rev: 0/99999
Epoch 6095 | Cost: 0.018825 | Acc: 88.89% (Best: 94.44% @ Ep926) | LR: 0.000300 | Rev: 0/99999
Epoch 6096 | Cost: 0.049407 | Acc: 88.89% (Best: 94.44% @ Ep926) | LR: 0.000300 | Rev: 1/99999
Epoch 6097 | Cost: 0.017881 | Acc: 88.89% (Best: 94.44% @ Ep926) | LR: 0.000300 | Rev: 0/99999
Epoch 6098 | Cost: 0.020097 | Acc: 88.89% (Best: 94.44% @ Ep926) | LR: 0.000300 | Rev: 1/99999
Epoch 6099 | Cost: 0.021930 | Acc: 88.89% (Best: 94.44% @ Ep926) | LR: 0.000300 | Rev: 2/99999
Epoch 6100 | Cost: 0.017159 | Acc: 88.89% (Best: 94.44% @ Ep926) | LR: 0.000300 | Rev: 0/99999
Epoch 6101 | Cost: 0.017427 | Acc: 88.89% (Best: 94.44% @ Ep926) | LR: 0.000300 | Rev: 1/99999
Epoch 6102 | Cost: 0.061664 | Acc: 88.89% (Best: 94.44% @ Ep926) | LR: 0.000300 | Rev: 2/99999
Epoch 6103 | Cost: 0.023667 | Acc: 88.89% (Best: 94.44% @ Ep926) | LR: 0.000300 | Rev: 0/99999
Epoch 6104 | Cost: 0.028628 | Acc: 88.89% (Best: 94.44% @ Ep926) | LR: 0.000300 | Rev: 1/99999
Epoch 6105 | Cost: 0.029657 | Acc: 88.89% (Best: 94.44% @ Ep926) | LR: 0.000300 | Rev: 2/99999
Epoch 6106 | Cost: 0.022395 | Acc: 88.89% (Best: 94.44% @ Ep926) | LR: 0.000300 | Rev: 0/99999
Epoch 6107 | Cost: 0.019425 | Acc: 88.89% (Best: 94.44% @ Ep926) | LR: 0.000300 | Rev: 0/99999
Epoch 6108 | Cost: 0.019328 | Acc: 88.89% (Best: 94.44% @ Ep926) | LR: 0.000300 | Rev: 0/99999
Epoch 6109 | Cost: 0.021734 | Acc: 88.89% (Best: 94.44% @ Ep926) | LR: 0.000300 | Rev: 1/99999
Epoch 6110 | Cost: 0.026244 | Acc: 88.89% (Best: 94.44% @ Ep926) | LR: 0.000300 | Rev: 2/99999
Epoch 6111 | Cost: 0.021011 | Acc: 88.89% (Best: 94.44% @ Ep926) | LR: 0.000300 | Rev: 0/99999
Epoch 6112 | Cost: 0.034128 | Acc: 88.89% (Best: 94.44% @ Ep926) | LR: 0.000300 | Rev: 1/99999
Epoch 6113 | Cost: 0.022972 | Acc: 88.89% (Best: 94.44% @ Ep926) | LR: 0.000300 | Rev: 0/99999
Epoch 6114 | Cost: 0.026509 | Acc: 88.89% (Best: 94.44% @ Ep926) | LR: 0.000300 | Rev: 1/99999
Epoch 6115 | Cost: 0.025458 | Acc: 88.89% (Best: 94.44% @ Ep926) | LR: 0.000300 | Rev: 0/99999
Epoch 6116 | Cost: 0.028796 | Acc: 88.89% (Best: 94.44% @ Ep926) | LR: 0.000300 | Rev: 1/99999
Epoch 6117 | Cost: 0.022090 | Acc: 88.89% (Best: 94.44% @ Ep926) | LR: 0.000300 | Rev: 0/99999
Epoch 6118 | Cost: 0.029675 | Acc: 88.89% (Best: 94.44% @ Ep926) | LR: 0.000300 | Rev: 1/99999
Epoch 6119 | Cost: 0.033854 | Acc: 88.89% (Best: 94.44% @ Ep926) | LR: 0.000300 | Rev: 2/99999
Epoch 6120 | Cost: 0.011249 | Acc: 88.89% (Best: 94.44% @ Ep926) | LR: 0.000300 | Rev: 0/99999
Epoch 6121 | Cost: 0.036616 | Acc: 88.89% (Best: 94.44% @ Ep926) | LR: 0.000300 | Rev: 1/99999
Epoch 6122 | Cost: 0.010091 | Acc: 88.89% (Best: 94.44% @ Ep926) | LR: 0.000300 | Rev: 0/99999
Epoch 6123 | Cost: 0.034451 | Acc: 88.89% (Best: 94.44% @ Ep926) | LR: 0.000300 | Rev: 1/99999
Epoch 6124 | Cost: 0.021764 | Acc: 88.89% (Best: 94.44% @ Ep926) | LR: 0.000300 | Rev: 0/99999
Epoch 6125 | Cost: 0.022114 | Acc: 86.11% (Best: 94.44% @ Ep926) | LR: 0.000300 | Rev: 1/99999
Epoch 6126 | Cost: 0.026793 | Acc: 86.11% (Best: 94.44% @ Ep926) | LR: 0.000300 | Rev: 2/99999
Epoch 6127 | Cost: 0.017170 | Acc: 86.11% (Best: 94.44% @ Ep926) | LR: 0.000300 | Rev: 0/99999
Epoch 6128 | Cost: 0.035250 | Acc: 86.11% (Best: 94.44% @ Ep926) | LR: 0.000300 | Rev: 1/99999
Epoch 6129 | Cost: 0.022993 | Acc: 88.89% (Best: 94.44% @ Ep926) | LR: 0.000300 | Rev: 0/99999
Epoch 6130 | Cost: 0.021366 | Acc: 88.89% (Best: 94.44% @ Ep926) | LR: 0.000300 | Rev: 0/99999
Epoch 6131 | Cost: 0.026024 | Acc: 88.89% (Best: 94.44% @ Ep926) | LR: 0.000300 | Rev: 1/99999
Epoch 6132 | Cost: 0.023973 | Acc: 88.89% (Best: 94.44% @ Ep926) | LR: 0.000300 | Rev: 0/99999
Epoch 6133 | Cost: 0.023487 | Acc: 88.89% (Best: 94.44% @ Ep926) | LR: 0.000300 | Rev: 0/99999
Epoch 6134 | Cost: 0.028230 | Acc: 88.89% (Best: 94.44% @ Ep926) | LR: 0.000300 | Rev: 1/99999
Epoch 6135 | Cost: 0.028101 | Acc: 88.89% (Best: 94.44% @ Ep926) | LR: 0.000300 | Rev: 0/99999
Epoch 6136 | Cost: 0.020880 | Acc: 88.89% (Best: 94.44% @ Ep926) | LR: 0.000300 | Rev: 0/99999
Epoch 6137 | Cost: 0.024112 | Acc: 88.89% (Best: 94.44% @ Ep926) | LR: 0.000300 | Rev: 1/99999
Epoch 6138 | Cost: 0.027698 | Acc: 88.89% (Best: 94.44% @ Ep926) | LR: 0.000300 | Rev: 2/99999
Epoch 6139 | Cost: 0.017855 | Acc: 88.89% (Best: 94.44% @ Ep926) | LR: 0.000300 | Rev: 0/99999
Epoch 6140 | Cost: 0.016328 | Acc: 88.89% (Best: 94.44% @ Ep926) | LR: 0.000300 | Rev: 0/99999
Epoch 6141 | Cost: 0.023009 | Acc: 86.11% (Best: 94.44% @ Ep926) | LR: 0.000300 | Rev: 1/99999
Epoch 6142 | Cost: 0.016292 | Acc: 86.11% (Best: 94.44% @ Ep926) | LR: 0.000300 | Rev: 0/99999
Epoch 6143 | Cost: 0.016231 | Acc: 86.11% (Best: 94.44% @ Ep926) | LR: 0.000300 | Rev: 0/99999
Epoch 6144 | Cost: 0.023824 | Acc: 86.11% (Best: 94.44% @ Ep926) | LR: 0.000300 | Rev: 1/99999
Epoch 6145 | Cost: 0.017771 | Acc: 86.11% (Best: 94.44% @ Ep926) | LR: 0.000300 | Rev: 0/99999
Epoch 6146 | Cost: 0.016387 | Acc: 88.89% (Best: 94.44% @ Ep926) | LR: 0.000300 | Rev: 0/99999
Epoch 6147 | Cost: 0.020580 | Acc: 86.11% (Best: 94.44% @ Ep926) | LR: 0.000300 | Rev: 1/99999
Epoch 6148 | Cost: 0.034953 | Acc: 86.11% (Best: 94.44% @ Ep926) | LR: 0.000300 | Rev: 2/99999
Epoch 6149 | Cost: 0.028340 | Acc: 86.11% (Best: 94.44% @ Ep926) | LR: 0.000300 | Rev: 0/99999
Epoch 6150 | Cost: 0.025192 | Acc: 86.11% (Best: 94.44% @ Ep926) | LR: 0.000300 | Rev: 0/99999
Epoch 6151 | Cost: 0.039640 | Acc: 88.89% (Best: 94.44% @ Ep926) | LR: 0.000300 | Rev: 1/99999
Epoch 6152 | Cost: 0.020218 | Acc: 88.89% (Best: 94.44% @ Ep926) | LR: 0.000300 | Rev: 0/99999
Epoch 6153 | Cost: 0.021635 | Acc: 88.89% (Best: 94.44% @ Ep926) | LR: 0.000300 | Rev: 1/99999
Epoch 6154 | Cost: 0.014868 | Acc: 88.89% (Best: 94.44% @ Ep926) | LR: 0.000300 | Rev: 0/99999
Epoch 6155 | Cost: 0.018938 | Acc: 86.11% (Best: 94.44% @ Ep926) | LR: 0.000300 | Rev: 1/99999
Epoch 6156 | Cost: 0.026431 | Acc: 86.11% (Best: 94.44% @ Ep926) | LR: 0.000300 | Rev: 2/99999
Epoch 6157 | Cost: 0.021526 | Acc: 88.89% (Best: 94.44% @ Ep926) | LR: 0.000300 | Rev: 0/99999
Epoch 6158 | Cost: 0.022513 | Acc: 88.89% (Best: 94.44% @ Ep926) | LR: 0.000300 | Rev: 1/99999
Epoch 6159 | Cost: 0.028876 | Acc: 86.11% (Best: 94.44% @ Ep926) | LR: 0.000300 | Rev: 2/99999
Epoch 6160 | Cost: 0.030389 | Acc: 88.89% (Best: 94.44% @ Ep926) | LR: 0.000300 | Rev: 3/99999
Epoch 6161 | Cost: 0.032990 | Acc: 88.89% (Best: 94.44% @ Ep926) | LR: 0.000300 | Rev: 4/99999
Epoch 6162 | Cost: 0.029308 | Acc: 86.11% (Best: 94.44% @ Ep926) | LR: 0.000300 | Rev: 0/99999
Epoch 6163 | Cost: 0.031192 | Acc: 86.11% (Best: 94.44% @ Ep926) | LR: 0.000300 | Rev: 1/99999
Epoch 6164 | Cost: 0.032716 | Acc: 86.11% (Best: 94.44% @ Ep926) | LR: 0.000300 | Rev: 2/99999
Epoch 6165 | Cost: 0.019791 | Acc: 86.11% (Best: 94.44% @ Ep926) | LR: 0.000300 | Rev: 0/99999
Epoch 6166 | Cost: 0.023241 | Acc: 88.89% (Best: 94.44% @ Ep926) | LR: 0.000300 | Rev: 1/99999
Epoch 6167 | Cost: 0.021759 | Acc: 88.89% (Best: 94.44% @ Ep926) | LR: 0.000300 | Rev: 0/99999
Epoch 6168 | Cost: 0.025587 | Acc: 88.89% (Best: 94.44% @ Ep926) | LR: 0.000300 | Rev: 1/99999
Epoch 6169 | Cost: 0.033573 | Acc: 88.89% (Best: 94.44% @ Ep926) | LR: 0.000300 | Rev: 2/99999
Epoch 6170 | Cost: 0.040731 | Acc: 88.89% (Best: 94.44% @ Ep926) | LR: 0.000300 | Rev: 3/99999
Epoch 6171 | Cost: 0.018151 | Acc: 88.89% (Best: 94.44% @ Ep926) | LR: 0.000300 | Rev: 0/99999
Epoch 6172 | Cost: 0.026559 | Acc: 88.89% (Best: 94.44% @ Ep926) | LR: 0.000300 | Rev: 1/99999
Epoch 6173 | Cost: 0.020531 | Acc: 88.89% (Best: 94.44% @ Ep926) | LR: 0.000300 | Rev: 0/99999
Epoch 6174 | Cost: 0.018598 | Acc: 88.89% (Best: 94.44% @ Ep926) | LR: 0.000300 | Rev: 0/99999
Epoch 6175 | Cost: 0.028420 | Acc: 88.89% (Best: 94.44% @ Ep926) | LR: 0.000300 | Rev: 1/99999
Epoch 6176 | Cost: 0.018786 | Acc: 88.89% (Best: 94.44% @ Ep926) | LR: 0.000300 | Rev: 0/99999
Epoch 6177 | Cost: 0.033486 | Acc: 88.89% (Best: 94.44% @ Ep926) | LR: 0.000300 | Rev: 1/99999
Epoch 6178 | Cost: 0.026683 | Acc: 88.89% (Best: 94.44% @ Ep926) | LR: 0.000300 | Rev: 0/99999
Epoch 6179 | Cost: 0.024856 | Acc: 88.89% (Best: 94.44% @ Ep926) | LR: 0.000300 | Rev: 0/99999
Epoch 6180 | Cost: 0.021003 | Acc: 88.89% (Best: 94.44% @ Ep926) | LR: 0.000300 | Rev: 0/99999
Epoch 6181 | Cost: 0.041434 | Acc: 88.89% (Best: 94.44% @ Ep926) | LR: 0.000300 | Rev: 1/99999
Epoch 6182 | Cost: 0.036246 | Acc: 88.89% (Best: 94.44% @ Ep926) | LR: 0.000300 | Rev: 0/99999
Epoch 6183 | Cost: 0.025714 | Acc: 88.89% (Best: 94.44% @ Ep926) | LR: 0.000300 | Rev: 0/99999
Epoch 6184 | Cost: 0.032121 | Acc: 88.89% (Best: 94.44% @ Ep926) | LR: 0.000300 | Rev: 1/99999
Epoch 6185 | Cost: 0.037377 | Acc: 88.89% (Best: 94.44% @ Ep926) | LR: 0.000300 | Rev: 2/99999
Epoch 6186 | Cost: 0.021180 | Acc: 88.89% (Best: 94.44% @ Ep926) | LR: 0.000300 | Rev: 0/99999
Epoch 6187 | Cost: 0.032714 | Acc: 88.89% (Best: 94.44% @ Ep926) | LR: 0.000300 | Rev: 1/99999
Epoch 6188 | Cost: 0.020251 | Acc: 88.89% (Best: 94.44% @ Ep926) | LR: 0.000300 | Rev: 0/99999
Epoch 6189 | Cost: 0.032303 | Acc: 88.89% (Best: 94.44% @ Ep926) | LR: 0.000300 | Rev: 1/99999
Epoch 6190 | Cost: 0.023979 | Acc: 88.89% (Best: 94.44% @ Ep926) | LR: 0.000300 | Rev: 0/99999
Epoch 6191 | Cost: 0.022462 | Acc: 88.89% (Best: 94.44% @ Ep926) | LR: 0.000300 | Rev: 0/99999
Epoch 6192 | Cost: 0.042635 | Acc: 88.89% (Best: 94.44% @ Ep926) | LR: 0.000300 | Rev: 1/99999
Epoch 6193 | Cost: 0.018832 | Acc: 88.89% (Best: 94.44% @ Ep926) | LR: 0.000300 | Rev: 0/99999
Epoch 6194 | Cost: 0.025523 | Acc: 88.89% (Best: 94.44% @ Ep926) | LR: 0.000300 | Rev: 1/99999
Epoch 6195 | Cost: 0.020909 | Acc: 88.89% (Best: 94.44% @ Ep926) | LR: 0.000300 | Rev: 0/99999
Epoch 6196 | Cost: 0.028781 | Acc: 88.89% (Best: 94.44% @ Ep926) | LR: 0.000300 | Rev: 1/99999
Epoch 6197 | Cost: 0.026169 | Acc: 86.11% (Best: 94.44% @ Ep926) | LR: 0.000300 | Rev: 0/99999
Epoch 6198 | Cost: 0.014284 | Acc: 86.11% (Best: 94.44% @ Ep926) | LR: 0.000300 | Rev: 0/99999
Epoch 6199 | Cost: 0.027654 | Acc: 86.11% (Best: 94.44% @ Ep926) | LR: 0.000300 | Rev: 1/99999
Epoch 6200 | Cost: 0.026609 | Acc: 86.11% (Best: 94.44% @ Ep926) | LR: 0.000300 | Rev: 0/99999
Epoch 6201 | Cost: 0.026146 | Acc: 88.89% (Best: 94.44% @ Ep926) | LR: 0.000300 | Rev: 0/99999
Epoch 6202 | Cost: 0.020444 | Acc: 88.89% (Best: 94.44% @ Ep926) | LR: 0.000300 | Rev: 0/99999
Epoch 6203 | Cost: 0.025056 | Acc: 88.89% (Best: 94.44% @ Ep926) | LR: 0.000300 | Rev: 1/99999
Epoch 6204 | Cost: 0.022917 | Acc: 86.11% (Best: 94.44% @ Ep926) | LR: 0.000300 | Rev: 0/99999
Epoch 6205 | Cost: 0.029879 | Acc: 88.89% (Best: 94.44% @ Ep926) | LR: 0.000300 | Rev: 1/99999
Epoch 6206 | Cost: 0.017407 | Acc: 88.89% (Best: 94.44% @ Ep926) | LR: 0.000300 | Rev: 0/99999
Epoch 6207 | Cost: 0.019508 | Acc: 88.89% (Best: 94.44% @ Ep926) | LR: 0.000300 | Rev: 1/99999
Epoch 6208 | Cost: 0.045889 | Acc: 88.89% (Best: 94.44% @ Ep926) | LR: 0.000300 | Rev: 2/99999
Epoch 6209 | Cost: 0.036895 | Acc: 88.89% (Best: 94.44% @ Ep926) | LR: 0.000300 | Rev: 0/99999
Epoch 6210 | Cost: 0.019384 | Acc: 88.89% (Best: 94.44% @ Ep926) | LR: 0.000300 | Rev: 0/99999
Epoch 6211 | Cost: 0.028261 | Acc: 88.89% (Best: 94.44% @ Ep926) | LR: 0.000300 | Rev: 1/99999
Epoch 6212 | Cost: 0.033224 | Acc: 88.89% (Best: 94.44% @ Ep926) | LR: 0.000300 | Rev: 2/99999
Epoch 6213 | Cost: 0.016856 | Acc: 88.89% (Best: 94.44% @ Ep926) | LR: 0.000300 | Rev: 0/99999
Epoch 6214 | Cost: 0.028754 | Acc: 88.89% (Best: 94.44% @ Ep926) | LR: 0.000300 | Rev: 1/99999
Epoch 6215 | Cost: 0.034074 | Acc: 88.89% (Best: 94.44% @ Ep926) | LR: 0.000300 | Rev: 2/99999
Epoch 6216 | Cost: 0.027900 | Acc: 88.89% (Best: 94.44% @ Ep926) | LR: 0.000300 | Rev: 0/99999
Epoch 6217 | Cost: 0.035720 | Acc: 88.89% (Best: 94.44% @ Ep926) | LR: 0.000300 | Rev: 1/99999
Epoch 6218 | Cost: 0.030540 | Acc: 88.89% (Best: 94.44% @ Ep926) | LR: 0.000300 | Rev: 0/99999
Epoch 6219 | Cost: 0.030448 | Acc: 88.89% (Best: 94.44% @ Ep926) | LR: 0.000300 | Rev: 0/99999
Epoch 6220 | Cost: 0.017965 | Acc: 88.89% (Best: 94.44% @ Ep926) | LR: 0.000300 | Rev: 0/99999
Epoch 6221 | Cost: 0.041449 | Acc: 88.89% (Best: 94.44% @ Ep926) | LR: 0.000300 | Rev: 1/99999
Epoch 6222 | Cost: 0.025655 | Acc: 88.89% (Best: 94.44% @ Ep926) | LR: 0.000300 | Rev: 0/99999
Epoch 6223 | Cost: 0.034442 | Acc: 88.89% (Best: 94.44% @ Ep926) | LR: 0.000300 | Rev: 1/99999
Epoch 6224 | Cost: 0.026516 | Acc: 88.89% (Best: 94.44% @ Ep926) | LR: 0.000300 | Rev: 0/99999
Epoch 6225 | Cost: 0.016130 | Acc: 88.89% (Best: 94.44% @ Ep926) | LR: 0.000300 | Rev: 0/99999
Epoch 6226 | Cost: 0.022923 | Acc: 88.89% (Best: 94.44% @ Ep926) | LR: 0.000300 | Rev: 1/99999
Epoch 6227 | Cost: 0.022819 | Acc: 88.89% (Best: 94.44% @ Ep926) | LR: 0.000300 | Rev: 0/99999
Epoch 6228 | Cost: 0.016477 | Acc: 88.89% (Best: 94.44% @ Ep926) | LR: 0.000300 | Rev: 0/99999
Epoch 6229 | Cost: 0.017453 | Acc: 88.89% (Best: 94.44% @ Ep926) | LR: 0.000300 | Rev: 1/99999
Epoch 6230 | Cost: 0.034335 | Acc: 88.89% (Best: 94.44% @ Ep926) | LR: 0.000300 | Rev: 2/99999
Epoch 6231 | Cost: 0.023051 | Acc: 88.89% (Best: 94.44% @ Ep926) | LR: 0.000300 | Rev: 0/99999
Epoch 6232 | Cost: 0.015246 | Acc: 86.11% (Best: 94.44% @ Ep926) | LR: 0.000300 | Rev: 0/99999
Epoch 6233 | Cost: 0.028453 | Acc: 86.11% (Best: 94.44% @ Ep926) | LR: 0.000300 | Rev: 1/99999
Epoch 6234 | Cost: 0.018387 | Acc: 86.11% (Best: 94.44% @ Ep926) | LR: 0.000300 | Rev: 0/99999
Epoch 6235 | Cost: 0.030974 | Acc: 86.11% (Best: 94.44% @ Ep926) | LR: 0.000300 | Rev: 1/99999
Epoch 6236 | Cost: 0.040950 | Acc: 86.11% (Best: 94.44% @ Ep926) | LR: 0.000300 | Rev: 2/99999
Epoch 6237 | Cost: 0.031609 | Acc: 88.89% (Best: 94.44% @ Ep926) | LR: 0.000300 | Rev: 0/99999
Epoch 6238 | Cost: 0.021168 | Acc: 88.89% (Best: 94.44% @ Ep926) | LR: 0.000300 | Rev: 0/99999
Epoch 6239 | Cost: 0.026560 | Acc: 88.89% (Best: 94.44% @ Ep926) | LR: 0.000300 | Rev: 1/99999
Epoch 6240 | Cost: 0.024125 | Acc: 88.89% (Best: 94.44% @ Ep926) | LR: 0.000300 | Rev: 0/99999
Epoch 6241 | Cost: 0.023066 | Acc: 86.11% (Best: 94.44% @ Ep926) | LR: 0.000300 | Rev: 0/99999
Epoch 6242 | Cost: 0.025380 | Acc: 86.11% (Best: 94.44% @ Ep926) | LR: 0.000300 | Rev: 1/99999
Epoch 6243 | Cost: 0.013732 | Acc: 86.11% (Best: 94.44% @ Ep926) | LR: 0.000300 | Rev: 0/99999
Epoch 6244 | Cost: 0.017817 | Acc: 88.89% (Best: 94.44% @ Ep926) | LR: 0.000300 | Rev: 1/99999
Epoch 6245 | Cost: 0.028150 | Acc: 88.89% (Best: 94.44% @ Ep926) | LR: 0.000300 | Rev: 2/99999
Epoch 6246 | Cost: 0.023662 | Acc: 86.11% (Best: 94.44% @ Ep926) | LR: 0.000300 | Rev: 0/99999
Epoch 6247 | Cost: 0.019573 | Acc: 86.11% (Best: 94.44% @ Ep926) | LR: 0.000300 | Rev: 0/99999
Epoch 6248 | Cost: 0.025628 | Acc: 86.11% (Best: 94.44% @ Ep926) | LR: 0.000300 | Rev: 1/99999
Epoch 6249 | Cost: 0.022565 | Acc: 88.89% (Best: 94.44% @ Ep926) | LR: 0.000300 | Rev: 0/99999
Epoch 6250 | Cost: 0.019465 | Acc: 88.89% (Best: 94.44% @ Ep926) | LR: 0.000300 | Rev: 0/99999
Epoch 6251 | Cost: 0.045704 | Acc: 86.11% (Best: 94.44% @ Ep926) | LR: 0.000300 | Rev: 1/99999
Epoch 6252 | Cost: 0.018821 | Acc: 86.11% (Best: 94.44% @ Ep926) | LR: 0.000300 | Rev: 0/99999
Epoch 6253 | Cost: 0.022482 | Acc: 86.11% (Best: 94.44% @ Ep926) | LR: 0.000300 | Rev: 1/99999
Epoch 6254 | Cost: 0.016637 | Acc: 86.11% (Best: 94.44% @ Ep926) | LR: 0.000300 | Rev: 0/99999
Epoch 6255 | Cost: 0.019660 | Acc: 86.11% (Best: 94.44% @ Ep926) | LR: 0.000300 | Rev: 1/99999
Epoch 6256 | Cost: 0.017745 | Acc: 88.89% (Best: 94.44% @ Ep926) | LR: 0.000300 | Rev: 0/99999
Epoch 6257 | Cost: 0.021484 | Acc: 88.89% (Best: 94.44% @ Ep926) | LR: 0.000300 | Rev: 1/99999
Epoch 6258 | Cost: 0.014264 | Acc: 88.89% (Best: 94.44% @ Ep926) | LR: 0.000300 | Rev: 0/99999
Epoch 6259 | Cost: 0.046056 | Acc: 88.89% (Best: 94.44% @ Ep926) | LR: 0.000300 | Rev: 1/99999
Epoch 6260 | Cost: 0.035517 | Acc: 88.89% (Best: 94.44% @ Ep926) | LR: 0.000300 | Rev: 0/99999
Epoch 6261 | Cost: 0.018081 | Acc: 88.89% (Best: 94.44% @ Ep926) | LR: 0.000300 | Rev: 0/99999
Epoch 6262 | Cost: 0.025907 | Acc: 88.89% (Best: 94.44% @ Ep926) | LR: 0.000300 | Rev: 1/99999
Epoch 6263 | Cost: 0.033254 | Acc: 88.89% (Best: 94.44% @ Ep926) | LR: 0.000300 | Rev: 2/99999
Epoch 6264 | Cost: 0.020427 | Acc: 88.89% (Best: 94.44% @ Ep926) | LR: 0.000300 | Rev: 0/99999
Epoch 6265 | Cost: 0.034330 | Acc: 88.89% (Best: 94.44% @ Ep926) | LR: 0.000300 | Rev: 1/99999
Epoch 6266 | Cost: 0.020289 | Acc: 88.89% (Best: 94.44% @ Ep926) | LR: 0.000300 | Rev: 0/99999
Epoch 6267 | Cost: 0.016941 | Acc: 88.89% (Best: 94.44% @ Ep926) | LR: 0.000300 | Rev: 0/99999
Epoch 6268 | Cost: 0.025321 | Acc: 88.89% (Best: 94.44% @ Ep926) | LR: 0.000300 | Rev: 1/99999
Epoch 6269 | Cost: 0.019870 | Acc: 88.89% (Best: 94.44% @ Ep926) | LR: 0.000300 | Rev: 0/99999
Epoch 6270 | Cost: 0.024276 | Acc: 88.89% (Best: 94.44% @ Ep926) | LR: 0.000300 | Rev: 1/99999
Epoch 6271 | Cost: 0.024263 | Acc: 88.89% (Best: 94.44% @ Ep926) | LR: 0.000300 | Rev: 0/99999
Epoch 6272 | Cost: 0.024113 | Acc: 88.89% (Best: 94.44% @ Ep926) | LR: 0.000300 | Rev: 0/99999
Epoch 6273 | Cost: 0.020128 | Acc: 88.89% (Best: 94.44% @ Ep926) | LR: 0.000300 | Rev: 0/99999
Epoch 6274 | Cost: 0.029940 | Acc: 88.89% (Best: 94.44% @ Ep926) | LR: 0.000300 | Rev: 1/99999
Epoch 6275 | Cost: 0.019024 | Acc: 88.89% (Best: 94.44% @ Ep926) | LR: 0.000300 | Rev: 0/99999
Epoch 6276 | Cost: 0.028737 | Acc: 88.89% (Best: 94.44% @ Ep926) | LR: 0.000300 | Rev: 1/99999
Epoch 6277 | Cost: 0.021394 | Acc: 88.89% (Best: 94.44% @ Ep926) | LR: 0.000300 | Rev: 0/99999
Epoch 6278 | Cost: 0.029525 | Acc: 88.89% (Best: 94.44% @ Ep926) | LR: 0.000300 | Rev: 1/99999
Epoch 6279 | Cost: 0.018439 | Acc: 88.89% (Best: 94.44% @ Ep926) | LR: 0.000300 | Rev: 0/99999
Epoch 6280 | Cost: 0.023734 | Acc: 88.89% (Best: 94.44% @ Ep926) | LR: 0.000300 | Rev: 1/99999
Epoch 6281 | Cost: 0.018364 | Acc: 88.89% (Best: 94.44% @ Ep926) | LR: 0.000300 | Rev: 0/99999
Epoch 6282 | Cost: 0.028172 | Acc: 88.89% (Best: 94.44% @ Ep926) | LR: 0.000300 | Rev: 1/99999
Epoch 6283 | Cost: 0.018922 | Acc: 88.89% (Best: 94.44% @ Ep926) | LR: 0.000300 | Rev: 0/99999
Epoch 6284 | Cost: 0.018506 | Acc: 86.11% (Best: 94.44% @ Ep926) | LR: 0.000300 | Rev: 0/99999
Epoch 6285 | Cost: 0.015410 | Acc: 86.11% (Best: 94.44% @ Ep926) | LR: 0.000300 | Rev: 0/99999
Epoch 6286 | Cost: 0.048903 | Acc: 86.11% (Best: 94.44% @ Ep926) | LR: 0.000300 | Rev: 1/99999
Epoch 6287 | Cost: 0.027071 | Acc: 88.89% (Best: 94.44% @ Ep926) | LR: 0.000300 | Rev: 0/99999
Epoch 6288 | Cost: 0.025111 | Acc: 88.89% (Best: 94.44% @ Ep926) | LR: 0.000300 | Rev: 0/99999
Epoch 6289 | Cost: 0.015205 | Acc: 88.89% (Best: 94.44% @ Ep926) | LR: 0.000300 | Rev: 0/99999
Epoch 6290 | Cost: 0.016752 | Acc: 88.89% (Best: 94.44% @ Ep926) | LR: 0.000300 | Rev: 1/99999
Epoch 6291 | Cost: 0.016977 | Acc: 88.89% (Best: 94.44% @ Ep926) | LR: 0.000300 | Rev: 2/99999
Epoch 6292 | Cost: 0.023540 | Acc: 88.89% (Best: 94.44% @ Ep926) | LR: 0.000300 | Rev: 3/99999
Epoch 6293 | Cost: 0.017365 | Acc: 88.89% (Best: 94.44% @ Ep926) | LR: 0.000300 | Rev: 0/99999
Epoch 6294 | Cost: 0.026207 | Acc: 88.89% (Best: 94.44% @ Ep926) | LR: 0.000300 | Rev: 1/99999
Epoch 6295 | Cost: 0.011746 | Acc: 88.89% (Best: 94.44% @ Ep926) | LR: 0.000300 | Rev: 0/99999
Epoch 6296 | Cost: 0.031203 | Acc: 88.89% (Best: 94.44% @ Ep926) | LR: 0.000300 | Rev: 1/99999
Epoch 6297 | Cost: 0.023043 | Acc: 86.11% (Best: 94.44% @ Ep926) | LR: 0.000300 | Rev: 0/99999
Epoch 6298 | Cost: 0.048080 | Acc: 86.11% (Best: 94.44% @ Ep926) | LR: 0.000300 | Rev: 1/99999
Epoch 6299 | Cost: 0.016124 | Acc: 88.89% (Best: 94.44% @ Ep926) | LR: 0.000300 | Rev: 0/99999
Epoch 6300 | Cost: 0.017166 | Acc: 88.89% (Best: 94.44% @ Ep926) | LR: 0.000300 | Rev: 1/99999
Epoch 6301 | Cost: 0.031138 | Acc: 88.89% (Best: 94.44% @ Ep926) | LR: 0.000300 | Rev: 2/99999
Epoch 6302 | Cost: 0.025533 | Acc: 88.89% (Best: 94.44% @ Ep926) | LR: 0.000300 | Rev: 0/99999
Epoch 6303 | Cost: 0.037199 | Acc: 88.89% (Best: 94.44% @ Ep926) | LR: 0.000300 | Rev: 1/99999
Epoch 6304 | Cost: 0.029098 | Acc: 88.89% (Best: 94.44% @ Ep926) | LR: 0.000300 | Rev: 0/99999
Epoch 6305 | Cost: 0.049895 | Acc: 88.89% (Best: 94.44% @ Ep926) | LR: 0.000300 | Rev: 1/99999
Epoch 6306 | Cost: 0.026939 | Acc: 88.89% (Best: 94.44% @ Ep926) | LR: 0.000300 | Rev: 0/99999
Epoch 6307 | Cost: 0.032600 | Acc: 88.89% (Best: 94.44% @ Ep926) | LR: 0.000300 | Rev: 1/99999
Epoch 6308 | Cost: 0.029610 | Acc: 88.89% (Best: 94.44% @ Ep926) | LR: 0.000300 | Rev: 0/99999
Epoch 6309 | Cost: 0.026027 | Acc: 88.89% (Best: 94.44% @ Ep926) | LR: 0.000300 | Rev: 0/99999
Epoch 6310 | Cost: 0.026811 | Acc: 88.89% (Best: 94.44% @ Ep926) | LR: 0.000300 | Rev: 1/99999
Epoch 6311 | Cost: 0.034276 | Acc: 88.89% (Best: 94.44% @ Ep926) | LR: 0.000300 | Rev: 2/99999
Epoch 6312 | Cost: 0.020090 | Acc: 86.11% (Best: 94.44% @ Ep926) | LR: 0.000300 | Rev: 0/99999
Epoch 6313 | Cost: 0.026773 | Acc: 88.89% (Best: 94.44% @ Ep926) | LR: 0.000300 | Rev: 1/99999
Epoch 6314 | Cost: 0.022833 | Acc: 88.89% (Best: 94.44% @ Ep926) | LR: 0.000300 | Rev: 0/99999
Epoch 6315 | Cost: 0.012740 | Acc: 86.11% (Best: 94.44% @ Ep926) | LR: 0.000300 | Rev: 0/99999
Epoch 6316 | Cost: 0.018090 | Acc: 86.11% (Best: 94.44% @ Ep926) | LR: 0.000300 | Rev: 1/99999
Epoch 6317 | Cost: 0.019216 | Acc: 86.11% (Best: 94.44% @ Ep926) | LR: 0.000300 | Rev: 2/99999
Epoch 6318 | Cost: 0.036823 | Acc: 86.11% (Best: 94.44% @ Ep926) | LR: 0.000300 | Rev: 3/99999
Epoch 6319 | Cost: 0.034529 | Acc: 86.11% (Best: 94.44% @ Ep926) | LR: 0.000300 | Rev: 0/99999
Epoch 6320 | Cost: 0.046515 | Acc: 88.89% (Best: 94.44% @ Ep926) | LR: 0.000300 | Rev: 1/99999
Epoch 6321 | Cost: 0.021116 | Acc: 88.89% (Best: 94.44% @ Ep926) | LR: 0.000300 | Rev: 0/99999
Epoch 6322 | Cost: 0.026284 | Acc: 88.89% (Best: 94.44% @ Ep926) | LR: 0.000300 | Rev: 1/99999
Epoch 6323 | Cost: 0.027449 | Acc: 88.89% (Best: 94.44% @ Ep926) | LR: 0.000300 | Rev: 2/99999
Epoch 6324 | Cost: 0.017954 | Acc: 88.89% (Best: 94.44% @ Ep926) | LR: 0.000300 | Rev: 0/99999
Epoch 6325 | Cost: 0.034710 | Acc: 88.89% (Best: 94.44% @ Ep926) | LR: 0.000300 | Rev: 1/99999
Epoch 6326 | Cost: 0.027685 | Acc: 88.89% (Best: 94.44% @ Ep926) | LR: 0.000300 | Rev: 0/99999
Epoch 6327 | Cost: 0.022371 | Acc: 88.89% (Best: 94.44% @ Ep926) | LR: 0.000300 | Rev: 0/99999
Epoch 6328 | Cost: 0.015111 | Acc: 88.89% (Best: 94.44% @ Ep926) | LR: 0.000300 | Rev: 0/99999
Epoch 6329 | Cost: 0.017464 | Acc: 88.89% (Best: 94.44% @ Ep926) | LR: 0.000300 | Rev: 1/99999
Epoch 6330 | Cost: 0.032795 | Acc: 86.11% (Best: 94.44% @ Ep926) | LR: 0.000300 | Rev: 2/99999
Epoch 6331 | Cost: 0.030616 | Acc: 86.11% (Best: 94.44% @ Ep926) | LR: 0.000300 | Rev: 0/99999
Epoch 6332 | Cost: 0.012626 | Acc: 86.11% (Best: 94.44% @ Ep926) | LR: 0.000300 | Rev: 0/99999
Epoch 6333 | Cost: 0.022022 | Acc: 86.11% (Best: 94.44% @ Ep926) | LR: 0.000300 | Rev: 1/99999
Epoch 6334 | Cost: 0.012327 | Acc: 86.11% (Best: 94.44% @ Ep926) | LR: 0.000300 | Rev: 0/99999
Epoch 6335 | Cost: 0.018962 | Acc: 86.11% (Best: 94.44% @ Ep926) | LR: 0.000300 | Rev: 1/99999
Epoch 6336 | Cost: 0.028683 | Acc: 88.89% (Best: 94.44% @ Ep926) | LR: 0.000300 | Rev: 2/99999
Epoch 6337 | Cost: 0.026458 | Acc: 88.89% (Best: 94.44% @ Ep926) | LR: 0.000300 | Rev: 0/99999
Epoch 6338 | Cost: 0.022507 | Acc: 88.89% (Best: 94.44% @ Ep926) | LR: 0.000300 | Rev: 0/99999
Epoch 6339 | Cost: 0.022666 | Acc: 88.89% (Best: 94.44% @ Ep926) | LR: 0.000300 | Rev: 1/99999
Epoch 6340 | Cost: 0.025541 | Acc: 88.89% (Best: 94.44% @ Ep926) | LR: 0.000300 | Rev: 2/99999
Epoch 6341 | Cost: 0.019551 | Acc: 88.89% (Best: 94.44% @ Ep926) | LR: 0.000300 | Rev: 0/99999
Epoch 6342 | Cost: 0.028307 | Acc: 88.89% (Best: 94.44% @ Ep926) | LR: 0.000300 | Rev: 1/99999
Epoch 6343 | Cost: 0.020826 | Acc: 88.89% (Best: 94.44% @ Ep926) | LR: 0.000300 | Rev: 0/99999
Epoch 6344 | Cost: 0.028603 | Acc: 88.89% (Best: 94.44% @ Ep926) | LR: 0.000300 | Rev: 1/99999
Epoch 6345 | Cost: 0.015687 | Acc: 88.89% (Best: 94.44% @ Ep926) | LR: 0.000300 | Rev: 0/99999
Epoch 6346 | Cost: 0.034123 | Acc: 88.89% (Best: 94.44% @ Ep926) | LR: 0.000300 | Rev: 1/99999
Epoch 6347 | Cost: 0.027736 | Acc: 88.89% (Best: 94.44% @ Ep926) | LR: 0.000300 | Rev: 0/99999
Epoch 6348 | Cost: 0.026829 | Acc: 88.89% (Best: 94.44% @ Ep926) | LR: 0.000300 | Rev: 0/99999
Epoch 6349 | Cost: 0.027955 | Acc: 88.89% (Best: 94.44% @ Ep926) | LR: 0.000300 | Rev: 1/99999
Epoch 6350 | Cost: 0.017332 | Acc: 88.89% (Best: 94.44% @ Ep926) | LR: 0.000300 | Rev: 0/99999
Epoch 6351 | Cost: 0.021439 | Acc: 88.89% (Best: 94.44% @ Ep926) | LR: 0.000300 | Rev: 1/99999
Epoch 6352 | Cost: 0.028063 | Acc: 88.89% (Best: 94.44% @ Ep926) | LR: 0.000300 | Rev: 2/99999
Epoch 6353 | Cost: 0.017826 | Acc: 88.89% (Best: 94.44% @ Ep926) | LR: 0.000300 | Rev: 0/99999
Epoch 6354 | Cost: 0.026533 | Acc: 88.89% (Best: 94.44% @ Ep926) | LR: 0.000300 | Rev: 1/99999
Epoch 6355 | Cost: 0.018837 | Acc: 88.89% (Best: 94.44% @ Ep926) | LR: 0.000300 | Rev: 0/99999
Epoch 6356 | Cost: 0.025329 | Acc: 88.89% (Best: 94.44% @ Ep926) | LR: 0.000300 | Rev: 1/99999
Epoch 6357 | Cost: 0.028731 | Acc: 88.89% (Best: 94.44% @ Ep926) | LR: 0.000300 | Rev: 2/99999
Epoch 6358 | Cost: 0.017518 | Acc: 88.89% (Best: 94.44% @ Ep926) | LR: 0.000300 | Rev: 0/99999
Epoch 6359 | Cost: 0.030077 | Acc: 88.89% (Best: 94.44% @ Ep926) | LR: 0.000300 | Rev: 1/99999
Epoch 6360 | Cost: 0.018474 | Acc: 88.89% (Best: 94.44% @ Ep926) | LR: 0.000300 | Rev: 0/99999
Epoch 6361 | Cost: 0.027243 | Acc: 88.89% (Best: 94.44% @ Ep926) | LR: 0.000300 | Rev: 1/99999
Epoch 6362 | Cost: 0.036549 | Acc: 88.89% (Best: 94.44% @ Ep926) | LR: 0.000300 | Rev: 2/99999
Epoch 6363 | Cost: 0.029149 | Acc: 88.89% (Best: 94.44% @ Ep926) | LR: 0.000300 | Rev: 0/99999
Epoch 6364 | Cost: 0.032119 | Acc: 88.89% (Best: 94.44% @ Ep926) | LR: 0.000300 | Rev: 1/99999
Epoch 6365 | Cost: 0.031636 | Acc: 88.89% (Best: 94.44% @ Ep926) | LR: 0.000300 | Rev: 0/99999
Epoch 6366 | Cost: 0.035280 | Acc: 88.89% (Best: 94.44% @ Ep926) | LR: 0.000300 | Rev: 1/99999
Epoch 6367 | Cost: 0.025994 | Acc: 88.89% (Best: 94.44% @ Ep926) | LR: 0.000300 | Rev: 0/99999
Epoch 6368 | Cost: 0.031088 | Acc: 88.89% (Best: 94.44% @ Ep926) | LR: 0.000300 | Rev: 1/99999
Epoch 6369 | Cost: 0.016456 | Acc: 88.89% (Best: 94.44% @ Ep926) | LR: 0.000300 | Rev: 0/99999
Epoch 6370 | Cost: 0.016412 | Acc: 86.11% (Best: 94.44% @ Ep926) | LR: 0.000300 | Rev: 0/99999
Epoch 6371 | Cost: 0.032159 | Acc: 86.11% (Best: 94.44% @ Ep926) | LR: 0.000300 | Rev: 1/99999
Epoch 6372 | Cost: 0.038348 | Acc: 88.89% (Best: 94.44% @ Ep926) | LR: 0.000300 | Rev: 2/99999
Epoch 6373 | Cost: 0.027770 | Acc: 88.89% (Best: 94.44% @ Ep926) | LR: 0.000300 | Rev: 0/99999
Epoch 6374 | Cost: 0.023819 | Acc: 88.89% (Best: 94.44% @ Ep926) | LR: 0.000300 | Rev: 0/99999
Epoch 6375 | Cost: 0.026416 | Acc: 88.89% (Best: 94.44% @ Ep926) | LR: 0.000300 | Rev: 1/99999
Epoch 6376 | Cost: 0.016628 | Acc: 88.89% (Best: 94.44% @ Ep926) | LR: 0.000300 | Rev: 0/99999
Epoch 6377 | Cost: 0.020151 | Acc: 88.89% (Best: 94.44% @ Ep926) | LR: 0.000300 | Rev: 1/99999
Epoch 6378 | Cost: 0.020141 | Acc: 88.89% (Best: 94.44% @ Ep926) | LR: 0.000300 | Rev: 0/99999
Epoch 6379 | Cost: 0.022541 | Acc: 88.89% (Best: 94.44% @ Ep926) | LR: 0.000300 | Rev: 1/99999
Epoch 6380 | Cost: 0.020082 | Acc: 88.89% (Best: 94.44% @ Ep926) | LR: 0.000300 | Rev: 0/99999
Epoch 6381 | Cost: 0.035268 | Acc: 88.89% (Best: 94.44% @ Ep926) | LR: 0.000300 | Rev: 1/99999
Epoch 6382 | Cost: 0.011385 | Acc: 88.89% (Best: 94.44% @ Ep926) | LR: 0.000300 | Rev: 0/99999
Epoch 6383 | Cost: 0.031388 | Acc: 86.11% (Best: 94.44% @ Ep926) | LR: 0.000300 | Rev: 1/99999
Epoch 6384 | Cost: 0.019430 | Acc: 86.11% (Best: 94.44% @ Ep926) | LR: 0.000300 | Rev: 0/99999
Epoch 6385 | Cost: 0.015619 | Acc: 86.11% (Best: 94.44% @ Ep926) | LR: 0.000300 | Rev: 0/99999
Epoch 6386 | Cost: 0.021857 | Acc: 86.11% (Best: 94.44% @ Ep926) | LR: 0.000300 | Rev: 1/99999
Epoch 6387 | Cost: 0.030511 | Acc: 86.11% (Best: 94.44% @ Ep926) | LR: 0.000300 | Rev: 2/99999
Epoch 6388 | Cost: 0.028882 | Acc: 88.89% (Best: 94.44% @ Ep926) | LR: 0.000300 | Rev: 0/99999
Epoch 6389 | Cost: 0.018814 | Acc: 88.89% (Best: 94.44% @ Ep926) | LR: 0.000300 | Rev: 0/99999
Epoch 6390 | Cost: 0.024200 | Acc: 88.89% (Best: 94.44% @ Ep926) | LR: 0.000300 | Rev: 1/99999
Epoch 6391 | Cost: 0.021903 | Acc: 88.89% (Best: 94.44% @ Ep926) | LR: 0.000300 | Rev: 0/99999
Epoch 6392 | Cost: 0.014695 | Acc: 88.89% (Best: 94.44% @ Ep926) | LR: 0.000300 | Rev: 0/99999
Epoch 6393 | Cost: 0.020076 | Acc: 88.89% (Best: 94.44% @ Ep926) | LR: 0.000300 | Rev: 1/99999
Epoch 6394 | Cost: 0.030945 | Acc: 88.89% (Best: 94.44% @ Ep926) | LR: 0.000300 | Rev: 2/99999
Epoch 6395 | Cost: 0.018709 | Acc: 88.89% (Best: 94.44% @ Ep926) | LR: 0.000300 | Rev: 0/99999
Epoch 6396 | Cost: 0.041708 | Acc: 86.11% (Best: 94.44% @ Ep926) | LR: 0.000300 | Rev: 1/99999
Epoch 6397 | Cost: 0.033301 | Acc: 86.11% (Best: 94.44% @ Ep926) | LR: 0.000300 | Rev: 0/99999
Epoch 6398 | Cost: 0.022766 | Acc: 86.11% (Best: 94.44% @ Ep926) | LR: 0.000300 | Rev: 0/99999
Epoch 6399 | Cost: 0.016711 | Acc: 88.89% (Best: 94.44% @ Ep926) | LR: 0.000300 | Rev: 0/99999
Epoch 6400 | Cost: 0.057969 | Acc: 88.89% (Best: 94.44% @ Ep926) | LR: 0.000300 | Rev: 1/99999
Epoch 6401 | Cost: 0.017983 | Acc: 88.89% (Best: 94.44% @ Ep926) | LR: 0.000300 | Rev: 0/99999
Epoch 6402 | Cost: 0.026674 | Acc: 88.89% (Best: 94.44% @ Ep926) | LR: 0.000300 | Rev: 1/99999
Epoch 6403 | Cost: 0.049615 | Acc: 88.89% (Best: 94.44% @ Ep926) | LR: 0.000300 | Rev: 2/99999
Epoch 6404 | Cost: 0.028002 | Acc: 88.89% (Best: 94.44% @ Ep926) | LR: 0.000300 | Rev: 0/99999
Epoch 6405 | Cost: 0.035021 | Acc: 88.89% (Best: 94.44% @ Ep926) | LR: 0.000300 | Rev: 1/99999
Epoch 6406 | Cost: 0.028770 | Acc: 88.89% (Best: 94.44% @ Ep926) | LR: 0.000300 | Rev: 0/99999
Epoch 6407 | Cost: 0.020505 | Acc: 88.89% (Best: 94.44% @ Ep926) | LR: 0.000300 | Rev: 0/99999
Epoch 6408 | Cost: 0.030747 | Acc: 88.89% (Best: 94.44% @ Ep926) | LR: 0.000300 | Rev: 1/99999
Epoch 6409 | Cost: 0.021962 | Acc: 86.11% (Best: 94.44% @ Ep926) | LR: 0.000300 | Rev: 0/99999
Epoch 6410 | Cost: 0.018277 | Acc: 88.89% (Best: 94.44% @ Ep926) | LR: 0.000300 | Rev: 0/99999
Epoch 6411 | Cost: 0.020137 | Acc: 86.11% (Best: 94.44% @ Ep926) | LR: 0.000300 | Rev: 1/99999
Epoch 6412 | Cost: 0.023187 | Acc: 86.11% (Best: 94.44% @ Ep926) | LR: 0.000300 | Rev: 2/99999
Epoch 6413 | Cost: 0.017679 | Acc: 86.11% (Best: 94.44% @ Ep926) | LR: 0.000300 | Rev: 0/99999
Epoch 6414 | Cost: 0.032678 | Acc: 88.89% (Best: 94.44% @ Ep926) | LR: 0.000300 | Rev: 1/99999
Epoch 6415 | Cost: 0.031569 | Acc: 88.89% (Best: 94.44% @ Ep926) | LR: 0.000300 | Rev: 0/99999
Epoch 6416 | Cost: 0.033778 | Acc: 88.89% (Best: 94.44% @ Ep926) | LR: 0.000300 | Rev: 1/99999
Epoch 6417 | Cost: 0.021711 | Acc: 88.89% (Best: 94.44% @ Ep926) | LR: 0.000300 | Rev: 0/99999
Epoch 6418 | Cost: 0.023559 | Acc: 88.89% (Best: 94.44% @ Ep926) | LR: 0.000300 | Rev: 1/99999
Epoch 6419 | Cost: 0.016896 | Acc: 86.11% (Best: 94.44% @ Ep926) | LR: 0.000300 | Rev: 0/99999
Epoch 6420 | Cost: 0.020461 | Acc: 86.11% (Best: 94.44% @ Ep926) | LR: 0.000300 | Rev: 1/99999
Epoch 6421 | Cost: 0.022009 | Acc: 88.89% (Best: 94.44% @ Ep926) | LR: 0.000300 | Rev: 2/99999
Epoch 6422 | Cost: 0.027462 | Acc: 88.89% (Best: 94.44% @ Ep926) | LR: 0.000300 | Rev: 3/99999
Epoch 6423 | Cost: 0.017505 | Acc: 88.89% (Best: 94.44% @ Ep926) | LR: 0.000300 | Rev: 0/99999
Epoch 6424 | Cost: 0.016808 | Acc: 88.89% (Best: 94.44% @ Ep926) | LR: 0.000300 | Rev: 0/99999
Epoch 6425 | Cost: 0.024144 | Acc: 88.89% (Best: 94.44% @ Ep926) | LR: 0.000300 | Rev: 1/99999
Epoch 6426 | Cost: 0.022259 | Acc: 88.89% (Best: 94.44% @ Ep926) | LR: 0.000300 | Rev: 0/99999
Epoch 6427 | Cost: 0.018713 | Acc: 88.89% (Best: 94.44% @ Ep926) | LR: 0.000300 | Rev: 0/99999
Epoch 6428 | Cost: 0.027230 | Acc: 88.89% (Best: 94.44% @ Ep926) | LR: 0.000300 | Rev: 1/99999
Epoch 6429 | Cost: 0.017737 | Acc: 88.89% (Best: 94.44% @ Ep926) | LR: 0.000300 | Rev: 0/99999
Epoch 6430 | Cost: 0.027718 | Acc: 88.89% (Best: 94.44% @ Ep926) | LR: 0.000300 | Rev: 1/99999
Epoch 6431 | Cost: 0.045781 | Acc: 88.89% (Best: 94.44% @ Ep926) | LR: 0.000300 | Rev: 2/99999
Epoch 6432 | Cost: 0.024754 | Acc: 88.89% (Best: 94.44% @ Ep926) | LR: 0.000300 | Rev: 0/99999
Epoch 6433 | Cost: 0.027979 | Acc: 88.89% (Best: 94.44% @ Ep926) | LR: 0.000300 | Rev: 1/99999
Epoch 6434 | Cost: 0.022069 | Acc: 88.89% (Best: 94.44% @ Ep926) | LR: 0.000300 | Rev: 0/99999
Epoch 6435 | Cost: 0.017903 | Acc: 88.89% (Best: 94.44% @ Ep926) | LR: 0.000300 | Rev: 0/99999
Epoch 6436 | Cost: 0.013365 | Acc: 88.89% (Best: 94.44% @ Ep926) | LR: 0.000300 | Rev: 0/99999
Epoch 6437 | Cost: 0.023023 | Acc: 88.89% (Best: 94.44% @ Ep926) | LR: 0.000300 | Rev: 1/99999
Epoch 6438 | Cost: 0.023145 | Acc: 88.89% (Best: 94.44% @ Ep926) | LR: 0.000300 | Rev: 2/99999
Epoch 6439 | Cost: 0.025340 | Acc: 86.11% (Best: 94.44% @ Ep926) | LR: 0.000300 | Rev: 3/99999
Epoch 6440 | Cost: 0.028002 | Acc: 86.11% (Best: 94.44% @ Ep926) | LR: 0.000300 | Rev: 4/99999
Epoch 6441 | Cost: 0.021242 | Acc: 86.11% (Best: 94.44% @ Ep926) | LR: 0.000300 | Rev: 0/99999
Epoch 6442 | Cost: 0.018977 | Acc: 86.11% (Best: 94.44% @ Ep926) | LR: 0.000300 | Rev: 0/99999
Epoch 6443 | Cost: 0.043469 | Acc: 88.89% (Best: 94.44% @ Ep926) | LR: 0.000300 | Rev: 1/99999
Epoch 6444 | Cost: 0.021736 | Acc: 86.11% (Best: 94.44% @ Ep926) | LR: 0.000300 | Rev: 0/99999
Epoch 6445 | Cost: 0.026447 | Acc: 86.11% (Best: 94.44% @ Ep926) | LR: 0.000300 | Rev: 1/99999
Epoch 6446 | Cost: 0.030634 | Acc: 86.11% (Best: 94.44% @ Ep926) | LR: 0.000300 | Rev: 2/99999
Epoch 6447 | Cost: 0.022590 | Acc: 86.11% (Best: 94.44% @ Ep926) | LR: 0.000300 | Rev: 0/99999
Epoch 6448 | Cost: 0.016631 | Acc: 86.11% (Best: 94.44% @ Ep926) | LR: 0.000300 | Rev: 0/99999
Epoch 6449 | Cost: 0.034871 | Acc: 86.11% (Best: 94.44% @ Ep926) | LR: 0.000300 | Rev: 1/99999
Epoch 6450 | Cost: 0.035534 | Acc: 88.89% (Best: 94.44% @ Ep926) | LR: 0.000300 | Rev: 2/99999
Epoch 6451 | Cost: 0.019948 | Acc: 88.89% (Best: 94.44% @ Ep926) | LR: 0.000300 | Rev: 0/99999
Epoch 6452 | Cost: 0.020793 | Acc: 88.89% (Best: 94.44% @ Ep926) | LR: 0.000300 | Rev: 1/99999
Epoch 6453 | Cost: 0.021539 | Acc: 86.11% (Best: 94.44% @ Ep926) | LR: 0.000300 | Rev: 2/99999
Epoch 6454 | Cost: 0.023944 | Acc: 88.89% (Best: 94.44% @ Ep926) | LR: 0.000300 | Rev: 3/99999
Epoch 6455 | Cost: 0.021434 | Acc: 86.11% (Best: 94.44% @ Ep926) | LR: 0.000300 | Rev: 0/99999
Epoch 6456 | Cost: 0.022333 | Acc: 86.11% (Best: 94.44% @ Ep926) | LR: 0.000300 | Rev: 1/99999
Epoch 6457 | Cost: 0.020258 | Acc: 86.11% (Best: 94.44% @ Ep926) | LR: 0.000300 | Rev: 0/99999
Epoch 6458 | Cost: 0.015226 | Acc: 88.89% (Best: 94.44% @ Ep926) | LR: 0.000300 | Rev: 0/99999
Epoch 6459 | Cost: 0.029967 | Acc: 88.89% (Best: 94.44% @ Ep926) | LR: 0.000300 | Rev: 1/99999
Epoch 6460 | Cost: 0.025845 | Acc: 86.11% (Best: 94.44% @ Ep926) | LR: 0.000300 | Rev: 0/99999
Epoch 6461 | Cost: 0.021321 | Acc: 86.11% (Best: 94.44% @ Ep926) | LR: 0.000300 | Rev: 0/99999
Epoch 6462 | Cost: 0.022506 | Acc: 86.11% (Best: 94.44% @ Ep926) | LR: 0.000300 | Rev: 1/99999
Epoch 6463 | Cost: 0.013124 | Acc: 86.11% (Best: 94.44% @ Ep926) | LR: 0.000300 | Rev: 0/99999
Epoch 6464 | Cost: 0.021906 | Acc: 86.11% (Best: 94.44% @ Ep926) | LR: 0.000300 | Rev: 1/99999
Epoch 6465 | Cost: 0.032204 | Acc: 88.89% (Best: 94.44% @ Ep926) | LR: 0.000300 | Rev: 2/99999
Epoch 6466 | Cost: 0.023354 | Acc: 88.89% (Best: 94.44% @ Ep926) | LR: 0.000300 | Rev: 0/99999
Epoch 6467 | Cost: 0.021257 | Acc: 88.89% (Best: 94.44% @ Ep926) | LR: 0.000300 | Rev: 0/99999
Epoch 6468 | Cost: 0.024601 | Acc: 88.89% (Best: 94.44% @ Ep926) | LR: 0.000300 | Rev: 1/99999
Epoch 6469 | Cost: 0.022906 | Acc: 88.89% (Best: 94.44% @ Ep926) | LR: 0.000300 | Rev: 0/99999
Epoch 6470 | Cost: 0.046380 | Acc: 88.89% (Best: 94.44% @ Ep926) | LR: 0.000300 | Rev: 1/99999
Epoch 6471 | Cost: 0.017260 | Acc: 88.89% (Best: 94.44% @ Ep926) | LR: 0.000300 | Rev: 0/99999
Epoch 6472 | Cost: 0.033544 | Acc: 88.89% (Best: 94.44% @ Ep926) | LR: 0.000300 | Rev: 1/99999
Epoch 6473 | Cost: 0.039107 | Acc: 88.89% (Best: 94.44% @ Ep926) | LR: 0.000300 | Rev: 2/99999
Epoch 6474 | Cost: 0.013666 | Acc: 88.89% (Best: 94.44% @ Ep926) | LR: 0.000300 | Rev: 0/99999
Epoch 6475 | Cost: 0.028943 | Acc: 88.89% (Best: 94.44% @ Ep926) | LR: 0.000300 | Rev: 1/99999
Epoch 6476 | Cost: 0.016820 | Acc: 86.11% (Best: 94.44% @ Ep926) | LR: 0.000300 | Rev: 0/99999
Epoch 6477 | Cost: 0.020671 | Acc: 86.11% (Best: 94.44% @ Ep926) | LR: 0.000300 | Rev: 1/99999
Epoch 6478 | Cost: 0.035835 | Acc: 88.89% (Best: 94.44% @ Ep926) | LR: 0.000300 | Rev: 2/99999
Epoch 6479 | Cost: 0.024514 | Acc: 88.89% (Best: 94.44% @ Ep926) | LR: 0.000300 | Rev: 0/99999
Epoch 6480 | Cost: 0.022749 | Acc: 88.89% (Best: 94.44% @ Ep926) | LR: 0.000300 | Rev: 0/99999
Epoch 6481 | Cost: 0.035107 | Acc: 88.89% (Best: 94.44% @ Ep926) | LR: 0.000300 | Rev: 1/99999
Epoch 6482 | Cost: 0.024182 | Acc: 88.89% (Best: 94.44% @ Ep926) | LR: 0.000300 | Rev: 0/99999
Epoch 6483 | Cost: 0.027258 | Acc: 86.11% (Best: 94.44% @ Ep926) | LR: 0.000300 | Rev: 1/99999
Epoch 6484 | Cost: 0.022265 | Acc: 86.11% (Best: 94.44% @ Ep926) | LR: 0.000300 | Rev: 0/99999
Epoch 6485 | Cost: 0.029091 | Acc: 88.89% (Best: 94.44% @ Ep926) | LR: 0.000300 | Rev: 1/99999
Epoch 6486 | Cost: 0.054784 | Acc: 88.89% (Best: 94.44% @ Ep926) | LR: 0.000300 | Rev: 2/99999
Epoch 6487 | Cost: 0.023531 | Acc: 88.89% (Best: 94.44% @ Ep926) | LR: 0.000300 | Rev: 0/99999
Epoch 6488 | Cost: 0.022185 | Acc: 88.89% (Best: 94.44% @ Ep926) | LR: 0.000300 | Rev: 0/99999
Epoch 6489 | Cost: 0.027102 | Acc: 88.89% (Best: 94.44% @ Ep926) | LR: 0.000300 | Rev: 1/99999
Epoch 6490 | Cost: 0.022610 | Acc: 88.89% (Best: 94.44% @ Ep926) | LR: 0.000300 | Rev: 0/99999
Epoch 6491 | Cost: 0.023645 | Acc: 86.11% (Best: 94.44% @ Ep926) | LR: 0.000300 | Rev: 1/99999
Epoch 6492 | Cost: 0.030262 | Acc: 86.11% (Best: 94.44% @ Ep926) | LR: 0.000300 | Rev: 2/99999
Epoch 6493 | Cost: 0.042161 | Acc: 86.11% (Best: 94.44% @ Ep926) | LR: 0.000300 | Rev: 3/99999
Epoch 6494 | Cost: 0.015224 | Acc: 86.11% (Best: 94.44% @ Ep926) | LR: 0.000300 | Rev: 0/99999
Epoch 6495 | Cost: 0.022650 | Acc: 86.11% (Best: 94.44% @ Ep926) | LR: 0.000300 | Rev: 1/99999
Epoch 6496 | Cost: 0.016980 | Acc: 86.11% (Best: 94.44% @ Ep926) | LR: 0.000300 | Rev: 0/99999
Epoch 6497 | Cost: 0.021483 | Acc: 86.11% (Best: 94.44% @ Ep926) | LR: 0.000300 | Rev: 1/99999
Epoch 6498 | Cost: 0.023896 | Acc: 86.11% (Best: 94.44% @ Ep926) | LR: 0.000300 | Rev: 2/99999
Epoch 6499 | Cost: 0.022995 | Acc: 88.89% (Best: 94.44% @ Ep926) | LR: 0.000300 | Rev: 0/99999
Epoch 6500 | Cost: 0.021180 | Acc: 88.89% (Best: 94.44% @ Ep926) | LR: 0.000300 | Rev: 0/99999
Epoch 6501 | Cost: 0.023718 | Acc: 88.89% (Best: 94.44% @ Ep926) | LR: 0.000300 | Rev: 1/99999
Epoch 6502 | Cost: 0.045319 | Acc: 88.89% (Best: 94.44% @ Ep926) | LR: 0.000300 | Rev: 2/99999
Epoch 6503 | Cost: 0.021703 | Acc: 88.89% (Best: 94.44% @ Ep926) | LR: 0.000300 | Rev: 0/99999
Epoch 6504 | Cost: 0.032552 | Acc: 88.89% (Best: 94.44% @ Ep926) | LR: 0.000300 | Rev: 1/99999
Epoch 6505 | Cost: 0.025871 | Acc: 88.89% (Best: 94.44% @ Ep926) | LR: 0.000300 | Rev: 0/99999
Epoch 6506 | Cost: 0.025522 | Acc: 88.89% (Best: 94.44% @ Ep926) | LR: 0.000300 | Rev: 0/99999
Epoch 6507 | Cost: 0.031939 | Acc: 88.89% (Best: 94.44% @ Ep926) | LR: 0.000300 | Rev: 1/99999
Epoch 6508 | Cost: 0.023850 | Acc: 86.11% (Best: 94.44% @ Ep926) | LR: 0.000300 | Rev: 0/99999
Epoch 6509 | Cost: 0.029210 | Acc: 88.89% (Best: 94.44% @ Ep926) | LR: 0.000300 | Rev: 1/99999
Epoch 6510 | Cost: 0.035616 | Acc: 88.89% (Best: 94.44% @ Ep926) | LR: 0.000300 | Rev: 2/99999
Epoch 6511 | Cost: 0.020569 | Acc: 86.11% (Best: 94.44% @ Ep926) | LR: 0.000300 | Rev: 0/99999
Epoch 6512 | Cost: 0.024901 | Acc: 86.11% (Best: 94.44% @ Ep926) | LR: 0.000300 | Rev: 1/99999
Epoch 6513 | Cost: 0.019767 | Acc: 88.89% (Best: 94.44% @ Ep926) | LR: 0.000300 | Rev: 0/99999
Epoch 6514 | Cost: 0.028350 | Acc: 88.89% (Best: 94.44% @ Ep926) | LR: 0.000300 | Rev: 1/99999
Epoch 6515 | Cost: 0.020267 | Acc: 88.89% (Best: 94.44% @ Ep926) | LR: 0.000300 | Rev: 0/99999
Epoch 6516 | Cost: 0.029934 | Acc: 88.89% (Best: 94.44% @ Ep926) | LR: 0.000300 | Rev: 1/99999
Epoch 6517 | Cost: 0.035024 | Acc: 88.89% (Best: 94.44% @ Ep926) | LR: 0.000300 | Rev: 2/99999
Epoch 6518 | Cost: 0.024533 | Acc: 88.89% (Best: 94.44% @ Ep926) | LR: 0.000300 | Rev: 0/99999
Epoch 6519 | Cost: 0.019709 | Acc: 88.89% (Best: 94.44% @ Ep926) | LR: 0.000300 | Rev: 0/99999
Epoch 6520 | Cost: 0.040469 | Acc: 88.89% (Best: 94.44% @ Ep926) | LR: 0.000300 | Rev: 1/99999
Epoch 6521 | Cost: 0.028291 | Acc: 88.89% (Best: 94.44% @ Ep926) | LR: 0.000300 | Rev: 0/99999
Epoch 6522 | Cost: 0.020801 | Acc: 88.89% (Best: 94.44% @ Ep926) | LR: 0.000300 | Rev: 0/99999
Epoch 6523 | Cost: 0.019181 | Acc: 88.89% (Best: 94.44% @ Ep926) | LR: 0.000300 | Rev: 0/99999
Epoch 6524 | Cost: 0.019896 | Acc: 88.89% (Best: 94.44% @ Ep926) | LR: 0.000300 | Rev: 1/99999
Epoch 6525 | Cost: 0.040407 | Acc: 88.89% (Best: 94.44% @ Ep926) | LR: 0.000300 | Rev: 2/99999
Epoch 6526 | Cost: 0.026057 | Acc: 88.89% (Best: 94.44% @ Ep926) | LR: 0.000300 | Rev: 0/99999
Epoch 6527 | Cost: 0.034984 | Acc: 88.89% (Best: 94.44% @ Ep926) | LR: 0.000300 | Rev: 1/99999
Epoch 6528 | Cost: 0.024375 | Acc: 88.89% (Best: 94.44% @ Ep926) | LR: 0.000300 | Rev: 0/99999
Epoch 6529 | Cost: 0.021004 | Acc: 88.89% (Best: 94.44% @ Ep926) | LR: 0.000300 | Rev: 0/99999
Epoch 6530 | Cost: 0.020690 | Acc: 88.89% (Best: 94.44% @ Ep926) | LR: 0.000300 | Rev: 0/99999
Epoch 6531 | Cost: 0.022743 | Acc: 88.89% (Best: 94.44% @ Ep926) | LR: 0.000300 | Rev: 1/99999
Epoch 6532 | Cost: 0.024751 | Acc: 88.89% (Best: 94.44% @ Ep926) | LR: 0.000300 | Rev: 2/99999
Epoch 6533 | Cost: 0.018645 | Acc: 88.89% (Best: 94.44% @ Ep926) | LR: 0.000300 | Rev: 0/99999
Epoch 6534 | Cost: 0.018617 | Acc: 88.89% (Best: 94.44% @ Ep926) | LR: 0.000300 | Rev: 0/99999
Epoch 6535 | Cost: 0.021836 | Acc: 88.89% (Best: 94.44% @ Ep926) | LR: 0.000300 | Rev: 1/99999
Epoch 6536 | Cost: 0.031670 | Acc: 88.89% (Best: 94.44% @ Ep926) | LR: 0.000300 | Rev: 2/99999
Epoch 6537 | Cost: 0.031950 | Acc: 88.89% (Best: 94.44% @ Ep926) | LR: 0.000300 | Rev: 3/99999
Epoch 6538 | Cost: 0.018135 | Acc: 88.89% (Best: 94.44% @ Ep926) | LR: 0.000300 | Rev: 0/99999
Epoch 6539 | Cost: 0.020455 | Acc: 88.89% (Best: 94.44% @ Ep926) | LR: 0.000300 | Rev: 1/99999
Epoch 6540 | Cost: 0.028313 | Acc: 88.89% (Best: 94.44% @ Ep926) | LR: 0.000300 | Rev: 2/99999
Epoch 6541 | Cost: 0.019754 | Acc: 88.89% (Best: 94.44% @ Ep926) | LR: 0.000300 | Rev: 0/99999
Epoch 6542 | Cost: 0.020845 | Acc: 88.89% (Best: 94.44% @ Ep926) | LR: 0.000300 | Rev: 1/99999
Epoch 6543 | Cost: 0.031854 | Acc: 88.89% (Best: 94.44% @ Ep926) | LR: 0.000300 | Rev: 2/99999
Epoch 6544 | Cost: 0.021731 | Acc: 88.89% (Best: 94.44% @ Ep926) | LR: 0.000300 | Rev: 0/99999
Epoch 6545 | Cost: 0.027549 | Acc: 88.89% (Best: 94.44% @ Ep926) | LR: 0.000300 | Rev: 1/99999
Epoch 6546 | Cost: 0.025002 | Acc: 88.89% (Best: 94.44% @ Ep926) | LR: 0.000300 | Rev: 0/99999
Epoch 6547 | Cost: 0.027809 | Acc: 88.89% (Best: 94.44% @ Ep926) | LR: 0.000300 | Rev: 1/99999
Epoch 6548 | Cost: 0.040876 | Acc: 88.89% (Best: 94.44% @ Ep926) | LR: 0.000300 | Rev: 2/99999
Epoch 6549 | Cost: 0.018378 | Acc: 88.89% (Best: 94.44% @ Ep926) | LR: 0.000300 | Rev: 0/99999
Epoch 6550 | Cost: 0.031246 | Acc: 88.89% (Best: 94.44% @ Ep926) | LR: 0.000300 | Rev: 1/99999
Epoch 6551 | Cost: 0.028990 | Acc: 88.89% (Best: 94.44% @ Ep926) | LR: 0.000300 | Rev: 0/99999
Epoch 6552 | Cost: 0.016786 | Acc: 88.89% (Best: 94.44% @ Ep926) | LR: 0.000300 | Rev: 0/99999
Epoch 6553 | Cost: 0.018914 | Acc: 88.89% (Best: 94.44% @ Ep926) | LR: 0.000300 | Rev: 1/99999
Epoch 6554 | Cost: 0.019491 | Acc: 88.89% (Best: 94.44% @ Ep926) | LR: 0.000300 | Rev: 2/99999
Epoch 6555 | Cost: 0.024304 | Acc: 88.89% (Best: 94.44% @ Ep926) | LR: 0.000300 | Rev: 3/99999
Epoch 6556 | Cost: 0.044582 | Acc: 88.89% (Best: 94.44% @ Ep926) | LR: 0.000300 | Rev: 4/99999
Epoch 6557 | Cost: 0.022390 | Acc: 88.89% (Best: 94.44% @ Ep926) | LR: 0.000300 | Rev: 0/99999
Epoch 6558 | Cost: 0.023402 | Acc: 88.89% (Best: 94.44% @ Ep926) | LR: 0.000300 | Rev: 1/99999
Epoch 6559 | Cost: 0.023603 | Acc: 88.89% (Best: 94.44% @ Ep926) | LR: 0.000300 | Rev: 2/99999
Epoch 6560 | Cost: 0.014715 | Acc: 88.89% (Best: 94.44% @ Ep926) | LR: 0.000300 | Rev: 0/99999
Epoch 6561 | Cost: 0.018329 | Acc: 88.89% (Best: 94.44% @ Ep926) | LR: 0.000300 | Rev: 1/99999
Epoch 6562 | Cost: 0.015970 | Acc: 88.89% (Best: 94.44% @ Ep926) | LR: 0.000300 | Rev: 0/99999
Epoch 6563 | Cost: 0.016450 | Acc: 88.89% (Best: 94.44% @ Ep926) | LR: 0.000300 | Rev: 1/99999
Epoch 6564 | Cost: 0.026057 | Acc: 88.89% (Best: 94.44% @ Ep926) | LR: 0.000300 | Rev: 2/99999
Epoch 6565 | Cost: 0.023079 | Acc: 88.89% (Best: 94.44% @ Ep926) | LR: 0.000300 | Rev: 0/99999
Epoch 6566 | Cost: 0.036849 | Acc: 86.11% (Best: 94.44% @ Ep926) | LR: 0.000300 | Rev: 1/99999
Epoch 6567 | Cost: 0.017359 | Acc: 88.89% (Best: 94.44% @ Ep926) | LR: 0.000300 | Rev: 0/99999
Epoch 6568 | Cost: 0.027424 | Acc: 86.11% (Best: 94.44% @ Ep926) | LR: 0.000300 | Rev: 1/99999
Epoch 6569 | Cost: 0.022298 | Acc: 86.11% (Best: 94.44% @ Ep926) | LR: 0.000300 | Rev: 0/99999
Epoch 6570 | Cost: 0.015785 | Acc: 88.89% (Best: 94.44% @ Ep926) | LR: 0.000300 | Rev: 0/99999
Epoch 6571 | Cost: 0.024144 | Acc: 88.89% (Best: 94.44% @ Ep926) | LR: 0.000300 | Rev: 1/99999
Epoch 6572 | Cost: 0.016581 | Acc: 88.89% (Best: 94.44% @ Ep926) | LR: 0.000300 | Rev: 0/99999
Epoch 6573 | Cost: 0.025877 | Acc: 88.89% (Best: 94.44% @ Ep926) | LR: 0.000300 | Rev: 1/99999
Epoch 6574 | Cost: 0.011659 | Acc: 88.89% (Best: 94.44% @ Ep926) | LR: 0.000300 | Rev: 0/99999
Epoch 6575 | Cost: 0.022911 | Acc: 88.89% (Best: 94.44% @ Ep926) | LR: 0.000300 | Rev: 1/99999
Epoch 6576 | Cost: 0.025457 | Acc: 86.11% (Best: 94.44% @ Ep926) | LR: 0.000300 | Rev: 2/99999
Epoch 6577 | Cost: 0.025510 | Acc: 86.11% (Best: 94.44% @ Ep926) | LR: 0.000300 | Rev: 3/99999
Epoch 6578 | Cost: 0.021764 | Acc: 86.11% (Best: 94.44% @ Ep926) | LR: 0.000300 | Rev: 0/99999
Epoch 6579 | Cost: 0.034806 | Acc: 88.89% (Best: 94.44% @ Ep926) | LR: 0.000300 | Rev: 1/99999
Epoch 6580 | Cost: 0.023925 | Acc: 88.89% (Best: 94.44% @ Ep926) | LR: 0.000300 | Rev: 0/99999
Epoch 6581 | Cost: 0.035089 | Acc: 88.89% (Best: 94.44% @ Ep926) | LR: 0.000300 | Rev: 1/99999
Epoch 6582 | Cost: 0.020331 | Acc: 88.89% (Best: 94.44% @ Ep926) | LR: 0.000300 | Rev: 0/99999
Epoch 6583 | Cost: 0.022314 | Acc: 88.89% (Best: 94.44% @ Ep926) | LR: 0.000300 | Rev: 1/99999
Epoch 6584 | Cost: 0.013826 | Acc: 88.89% (Best: 94.44% @ Ep926) | LR: 0.000300 | Rev: 0/99999
Epoch 6585 | Cost: 0.025430 | Acc: 88.89% (Best: 94.44% @ Ep926) | LR: 0.000300 | Rev: 1/99999
Epoch 6586 | Cost: 0.015579 | Acc: 88.89% (Best: 94.44% @ Ep926) | LR: 0.000300 | Rev: 0/99999
Epoch 6587 | Cost: 0.027979 | Acc: 88.89% (Best: 94.44% @ Ep926) | LR: 0.000300 | Rev: 1/99999
Epoch 6588 | Cost: 0.026021 | Acc: 88.89% (Best: 94.44% @ Ep926) | LR: 0.000300 | Rev: 0/99999
Epoch 6589 | Cost: 0.020594 | Acc: 88.89% (Best: 94.44% @ Ep926) | LR: 0.000300 | Rev: 0/99999
Epoch 6590 | Cost: 0.032705 | Acc: 88.89% (Best: 94.44% @ Ep926) | LR: 0.000300 | Rev: 1/99999
Epoch 6591 | Cost: 0.017572 | Acc: 86.11% (Best: 94.44% @ Ep926) | LR: 0.000300 | Rev: 0/99999
Epoch 6592 | Cost: 0.028477 | Acc: 86.11% (Best: 94.44% @ Ep926) | LR: 0.000300 | Rev: 1/99999
Epoch 6593 | Cost: 0.021853 | Acc: 86.11% (Best: 94.44% @ Ep926) | LR: 0.000300 | Rev: 0/99999
Epoch 6594 | Cost: 0.023715 | Acc: 86.11% (Best: 94.44% @ Ep926) | LR: 0.000300 | Rev: 1/99999
Epoch 6595 | Cost: 0.018390 | Acc: 86.11% (Best: 94.44% @ Ep926) | LR: 0.000300 | Rev: 0/99999
Epoch 6596 | Cost: 0.012240 | Acc: 86.11% (Best: 94.44% @ Ep926) | LR: 0.000300 | Rev: 0/99999
Epoch 6597 | Cost: 0.025077 | Acc: 88.89% (Best: 94.44% @ Ep926) | LR: 0.000300 | Rev: 1/99999
Epoch 6598 | Cost: 0.034227 | Acc: 88.89% (Best: 94.44% @ Ep926) | LR: 0.000300 | Rev: 2/99999
Epoch 6599 | Cost: 0.019818 | Acc: 86.11% (Best: 94.44% @ Ep926) | LR: 0.000300 | Rev: 0/99999
Epoch 6600 | Cost: 0.022420 | Acc: 86.11% (Best: 94.44% @ Ep926) | LR: 0.000300 | Rev: 1/99999
Epoch 6601 | Cost: 0.024461 | Acc: 86.11% (Best: 94.44% @ Ep926) | LR: 0.000300 | Rev: 2/99999
Epoch 6602 | Cost: 0.023602 | Acc: 86.11% (Best: 94.44% @ Ep926) | LR: 0.000300 | Rev: 0/99999
Epoch 6603 | Cost: 0.027036 | Acc: 88.89% (Best: 94.44% @ Ep926) | LR: 0.000300 | Rev: 1/99999
Epoch 6604 | Cost: 0.018714 | Acc: 88.89% (Best: 94.44% @ Ep926) | LR: 0.000300 | Rev: 0/99999
Epoch 6605 | Cost: 0.017274 | Acc: 86.11% (Best: 94.44% @ Ep926) | LR: 0.000300 | Rev: 0/99999
Epoch 6606 | Cost: 0.023632 | Acc: 86.11% (Best: 94.44% @ Ep926) | LR: 0.000300 | Rev: 1/99999
Epoch 6607 | Cost: 0.014500 | Acc: 86.11% (Best: 94.44% @ Ep926) | LR: 0.000300 | Rev: 0/99999
Epoch 6608 | Cost: 0.018358 | Acc: 86.11% (Best: 94.44% @ Ep926) | LR: 0.000300 | Rev: 1/99999
Epoch 6609 | Cost: 0.024114 | Acc: 86.11% (Best: 94.44% @ Ep926) | LR: 0.000300 | Rev: 2/99999
Epoch 6610 | Cost: 0.023276 | Acc: 86.11% (Best: 94.44% @ Ep926) | LR: 0.000300 | Rev: 0/99999
Epoch 6611 | Cost: 0.023445 | Acc: 86.11% (Best: 94.44% @ Ep926) | LR: 0.000300 | Rev: 1/99999
Epoch 6612 | Cost: 0.020524 | Acc: 88.89% (Best: 94.44% @ Ep926) | LR: 0.000300 | Rev: 0/99999
Epoch 6613 | Cost: 0.035980 | Acc: 88.89% (Best: 94.44% @ Ep926) | LR: 0.000300 | Rev: 1/99999
Epoch 6614 | Cost: 0.018676 | Acc: 88.89% (Best: 94.44% @ Ep926) | LR: 0.000300 | Rev: 0/99999
Epoch 6615 | Cost: 0.052613 | Acc: 88.89% (Best: 94.44% @ Ep926) | LR: 0.000300 | Rev: 1/99999
Epoch 6616 | Cost: 0.019005 | Acc: 88.89% (Best: 94.44% @ Ep926) | LR: 0.000300 | Rev: 0/99999
Epoch 6617 | Cost: 0.017811 | Acc: 88.89% (Best: 94.44% @ Ep926) | LR: 0.000300 | Rev: 0/99999
Epoch 6618 | Cost: 0.033614 | Acc: 88.89% (Best: 94.44% @ Ep926) | LR: 0.000300 | Rev: 1/99999
Epoch 6619 | Cost: 0.013397 | Acc: 88.89% (Best: 94.44% @ Ep926) | LR: 0.000300 | Rev: 0/99999
Epoch 6620 | Cost: 0.021792 | Acc: 88.89% (Best: 94.44% @ Ep926) | LR: 0.000300 | Rev: 1/99999
Epoch 6621 | Cost: 0.026588 | Acc: 88.89% (Best: 94.44% @ Ep926) | LR: 0.000300 | Rev: 2/99999
Epoch 6622 | Cost: 0.028709 | Acc: 88.89% (Best: 94.44% @ Ep926) | LR: 0.000300 | Rev: 3/99999
Epoch 6623 | Cost: 0.046420 | Acc: 88.89% (Best: 94.44% @ Ep926) | LR: 0.000300 | Rev: 4/99999
Epoch 6624 | Cost: 0.019515 | Acc: 88.89% (Best: 94.44% @ Ep926) | LR: 0.000300 | Rev: 0/99999
Epoch 6625 | Cost: 0.027880 | Acc: 88.89% (Best: 94.44% @ Ep926) | LR: 0.000300 | Rev: 1/99999
Epoch 6626 | Cost: 0.015958 | Acc: 88.89% (Best: 94.44% @ Ep926) | LR: 0.000300 | Rev: 0/99999
Epoch 6627 | Cost: 0.027359 | Acc: 88.89% (Best: 94.44% @ Ep926) | LR: 0.000300 | Rev: 1/99999
Epoch 6628 | Cost: 0.028842 | Acc: 88.89% (Best: 94.44% @ Ep926) | LR: 0.000300 | Rev: 2/99999
Epoch 6629 | Cost: 0.020654 | Acc: 88.89% (Best: 94.44% @ Ep926) | LR: 0.000300 | Rev: 0/99999
Epoch 6630 | Cost: 0.014960 | Acc: 88.89% (Best: 94.44% @ Ep926) | LR: 0.000300 | Rev: 0/99999
Epoch 6631 | Cost: 0.018620 | Acc: 88.89% (Best: 94.44% @ Ep926) | LR: 0.000300 | Rev: 1/99999
Epoch 6632 | Cost: 0.017155 | Acc: 88.89% (Best: 94.44% @ Ep926) | LR: 0.000300 | Rev: 0/99999
Epoch 6633 | Cost: 0.014395 | Acc: 88.89% (Best: 94.44% @ Ep926) | LR: 0.000300 | Rev: 0/99999
Epoch 6634 | Cost: 0.024231 | Acc: 88.89% (Best: 94.44% @ Ep926) | LR: 0.000300 | Rev: 1/99999
Epoch 6635 | Cost: 0.017472 | Acc: 88.89% (Best: 94.44% @ Ep926) | LR: 0.000300 | Rev: 0/99999
Epoch 6636 | Cost: 0.031543 | Acc: 88.89% (Best: 94.44% @ Ep926) | LR: 0.000300 | Rev: 1/99999
Epoch 6637 | Cost: 0.026303 | Acc: 88.89% (Best: 94.44% @ Ep926) | LR: 0.000300 | Rev: 0/99999
Epoch 6638 | Cost: 0.020424 | Acc: 88.89% (Best: 94.44% @ Ep926) | LR: 0.000300 | Rev: 0/99999
Epoch 6639 | Cost: 0.023957 | Acc: 88.89% (Best: 94.44% @ Ep926) | LR: 0.000300 | Rev: 1/99999
Epoch 6640 | Cost: 0.029269 | Acc: 86.11% (Best: 94.44% @ Ep926) | LR: 0.000300 | Rev: 2/99999
Epoch 6641 | Cost: 0.036800 | Acc: 88.89% (Best: 94.44% @ Ep926) | LR: 0.000300 | Rev: 3/99999
Epoch 6642 | Cost: 0.022311 | Acc: 88.89% (Best: 94.44% @ Ep926) | LR: 0.000300 | Rev: 0/99999
Epoch 6643 | Cost: 0.025341 | Acc: 88.89% (Best: 94.44% @ Ep926) | LR: 0.000300 | Rev: 1/99999
Epoch 6644 | Cost: 0.018008 | Acc: 88.89% (Best: 94.44% @ Ep926) | LR: 0.000300 | Rev: 0/99999
Epoch 6645 | Cost: 0.016920 | Acc: 88.89% (Best: 94.44% @ Ep926) | LR: 0.000300 | Rev: 0/99999
Epoch 6646 | Cost: 0.017926 | Acc: 88.89% (Best: 94.44% @ Ep926) | LR: 0.000300 | Rev: 1/99999
Epoch 6647 | Cost: 0.017352 | Acc: 88.89% (Best: 94.44% @ Ep926) | LR: 0.000300 | Rev: 0/99999
Epoch 6648 | Cost: 0.016401 | Acc: 88.89% (Best: 94.44% @ Ep926) | LR: 0.000300 | Rev: 0/99999
Epoch 6649 | Cost: 0.020800 | Acc: 88.89% (Best: 94.44% @ Ep926) | LR: 0.000300 | Rev: 1/99999
Epoch 6650 | Cost: 0.013313 | Acc: 88.89% (Best: 94.44% @ Ep926) | LR: 0.000300 | Rev: 0/99999
Epoch 6651 | Cost: 0.019327 | Acc: 88.89% (Best: 94.44% @ Ep926) | LR: 0.000300 | Rev: 1/99999
Epoch 6652 | Cost: 0.031308 | Acc: 88.89% (Best: 94.44% @ Ep926) | LR: 0.000300 | Rev: 2/99999
Epoch 6653 | Cost: 0.015432 | Acc: 88.89% (Best: 94.44% @ Ep926) | LR: 0.000300 | Rev: 0/99999
Epoch 6654 | Cost: 0.030729 | Acc: 88.89% (Best: 94.44% @ Ep926) | LR: 0.000300 | Rev: 1/99999
Epoch 6655 | Cost: 0.017667 | Acc: 88.89% (Best: 94.44% @ Ep926) | LR: 0.000300 | Rev: 0/99999
Epoch 6656 | Cost: 0.018877 | Acc: 88.89% (Best: 94.44% @ Ep926) | LR: 0.000300 | Rev: 1/99999
Epoch 6657 | Cost: 0.019768 | Acc: 88.89% (Best: 94.44% @ Ep926) | LR: 0.000300 | Rev: 2/99999
Epoch 6658 | Cost: 0.020241 | Acc: 88.89% (Best: 94.44% @ Ep926) | LR: 0.000300 | Rev: 3/99999
Epoch 6659 | Cost: 0.017824 | Acc: 88.89% (Best: 94.44% @ Ep926) | LR: 0.000300 | Rev: 0/99999
Epoch 6660 | Cost: 0.053415 | Acc: 88.89% (Best: 94.44% @ Ep926) | LR: 0.000300 | Rev: 1/99999
Epoch 6661 | Cost: 0.015203 | Acc: 88.89% (Best: 94.44% @ Ep926) | LR: 0.000300 | Rev: 0/99999
Epoch 6662 | Cost: 0.020372 | Acc: 88.89% (Best: 94.44% @ Ep926) | LR: 0.000300 | Rev: 1/99999
Epoch 6663 | Cost: 0.025668 | Acc: 88.89% (Best: 94.44% @ Ep926) | LR: 0.000300 | Rev: 2/99999
Epoch 6664 | Cost: 0.018580 | Acc: 86.11% (Best: 94.44% @ Ep926) | LR: 0.000300 | Rev: 0/99999
Epoch 6665 | Cost: 0.016762 | Acc: 86.11% (Best: 94.44% @ Ep926) | LR: 0.000300 | Rev: 0/99999
Epoch 6666 | Cost: 0.023993 | Acc: 86.11% (Best: 94.44% @ Ep926) | LR: 0.000300 | Rev: 1/99999
Epoch 6667 | Cost: 0.013350 | Acc: 86.11% (Best: 94.44% @ Ep926) | LR: 0.000300 | Rev: 0/99999
Epoch 6668 | Cost: 0.022022 | Acc: 88.89% (Best: 94.44% @ Ep926) | LR: 0.000300 | Rev: 1/99999
Epoch 6669 | Cost: 0.024687 | Acc: 88.89% (Best: 94.44% @ Ep926) | LR: 0.000300 | Rev: 2/99999
Epoch 6670 | Cost: 0.014668 | Acc: 88.89% (Best: 94.44% @ Ep926) | LR: 0.000300 | Rev: 0/99999
Epoch 6671 | Cost: 0.029192 | Acc: 88.89% (Best: 94.44% @ Ep926) | LR: 0.000300 | Rev: 1/99999
Epoch 6672 | Cost: 0.034498 | Acc: 88.89% (Best: 94.44% @ Ep926) | LR: 0.000300 | Rev: 2/99999
Epoch 6673 | Cost: 0.018702 | Acc: 88.89% (Best: 94.44% @ Ep926) | LR: 0.000300 | Rev: 0/99999
Epoch 6674 | Cost: 0.029051 | Acc: 88.89% (Best: 94.44% @ Ep926) | LR: 0.000300 | Rev: 1/99999
Epoch 6675 | Cost: 0.020303 | Acc: 88.89% (Best: 94.44% @ Ep926) | LR: 0.000300 | Rev: 0/99999
Epoch 6676 | Cost: 0.029235 | Acc: 88.89% (Best: 94.44% @ Ep926) | LR: 0.000300 | Rev: 1/99999
Epoch 6677 | Cost: 0.022215 | Acc: 88.89% (Best: 94.44% @ Ep926) | LR: 0.000300 | Rev: 0/99999
Epoch 6678 | Cost: 0.025341 | Acc: 88.89% (Best: 94.44% @ Ep926) | LR: 0.000300 | Rev: 1/99999
Epoch 6679 | Cost: 0.033335 | Acc: 88.89% (Best: 94.44% @ Ep926) | LR: 0.000300 | Rev: 2/99999
Epoch 6680 | Cost: 0.016189 | Acc: 88.89% (Best: 94.44% @ Ep926) | LR: 0.000300 | Rev: 0/99999
Epoch 6681 | Cost: 0.017609 | Acc: 88.89% (Best: 94.44% @ Ep926) | LR: 0.000300 | Rev: 1/99999
Epoch 6682 | Cost: 0.031531 | Acc: 88.89% (Best: 94.44% @ Ep926) | LR: 0.000300 | Rev: 2/99999
Epoch 6683 | Cost: 0.021389 | Acc: 88.89% (Best: 94.44% @ Ep926) | LR: 0.000300 | Rev: 0/99999
Epoch 6684 | Cost: 0.031910 | Acc: 88.89% (Best: 94.44% @ Ep926) | LR: 0.000300 | Rev: 1/99999
Epoch 6685 | Cost: 0.030744 | Acc: 88.89% (Best: 94.44% @ Ep926) | LR: 0.000300 | Rev: 0/99999
Epoch 6686 | Cost: 0.018620 | Acc: 88.89% (Best: 94.44% @ Ep926) | LR: 0.000300 | Rev: 0/99999
Epoch 6687 | Cost: 0.024353 | Acc: 88.89% (Best: 94.44% @ Ep926) | LR: 0.000300 | Rev: 1/99999
Epoch 6688 | Cost: 0.027042 | Acc: 88.89% (Best: 94.44% @ Ep926) | LR: 0.000300 | Rev: 2/99999
Epoch 6689 | Cost: 0.017352 | Acc: 88.89% (Best: 94.44% @ Ep926) | LR: 0.000300 | Rev: 0/99999
Epoch 6690 | Cost: 0.012407 | Acc: 88.89% (Best: 94.44% @ Ep926) | LR: 0.000300 | Rev: 0/99999
Epoch 6691 | Cost: 0.026026 | Acc: 88.89% (Best: 94.44% @ Ep926) | LR: 0.000300 | Rev: 1/99999
Epoch 6692 | Cost: 0.027640 | Acc: 88.89% (Best: 94.44% @ Ep926) | LR: 0.000300 | Rev: 2/99999
Epoch 6693 | Cost: 0.021665 | Acc: 88.89% (Best: 94.44% @ Ep926) | LR: 0.000300 | Rev: 0/99999
Epoch 6694 | Cost: 0.016524 | Acc: 88.89% (Best: 94.44% @ Ep926) | LR: 0.000300 | Rev: 0/99999
Epoch 6695 | Cost: 0.029687 | Acc: 88.89% (Best: 94.44% @ Ep926) | LR: 0.000300 | Rev: 1/99999
Epoch 6696 | Cost: 0.022472 | Acc: 88.89% (Best: 94.44% @ Ep926) | LR: 0.000300 | Rev: 0/99999
Epoch 6697 | Cost: 0.020774 | Acc: 88.89% (Best: 94.44% @ Ep926) | LR: 0.000300 | Rev: 0/99999
Epoch 6698 | Cost: 0.023455 | Acc: 88.89% (Best: 94.44% @ Ep926) | LR: 0.000300 | Rev: 1/99999
Epoch 6699 | Cost: 0.026323 | Acc: 88.89% (Best: 94.44% @ Ep926) | LR: 0.000300 | Rev: 2/99999
Epoch 6700 | Cost: 0.020623 | Acc: 86.11% (Best: 94.44% @ Ep926) | LR: 0.000300 | Rev: 0/99999
Epoch 6701 | Cost: 0.017768 | Acc: 86.11% (Best: 94.44% @ Ep926) | LR: 0.000300 | Rev: 0/99999
Epoch 6702 | Cost: 0.019294 | Acc: 86.11% (Best: 94.44% @ Ep926) | LR: 0.000300 | Rev: 1/99999
Epoch 6703 | Cost: 0.014014 | Acc: 88.89% (Best: 94.44% @ Ep926) | LR: 0.000300 | Rev: 0/99999
Epoch 6704 | Cost: 0.015319 | Acc: 88.89% (Best: 94.44% @ Ep926) | LR: 0.000300 | Rev: 1/99999
Epoch 6705 | Cost: 0.046563 | Acc: 88.89% (Best: 94.44% @ Ep926) | LR: 0.000300 | Rev: 2/99999
Epoch 6706 | Cost: 0.025121 | Acc: 88.89% (Best: 94.44% @ Ep926) | LR: 0.000300 | Rev: 0/99999
Epoch 6707 | Cost: 0.026099 | Acc: 88.89% (Best: 94.44% @ Ep926) | LR: 0.000300 | Rev: 1/99999
Epoch 6708 | Cost: 0.025419 | Acc: 88.89% (Best: 94.44% @ Ep926) | LR: 0.000300 | Rev: 0/99999
Epoch 6709 | Cost: 0.035072 | Acc: 88.89% (Best: 94.44% @ Ep926) | LR: 0.000300 | Rev: 1/99999
Epoch 6710 | Cost: 0.030234 | Acc: 88.89% (Best: 94.44% @ Ep926) | LR: 0.000300 | Rev: 0/99999
Epoch 6711 | Cost: 0.021809 | Acc: 88.89% (Best: 94.44% @ Ep926) | LR: 0.000300 | Rev: 0/99999
Epoch 6712 | Cost: 0.022069 | Acc: 88.89% (Best: 94.44% @ Ep926) | LR: 0.000300 | Rev: 1/99999
Epoch 6713 | Cost: 0.038063 | Acc: 88.89% (Best: 94.44% @ Ep926) | LR: 0.000300 | Rev: 2/99999
Epoch 6714 | Cost: 0.018997 | Acc: 88.89% (Best: 94.44% @ Ep926) | LR: 0.000300 | Rev: 0/99999
Epoch 6715 | Cost: 0.017689 | Acc: 88.89% (Best: 94.44% @ Ep926) | LR: 0.000300 | Rev: 0/99999
Epoch 6716 | Cost: 0.025773 | Acc: 88.89% (Best: 94.44% @ Ep926) | LR: 0.000300 | Rev: 1/99999
Epoch 6717 | Cost: 0.018014 | Acc: 88.89% (Best: 94.44% @ Ep926) | LR: 0.000300 | Rev: 0/99999
Epoch 6718 | Cost: 0.033048 | Acc: 86.11% (Best: 94.44% @ Ep926) | LR: 0.000300 | Rev: 1/99999
Epoch 6719 | Cost: 0.019033 | Acc: 86.11% (Best: 94.44% @ Ep926) | LR: 0.000300 | Rev: 0/99999
Epoch 6720 | Cost: 0.023197 | Acc: 86.11% (Best: 94.44% @ Ep926) | LR: 0.000300 | Rev: 1/99999
Epoch 6721 | Cost: 0.017148 | Acc: 86.11% (Best: 94.44% @ Ep926) | LR: 0.000300 | Rev: 0/99999
Epoch 6722 | Cost: 0.018437 | Acc: 86.11% (Best: 94.44% @ Ep926) | LR: 0.000300 | Rev: 1/99999
Epoch 6723 | Cost: 0.024185 | Acc: 88.89% (Best: 94.44% @ Ep926) | LR: 0.000300 | Rev: 2/99999
Epoch 6724 | Cost: 0.019651 | Acc: 88.89% (Best: 94.44% @ Ep926) | LR: 0.000300 | Rev: 0/99999
Epoch 6725 | Cost: 0.015017 | Acc: 86.11% (Best: 94.44% @ Ep926) | LR: 0.000300 | Rev: 0/99999
Epoch 6726 | Cost: 0.017921 | Acc: 86.11% (Best: 94.44% @ Ep926) | LR: 0.000300 | Rev: 1/99999
Epoch 6727 | Cost: 0.019550 | Acc: 86.11% (Best: 94.44% @ Ep926) | LR: 0.000300 | Rev: 2/99999
Epoch 6728 | Cost: 0.030564 | Acc: 86.11% (Best: 94.44% @ Ep926) | LR: 0.000300 | Rev: 3/99999
Epoch 6729 | Cost: 0.017352 | Acc: 86.11% (Best: 94.44% @ Ep926) | LR: 0.000300 | Rev: 0/99999
Epoch 6730 | Cost: 0.020308 | Acc: 86.11% (Best: 94.44% @ Ep926) | LR: 0.000300 | Rev: 1/99999
Epoch 6731 | Cost: 0.017590 | Acc: 88.89% (Best: 94.44% @ Ep926) | LR: 0.000300 | Rev: 0/99999
Epoch 6732 | Cost: 0.036333 | Acc: 88.89% (Best: 94.44% @ Ep926) | LR: 0.000300 | Rev: 1/99999
Epoch 6733 | Cost: 0.022725 | Acc: 88.89% (Best: 94.44% @ Ep926) | LR: 0.000300 | Rev: 0/99999
Epoch 6734 | Cost: 0.020663 | Acc: 88.89% (Best: 94.44% @ Ep926) | LR: 0.000300 | Rev: 0/99999
Epoch 6735 | Cost: 0.025004 | Acc: 88.89% (Best: 94.44% @ Ep926) | LR: 0.000300 | Rev: 1/99999
Epoch 6736 | Cost: 0.022188 | Acc: 88.89% (Best: 94.44% @ Ep926) | LR: 0.000300 | Rev: 0/99999
Epoch 6737 | Cost: 0.026935 | Acc: 88.89% (Best: 94.44% @ Ep926) | LR: 0.000300 | Rev: 1/99999
Epoch 6738 | Cost: 0.026232 | Acc: 86.11% (Best: 94.44% @ Ep926) | LR: 0.000300 | Rev: 0/99999
Epoch 6739 | Cost: 0.022336 | Acc: 88.89% (Best: 94.44% @ Ep926) | LR: 0.000300 | Rev: 0/99999
Epoch 6740 | Cost: 0.024425 | Acc: 88.89% (Best: 94.44% @ Ep926) | LR: 0.000300 | Rev: 1/99999
Epoch 6741 | Cost: 0.020006 | Acc: 88.89% (Best: 94.44% @ Ep926) | LR: 0.000300 | Rev: 0/99999
Epoch 6742 | Cost: 0.026474 | Acc: 88.89% (Best: 94.44% @ Ep926) | LR: 0.000300 | Rev: 1/99999
Epoch 6743 | Cost: 0.035491 | Acc: 88.89% (Best: 94.44% @ Ep926) | LR: 0.000300 | Rev: 2/99999
Epoch 6744 | Cost: 0.013366 | Acc: 88.89% (Best: 94.44% @ Ep926) | LR: 0.000300 | Rev: 0/99999
Epoch 6745 | Cost: 0.022650 | Acc: 88.89% (Best: 94.44% @ Ep926) | LR: 0.000300 | Rev: 1/99999
Epoch 6746 | Cost: 0.015467 | Acc: 86.11% (Best: 94.44% @ Ep926) | LR: 0.000300 | Rev: 0/99999
Epoch 6747 | Cost: 0.019627 | Acc: 86.11% (Best: 94.44% @ Ep926) | LR: 0.000300 | Rev: 1/99999
Epoch 6748 | Cost: 0.030969 | Acc: 86.11% (Best: 94.44% @ Ep926) | LR: 0.000300 | Rev: 2/99999
Epoch 6749 | Cost: 0.014276 | Acc: 88.89% (Best: 94.44% @ Ep926) | LR: 0.000300 | Rev: 0/99999
Epoch 6750 | Cost: 0.022945 | Acc: 88.89% (Best: 94.44% @ Ep926) | LR: 0.000300 | Rev: 1/99999
Epoch 6751 | Cost: 0.021627 | Acc: 88.89% (Best: 94.44% @ Ep926) | LR: 0.000300 | Rev: 0/99999
Epoch 6752 | Cost: 0.018180 | Acc: 88.89% (Best: 94.44% @ Ep926) | LR: 0.000300 | Rev: 0/99999
Epoch 6753 | Cost: 0.033229 | Acc: 88.89% (Best: 94.44% @ Ep926) | LR: 0.000300 | Rev: 1/99999
Epoch 6754 | Cost: 0.024414 | Acc: 88.89% (Best: 94.44% @ Ep926) | LR: 0.000300 | Rev: 0/99999
Epoch 6755 | Cost: 0.030741 | Acc: 88.89% (Best: 94.44% @ Ep926) | LR: 0.000300 | Rev: 1/99999
Epoch 6756 | Cost: 0.040240 | Acc: 88.89% (Best: 94.44% @ Ep926) | LR: 0.000300 | Rev: 2/99999
Epoch 6757 | Cost: 0.025445 | Acc: 88.89% (Best: 94.44% @ Ep926) | LR: 0.000300 | Rev: 0/99999
Epoch 6758 | Cost: 0.026340 | Acc: 88.89% (Best: 94.44% @ Ep926) | LR: 0.000300 | Rev: 1/99999
Epoch 6759 | Cost: 0.025692 | Acc: 88.89% (Best: 94.44% @ Ep926) | LR: 0.000300 | Rev: 0/99999
Epoch 6760 | Cost: 0.022043 | Acc: 88.89% (Best: 94.44% @ Ep926) | LR: 0.000300 | Rev: 0/99999
Epoch 6761 | Cost: 0.032272 | Acc: 88.89% (Best: 94.44% @ Ep926) | LR: 0.000300 | Rev: 1/99999
Epoch 6762 | Cost: 0.019591 | Acc: 88.89% (Best: 94.44% @ Ep926) | LR: 0.000300 | Rev: 0/99999
Epoch 6763 | Cost: 0.017622 | Acc: 88.89% (Best: 94.44% @ Ep926) | LR: 0.000300 | Rev: 0/99999
Epoch 6764 | Cost: 0.014351 | Acc: 88.89% (Best: 94.44% @ Ep926) | LR: 0.000300 | Rev: 0/99999
Epoch 6765 | Cost: 0.036442 | Acc: 88.89% (Best: 94.44% @ Ep926) | LR: 0.000300 | Rev: 1/99999
Epoch 6766 | Cost: 0.030266 | Acc: 88.89% (Best: 94.44% @ Ep926) | LR: 0.000300 | Rev: 0/99999
Epoch 6767 | Cost: 0.031512 | Acc: 88.89% (Best: 94.44% @ Ep926) | LR: 0.000300 | Rev: 1/99999
Epoch 6768 | Cost: 0.014914 | Acc: 88.89% (Best: 94.44% @ Ep926) | LR: 0.000300 | Rev: 0/99999
Epoch 6769 | Cost: 0.021487 | Acc: 88.89% (Best: 94.44% @ Ep926) | LR: 0.000300 | Rev: 1/99999
Epoch 6770 | Cost: 0.015329 | Acc: 88.89% (Best: 94.44% @ Ep926) | LR: 0.000300 | Rev: 0/99999
Epoch 6771 | Cost: 0.028647 | Acc: 88.89% (Best: 94.44% @ Ep926) | LR: 0.000300 | Rev: 1/99999
Epoch 6772 | Cost: 0.020380 | Acc: 88.89% (Best: 94.44% @ Ep926) | LR: 0.000300 | Rev: 0/99999
Epoch 6773 | Cost: 0.018139 | Acc: 88.89% (Best: 94.44% @ Ep926) | LR: 0.000300 | Rev: 0/99999
Epoch 6774 | Cost: 0.030626 | Acc: 88.89% (Best: 94.44% @ Ep926) | LR: 0.000300 | Rev: 1/99999
Epoch 6775 | Cost: 0.018160 | Acc: 88.89% (Best: 94.44% @ Ep926) | LR: 0.000300 | Rev: 0/99999
Epoch 6776 | Cost: 0.034992 | Acc: 88.89% (Best: 94.44% @ Ep926) | LR: 0.000300 | Rev: 1/99999
Epoch 6777 | Cost: 0.027799 | Acc: 88.89% (Best: 94.44% @ Ep926) | LR: 0.000300 | Rev: 0/99999
Epoch 6778 | Cost: 0.024998 | Acc: 88.89% (Best: 94.44% @ Ep926) | LR: 0.000300 | Rev: 0/99999
Epoch 6779 | Cost: 0.018464 | Acc: 88.89% (Best: 94.44% @ Ep926) | LR: 0.000300 | Rev: 0/99999
Epoch 6780 | Cost: 0.026265 | Acc: 88.89% (Best: 94.44% @ Ep926) | LR: 0.000300 | Rev: 1/99999
Epoch 6781 | Cost: 0.027827 | Acc: 88.89% (Best: 94.44% @ Ep926) | LR: 0.000300 | Rev: 2/99999
Epoch 6782 | Cost: 0.018408 | Acc: 88.89% (Best: 94.44% @ Ep926) | LR: 0.000300 | Rev: 0/99999
Epoch 6783 | Cost: 0.028168 | Acc: 88.89% (Best: 94.44% @ Ep926) | LR: 0.000300 | Rev: 1/99999
Epoch 6784 | Cost: 0.031360 | Acc: 88.89% (Best: 94.44% @ Ep926) | LR: 0.000300 | Rev: 2/99999
Epoch 6785 | Cost: 0.021258 | Acc: 88.89% (Best: 94.44% @ Ep926) | LR: 0.000300 | Rev: 0/99999
Epoch 6786 | Cost: 0.025639 | Acc: 88.89% (Best: 94.44% @ Ep926) | LR: 0.000300 | Rev: 1/99999
Epoch 6787 | Cost: 0.014528 | Acc: 88.89% (Best: 94.44% @ Ep926) | LR: 0.000300 | Rev: 0/99999
Epoch 6788 | Cost: 0.024692 | Acc: 88.89% (Best: 94.44% @ Ep926) | LR: 0.000300 | Rev: 1/99999
Epoch 6789 | Cost: 0.019587 | Acc: 88.89% (Best: 94.44% @ Ep926) | LR: 0.000300 | Rev: 0/99999
Epoch 6790 | Cost: 0.028439 | Acc: 88.89% (Best: 94.44% @ Ep926) | LR: 0.000300 | Rev: 1/99999
Epoch 6791 | Cost: 0.029398 | Acc: 88.89% (Best: 94.44% @ Ep926) | LR: 0.000300 | Rev: 2/99999
Epoch 6792 | Cost: 0.023088 | Acc: 88.89% (Best: 94.44% @ Ep926) | LR: 0.000300 | Rev: 0/99999
Epoch 6793 | Cost: 0.037879 | Acc: 88.89% (Best: 94.44% @ Ep926) | LR: 0.000300 | Rev: 1/99999
Epoch 6794 | Cost: 0.018721 | Acc: 88.89% (Best: 94.44% @ Ep926) | LR: 0.000300 | Rev: 0/99999
Epoch 6795 | Cost: 0.032580 | Acc: 88.89% (Best: 94.44% @ Ep926) | LR: 0.000300 | Rev: 1/99999
Epoch 6796 | Cost: 0.018385 | Acc: 88.89% (Best: 94.44% @ Ep926) | LR: 0.000300 | Rev: 0/99999
Epoch 6797 | Cost: 0.023199 | Acc: 88.89% (Best: 94.44% @ Ep926) | LR: 0.000300 | Rev: 1/99999
Epoch 6798 | Cost: 0.022566 | Acc: 88.89% (Best: 94.44% @ Ep926) | LR: 0.000300 | Rev: 0/99999
Epoch 6799 | Cost: 0.043200 | Acc: 88.89% (Best: 94.44% @ Ep926) | LR: 0.000300 | Rev: 1/99999
Epoch 6800 | Cost: 0.016937 | Acc: 88.89% (Best: 94.44% @ Ep926) | LR: 0.000300 | Rev: 0/99999
Epoch 6801 | Cost: 0.034269 | Acc: 88.89% (Best: 94.44% @ Ep926) | LR: 0.000300 | Rev: 1/99999
Epoch 6802 | Cost: 0.028240 | Acc: 88.89% (Best: 94.44% @ Ep926) | LR: 0.000300 | Rev: 0/99999
Epoch 6803 | Cost: 0.029639 | Acc: 88.89% (Best: 94.44% @ Ep926) | LR: 0.000300 | Rev: 1/99999
Epoch 6804 | Cost: 0.032057 | Acc: 88.89% (Best: 94.44% @ Ep926) | LR: 0.000300 | Rev: 2/99999
Epoch 6805 | Cost: 0.025050 | Acc: 88.89% (Best: 94.44% @ Ep926) | LR: 0.000300 | Rev: 0/99999
Epoch 6806 | Cost: 0.039837 | Acc: 88.89% (Best: 94.44% @ Ep926) | LR: 0.000300 | Rev: 1/99999
Epoch 6807 | Cost: 0.015028 | Acc: 88.89% (Best: 94.44% @ Ep926) | LR: 0.000300 | Rev: 0/99999
Epoch 6808 | Cost: 0.014094 | Acc: 88.89% (Best: 94.44% @ Ep926) | LR: 0.000300 | Rev: 0/99999
Epoch 6809 | Cost: 0.028707 | Acc: 88.89% (Best: 94.44% @ Ep926) | LR: 0.000300 | Rev: 1/99999
Epoch 6810 | Cost: 0.017720 | Acc: 88.89% (Best: 94.44% @ Ep926) | LR: 0.000300 | Rev: 0/99999
Epoch 6811 | Cost: 0.029335 | Acc: 88.89% (Best: 94.44% @ Ep926) | LR: 0.000300 | Rev: 1/99999
Epoch 6812 | Cost: 0.022400 | Acc: 88.89% (Best: 94.44% @ Ep926) | LR: 0.000300 | Rev: 0/99999
Epoch 6813 | Cost: 0.019023 | Acc: 88.89% (Best: 94.44% @ Ep926) | LR: 0.000300 | Rev: 0/99999
Epoch 6814 | Cost: 0.025229 | Acc: 88.89% (Best: 94.44% @ Ep926) | LR: 0.000300 | Rev: 1/99999
Epoch 6815 | Cost: 0.031919 | Acc: 88.89% (Best: 94.44% @ Ep926) | LR: 0.000300 | Rev: 2/99999
Epoch 6816 | Cost: 0.017198 | Acc: 88.89% (Best: 94.44% @ Ep926) | LR: 0.000300 | Rev: 0/99999
Epoch 6817 | Cost: 0.017164 | Acc: 88.89% (Best: 94.44% @ Ep926) | LR: 0.000300 | Rev: 0/99999
Epoch 6818 | Cost: 0.019643 | Acc: 88.89% (Best: 94.44% @ Ep926) | LR: 0.000300 | Rev: 1/99999
Epoch 6819 | Cost: 0.025630 | Acc: 88.89% (Best: 94.44% @ Ep926) | LR: 0.000300 | Rev: 2/99999
Epoch 6820 | Cost: 0.016456 | Acc: 88.89% (Best: 94.44% @ Ep926) | LR: 0.000300 | Rev: 0/99999
Epoch 6821 | Cost: 0.024349 | Acc: 88.89% (Best: 94.44% @ Ep926) | LR: 0.000300 | Rev: 1/99999
Epoch 6822 | Cost: 0.017200 | Acc: 88.89% (Best: 94.44% @ Ep926) | LR: 0.000300 | Rev: 0/99999
Epoch 6823 | Cost: 0.018196 | Acc: 88.89% (Best: 94.44% @ Ep926) | LR: 0.000300 | Rev: 1/99999
Epoch 6824 | Cost: 0.021381 | Acc: 88.89% (Best: 94.44% @ Ep926) | LR: 0.000300 | Rev: 2/99999
Epoch 6825 | Cost: 0.015991 | Acc: 88.89% (Best: 94.44% @ Ep926) | LR: 0.000300 | Rev: 0/99999
Epoch 6826 | Cost: 0.022846 | Acc: 88.89% (Best: 94.44% @ Ep926) | LR: 0.000300 | Rev: 1/99999
Epoch 6827 | Cost: 0.020432 | Acc: 88.89% (Best: 94.44% @ Ep926) | LR: 0.000300 | Rev: 0/99999
Epoch 6828 | Cost: 0.024486 | Acc: 88.89% (Best: 94.44% @ Ep926) | LR: 0.000300 | Rev: 1/99999
Epoch 6829 | Cost: 0.034944 | Acc: 88.89% (Best: 94.44% @ Ep926) | LR: 0.000300 | Rev: 2/99999
Epoch 6830 | Cost: 0.024226 | Acc: 88.89% (Best: 94.44% @ Ep926) | LR: 0.000300 | Rev: 0/99999
Epoch 6831 | Cost: 0.027721 | Acc: 88.89% (Best: 94.44% @ Ep926) | LR: 0.000300 | Rev: 1/99999
Epoch 6832 | Cost: 0.021456 | Acc: 88.89% (Best: 94.44% @ Ep926) | LR: 0.000300 | Rev: 0/99999
Epoch 6833 | Cost: 0.020240 | Acc: 88.89% (Best: 94.44% @ Ep926) | LR: 0.000300 | Rev: 0/99999
Epoch 6834 | Cost: 0.020249 | Acc: 88.89% (Best: 94.44% @ Ep926) | LR: 0.000300 | Rev: 1/99999
Epoch 6835 | Cost: 0.042688 | Acc: 88.89% (Best: 94.44% @ Ep926) | LR: 0.000300 | Rev: 2/99999
Epoch 6836 | Cost: 0.027729 | Acc: 86.11% (Best: 94.44% @ Ep926) | LR: 0.000300 | Rev: 0/99999
Epoch 6837 | Cost: 0.015462 | Acc: 86.11% (Best: 94.44% @ Ep926) | LR: 0.000300 | Rev: 0/99999
Epoch 6838 | Cost: 0.035428 | Acc: 88.89% (Best: 94.44% @ Ep926) | LR: 0.000300 | Rev: 1/99999
Epoch 6839 | Cost: 0.019689 | Acc: 88.89% (Best: 94.44% @ Ep926) | LR: 0.000300 | Rev: 0/99999
Epoch 6840 | Cost: 0.017816 | Acc: 88.89% (Best: 94.44% @ Ep926) | LR: 0.000300 | Rev: 0/99999
Epoch 6841 | Cost: 0.012954 | Acc: 88.89% (Best: 94.44% @ Ep926) | LR: 0.000300 | Rev: 0/99999
Epoch 6842 | Cost: 0.031246 | Acc: 88.89% (Best: 94.44% @ Ep926) | LR: 0.000300 | Rev: 1/99999
Epoch 6843 | Cost: 0.020256 | Acc: 88.89% (Best: 94.44% @ Ep926) | LR: 0.000300 | Rev: 0/99999
Epoch 6844 | Cost: 0.012412 | Acc: 88.89% (Best: 94.44% @ Ep926) | LR: 0.000300 | Rev: 0/99999
Epoch 6845 | Cost: 0.029981 | Acc: 88.89% (Best: 94.44% @ Ep926) | LR: 0.000300 | Rev: 1/99999
Epoch 6846 | Cost: 0.013592 | Acc: 88.89% (Best: 94.44% @ Ep926) | LR: 0.000300 | Rev: 0/99999
Epoch 6847 | Cost: 0.021507 | Acc: 88.89% (Best: 94.44% @ Ep926) | LR: 0.000300 | Rev: 1/99999
Epoch 6848 | Cost: 0.022343 | Acc: 88.89% (Best: 94.44% @ Ep926) | LR: 0.000300 | Rev: 2/99999
Epoch 6849 | Cost: 0.019578 | Acc: 88.89% (Best: 94.44% @ Ep926) | LR: 0.000300 | Rev: 0/99999
Epoch 6850 | Cost: 0.022517 | Acc: 88.89% (Best: 94.44% @ Ep926) | LR: 0.000300 | Rev: 1/99999
Epoch 6851 | Cost: 0.028722 | Acc: 88.89% (Best: 94.44% @ Ep926) | LR: 0.000300 | Rev: 2/99999
Epoch 6852 | Cost: 0.030580 | Acc: 88.89% (Best: 94.44% @ Ep926) | LR: 0.000300 | Rev: 3/99999
Epoch 6853 | Cost: 0.031546 | Acc: 88.89% (Best: 94.44% @ Ep926) | LR: 0.000300 | Rev: 4/99999
Epoch 6854 | Cost: 0.035019 | Acc: 88.89% (Best: 94.44% @ Ep926) | LR: 0.000300 | Rev: 5/99999
Epoch 6855 | Cost: 0.013068 | Acc: 88.89% (Best: 94.44% @ Ep926) | LR: 0.000300 | Rev: 0/99999
Epoch 6856 | Cost: 0.026099 | Acc: 88.89% (Best: 94.44% @ Ep926) | LR: 0.000300 | Rev: 1/99999
Epoch 6857 | Cost: 0.036980 | Acc: 88.89% (Best: 94.44% @ Ep926) | LR: 0.000300 | Rev: 2/99999
Epoch 6858 | Cost: 0.028250 | Acc: 88.89% (Best: 94.44% @ Ep926) | LR: 0.000300 | Rev: 0/99999
Epoch 6859 | Cost: 0.018631 | Acc: 88.89% (Best: 94.44% @ Ep926) | LR: 0.000300 | Rev: 0/99999
Epoch 6860 | Cost: 0.040433 | Acc: 88.89% (Best: 94.44% @ Ep926) | LR: 0.000300 | Rev: 1/99999
Epoch 6861 | Cost: 0.025001 | Acc: 88.89% (Best: 94.44% @ Ep926) | LR: 0.000300 | Rev: 0/99999
Epoch 6862 | Cost: 0.020491 | Acc: 88.89% (Best: 94.44% @ Ep926) | LR: 0.000300 | Rev: 0/99999
Epoch 6863 | Cost: 0.022136 | Acc: 88.89% (Best: 94.44% @ Ep926) | LR: 0.000300 | Rev: 1/99999
Epoch 6864 | Cost: 0.030864 | Acc: 88.89% (Best: 94.44% @ Ep926) | LR: 0.000300 | Rev: 2/99999
Epoch 6865 | Cost: 0.015613 | Acc: 86.11% (Best: 94.44% @ Ep926) | LR: 0.000300 | Rev: 0/99999
Epoch 6866 | Cost: 0.026235 | Acc: 86.11% (Best: 94.44% @ Ep926) | LR: 0.000300 | Rev: 1/99999
Epoch 6867 | Cost: 0.025129 | Acc: 86.11% (Best: 94.44% @ Ep926) | LR: 0.000300 | Rev: 0/99999
Epoch 6868 | Cost: 0.027647 | Acc: 88.89% (Best: 94.44% @ Ep926) | LR: 0.000300 | Rev: 1/99999
Epoch 6869 | Cost: 0.017933 | Acc: 88.89% (Best: 94.44% @ Ep926) | LR: 0.000300 | Rev: 0/99999
Epoch 6870 | Cost: 0.012693 | Acc: 88.89% (Best: 94.44% @ Ep926) | LR: 0.000300 | Rev: 0/99999
Epoch 6871 | Cost: 0.047045 | Acc: 88.89% (Best: 94.44% @ Ep926) | LR: 0.000300 | Rev: 1/99999
Epoch 6872 | Cost: 0.020265 | Acc: 88.89% (Best: 94.44% @ Ep926) | LR: 0.000300 | Rev: 0/99999
Epoch 6873 | Cost: 0.025931 | Acc: 88.89% (Best: 94.44% @ Ep926) | LR: 0.000300 | Rev: 1/99999
Epoch 6874 | Cost: 0.015808 | Acc: 88.89% (Best: 94.44% @ Ep926) | LR: 0.000300 | Rev: 0/99999
Epoch 6875 | Cost: 0.035542 | Acc: 88.89% (Best: 94.44% @ Ep926) | LR: 0.000300 | Rev: 1/99999
Epoch 6876 | Cost: 0.021926 | Acc: 88.89% (Best: 94.44% @ Ep926) | LR: 0.000300 | Rev: 0/99999
Epoch 6877 | Cost: 0.023758 | Acc: 88.89% (Best: 94.44% @ Ep926) | LR: 0.000300 | Rev: 1/99999
Epoch 6878 | Cost: 0.020016 | Acc: 88.89% (Best: 94.44% @ Ep926) | LR: 0.000300 | Rev: 0/99999
Epoch 6879 | Cost: 0.019308 | Acc: 88.89% (Best: 94.44% @ Ep926) | LR: 0.000300 | Rev: 0/99999
Epoch 6880 | Cost: 0.020346 | Acc: 88.89% (Best: 94.44% @ Ep926) | LR: 0.000300 | Rev: 1/99999
Epoch 6881 | Cost: 0.040731 | Acc: 88.89% (Best: 94.44% @ Ep926) | LR: 0.000300 | Rev: 2/99999
Epoch 6882 | Cost: 0.016411 | Acc: 88.89% (Best: 94.44% @ Ep926) | LR: 0.000300 | Rev: 0/99999
Epoch 6883 | Cost: 0.051301 | Acc: 88.89% (Best: 94.44% @ Ep926) | LR: 0.000300 | Rev: 1/99999
Epoch 6884 | Cost: 0.044061 | Acc: 86.11% (Best: 94.44% @ Ep926) | LR: 0.000300 | Rev: 0/99999
Epoch 6885 | Cost: 0.014922 | Acc: 86.11% (Best: 94.44% @ Ep926) | LR: 0.000300 | Rev: 0/99999
Epoch 6886 | Cost: 0.028049 | Acc: 88.89% (Best: 94.44% @ Ep926) | LR: 0.000300 | Rev: 1/99999
Epoch 6887 | Cost: 0.020480 | Acc: 88.89% (Best: 94.44% @ Ep926) | LR: 0.000300 | Rev: 0/99999
Epoch 6888 | Cost: 0.026314 | Acc: 88.89% (Best: 94.44% @ Ep926) | LR: 0.000300 | Rev: 1/99999
Epoch 6889 | Cost: 0.023580 | Acc: 88.89% (Best: 94.44% @ Ep926) | LR: 0.000300 | Rev: 0/99999
Epoch 6890 | Cost: 0.019277 | Acc: 88.89% (Best: 94.44% @ Ep926) | LR: 0.000300 | Rev: 0/99999
Epoch 6891 | Cost: 0.020868 | Acc: 88.89% (Best: 94.44% @ Ep926) | LR: 0.000300 | Rev: 1/99999
Epoch 6892 | Cost: 0.019180 | Acc: 88.89% (Best: 94.44% @ Ep926) | LR: 0.000300 | Rev: 0/99999
Epoch 6893 | Cost: 0.024099 | Acc: 88.89% (Best: 94.44% @ Ep926) | LR: 0.000300 | Rev: 1/99999
Epoch 6894 | Cost: 0.033279 | Acc: 88.89% (Best: 94.44% @ Ep926) | LR: 0.000300 | Rev: 2/99999
Epoch 6895 | Cost: 0.020977 | Acc: 88.89% (Best: 94.44% @ Ep926) | LR: 0.000300 | Rev: 0/99999
Epoch 6896 | Cost: 0.015204 | Acc: 88.89% (Best: 94.44% @ Ep926) | LR: 0.000300 | Rev: 0/99999
Epoch 6897 | Cost: 0.013570 | Acc: 88.89% (Best: 94.44% @ Ep926) | LR: 0.000300 | Rev: 0/99999
Epoch 6898 | Cost: 0.023624 | Acc: 88.89% (Best: 94.44% @ Ep926) | LR: 0.000300 | Rev: 1/99999
Epoch 6899 | Cost: 0.020607 | Acc: 88.89% (Best: 94.44% @ Ep926) | LR: 0.000300 | Rev: 0/99999
Epoch 6900 | Cost: 0.018648 | Acc: 88.89% (Best: 94.44% @ Ep926) | LR: 0.000300 | Rev: 0/99999
Epoch 6901 | Cost: 0.031921 | Acc: 88.89% (Best: 94.44% @ Ep926) | LR: 0.000300 | Rev: 1/99999
Epoch 6902 | Cost: 0.035489 | Acc: 86.11% (Best: 94.44% @ Ep926) | LR: 0.000300 | Rev: 2/99999
Epoch 6903 | Cost: 0.027324 | Acc: 86.11% (Best: 94.44% @ Ep926) | LR: 0.000300 | Rev: 0/99999
Epoch 6904 | Cost: 0.021851 | Acc: 86.11% (Best: 94.44% @ Ep926) | LR: 0.000300 | Rev: 0/99999
Epoch 6905 | Cost: 0.029165 | Acc: 86.11% (Best: 94.44% @ Ep926) | LR: 0.000300 | Rev: 1/99999
Epoch 6906 | Cost: 0.025197 | Acc: 86.11% (Best: 94.44% @ Ep926) | LR: 0.000300 | Rev: 0/99999
Epoch 6907 | Cost: 0.016762 | Acc: 88.89% (Best: 94.44% @ Ep926) | LR: 0.000300 | Rev: 0/99999
Epoch 6908 | Cost: 0.020228 | Acc: 88.89% (Best: 94.44% @ Ep926) | LR: 0.000300 | Rev: 1/99999
Epoch 6909 | Cost: 0.017650 | Acc: 88.89% (Best: 94.44% @ Ep926) | LR: 0.000300 | Rev: 0/99999
Epoch 6910 | Cost: 0.020116 | Acc: 88.89% (Best: 94.44% @ Ep926) | LR: 0.000300 | Rev: 1/99999
Epoch 6911 | Cost: 0.021210 | Acc: 88.89% (Best: 94.44% @ Ep926) | LR: 0.000300 | Rev: 2/99999
Epoch 6912 | Cost: 0.026055 | Acc: 88.89% (Best: 94.44% @ Ep926) | LR: 0.000300 | Rev: 3/99999
Epoch 6913 | Cost: 0.026746 | Acc: 88.89% (Best: 94.44% @ Ep926) | LR: 0.000300 | Rev: 4/99999
Epoch 6914 | Cost: 0.031662 | Acc: 88.89% (Best: 94.44% @ Ep926) | LR: 0.000300 | Rev: 5/99999
Epoch 6915 | Cost: 0.032602 | Acc: 88.89% (Best: 94.44% @ Ep926) | LR: 0.000300 | Rev: 6/99999
Epoch 6916 | Cost: 0.024134 | Acc: 88.89% (Best: 94.44% @ Ep926) | LR: 0.000300 | Rev: 0/99999
Epoch 6917 | Cost: 0.026926 | Acc: 88.89% (Best: 94.44% @ Ep926) | LR: 0.000300 | Rev: 1/99999
Epoch 6918 | Cost: 0.023276 | Acc: 88.89% (Best: 94.44% @ Ep926) | LR: 0.000300 | Rev: 0/99999
Epoch 6919 | Cost: 0.020623 | Acc: 88.89% (Best: 94.44% @ Ep926) | LR: 0.000300 | Rev: 0/99999
Epoch 6920 | Cost: 0.018889 | Acc: 88.89% (Best: 94.44% @ Ep926) | LR: 0.000300 | Rev: 0/99999
Epoch 6921 | Cost: 0.023516 | Acc: 88.89% (Best: 94.44% @ Ep926) | LR: 0.000300 | Rev: 1/99999
Epoch 6922 | Cost: 0.027908 | Acc: 88.89% (Best: 94.44% @ Ep926) | LR: 0.000300 | Rev: 2/99999
Epoch 6923 | Cost: 0.030486 | Acc: 88.89% (Best: 94.44% @ Ep926) | LR: 0.000300 | Rev: 3/99999
Epoch 6924 | Cost: 0.016644 | Acc: 88.89% (Best: 94.44% @ Ep926) | LR: 0.000300 | Rev: 0/99999
Epoch 6925 | Cost: 0.021828 | Acc: 88.89% (Best: 94.44% @ Ep926) | LR: 0.000300 | Rev: 1/99999
Epoch 6926 | Cost: 0.034051 | Acc: 86.11% (Best: 94.44% @ Ep926) | LR: 0.000300 | Rev: 2/99999
Epoch 6927 | Cost: 0.024229 | Acc: 88.89% (Best: 94.44% @ Ep926) | LR: 0.000300 | Rev: 0/99999
Epoch 6928 | Cost: 0.035769 | Acc: 86.11% (Best: 94.44% @ Ep926) | LR: 0.000300 | Rev: 1/99999
Epoch 6929 | Cost: 0.019657 | Acc: 86.11% (Best: 94.44% @ Ep926) | LR: 0.000300 | Rev: 0/99999
Epoch 6930 | Cost: 0.017525 | Acc: 88.89% (Best: 94.44% @ Ep926) | LR: 0.000300 | Rev: 0/99999
Epoch 6931 | Cost: 0.031134 | Acc: 88.89% (Best: 94.44% @ Ep926) | LR: 0.000300 | Rev: 1/99999
Epoch 6932 | Cost: 0.037672 | Acc: 88.89% (Best: 94.44% @ Ep926) | LR: 0.000300 | Rev: 2/99999
Epoch 6933 | Cost: 0.017187 | Acc: 88.89% (Best: 94.44% @ Ep926) | LR: 0.000300 | Rev: 0/99999
Epoch 6934 | Cost: 0.012789 | Acc: 88.89% (Best: 94.44% @ Ep926) | LR: 0.000300 | Rev: 0/99999
Epoch 6935 | Cost: 0.030524 | Acc: 88.89% (Best: 94.44% @ Ep926) | LR: 0.000300 | Rev: 1/99999
Epoch 6936 | Cost: 0.025169 | Acc: 88.89% (Best: 94.44% @ Ep926) | LR: 0.000300 | Rev: 0/99999
Epoch 6937 | Cost: 0.016769 | Acc: 88.89% (Best: 94.44% @ Ep926) | LR: 0.000300 | Rev: 0/99999
Epoch 6938 | Cost: 0.021886 | Acc: 88.89% (Best: 94.44% @ Ep926) | LR: 0.000300 | Rev: 1/99999
Epoch 6939 | Cost: 0.034083 | Acc: 88.89% (Best: 94.44% @ Ep926) | LR: 0.000300 | Rev: 2/99999
Epoch 6940 | Cost: 0.037331 | Acc: 88.89% (Best: 94.44% @ Ep926) | LR: 0.000300 | Rev: 3/99999
Epoch 6941 | Cost: 0.025325 | Acc: 88.89% (Best: 94.44% @ Ep926) | LR: 0.000300 | Rev: 0/99999
Epoch 6942 | Cost: 0.047029 | Acc: 88.89% (Best: 94.44% @ Ep926) | LR: 0.000300 | Rev: 1/99999
Epoch 6943 | Cost: 0.021771 | Acc: 88.89% (Best: 94.44% @ Ep926) | LR: 0.000300 | Rev: 0/99999
Epoch 6944 | Cost: 0.018099 | Acc: 88.89% (Best: 94.44% @ Ep926) | LR: 0.000300 | Rev: 0/99999
Epoch 6945 | Cost: 0.019854 | Acc: 88.89% (Best: 94.44% @ Ep926) | LR: 0.000300 | Rev: 1/99999
Epoch 6946 | Cost: 0.018424 | Acc: 88.89% (Best: 94.44% @ Ep926) | LR: 0.000300 | Rev: 0/99999
Epoch 6947 | Cost: 0.021309 | Acc: 88.89% (Best: 94.44% @ Ep926) | LR: 0.000300 | Rev: 1/99999
Epoch 6948 | Cost: 0.019083 | Acc: 88.89% (Best: 94.44% @ Ep926) | LR: 0.000300 | Rev: 0/99999
Epoch 6949 | Cost: 0.026463 | Acc: 88.89% (Best: 94.44% @ Ep926) | LR: 0.000300 | Rev: 1/99999
Epoch 6950 | Cost: 0.025868 | Acc: 88.89% (Best: 94.44% @ Ep926) | LR: 0.000300 | Rev: 0/99999
Epoch 6951 | Cost: 0.020681 | Acc: 88.89% (Best: 94.44% @ Ep926) | LR: 0.000300 | Rev: 0/99999
Epoch 6952 | Cost: 0.014384 | Acc: 88.89% (Best: 94.44% @ Ep926) | LR: 0.000300 | Rev: 0/99999
Epoch 6953 | Cost: 0.021078 | Acc: 88.89% (Best: 94.44% @ Ep926) | LR: 0.000300 | Rev: 1/99999
Epoch 6954 | Cost: 0.030658 | Acc: 88.89% (Best: 94.44% @ Ep926) | LR: 0.000300 | Rev: 2/99999
Epoch 6955 | Cost: 0.029782 | Acc: 88.89% (Best: 94.44% @ Ep926) | LR: 0.000300 | Rev: 0/99999
Epoch 6956 | Cost: 0.012959 | Acc: 88.89% (Best: 94.44% @ Ep926) | LR: 0.000300 | Rev: 0/99999
Epoch 6957 | Cost: 0.016582 | Acc: 88.89% (Best: 94.44% @ Ep926) | LR: 0.000300 | Rev: 1/99999
Epoch 6958 | Cost: 0.018414 | Acc: 88.89% (Best: 94.44% @ Ep926) | LR: 0.000300 | Rev: 2/99999
Epoch 6959 | Cost: 0.020308 | Acc: 86.11% (Best: 94.44% @ Ep926) | LR: 0.000300 | Rev: 3/99999
Epoch 6960 | Cost: 0.026613 | Acc: 86.11% (Best: 94.44% @ Ep926) | LR: 0.000300 | Rev: 4/99999
Epoch 6961 | Cost: 0.030765 | Acc: 86.11% (Best: 94.44% @ Ep926) | LR: 0.000300 | Rev: 5/99999
Epoch 6962 | Cost: 0.021814 | Acc: 86.11% (Best: 94.44% @ Ep926) | LR: 0.000300 | Rev: 0/99999
Epoch 6963 | Cost: 0.017210 | Acc: 86.11% (Best: 94.44% @ Ep926) | LR: 0.000300 | Rev: 0/99999
Epoch 6964 | Cost: 0.023440 | Acc: 86.11% (Best: 94.44% @ Ep926) | LR: 0.000300 | Rev: 1/99999
Epoch 6965 | Cost: 0.015893 | Acc: 86.11% (Best: 94.44% @ Ep926) | LR: 0.000300 | Rev: 0/99999
Epoch 6966 | Cost: 0.021649 | Acc: 86.11% (Best: 94.44% @ Ep926) | LR: 0.000300 | Rev: 1/99999
Epoch 6967 | Cost: 0.024969 | Acc: 88.89% (Best: 94.44% @ Ep926) | LR: 0.000300 | Rev: 2/99999
Epoch 6968 | Cost: 0.037232 | Acc: 88.89% (Best: 94.44% @ Ep926) | LR: 0.000300 | Rev: 3/99999
Epoch 6969 | Cost: 0.024549 | Acc: 88.89% (Best: 94.44% @ Ep926) | LR: 0.000300 | Rev: 0/99999
Epoch 6970 | Cost: 0.019798 | Acc: 88.89% (Best: 94.44% @ Ep926) | LR: 0.000300 | Rev: 0/99999
Epoch 6971 | Cost: 0.026207 | Acc: 88.89% (Best: 94.44% @ Ep926) | LR: 0.000300 | Rev: 1/99999
Epoch 6972 | Cost: 0.018466 | Acc: 88.89% (Best: 94.44% @ Ep926) | LR: 0.000300 | Rev: 0/99999
Epoch 6973 | Cost: 0.023189 | Acc: 88.89% (Best: 94.44% @ Ep926) | LR: 0.000300 | Rev: 1/99999
Epoch 6974 | Cost: 0.014461 | Acc: 86.11% (Best: 94.44% @ Ep926) | LR: 0.000300 | Rev: 0/99999
Epoch 6975 | Cost: 0.012386 | Acc: 86.11% (Best: 94.44% @ Ep926) | LR: 0.000300 | Rev: 0/99999
Epoch 6976 | Cost: 0.024073 | Acc: 86.11% (Best: 94.44% @ Ep926) | LR: 0.000300 | Rev: 1/99999
Epoch 6977 | Cost: 0.021268 | Acc: 86.11% (Best: 94.44% @ Ep926) | LR: 0.000300 | Rev: 0/99999
Epoch 6978 | Cost: 0.034680 | Acc: 86.11% (Best: 94.44% @ Ep926) | LR: 0.000300 | Rev: 1/99999
Epoch 6979 | Cost: 0.024452 | Acc: 86.11% (Best: 94.44% @ Ep926) | LR: 0.000300 | Rev: 0/99999
Epoch 6980 | Cost: 0.014547 | Acc: 86.11% (Best: 94.44% @ Ep926) | LR: 0.000300 | Rev: 0/99999
Epoch 6981 | Cost: 0.023219 | Acc: 86.11% (Best: 94.44% @ Ep926) | LR: 0.000300 | Rev: 1/99999
Epoch 6982 | Cost: 0.027218 | Acc: 86.11% (Best: 94.44% @ Ep926) | LR: 0.000300 | Rev: 2/99999
Epoch 6983 | Cost: 0.024058 | Acc: 86.11% (Best: 94.44% @ Ep926) | LR: 0.000300 | Rev: 0/99999
Epoch 6984 | Cost: 0.017263 | Acc: 86.11% (Best: 94.44% @ Ep926) | LR: 0.000300 | Rev: 0/99999
Epoch 6985 | Cost: 0.043720 | Acc: 88.89% (Best: 94.44% @ Ep926) | LR: 0.000300 | Rev: 1/99999
Epoch 6986 | Cost: 0.016268 | Acc: 88.89% (Best: 94.44% @ Ep926) | LR: 0.000300 | Rev: 0/99999
Epoch 6987 | Cost: 0.025108 | Acc: 86.11% (Best: 94.44% @ Ep926) | LR: 0.000300 | Rev: 1/99999
Epoch 6988 | Cost: 0.014502 | Acc: 86.11% (Best: 94.44% @ Ep926) | LR: 0.000300 | Rev: 0/99999
Epoch 6989 | Cost: 0.019938 | Acc: 86.11% (Best: 94.44% @ Ep926) | LR: 0.000300 | Rev: 1/99999
Epoch 6990 | Cost: 0.028569 | Acc: 86.11% (Best: 94.44% @ Ep926) | LR: 0.000300 | Rev: 2/99999
Epoch 6991 | Cost: 0.023218 | Acc: 86.11% (Best: 94.44% @ Ep926) | LR: 0.000300 | Rev: 0/99999
Epoch 6992 | Cost: 0.036011 | Acc: 86.11% (Best: 94.44% @ Ep926) | LR: 0.000300 | Rev: 1/99999
Epoch 6993 | Cost: 0.025828 | Acc: 86.11% (Best: 94.44% @ Ep926) | LR: 0.000300 | Rev: 0/99999
Epoch 6994 | Cost: 0.033862 | Acc: 86.11% (Best: 94.44% @ Ep926) | LR: 0.000300 | Rev: 1/99999
Epoch 6995 | Cost: 0.025524 | Acc: 86.11% (Best: 94.44% @ Ep926) | LR: 0.000300 | Rev: 0/99999
Epoch 6996 | Cost: 0.023128 | Acc: 86.11% (Best: 94.44% @ Ep926) | LR: 0.000300 | Rev: 0/99999
Epoch 6997 | Cost: 0.028688 | Acc: 88.89% (Best: 94.44% @ Ep926) | LR: 0.000300 | Rev: 1/99999
Epoch 6998 | Cost: 0.021348 | Acc: 88.89% (Best: 94.44% @ Ep926) | LR: 0.000300 | Rev: 0/99999
Epoch 6999 | Cost: 0.021811 | Acc: 88.89% (Best: 94.44% @ Ep926) | LR: 0.000300 | Rev: 1/99999
Epoch 7000 | Cost: 0.032721 | Acc: 88.89% (Best: 94.44% @ Ep926) | LR: 0.000300 | Rev: 2/99999
Epoch 7001 | Cost: 0.030377 | Acc: 88.89% (Best: 94.44% @ Ep926) | LR: 0.000300 | Rev: 0/99999
Epoch 7002 | Cost: 0.025319 | Acc: 88.89% (Best: 94.44% @ Ep926) | LR: 0.000300 | Rev: 0/99999
Epoch 7003 | Cost: 0.018042 | Acc: 88.89% (Best: 94.44% @ Ep926) | LR: 0.000300 | Rev: 0/99999
Epoch 7004 | Cost: 0.016931 | Acc: 88.89% (Best: 94.44% @ Ep926) | LR: 0.000300 | Rev: 0/99999
Epoch 7005 | Cost: 0.016955 | Acc: 88.89% (Best: 94.44% @ Ep926) | LR: 0.000300 | Rev: 1/99999
Epoch 7006 | Cost: 0.021232 | Acc: 88.89% (Best: 94.44% @ Ep926) | LR: 0.000300 | Rev: 2/99999
Epoch 7007 | Cost: 0.031437 | Acc: 88.89% (Best: 94.44% @ Ep926) | LR: 0.000300 | Rev: 3/99999
Epoch 7008 | Cost: 0.029911 | Acc: 88.89% (Best: 94.44% @ Ep926) | LR: 0.000300 | Rev: 0/99999
Epoch 7009 | Cost: 0.022898 | Acc: 88.89% (Best: 94.44% @ Ep926) | LR: 0.000300 | Rev: 0/99999
Epoch 7010 | Cost: 0.016651 | Acc: 88.89% (Best: 94.44% @ Ep926) | LR: 0.000300 | Rev: 0/99999
Epoch 7011 | Cost: 0.031560 | Acc: 88.89% (Best: 94.44% @ Ep926) | LR: 0.000300 | Rev: 1/99999
Epoch 7012 | Cost: 0.024165 | Acc: 88.89% (Best: 94.44% @ Ep926) | LR: 0.000300 | Rev: 0/99999
Epoch 7013 | Cost: 0.021892 | Acc: 88.89% (Best: 94.44% @ Ep926) | LR: 0.000300 | Rev: 0/99999
Epoch 7014 | Cost: 0.041075 | Acc: 88.89% (Best: 94.44% @ Ep926) | LR: 0.000300 | Rev: 1/99999
Epoch 7015 | Cost: 0.022228 | Acc: 88.89% (Best: 94.44% @ Ep926) | LR: 0.000300 | Rev: 0/99999
Epoch 7016 | Cost: 0.015867 | Acc: 88.89% (Best: 94.44% @ Ep926) | LR: 0.000300 | Rev: 0/99999
Epoch 7017 | Cost: 0.021331 | Acc: 86.11% (Best: 94.44% @ Ep926) | LR: 0.000300 | Rev: 1/99999
Epoch 7018 | Cost: 0.031190 | Acc: 88.89% (Best: 94.44% @ Ep926) | LR: 0.000300 | Rev: 2/99999
Epoch 7019 | Cost: 0.018154 | Acc: 88.89% (Best: 94.44% @ Ep926) | LR: 0.000300 | Rev: 0/99999
Epoch 7020 | Cost: 0.028792 | Acc: 88.89% (Best: 94.44% @ Ep926) | LR: 0.000300 | Rev: 1/99999
Epoch 7021 | Cost: 0.028691 | Acc: 88.89% (Best: 94.44% @ Ep926) | LR: 0.000300 | Rev: 0/99999
Epoch 7022 | Cost: 0.031180 | Acc: 88.89% (Best: 94.44% @ Ep926) | LR: 0.000300 | Rev: 1/99999
Epoch 7023 | Cost: 0.013927 | Acc: 88.89% (Best: 94.44% @ Ep926) | LR: 0.000300 | Rev: 0/99999
Epoch 7024 | Cost: 0.013471 | Acc: 88.89% (Best: 94.44% @ Ep926) | LR: 0.000300 | Rev: 0/99999
Epoch 7025 | Cost: 0.012353 | Acc: 88.89% (Best: 94.44% @ Ep926) | LR: 0.000300 | Rev: 0/99999
Epoch 7026 | Cost: 0.020559 | Acc: 88.89% (Best: 94.44% @ Ep926) | LR: 0.000300 | Rev: 1/99999
Epoch 7027 | Cost: 0.030539 | Acc: 88.89% (Best: 94.44% @ Ep926) | LR: 0.000300 | Rev: 2/99999
Epoch 7028 | Cost: 0.033138 | Acc: 88.89% (Best: 94.44% @ Ep926) | LR: 0.000300 | Rev: 3/99999
Epoch 7029 | Cost: 0.018242 | Acc: 88.89% (Best: 94.44% @ Ep926) | LR: 0.000300 | Rev: 0/99999
Epoch 7030 | Cost: 0.032090 | Acc: 88.89% (Best: 94.44% @ Ep926) | LR: 0.000300 | Rev: 1/99999
Epoch 7031 | Cost: 0.027003 | Acc: 86.11% (Best: 94.44% @ Ep926) | LR: 0.000300 | Rev: 0/99999
Epoch 7032 | Cost: 0.021429 | Acc: 86.11% (Best: 94.44% @ Ep926) | LR: 0.000300 | Rev: 0/99999
Epoch 7033 | Cost: 0.029816 | Acc: 86.11% (Best: 94.44% @ Ep926) | LR: 0.000300 | Rev: 1/99999
Epoch 7034 | Cost: 0.021069 | Acc: 86.11% (Best: 94.44% @ Ep926) | LR: 0.000300 | Rev: 0/99999
Epoch 7035 | Cost: 0.038446 | Acc: 86.11% (Best: 94.44% @ Ep926) | LR: 0.000300 | Rev: 1/99999
Epoch 7036 | Cost: 0.025776 | Acc: 88.89% (Best: 94.44% @ Ep926) | LR: 0.000300 | Rev: 0/99999
Epoch 7037 | Cost: 0.016662 | Acc: 88.89% (Best: 94.44% @ Ep926) | LR: 0.000300 | Rev: 0/99999
Epoch 7038 | Cost: 0.020570 | Acc: 88.89% (Best: 94.44% @ Ep926) | LR: 0.000300 | Rev: 1/99999
Epoch 7039 | Cost: 0.016905 | Acc: 88.89% (Best: 94.44% @ Ep926) | LR: 0.000300 | Rev: 0/99999
Epoch 7040 | Cost: 0.029840 | Acc: 88.89% (Best: 94.44% @ Ep926) | LR: 0.000300 | Rev: 1/99999
Epoch 7041 | Cost: 0.017627 | Acc: 88.89% (Best: 94.44% @ Ep926) | LR: 0.000300 | Rev: 0/99999
Epoch 7042 | Cost: 0.028578 | Acc: 88.89% (Best: 94.44% @ Ep926) | LR: 0.000300 | Rev: 1/99999
Epoch 7043 | Cost: 0.028183 | Acc: 88.89% (Best: 94.44% @ Ep926) | LR: 0.000300 | Rev: 0/99999
Epoch 7044 | Cost: 0.016527 | Acc: 88.89% (Best: 94.44% @ Ep926) | LR: 0.000300 | Rev: 0/99999
Epoch 7045 | Cost: 0.037769 | Acc: 88.89% (Best: 94.44% @ Ep926) | LR: 0.000300 | Rev: 1/99999
Epoch 7046 | Cost: 0.022746 | Acc: 86.11% (Best: 94.44% @ Ep926) | LR: 0.000300 | Rev: 0/99999
Epoch 7047 | Cost: 0.029176 | Acc: 86.11% (Best: 94.44% @ Ep926) | LR: 0.000300 | Rev: 1/99999
Epoch 7048 | Cost: 0.021958 | Acc: 86.11% (Best: 94.44% @ Ep926) | LR: 0.000300 | Rev: 0/99999
Epoch 7049 | Cost: 0.049161 | Acc: 86.11% (Best: 94.44% @ Ep926) | LR: 0.000300 | Rev: 1/99999
Epoch 7050 | Cost: 0.016594 | Acc: 86.11% (Best: 94.44% @ Ep926) | LR: 0.000300 | Rev: 0/99999
Epoch 7051 | Cost: 0.025887 | Acc: 86.11% (Best: 94.44% @ Ep926) | LR: 0.000300 | Rev: 1/99999
Epoch 7052 | Cost: 0.021771 | Acc: 86.11% (Best: 94.44% @ Ep926) | LR: 0.000300 | Rev: 0/99999
Epoch 7053 | Cost: 0.014707 | Acc: 86.11% (Best: 94.44% @ Ep926) | LR: 0.000300 | Rev: 0/99999
Epoch 7054 | Cost: 0.038254 | Acc: 88.89% (Best: 94.44% @ Ep926) | LR: 0.000300 | Rev: 1/99999
Epoch 7055 | Cost: 0.011646 | Acc: 88.89% (Best: 94.44% @ Ep926) | LR: 0.000300 | Rev: 0/99999
Epoch 7056 | Cost: 0.020575 | Acc: 88.89% (Best: 94.44% @ Ep926) | LR: 0.000300 | Rev: 1/99999
Epoch 7057 | Cost: 0.018457 | Acc: 88.89% (Best: 94.44% @ Ep926) | LR: 0.000300 | Rev: 0/99999
Epoch 7058 | Cost: 0.011453 | Acc: 86.11% (Best: 94.44% @ Ep926) | LR: 0.000300 | Rev: 0/99999
Epoch 7059 | Cost: 0.037088 | Acc: 86.11% (Best: 94.44% @ Ep926) | LR: 0.000300 | Rev: 1/99999
Epoch 7060 | Cost: 0.032239 | Acc: 86.11% (Best: 94.44% @ Ep926) | LR: 0.000300 | Rev: 0/99999
Epoch 7061 | Cost: 0.015816 | Acc: 86.11% (Best: 94.44% @ Ep926) | LR: 0.000300 | Rev: 0/99999
Epoch 7062 | Cost: 0.021818 | Acc: 88.89% (Best: 94.44% @ Ep926) | LR: 0.000300 | Rev: 1/99999
Epoch 7063 | Cost: 0.020473 | Acc: 88.89% (Best: 94.44% @ Ep926) | LR: 0.000300 | Rev: 0/99999
Epoch 7064 | Cost: 0.032465 | Acc: 88.89% (Best: 94.44% @ Ep926) | LR: 0.000300 | Rev: 1/99999
Epoch 7065 | Cost: 0.021826 | Acc: 88.89% (Best: 94.44% @ Ep926) | LR: 0.000300 | Rev: 0/99999
Epoch 7066 | Cost: 0.019355 | Acc: 88.89% (Best: 94.44% @ Ep926) | LR: 0.000300 | Rev: 0/99999
Epoch 7067 | Cost: 0.021626 | Acc: 88.89% (Best: 94.44% @ Ep926) | LR: 0.000300 | Rev: 1/99999
Epoch 7068 | Cost: 0.019466 | Acc: 88.89% (Best: 94.44% @ Ep926) | LR: 0.000300 | Rev: 0/99999
Epoch 7069 | Cost: 0.028862 | Acc: 88.89% (Best: 94.44% @ Ep926) | LR: 0.000300 | Rev: 1/99999
Epoch 7070 | Cost: 0.017352 | Acc: 88.89% (Best: 94.44% @ Ep926) | LR: 0.000300 | Rev: 0/99999
Epoch 7071 | Cost: 0.014203 | Acc: 88.89% (Best: 94.44% @ Ep926) | LR: 0.000300 | Rev: 0/99999
Epoch 7072 | Cost: 0.028440 | Acc: 88.89% (Best: 94.44% @ Ep926) | LR: 0.000300 | Rev: 1/99999
Epoch 7073 | Cost: 0.009651 | Acc: 88.89% (Best: 94.44% @ Ep926) | LR: 0.000300 | Rev: 0/99999
Epoch 7074 | Cost: 0.021641 | Acc: 88.89% (Best: 94.44% @ Ep926) | LR: 0.000300 | Rev: 1/99999
Epoch 7075 | Cost: 0.018588 | Acc: 88.89% (Best: 94.44% @ Ep926) | LR: 0.000300 | Rev: 0/99999
Epoch 7076 | Cost: 0.019232 | Acc: 88.89% (Best: 94.44% @ Ep926) | LR: 0.000300 | Rev: 1/99999
Epoch 7077 | Cost: 0.025801 | Acc: 88.89% (Best: 94.44% @ Ep926) | LR: 0.000300 | Rev: 2/99999
Epoch 7078 | Cost: 0.015810 | Acc: 88.89% (Best: 94.44% @ Ep926) | LR: 0.000300 | Rev: 0/99999
Epoch 7079 | Cost: 0.019137 | Acc: 88.89% (Best: 94.44% @ Ep926) | LR: 0.000300 | Rev: 1/99999
Epoch 7080 | Cost: 0.014542 | Acc: 88.89% (Best: 94.44% @ Ep926) | LR: 0.000300 | Rev: 0/99999
Epoch 7081 | Cost: 0.023405 | Acc: 88.89% (Best: 94.44% @ Ep926) | LR: 0.000300 | Rev: 1/99999
Epoch 7082 | Cost: 0.023064 | Acc: 88.89% (Best: 94.44% @ Ep926) | LR: 0.000300 | Rev: 0/99999
Epoch 7083 | Cost: 0.016474 | Acc: 88.89% (Best: 94.44% @ Ep926) | LR: 0.000300 | Rev: 0/99999
Epoch 7084 | Cost: 0.023183 | Acc: 88.89% (Best: 94.44% @ Ep926) | LR: 0.000300 | Rev: 1/99999
Epoch 7085 | Cost: 0.026130 | Acc: 86.11% (Best: 94.44% @ Ep926) | LR: 0.000300 | Rev: 2/99999
Epoch 7086 | Cost: 0.030114 | Acc: 88.89% (Best: 94.44% @ Ep926) | LR: 0.000300 | Rev: 3/99999
Epoch 7087 | Cost: 0.024846 | Acc: 88.89% (Best: 94.44% @ Ep926) | LR: 0.000300 | Rev: 0/99999
Epoch 7088 | Cost: 0.032652 | Acc: 88.89% (Best: 94.44% @ Ep926) | LR: 0.000300 | Rev: 1/99999
Epoch 7089 | Cost: 0.024862 | Acc: 86.11% (Best: 94.44% @ Ep926) | LR: 0.000300 | Rev: 0/99999
Epoch 7090 | Cost: 0.031524 | Acc: 88.89% (Best: 94.44% @ Ep926) | LR: 0.000300 | Rev: 1/99999
Epoch 7091 | Cost: 0.024016 | Acc: 88.89% (Best: 94.44% @ Ep926) | LR: 0.000300 | Rev: 0/99999
Epoch 7092 | Cost: 0.030329 | Acc: 88.89% (Best: 94.44% @ Ep926) | LR: 0.000300 | Rev: 1/99999
Epoch 7093 | Cost: 0.031157 | Acc: 88.89% (Best: 94.44% @ Ep926) | LR: 0.000300 | Rev: 2/99999
Epoch 7094 | Cost: 0.024252 | Acc: 88.89% (Best: 94.44% @ Ep926) | LR: 0.000300 | Rev: 0/99999
Epoch 7095 | Cost: 0.015056 | Acc: 88.89% (Best: 94.44% @ Ep926) | LR: 0.000300 | Rev: 0/99999
Epoch 7096 | Cost: 0.033975 | Acc: 88.89% (Best: 94.44% @ Ep926) | LR: 0.000300 | Rev: 1/99999
Epoch 7097 | Cost: 0.023831 | Acc: 88.89% (Best: 94.44% @ Ep926) | LR: 0.000300 | Rev: 0/99999
Epoch 7098 | Cost: 0.031238 | Acc: 88.89% (Best: 94.44% @ Ep926) | LR: 0.000300 | Rev: 1/99999
Epoch 7099 | Cost: 0.017629 | Acc: 88.89% (Best: 94.44% @ Ep926) | LR: 0.000300 | Rev: 0/99999
Epoch 7100 | Cost: 0.024775 | Acc: 88.89% (Best: 94.44% @ Ep926) | LR: 0.000300 | Rev: 1/99999
Epoch 7101 | Cost: 0.017664 | Acc: 88.89% (Best: 94.44% @ Ep926) | LR: 0.000300 | Rev: 0/99999
Epoch 7102 | Cost: 0.028236 | Acc: 88.89% (Best: 94.44% @ Ep926) | LR: 0.000300 | Rev: 1/99999
Epoch 7103 | Cost: 0.016907 | Acc: 88.89% (Best: 94.44% @ Ep926) | LR: 0.000300 | Rev: 0/99999
Epoch 7104 | Cost: 0.021491 | Acc: 88.89% (Best: 94.44% @ Ep926) | LR: 0.000300 | Rev: 1/99999
Epoch 7105 | Cost: 0.030814 | Acc: 88.89% (Best: 94.44% @ Ep926) | LR: 0.000300 | Rev: 2/99999
Epoch 7106 | Cost: 0.018034 | Acc: 88.89% (Best: 94.44% @ Ep926) | LR: 0.000300 | Rev: 0/99999
Epoch 7107 | Cost: 0.025018 | Acc: 88.89% (Best: 94.44% @ Ep926) | LR: 0.000300 | Rev: 1/99999
Epoch 7108 | Cost: 0.008532 | Acc: 88.89% (Best: 94.44% @ Ep926) | LR: 0.000300 | Rev: 0/99999
Epoch 7109 | Cost: 0.032395 | Acc: 88.89% (Best: 94.44% @ Ep926) | LR: 0.000300 | Rev: 1/99999
Epoch 7110 | Cost: 0.025014 | Acc: 88.89% (Best: 94.44% @ Ep926) | LR: 0.000300 | Rev: 0/99999
Epoch 7111 | Cost: 0.031547 | Acc: 88.89% (Best: 94.44% @ Ep926) | LR: 0.000300 | Rev: 1/99999
Epoch 7112 | Cost: 0.030668 | Acc: 88.89% (Best: 94.44% @ Ep926) | LR: 0.000300 | Rev: 0/99999
Epoch 7113 | Cost: 0.026917 | Acc: 88.89% (Best: 94.44% @ Ep926) | LR: 0.000300 | Rev: 0/99999
Epoch 7114 | Cost: 0.026590 | Acc: 88.89% (Best: 94.44% @ Ep926) | LR: 0.000300 | Rev: 0/99999
Epoch 7115 | Cost: 0.036806 | Acc: 88.89% (Best: 94.44% @ Ep926) | LR: 0.000300 | Rev: 1/99999
Epoch 7116 | Cost: 0.015089 | Acc: 88.89% (Best: 94.44% @ Ep926) | LR: 0.000300 | Rev: 0/99999
Epoch 7117 | Cost: 0.030932 | Acc: 88.89% (Best: 94.44% @ Ep926) | LR: 0.000300 | Rev: 1/99999
Epoch 7118 | Cost: 0.018518 | Acc: 86.11% (Best: 94.44% @ Ep926) | LR: 0.000300 | Rev: 0/99999
Epoch 7119 | Cost: 0.020024 | Acc: 86.11% (Best: 94.44% @ Ep926) | LR: 0.000300 | Rev: 1/99999
Epoch 7120 | Cost: 0.025847 | Acc: 86.11% (Best: 94.44% @ Ep926) | LR: 0.000300 | Rev: 2/99999
Epoch 7121 | Cost: 0.027713 | Acc: 86.11% (Best: 94.44% @ Ep926) | LR: 0.000300 | Rev: 3/99999
Epoch 7122 | Cost: 0.022714 | Acc: 86.11% (Best: 94.44% @ Ep926) | LR: 0.000300 | Rev: 0/99999
Epoch 7123 | Cost: 0.018748 | Acc: 88.89% (Best: 94.44% @ Ep926) | LR: 0.000300 | Rev: 0/99999
Epoch 7124 | Cost: 0.034938 | Acc: 88.89% (Best: 94.44% @ Ep926) | LR: 0.000300 | Rev: 1/99999
Epoch 7125 | Cost: 0.029565 | Acc: 88.89% (Best: 94.44% @ Ep926) | LR: 0.000300 | Rev: 0/99999
Epoch 7126 | Cost: 0.021478 | Acc: 88.89% (Best: 94.44% @ Ep926) | LR: 0.000300 | Rev: 0/99999
Epoch 7127 | Cost: 0.019840 | Acc: 88.89% (Best: 94.44% @ Ep926) | LR: 0.000300 | Rev: 0/99999
Epoch 7128 | Cost: 0.023849 | Acc: 88.89% (Best: 94.44% @ Ep926) | LR: 0.000300 | Rev: 1/99999
Epoch 7129 | Cost: 0.017570 | Acc: 88.89% (Best: 94.44% @ Ep926) | LR: 0.000300 | Rev: 0/99999
Epoch 7130 | Cost: 0.025195 | Acc: 88.89% (Best: 94.44% @ Ep926) | LR: 0.000300 | Rev: 1/99999
Epoch 7131 | Cost: 0.024496 | Acc: 88.89% (Best: 94.44% @ Ep926) | LR: 0.000300 | Rev: 0/99999
Epoch 7132 | Cost: 0.014405 | Acc: 88.89% (Best: 94.44% @ Ep926) | LR: 0.000300 | Rev: 0/99999
Epoch 7133 | Cost: 0.015780 | Acc: 88.89% (Best: 94.44% @ Ep926) | LR: 0.000300 | Rev: 1/99999
Epoch 7134 | Cost: 0.047096 | Acc: 88.89% (Best: 94.44% @ Ep926) | LR: 0.000300 | Rev: 2/99999
Epoch 7135 | Cost: 0.024943 | Acc: 88.89% (Best: 94.44% @ Ep926) | LR: 0.000300 | Rev: 0/99999
Epoch 7136 | Cost: 0.017014 | Acc: 88.89% (Best: 94.44% @ Ep926) | LR: 0.000300 | Rev: 0/99999
Epoch 7137 | Cost: 0.024988 | Acc: 88.89% (Best: 94.44% @ Ep926) | LR: 0.000300 | Rev: 1/99999
Epoch 7138 | Cost: 0.025129 | Acc: 88.89% (Best: 94.44% @ Ep926) | LR: 0.000300 | Rev: 2/99999
Epoch 7139 | Cost: 0.029889 | Acc: 86.11% (Best: 94.44% @ Ep926) | LR: 0.000300 | Rev: 3/99999
Epoch 7140 | Cost: 0.013338 | Acc: 88.89% (Best: 94.44% @ Ep926) | LR: 0.000300 | Rev: 0/99999
Epoch 7141 | Cost: 0.026710 | Acc: 88.89% (Best: 94.44% @ Ep926) | LR: 0.000300 | Rev: 1/99999
Epoch 7142 | Cost: 0.014936 | Acc: 88.89% (Best: 94.44% @ Ep926) | LR: 0.000300 | Rev: 0/99999
Epoch 7143 | Cost: 0.031409 | Acc: 88.89% (Best: 94.44% @ Ep926) | LR: 0.000300 | Rev: 1/99999
Epoch 7144 | Cost: 0.019239 | Acc: 88.89% (Best: 94.44% @ Ep926) | LR: 0.000300 | Rev: 0/99999
Epoch 7145 | Cost: 0.034203 | Acc: 88.89% (Best: 94.44% @ Ep926) | LR: 0.000300 | Rev: 1/99999
Epoch 7146 | Cost: 0.013820 | Acc: 88.89% (Best: 94.44% @ Ep926) | LR: 0.000300 | Rev: 0/99999
Epoch 7147 | Cost: 0.024414 | Acc: 88.89% (Best: 94.44% @ Ep926) | LR: 0.000300 | Rev: 1/99999
Epoch 7148 | Cost: 0.033622 | Acc: 88.89% (Best: 94.44% @ Ep926) | LR: 0.000300 | Rev: 2/99999
Epoch 7149 | Cost: 0.020892 | Acc: 86.11% (Best: 94.44% @ Ep926) | LR: 0.000300 | Rev: 0/99999
Epoch 7150 | Cost: 0.028456 | Acc: 86.11% (Best: 94.44% @ Ep926) | LR: 0.000300 | Rev: 1/99999
Epoch 7151 | Cost: 0.020237 | Acc: 86.11% (Best: 94.44% @ Ep926) | LR: 0.000300 | Rev: 0/99999
Epoch 7152 | Cost: 0.042117 | Acc: 86.11% (Best: 94.44% @ Ep926) | LR: 0.000300 | Rev: 1/99999
Epoch 7153 | Cost: 0.019436 | Acc: 86.11% (Best: 94.44% @ Ep926) | LR: 0.000300 | Rev: 0/99999
Epoch 7154 | Cost: 0.012017 | Acc: 86.11% (Best: 94.44% @ Ep926) | LR: 0.000300 | Rev: 0/99999
Epoch 7155 | Cost: 0.021625 | Acc: 86.11% (Best: 94.44% @ Ep926) | LR: 0.000300 | Rev: 1/99999
Epoch 7156 | Cost: 0.009036 | Acc: 88.89% (Best: 94.44% @ Ep926) | LR: 0.000300 | Rev: 0/99999
Epoch 7157 | Cost: 0.025126 | Acc: 88.89% (Best: 94.44% @ Ep926) | LR: 0.000300 | Rev: 1/99999
Epoch 7158 | Cost: 0.017311 | Acc: 88.89% (Best: 94.44% @ Ep926) | LR: 0.000300 | Rev: 0/99999
Epoch 7159 | Cost: 0.029765 | Acc: 88.89% (Best: 94.44% @ Ep926) | LR: 0.000300 | Rev: 1/99999
Epoch 7160 | Cost: 0.029236 | Acc: 88.89% (Best: 94.44% @ Ep926) | LR: 0.000300 | Rev: 0/99999
Epoch 7161 | Cost: 0.026150 | Acc: 88.89% (Best: 94.44% @ Ep926) | LR: 0.000300 | Rev: 0/99999
Epoch 7162 | Cost: 0.028666 | Acc: 88.89% (Best: 94.44% @ Ep926) | LR: 0.000300 | Rev: 1/99999
Epoch 7163 | Cost: 0.023146 | Acc: 88.89% (Best: 94.44% @ Ep926) | LR: 0.000300 | Rev: 0/99999
Epoch 7164 | Cost: 0.021117 | Acc: 88.89% (Best: 94.44% @ Ep926) | LR: 0.000300 | Rev: 0/99999
Epoch 7165 | Cost: 0.022729 | Acc: 88.89% (Best: 94.44% @ Ep926) | LR: 0.000300 | Rev: 1/99999
Epoch 7166 | Cost: 0.025572 | Acc: 86.11% (Best: 94.44% @ Ep926) | LR: 0.000300 | Rev: 2/99999
Epoch 7167 | Cost: 0.020314 | Acc: 86.11% (Best: 94.44% @ Ep926) | LR: 0.000300 | Rev: 0/99999
Epoch 7168 | Cost: 0.029638 | Acc: 86.11% (Best: 94.44% @ Ep926) | LR: 0.000300 | Rev: 1/99999
Epoch 7169 | Cost: 0.011963 | Acc: 88.89% (Best: 94.44% @ Ep926) | LR: 0.000300 | Rev: 0/99999
Epoch 7170 | Cost: 0.034793 | Acc: 88.89% (Best: 94.44% @ Ep926) | LR: 0.000300 | Rev: 1/99999
Epoch 7171 | Cost: 0.015406 | Acc: 88.89% (Best: 94.44% @ Ep926) | LR: 0.000300 | Rev: 0/99999
Epoch 7172 | Cost: 0.028099 | Acc: 88.89% (Best: 94.44% @ Ep926) | LR: 0.000300 | Rev: 1/99999
Epoch 7173 | Cost: 0.018795 | Acc: 88.89% (Best: 94.44% @ Ep926) | LR: 0.000300 | Rev: 0/99999
Epoch 7174 | Cost: 0.019906 | Acc: 88.89% (Best: 94.44% @ Ep926) | LR: 0.000300 | Rev: 1/99999
Epoch 7175 | Cost: 0.020660 | Acc: 88.89% (Best: 94.44% @ Ep926) | LR: 0.000300 | Rev: 2/99999
Epoch 7176 | Cost: 0.021552 | Acc: 88.89% (Best: 94.44% @ Ep926) | LR: 0.000300 | Rev: 3/99999
Epoch 7177 | Cost: 0.025787 | Acc: 88.89% (Best: 94.44% @ Ep926) | LR: 0.000300 | Rev: 4/99999
Epoch 7178 | Cost: 0.023239 | Acc: 88.89% (Best: 94.44% @ Ep926) | LR: 0.000300 | Rev: 0/99999
Epoch 7179 | Cost: 0.016997 | Acc: 88.89% (Best: 94.44% @ Ep926) | LR: 0.000300 | Rev: 0/99999
Epoch 7180 | Cost: 0.027006 | Acc: 88.89% (Best: 94.44% @ Ep926) | LR: 0.000300 | Rev: 1/99999
Epoch 7181 | Cost: 0.035964 | Acc: 88.89% (Best: 94.44% @ Ep926) | LR: 0.000300 | Rev: 2/99999
Epoch 7182 | Cost: 0.015353 | Acc: 88.89% (Best: 94.44% @ Ep926) | LR: 0.000300 | Rev: 0/99999
Epoch 7183 | Cost: 0.025677 | Acc: 88.89% (Best: 94.44% @ Ep926) | LR: 0.000300 | Rev: 1/99999
Epoch 7184 | Cost: 0.019309 | Acc: 88.89% (Best: 94.44% @ Ep926) | LR: 0.000300 | Rev: 0/99999
Epoch 7185 | Cost: 0.020735 | Acc: 88.89% (Best: 94.44% @ Ep926) | LR: 0.000300 | Rev: 1/99999
Epoch 7186 | Cost: 0.015929 | Acc: 88.89% (Best: 94.44% @ Ep926) | LR: 0.000300 | Rev: 0/99999
Epoch 7187 | Cost: 0.033929 | Acc: 88.89% (Best: 94.44% @ Ep926) | LR: 0.000300 | Rev: 1/99999
Epoch 7188 | Cost: 0.024985 | Acc: 88.89% (Best: 94.44% @ Ep926) | LR: 0.000300 | Rev: 0/99999
Epoch 7189 | Cost: 0.024531 | Acc: 88.89% (Best: 94.44% @ Ep926) | LR: 0.000300 | Rev: 0/99999
Epoch 7190 | Cost: 0.019113 | Acc: 88.89% (Best: 94.44% @ Ep926) | LR: 0.000300 | Rev: 0/99999
Epoch 7191 | Cost: 0.021993 | Acc: 88.89% (Best: 94.44% @ Ep926) | LR: 0.000300 | Rev: 1/99999
Epoch 7192 | Cost: 0.020245 | Acc: 88.89% (Best: 94.44% @ Ep926) | LR: 0.000300 | Rev: 0/99999
Epoch 7193 | Cost: 0.016160 | Acc: 88.89% (Best: 94.44% @ Ep926) | LR: 0.000300 | Rev: 0/99999
Epoch 7194 | Cost: 0.037947 | Acc: 88.89% (Best: 94.44% @ Ep926) | LR: 0.000300 | Rev: 1/99999
Epoch 7195 | Cost: 0.031906 | Acc: 88.89% (Best: 94.44% @ Ep926) | LR: 0.000300 | Rev: 0/99999
Epoch 7196 | Cost: 0.029249 | Acc: 88.89% (Best: 94.44% @ Ep926) | LR: 0.000300 | Rev: 0/99999
Epoch 7197 | Cost: 0.013413 | Acc: 88.89% (Best: 94.44% @ Ep926) | LR: 0.000300 | Rev: 0/99999
Epoch 7198 | Cost: 0.024202 | Acc: 86.11% (Best: 94.44% @ Ep926) | LR: 0.000300 | Rev: 1/99999
Epoch 7199 | Cost: 0.022107 | Acc: 86.11% (Best: 94.44% @ Ep926) | LR: 0.000300 | Rev: 0/99999
Epoch 7200 | Cost: 0.014416 | Acc: 88.89% (Best: 94.44% @ Ep926) | LR: 0.000300 | Rev: 0/99999
Epoch 7201 | Cost: 0.024585 | Acc: 88.89% (Best: 94.44% @ Ep926) | LR: 0.000300 | Rev: 1/99999
Epoch 7202 | Cost: 0.030850 | Acc: 88.89% (Best: 94.44% @ Ep926) | LR: 0.000300 | Rev: 2/99999
Epoch 7203 | Cost: 0.013147 | Acc: 88.89% (Best: 94.44% @ Ep926) | LR: 0.000300 | Rev: 0/99999
Epoch 7204 | Cost: 0.014652 | Acc: 88.89% (Best: 94.44% @ Ep926) | LR: 0.000300 | Rev: 1/99999
Epoch 7205 | Cost: 0.031219 | Acc: 88.89% (Best: 94.44% @ Ep926) | LR: 0.000300 | Rev: 2/99999
Epoch 7206 | Cost: 0.019114 | Acc: 88.89% (Best: 94.44% @ Ep926) | LR: 0.000300 | Rev: 0/99999
Epoch 7207 | Cost: 0.023469 | Acc: 88.89% (Best: 94.44% @ Ep926) | LR: 0.000300 | Rev: 1/99999
Epoch 7208 | Cost: 0.020943 | Acc: 88.89% (Best: 94.44% @ Ep926) | LR: 0.000300 | Rev: 0/99999
Epoch 7209 | Cost: 0.027319 | Acc: 88.89% (Best: 94.44% @ Ep926) | LR: 0.000300 | Rev: 1/99999
Epoch 7210 | Cost: 0.036494 | Acc: 88.89% (Best: 94.44% @ Ep926) | LR: 0.000300 | Rev: 2/99999
Epoch 7211 | Cost: 0.032332 | Acc: 88.89% (Best: 94.44% @ Ep926) | LR: 0.000300 | Rev: 0/99999
Epoch 7212 | Cost: 0.032805 | Acc: 88.89% (Best: 94.44% @ Ep926) | LR: 0.000300 | Rev: 1/99999
Epoch 7213 | Cost: 0.019040 | Acc: 88.89% (Best: 94.44% @ Ep926) | LR: 0.000300 | Rev: 0/99999
Epoch 7214 | Cost: 0.016518 | Acc: 88.89% (Best: 94.44% @ Ep926) | LR: 0.000300 | Rev: 0/99999
Epoch 7215 | Cost: 0.015672 | Acc: 88.89% (Best: 94.44% @ Ep926) | LR: 0.000300 | Rev: 0/99999
Epoch 7216 | Cost: 0.020997 | Acc: 88.89% (Best: 94.44% @ Ep926) | LR: 0.000300 | Rev: 1/99999
Epoch 7217 | Cost: 0.017654 | Acc: 88.89% (Best: 94.44% @ Ep926) | LR: 0.000300 | Rev: 0/99999
Epoch 7218 | Cost: 0.023939 | Acc: 88.89% (Best: 94.44% @ Ep926) | LR: 0.000300 | Rev: 1/99999
Epoch 7219 | Cost: 0.029078 | Acc: 88.89% (Best: 94.44% @ Ep926) | LR: 0.000300 | Rev: 2/99999
Epoch 7220 | Cost: 0.014233 | Acc: 88.89% (Best: 94.44% @ Ep926) | LR: 0.000300 | Rev: 0/99999
Epoch 7221 | Cost: 0.014577 | Acc: 88.89% (Best: 94.44% @ Ep926) | LR: 0.000300 | Rev: 1/99999
Epoch 7222 | Cost: 0.024352 | Acc: 88.89% (Best: 94.44% @ Ep926) | LR: 0.000300 | Rev: 2/99999
Epoch 7223 | Cost: 0.021633 | Acc: 88.89% (Best: 94.44% @ Ep926) | LR: 0.000300 | Rev: 0/99999
Epoch 7224 | Cost: 0.017896 | Acc: 88.89% (Best: 94.44% @ Ep926) | LR: 0.000300 | Rev: 0/99999
Epoch 7225 | Cost: 0.015726 | Acc: 88.89% (Best: 94.44% @ Ep926) | LR: 0.000300 | Rev: 0/99999
Epoch 7226 | Cost: 0.019343 | Acc: 88.89% (Best: 94.44% @ Ep926) | LR: 0.000300 | Rev: 1/99999
Epoch 7227 | Cost: 0.022818 | Acc: 88.89% (Best: 94.44% @ Ep926) | LR: 0.000300 | Rev: 2/99999
Epoch 7228 | Cost: 0.024117 | Acc: 88.89% (Best: 94.44% @ Ep926) | LR: 0.000300 | Rev: 3/99999
Epoch 7229 | Cost: 0.030828 | Acc: 88.89% (Best: 94.44% @ Ep926) | LR: 0.000300 | Rev: 4/99999
Epoch 7230 | Cost: 0.015056 | Acc: 88.89% (Best: 94.44% @ Ep926) | LR: 0.000300 | Rev: 0/99999
Epoch 7231 | Cost: 0.015567 | Acc: 88.89% (Best: 94.44% @ Ep926) | LR: 0.000300 | Rev: 1/99999
Epoch 7232 | Cost: 0.027507 | Acc: 88.89% (Best: 94.44% @ Ep926) | LR: 0.000300 | Rev: 2/99999
Epoch 7233 | Cost: 0.022418 | Acc: 88.89% (Best: 94.44% @ Ep926) | LR: 0.000300 | Rev: 0/99999
Epoch 7234 | Cost: 0.016573 | Acc: 86.11% (Best: 94.44% @ Ep926) | LR: 0.000300 | Rev: 0/99999
Epoch 7235 | Cost: 0.022451 | Acc: 86.11% (Best: 94.44% @ Ep926) | LR: 0.000300 | Rev: 1/99999
Epoch 7236 | Cost: 0.027992 | Acc: 86.11% (Best: 94.44% @ Ep926) | LR: 0.000300 | Rev: 2/99999
Epoch 7237 | Cost: 0.017574 | Acc: 88.89% (Best: 94.44% @ Ep926) | LR: 0.000300 | Rev: 0/99999
Epoch 7238 | Cost: 0.023571 | Acc: 88.89% (Best: 94.44% @ Ep926) | LR: 0.000300 | Rev: 1/99999
Epoch 7239 | Cost: 0.015084 | Acc: 88.89% (Best: 94.44% @ Ep926) | LR: 0.000300 | Rev: 0/99999
Epoch 7240 | Cost: 0.018761 | Acc: 88.89% (Best: 94.44% @ Ep926) | LR: 0.000300 | Rev: 1/99999
Epoch 7241 | Cost: 0.013105 | Acc: 88.89% (Best: 94.44% @ Ep926) | LR: 0.000300 | Rev: 0/99999
Epoch 7242 | Cost: 0.041331 | Acc: 88.89% (Best: 94.44% @ Ep926) | LR: 0.000300 | Rev: 1/99999
Epoch 7243 | Cost: 0.027526 | Acc: 88.89% (Best: 94.44% @ Ep926) | LR: 0.000300 | Rev: 0/99999
Epoch 7244 | Cost: 0.030189 | Acc: 88.89% (Best: 94.44% @ Ep926) | LR: 0.000300 | Rev: 1/99999
Epoch 7245 | Cost: 0.024565 | Acc: 88.89% (Best: 94.44% @ Ep926) | LR: 0.000300 | Rev: 0/99999
Epoch 7246 | Cost: 0.034964 | Acc: 88.89% (Best: 94.44% @ Ep926) | LR: 0.000300 | Rev: 1/99999
Epoch 7247 | Cost: 0.019136 | Acc: 88.89% (Best: 94.44% @ Ep926) | LR: 0.000300 | Rev: 0/99999
Epoch 7248 | Cost: 0.031482 | Acc: 88.89% (Best: 94.44% @ Ep926) | LR: 0.000300 | Rev: 1/99999
Epoch 7249 | Cost: 0.031519 | Acc: 88.89% (Best: 94.44% @ Ep926) | LR: 0.000300 | Rev: 2/99999
Epoch 7250 | Cost: 0.018369 | Acc: 88.89% (Best: 94.44% @ Ep926) | LR: 0.000300 | Rev: 0/99999
Epoch 7251 | Cost: 0.031323 | Acc: 88.89% (Best: 94.44% @ Ep926) | LR: 0.000300 | Rev: 1/99999
Epoch 7252 | Cost: 0.033875 | Acc: 88.89% (Best: 94.44% @ Ep926) | LR: 0.000300 | Rev: 2/99999
Epoch 7253 | Cost: 0.030902 | Acc: 88.89% (Best: 94.44% @ Ep926) | LR: 0.000300 | Rev: 0/99999
Epoch 7254 | Cost: 0.026146 | Acc: 88.89% (Best: 94.44% @ Ep926) | LR: 0.000300 | Rev: 0/99999
Epoch 7255 | Cost: 0.021237 | Acc: 88.89% (Best: 94.44% @ Ep926) | LR: 0.000300 | Rev: 0/99999
Epoch 7256 | Cost: 0.018691 | Acc: 88.89% (Best: 94.44% @ Ep926) | LR: 0.000300 | Rev: 0/99999
Epoch 7257 | Cost: 0.035588 | Acc: 88.89% (Best: 94.44% @ Ep926) | LR: 0.000300 | Rev: 1/99999
Epoch 7258 | Cost: 0.030366 | Acc: 86.11% (Best: 94.44% @ Ep926) | LR: 0.000300 | Rev: 0/99999
Epoch 7259 | Cost: 0.030709 | Acc: 88.89% (Best: 94.44% @ Ep926) | LR: 0.000300 | Rev: 1/99999
Epoch 7260 | Cost: 0.030152 | Acc: 88.89% (Best: 94.44% @ Ep926) | LR: 0.000300 | Rev: 0/99999
Epoch 7261 | Cost: 0.018410 | Acc: 88.89% (Best: 94.44% @ Ep926) | LR: 0.000300 | Rev: 0/99999
Epoch 7262 | Cost: 0.033610 | Acc: 88.89% (Best: 94.44% @ Ep926) | LR: 0.000300 | Rev: 1/99999
Epoch 7263 | Cost: 0.026626 | Acc: 88.89% (Best: 94.44% @ Ep926) | LR: 0.000300 | Rev: 0/99999
Epoch 7264 | Cost: 0.030748 | Acc: 88.89% (Best: 94.44% @ Ep926) | LR: 0.000300 | Rev: 1/99999
Epoch 7265 | Cost: 0.015139 | Acc: 88.89% (Best: 94.44% @ Ep926) | LR: 0.000300 | Rev: 0/99999
Epoch 7266 | Cost: 0.018255 | Acc: 88.89% (Best: 94.44% @ Ep926) | LR: 0.000300 | Rev: 1/99999
Epoch 7267 | Cost: 0.026377 | Acc: 88.89% (Best: 94.44% @ Ep926) | LR: 0.000300 | Rev: 2/99999
Epoch 7268 | Cost: 0.025079 | Acc: 88.89% (Best: 94.44% @ Ep926) | LR: 0.000300 | Rev: 0/99999
Epoch 7269 | Cost: 0.019869 | Acc: 88.89% (Best: 94.44% @ Ep926) | LR: 0.000300 | Rev: 0/99999
Epoch 7270 | Cost: 0.020488 | Acc: 88.89% (Best: 94.44% @ Ep926) | LR: 0.000300 | Rev: 1/99999
Epoch 7271 | Cost: 0.013952 | Acc: 88.89% (Best: 94.44% @ Ep926) | LR: 0.000300 | Rev: 0/99999
Epoch 7272 | Cost: 0.019950 | Acc: 88.89% (Best: 94.44% @ Ep926) | LR: 0.000300 | Rev: 1/99999
Epoch 7273 | Cost: 0.025898 | Acc: 88.89% (Best: 94.44% @ Ep926) | LR: 0.000300 | Rev: 2/99999
Epoch 7274 | Cost: 0.024040 | Acc: 88.89% (Best: 94.44% @ Ep926) | LR: 0.000300 | Rev: 0/99999
Epoch 7275 | Cost: 0.025915 | Acc: 88.89% (Best: 94.44% @ Ep926) | LR: 0.000300 | Rev: 1/99999
Epoch 7276 | Cost: 0.017254 | Acc: 88.89% (Best: 94.44% @ Ep926) | LR: 0.000300 | Rev: 0/99999
Epoch 7277 | Cost: 0.032275 | Acc: 88.89% (Best: 94.44% @ Ep926) | LR: 0.000300 | Rev: 1/99999
Epoch 7278 | Cost: 0.026207 | Acc: 88.89% (Best: 94.44% @ Ep926) | LR: 0.000300 | Rev: 0/99999
Epoch 7279 | Cost: 0.026394 | Acc: 88.89% (Best: 94.44% @ Ep926) | LR: 0.000300 | Rev: 1/99999
Epoch 7280 | Cost: 0.017848 | Acc: 88.89% (Best: 94.44% @ Ep926) | LR: 0.000300 | Rev: 0/99999
Epoch 7281 | Cost: 0.014975 | Acc: 88.89% (Best: 94.44% @ Ep926) | LR: 0.000300 | Rev: 0/99999
Epoch 7282 | Cost: 0.033895 | Acc: 88.89% (Best: 94.44% @ Ep926) | LR: 0.000300 | Rev: 1/99999
Epoch 7283 | Cost: 0.039316 | Acc: 88.89% (Best: 94.44% @ Ep926) | LR: 0.000300 | Rev: 2/99999
Epoch 7284 | Cost: 0.040258 | Acc: 88.89% (Best: 94.44% @ Ep926) | LR: 0.000300 | Rev: 3/99999
Epoch 7285 | Cost: 0.017974 | Acc: 88.89% (Best: 94.44% @ Ep926) | LR: 0.000300 | Rev: 0/99999
Epoch 7286 | Cost: 0.021564 | Acc: 88.89% (Best: 94.44% @ Ep926) | LR: 0.000300 | Rev: 1/99999
Epoch 7287 | Cost: 0.021969 | Acc: 88.89% (Best: 94.44% @ Ep926) | LR: 0.000300 | Rev: 2/99999
Epoch 7288 | Cost: 0.028993 | Acc: 88.89% (Best: 94.44% @ Ep926) | LR: 0.000300 | Rev: 3/99999
Epoch 7289 | Cost: 0.027236 | Acc: 88.89% (Best: 94.44% @ Ep926) | LR: 0.000300 | Rev: 0/99999
Epoch 7290 | Cost: 0.027610 | Acc: 88.89% (Best: 94.44% @ Ep926) | LR: 0.000300 | Rev: 1/99999
Epoch 7291 | Cost: 0.019355 | Acc: 88.89% (Best: 94.44% @ Ep926) | LR: 0.000300 | Rev: 0/99999
Epoch 7292 | Cost: 0.016778 | Acc: 88.89% (Best: 94.44% @ Ep926) | LR: 0.000300 | Rev: 0/99999
Epoch 7293 | Cost: 0.029271 | Acc: 88.89% (Best: 94.44% @ Ep926) | LR: 0.000300 | Rev: 1/99999
Epoch 7294 | Cost: 0.028234 | Acc: 88.89% (Best: 94.44% @ Ep926) | LR: 0.000300 | Rev: 0/99999
Epoch 7295 | Cost: 0.015022 | Acc: 88.89% (Best: 94.44% @ Ep926) | LR: 0.000300 | Rev: 0/99999
Epoch 7296 | Cost: 0.019935 | Acc: 88.89% (Best: 94.44% @ Ep926) | LR: 0.000300 | Rev: 1/99999
Epoch 7297 | Cost: 0.017911 | Acc: 88.89% (Best: 94.44% @ Ep926) | LR: 0.000300 | Rev: 0/99999
Epoch 7298 | Cost: 0.015142 | Acc: 86.11% (Best: 94.44% @ Ep926) | LR: 0.000300 | Rev: 0/99999
Epoch 7299 | Cost: 0.018592 | Acc: 86.11% (Best: 94.44% @ Ep926) | LR: 0.000300 | Rev: 1/99999
Epoch 7300 | Cost: 0.020203 | Acc: 88.89% (Best: 94.44% @ Ep926) | LR: 0.000300 | Rev: 2/99999
Epoch 7301 | Cost: 0.034717 | Acc: 88.89% (Best: 94.44% @ Ep926) | LR: 0.000300 | Rev: 3/99999
Epoch 7302 | Cost: 0.014154 | Acc: 88.89% (Best: 94.44% @ Ep926) | LR: 0.000300 | Rev: 0/99999
Epoch 7303 | Cost: 0.029796 | Acc: 88.89% (Best: 94.44% @ Ep926) | LR: 0.000300 | Rev: 1/99999
Epoch 7304 | Cost: 0.023076 | Acc: 88.89% (Best: 94.44% @ Ep926) | LR: 0.000300 | Rev: 0/99999
Epoch 7305 | Cost: 0.014453 | Acc: 86.11% (Best: 94.44% @ Ep926) | LR: 0.000300 | Rev: 0/99999
Epoch 7306 | Cost: 0.022784 | Acc: 86.11% (Best: 94.44% @ Ep926) | LR: 0.000300 | Rev: 1/99999
Epoch 7307 | Cost: 0.032206 | Acc: 88.89% (Best: 94.44% @ Ep926) | LR: 0.000300 | Rev: 2/99999
Epoch 7308 | Cost: 0.013758 | Acc: 88.89% (Best: 94.44% @ Ep926) | LR: 0.000300 | Rev: 0/99999
Epoch 7309 | Cost: 0.010996 | Acc: 88.89% (Best: 94.44% @ Ep926) | LR: 0.000300 | Rev: 0/99999
Epoch 7310 | Cost: 0.014964 | Acc: 88.89% (Best: 94.44% @ Ep926) | LR: 0.000300 | Rev: 1/99999
Epoch 7311 | Cost: 0.018414 | Acc: 88.89% (Best: 94.44% @ Ep926) | LR: 0.000300 | Rev: 2/99999
Epoch 7312 | Cost: 0.026796 | Acc: 88.89% (Best: 94.44% @ Ep926) | LR: 0.000300 | Rev: 3/99999
Epoch 7313 | Cost: 0.022261 | Acc: 88.89% (Best: 94.44% @ Ep926) | LR: 0.000300 | Rev: 0/99999
Epoch 7314 | Cost: 0.047075 | Acc: 86.11% (Best: 94.44% @ Ep926) | LR: 0.000300 | Rev: 1/99999
Epoch 7315 | Cost: 0.016636 | Acc: 86.11% (Best: 94.44% @ Ep926) | LR: 0.000300 | Rev: 0/99999
Epoch 7316 | Cost: 0.022983 | Acc: 86.11% (Best: 94.44% @ Ep926) | LR: 0.000300 | Rev: 1/99999
Epoch 7317 | Cost: 0.023720 | Acc: 86.11% (Best: 94.44% @ Ep926) | LR: 0.000300 | Rev: 2/99999
Epoch 7318 | Cost: 0.023501 | Acc: 88.89% (Best: 94.44% @ Ep926) | LR: 0.000300 | Rev: 0/99999
Epoch 7319 | Cost: 0.026806 | Acc: 88.89% (Best: 94.44% @ Ep926) | LR: 0.000300 | Rev: 1/99999
Epoch 7320 | Cost: 0.027037 | Acc: 88.89% (Best: 94.44% @ Ep926) | LR: 0.000300 | Rev: 2/99999
Epoch 7321 | Cost: 0.022786 | Acc: 88.89% (Best: 94.44% @ Ep926) | LR: 0.000300 | Rev: 0/99999
Epoch 7322 | Cost: 0.025639 | Acc: 88.89% (Best: 94.44% @ Ep926) | LR: 0.000300 | Rev: 1/99999
Epoch 7323 | Cost: 0.031909 | Acc: 88.89% (Best: 94.44% @ Ep926) | LR: 0.000300 | Rev: 2/99999
Epoch 7324 | Cost: 0.018482 | Acc: 88.89% (Best: 94.44% @ Ep926) | LR: 0.000300 | Rev: 0/99999
Epoch 7325 | Cost: 0.020874 | Acc: 88.89% (Best: 94.44% @ Ep926) | LR: 0.000300 | Rev: 1/99999
Epoch 7326 | Cost: 0.039612 | Acc: 88.89% (Best: 94.44% @ Ep926) | LR: 0.000300 | Rev: 2/99999
Epoch 7327 | Cost: 0.025678 | Acc: 88.89% (Best: 94.44% @ Ep926) | LR: 0.000300 | Rev: 0/99999
Epoch 7328 | Cost: 0.032088 | Acc: 88.89% (Best: 94.44% @ Ep926) | LR: 0.000300 | Rev: 1/99999
Epoch 7329 | Cost: 0.023740 | Acc: 88.89% (Best: 94.44% @ Ep926) | LR: 0.000300 | Rev: 0/99999
Epoch 7330 | Cost: 0.037986 | Acc: 88.89% (Best: 94.44% @ Ep926) | LR: 0.000300 | Rev: 1/99999
Epoch 7331 | Cost: 0.039363 | Acc: 88.89% (Best: 94.44% @ Ep926) | LR: 0.000300 | Rev: 2/99999
Epoch 7332 | Cost: 0.020507 | Acc: 86.11% (Best: 94.44% @ Ep926) | LR: 0.000300 | Rev: 0/99999
Epoch 7333 | Cost: 0.028491 | Acc: 86.11% (Best: 94.44% @ Ep926) | LR: 0.000300 | Rev: 1/99999
Epoch 7334 | Cost: 0.028588 | Acc: 86.11% (Best: 94.44% @ Ep926) | LR: 0.000300 | Rev: 2/99999
Epoch 7335 | Cost: 0.015466 | Acc: 88.89% (Best: 94.44% @ Ep926) | LR: 0.000300 | Rev: 0/99999
Epoch 7336 | Cost: 0.021571 | Acc: 88.89% (Best: 94.44% @ Ep926) | LR: 0.000300 | Rev: 1/99999
Epoch 7337 | Cost: 0.022150 | Acc: 88.89% (Best: 94.44% @ Ep926) | LR: 0.000300 | Rev: 2/99999
Epoch 7338 | Cost: 0.022093 | Acc: 88.89% (Best: 94.44% @ Ep926) | LR: 0.000300 | Rev: 0/99999
Epoch 7339 | Cost: 0.021090 | Acc: 88.89% (Best: 94.44% @ Ep926) | LR: 0.000300 | Rev: 0/99999
Epoch 7340 | Cost: 0.020048 | Acc: 88.89% (Best: 94.44% @ Ep926) | LR: 0.000300 | Rev: 0/99999
Epoch 7341 | Cost: 0.024831 | Acc: 88.89% (Best: 94.44% @ Ep926) | LR: 0.000300 | Rev: 1/99999
Epoch 7342 | Cost: 0.021309 | Acc: 88.89% (Best: 94.44% @ Ep926) | LR: 0.000300 | Rev: 0/99999
Epoch 7343 | Cost: 0.029137 | Acc: 88.89% (Best: 94.44% @ Ep926) | LR: 0.000300 | Rev: 1/99999
Epoch 7344 | Cost: 0.030222 | Acc: 88.89% (Best: 94.44% @ Ep926) | LR: 0.000300 | Rev: 2/99999
Epoch 7345 | Cost: 0.016508 | Acc: 88.89% (Best: 94.44% @ Ep926) | LR: 0.000300 | Rev: 0/99999
Epoch 7346 | Cost: 0.024331 | Acc: 88.89% (Best: 94.44% @ Ep926) | LR: 0.000300 | Rev: 1/99999
Epoch 7347 | Cost: 0.016287 | Acc: 88.89% (Best: 94.44% @ Ep926) | LR: 0.000300 | Rev: 0/99999
Epoch 7348 | Cost: 0.017724 | Acc: 88.89% (Best: 94.44% @ Ep926) | LR: 0.000300 | Rev: 1/99999
Epoch 7349 | Cost: 0.016050 | Acc: 88.89% (Best: 94.44% @ Ep926) | LR: 0.000300 | Rev: 0/99999
Epoch 7350 | Cost: 0.030552 | Acc: 88.89% (Best: 94.44% @ Ep926) | LR: 0.000300 | Rev: 1/99999
Epoch 7351 | Cost: 0.036007 | Acc: 88.89% (Best: 94.44% @ Ep926) | LR: 0.000300 | Rev: 2/99999
Epoch 7352 | Cost: 0.016417 | Acc: 88.89% (Best: 94.44% @ Ep926) | LR: 0.000300 | Rev: 0/99999
Epoch 7353 | Cost: 0.026069 | Acc: 88.89% (Best: 94.44% @ Ep926) | LR: 0.000300 | Rev: 1/99999
Epoch 7354 | Cost: 0.021930 | Acc: 88.89% (Best: 94.44% @ Ep926) | LR: 0.000300 | Rev: 0/99999
Epoch 7355 | Cost: 0.016024 | Acc: 88.89% (Best: 94.44% @ Ep926) | LR: 0.000300 | Rev: 0/99999
Epoch 7356 | Cost: 0.013192 | Acc: 88.89% (Best: 94.44% @ Ep926) | LR: 0.000300 | Rev: 0/99999
Epoch 7357 | Cost: 0.017998 | Acc: 88.89% (Best: 94.44% @ Ep926) | LR: 0.000300 | Rev: 1/99999
Epoch 7358 | Cost: 0.020072 | Acc: 88.89% (Best: 94.44% @ Ep926) | LR: 0.000300 | Rev: 2/99999
Epoch 7359 | Cost: 0.031477 | Acc: 88.89% (Best: 94.44% @ Ep926) | LR: 0.000300 | Rev: 3/99999
Epoch 7360 | Cost: 0.017967 | Acc: 88.89% (Best: 94.44% @ Ep926) | LR: 0.000300 | Rev: 0/99999
Epoch 7361 | Cost: 0.023886 | Acc: 88.89% (Best: 94.44% @ Ep926) | LR: 0.000300 | Rev: 1/99999
Epoch 7362 | Cost: 0.026037 | Acc: 88.89% (Best: 94.44% @ Ep926) | LR: 0.000300 | Rev: 2/99999
Epoch 7363 | Cost: 0.021102 | Acc: 88.89% (Best: 94.44% @ Ep926) | LR: 0.000300 | Rev: 0/99999
Epoch 7364 | Cost: 0.028796 | Acc: 88.89% (Best: 94.44% @ Ep926) | LR: 0.000300 | Rev: 1/99999
Epoch 7365 | Cost: 0.018548 | Acc: 88.89% (Best: 94.44% @ Ep926) | LR: 0.000300 | Rev: 0/99999
Epoch 7366 | Cost: 0.035860 | Acc: 88.89% (Best: 94.44% @ Ep926) | LR: 0.000300 | Rev: 1/99999
Epoch 7367 | Cost: 0.016292 | Acc: 88.89% (Best: 94.44% @ Ep926) | LR: 0.000300 | Rev: 0/99999
Epoch 7368 | Cost: 0.021834 | Acc: 88.89% (Best: 94.44% @ Ep926) | LR: 0.000300 | Rev: 1/99999
Epoch 7369 | Cost: 0.033038 | Acc: 88.89% (Best: 94.44% @ Ep926) | LR: 0.000300 | Rev: 2/99999
Epoch 7370 | Cost: 0.020447 | Acc: 88.89% (Best: 94.44% @ Ep926) | LR: 0.000300 | Rev: 0/99999
Epoch 7371 | Cost: 0.024831 | Acc: 88.89% (Best: 94.44% @ Ep926) | LR: 0.000300 | Rev: 1/99999
Epoch 7372 | Cost: 0.030259 | Acc: 88.89% (Best: 94.44% @ Ep926) | LR: 0.000300 | Rev: 2/99999
Epoch 7373 | Cost: 0.033197 | Acc: 88.89% (Best: 94.44% @ Ep926) | LR: 0.000300 | Rev: 3/99999
Epoch 7374 | Cost: 0.033518 | Acc: 88.89% (Best: 94.44% @ Ep926) | LR: 0.000300 | Rev: 4/99999
Epoch 7375 | Cost: 0.027893 | Acc: 88.89% (Best: 94.44% @ Ep926) | LR: 0.000300 | Rev: 0/99999
Epoch 7376 | Cost: 0.024987 | Acc: 88.89% (Best: 94.44% @ Ep926) | LR: 0.000300 | Rev: 0/99999
Epoch 7377 | Cost: 0.031831 | Acc: 88.89% (Best: 94.44% @ Ep926) | LR: 0.000300 | Rev: 1/99999
Epoch 7378 | Cost: 0.027154 | Acc: 88.89% (Best: 94.44% @ Ep926) | LR: 0.000300 | Rev: 0/99999
Epoch 7379 | Cost: 0.023228 | Acc: 88.89% (Best: 94.44% @ Ep926) | LR: 0.000300 | Rev: 0/99999
Epoch 7380 | Cost: 0.021899 | Acc: 88.89% (Best: 94.44% @ Ep926) | LR: 0.000300 | Rev: 0/99999
Epoch 7381 | Cost: 0.031048 | Acc: 88.89% (Best: 94.44% @ Ep926) | LR: 0.000300 | Rev: 1/99999
Epoch 7382 | Cost: 0.019799 | Acc: 88.89% (Best: 94.44% @ Ep926) | LR: 0.000300 | Rev: 0/99999
Epoch 7383 | Cost: 0.023156 | Acc: 88.89% (Best: 94.44% @ Ep926) | LR: 0.000300 | Rev: 1/99999
Epoch 7384 | Cost: 0.021284 | Acc: 88.89% (Best: 94.44% @ Ep926) | LR: 0.000300 | Rev: 0/99999
Epoch 7385 | Cost: 0.030307 | Acc: 88.89% (Best: 94.44% @ Ep926) | LR: 0.000300 | Rev: 1/99999
Epoch 7386 | Cost: 0.020926 | Acc: 88.89% (Best: 94.44% @ Ep926) | LR: 0.000300 | Rev: 0/99999
Epoch 7387 | Cost: 0.025778 | Acc: 88.89% (Best: 94.44% @ Ep926) | LR: 0.000300 | Rev: 1/99999
Epoch 7388 | Cost: 0.021938 | Acc: 88.89% (Best: 94.44% @ Ep926) | LR: 0.000300 | Rev: 0/99999
Epoch 7389 | Cost: 0.026110 | Acc: 88.89% (Best: 94.44% @ Ep926) | LR: 0.000300 | Rev: 1/99999
Epoch 7390 | Cost: 0.020424 | Acc: 88.89% (Best: 94.44% @ Ep926) | LR: 0.000300 | Rev: 0/99999
Epoch 7391 | Cost: 0.041062 | Acc: 88.89% (Best: 94.44% @ Ep926) | LR: 0.000300 | Rev: 1/99999
Epoch 7392 | Cost: 0.025922 | Acc: 88.89% (Best: 94.44% @ Ep926) | LR: 0.000300 | Rev: 0/99999
Epoch 7393 | Cost: 0.022128 | Acc: 88.89% (Best: 94.44% @ Ep926) | LR: 0.000300 | Rev: 0/99999
Epoch 7394 | Cost: 0.021106 | Acc: 88.89% (Best: 94.44% @ Ep926) | LR: 0.000300 | Rev: 0/99999
Epoch 7395 | Cost: 0.016000 | Acc: 88.89% (Best: 94.44% @ Ep926) | LR: 0.000300 | Rev: 0/99999
Epoch 7396 | Cost: 0.014820 | Acc: 88.89% (Best: 94.44% @ Ep926) | LR: 0.000300 | Rev: 0/99999
Epoch 7397 | Cost: 0.022382 | Acc: 88.89% (Best: 94.44% @ Ep926) | LR: 0.000300 | Rev: 1/99999
Epoch 7398 | Cost: 0.028813 | Acc: 88.89% (Best: 94.44% @ Ep926) | LR: 0.000300 | Rev: 2/99999
Epoch 7399 | Cost: 0.027116 | Acc: 88.89% (Best: 94.44% @ Ep926) | LR: 0.000300 | Rev: 0/99999
Epoch 7400 | Cost: 0.021723 | Acc: 88.89% (Best: 94.44% @ Ep926) | LR: 0.000300 | Rev: 0/99999
Epoch 7401 | Cost: 0.017562 | Acc: 88.89% (Best: 94.44% @ Ep926) | LR: 0.000300 | Rev: 0/99999
Epoch 7402 | Cost: 0.030920 | Acc: 88.89% (Best: 94.44% @ Ep926) | LR: 0.000300 | Rev: 1/99999
Epoch 7403 | Cost: 0.030650 | Acc: 88.89% (Best: 94.44% @ Ep926) | LR: 0.000300 | Rev: 0/99999
Epoch 7404 | Cost: 0.027272 | Acc: 88.89% (Best: 94.44% @ Ep926) | LR: 0.000300 | Rev: 0/99999
Epoch 7405 | Cost: 0.023693 | Acc: 88.89% (Best: 94.44% @ Ep926) | LR: 0.000300 | Rev: 0/99999
Epoch 7406 | Cost: 0.026608 | Acc: 88.89% (Best: 94.44% @ Ep926) | LR: 0.000300 | Rev: 1/99999
Epoch 7407 | Cost: 0.017994 | Acc: 88.89% (Best: 94.44% @ Ep926) | LR: 0.000300 | Rev: 0/99999
Epoch 7408 | Cost: 0.015013 | Acc: 88.89% (Best: 94.44% @ Ep926) | LR: 0.000300 | Rev: 0/99999
Epoch 7409 | Cost: 0.024528 | Acc: 88.89% (Best: 94.44% @ Ep926) | LR: 0.000300 | Rev: 1/99999
Epoch 7410 | Cost: 0.021146 | Acc: 88.89% (Best: 94.44% @ Ep926) | LR: 0.000300 | Rev: 0/99999
Epoch 7411 | Cost: 0.017612 | Acc: 88.89% (Best: 94.44% @ Ep926) | LR: 0.000300 | Rev: 0/99999
Epoch 7412 | Cost: 0.015357 | Acc: 88.89% (Best: 94.44% @ Ep926) | LR: 0.000300 | Rev: 0/99999
Epoch 7413 | Cost: 0.028321 | Acc: 88.89% (Best: 94.44% @ Ep926) | LR: 0.000300 | Rev: 1/99999
Epoch 7414 | Cost: 0.029279 | Acc: 88.89% (Best: 94.44% @ Ep926) | LR: 0.000300 | Rev: 2/99999
Epoch 7415 | Cost: 0.017292 | Acc: 88.89% (Best: 94.44% @ Ep926) | LR: 0.000300 | Rev: 0/99999
Epoch 7416 | Cost: 0.017903 | Acc: 88.89% (Best: 94.44% @ Ep926) | LR: 0.000300 | Rev: 1/99999
Epoch 7417 | Cost: 0.014211 | Acc: 88.89% (Best: 94.44% @ Ep926) | LR: 0.000300 | Rev: 0/99999
Epoch 7418 | Cost: 0.020318 | Acc: 88.89% (Best: 94.44% @ Ep926) | LR: 0.000300 | Rev: 1/99999
Epoch 7419 | Cost: 0.036106 | Acc: 88.89% (Best: 94.44% @ Ep926) | LR: 0.000300 | Rev: 2/99999
Epoch 7420 | Cost: 0.019087 | Acc: 88.89% (Best: 94.44% @ Ep926) | LR: 0.000300 | Rev: 0/99999
Epoch 7421 | Cost: 0.023927 | Acc: 88.89% (Best: 94.44% @ Ep926) | LR: 0.000300 | Rev: 1/99999
Epoch 7422 | Cost: 0.027275 | Acc: 88.89% (Best: 94.44% @ Ep926) | LR: 0.000300 | Rev: 2/99999
Epoch 7423 | Cost: 0.024301 | Acc: 88.89% (Best: 94.44% @ Ep926) | LR: 0.000300 | Rev: 0/99999
Epoch 7424 | Cost: 0.014738 | Acc: 88.89% (Best: 94.44% @ Ep926) | LR: 0.000300 | Rev: 0/99999
Epoch 7425 | Cost: 0.047730 | Acc: 88.89% (Best: 94.44% @ Ep926) | LR: 0.000300 | Rev: 1/99999
Epoch 7426 | Cost: 0.016938 | Acc: 88.89% (Best: 94.44% @ Ep926) | LR: 0.000300 | Rev: 0/99999
Epoch 7427 | Cost: 0.020912 | Acc: 88.89% (Best: 94.44% @ Ep926) | LR: 0.000300 | Rev: 1/99999
Epoch 7428 | Cost: 0.022699 | Acc: 88.89% (Best: 94.44% @ Ep926) | LR: 0.000300 | Rev: 2/99999
Epoch 7429 | Cost: 0.030143 | Acc: 88.89% (Best: 94.44% @ Ep926) | LR: 0.000300 | Rev: 3/99999
Epoch 7430 | Cost: 0.020062 | Acc: 88.89% (Best: 94.44% @ Ep926) | LR: 0.000300 | Rev: 0/99999
Epoch 7431 | Cost: 0.022619 | Acc: 88.89% (Best: 94.44% @ Ep926) | LR: 0.000300 | Rev: 1/99999
Epoch 7432 | Cost: 0.016516 | Acc: 88.89% (Best: 94.44% @ Ep926) | LR: 0.000300 | Rev: 0/99999
Epoch 7433 | Cost: 0.042933 | Acc: 88.89% (Best: 94.44% @ Ep926) | LR: 0.000300 | Rev: 1/99999
Epoch 7434 | Cost: 0.023476 | Acc: 88.89% (Best: 94.44% @ Ep926) | LR: 0.000300 | Rev: 0/99999
Epoch 7435 | Cost: 0.015992 | Acc: 88.89% (Best: 94.44% @ Ep926) | LR: 0.000300 | Rev: 0/99999
Epoch 7436 | Cost: 0.039651 | Acc: 88.89% (Best: 94.44% @ Ep926) | LR: 0.000300 | Rev: 1/99999
Epoch 7437 | Cost: 0.039410 | Acc: 88.89% (Best: 94.44% @ Ep926) | LR: 0.000300 | Rev: 0/99999
Epoch 7438 | Cost: 0.029500 | Acc: 88.89% (Best: 94.44% @ Ep926) | LR: 0.000300 | Rev: 0/99999
Epoch 7439 | Cost: 0.022236 | Acc: 88.89% (Best: 94.44% @ Ep926) | LR: 0.000300 | Rev: 0/99999
Epoch 7440 | Cost: 0.025519 | Acc: 88.89% (Best: 94.44% @ Ep926) | LR: 0.000300 | Rev: 1/99999
Epoch 7441 | Cost: 0.020390 | Acc: 88.89% (Best: 94.44% @ Ep926) | LR: 0.000300 | Rev: 0/99999
Epoch 7442 | Cost: 0.034374 | Acc: 88.89% (Best: 94.44% @ Ep926) | LR: 0.000300 | Rev: 1/99999
Epoch 7443 | Cost: 0.040044 | Acc: 88.89% (Best: 94.44% @ Ep926) | LR: 0.000300 | Rev: 2/99999
Epoch 7444 | Cost: 0.023252 | Acc: 88.89% (Best: 94.44% @ Ep926) | LR: 0.000300 | Rev: 0/99999
Epoch 7445 | Cost: 0.019621 | Acc: 88.89% (Best: 94.44% @ Ep926) | LR: 0.000300 | Rev: 0/99999
Epoch 7446 | Cost: 0.012825 | Acc: 88.89% (Best: 94.44% @ Ep926) | LR: 0.000300 | Rev: 0/99999
Epoch 7447 | Cost: 0.045306 | Acc: 88.89% (Best: 94.44% @ Ep926) | LR: 0.000300 | Rev: 1/99999
Epoch 7448 | Cost: 0.028877 | Acc: 88.89% (Best: 94.44% @ Ep926) | LR: 0.000300 | Rev: 0/99999
Epoch 7449 | Cost: 0.022156 | Acc: 88.89% (Best: 94.44% @ Ep926) | LR: 0.000300 | Rev: 0/99999
Epoch 7450 | Cost: 0.017549 | Acc: 88.89% (Best: 94.44% @ Ep926) | LR: 0.000300 | Rev: 0/99999
Epoch 7451 | Cost: 0.022018 | Acc: 88.89% (Best: 94.44% @ Ep926) | LR: 0.000300 | Rev: 1/99999
Epoch 7452 | Cost: 0.022178 | Acc: 88.89% (Best: 94.44% @ Ep926) | LR: 0.000300 | Rev: 2/99999
Epoch 7453 | Cost: 0.022317 | Acc: 88.89% (Best: 94.44% @ Ep926) | LR: 0.000300 | Rev: 3/99999
Epoch 7454 | Cost: 0.021304 | Acc: 88.89% (Best: 94.44% @ Ep926) | LR: 0.000300 | Rev: 0/99999
Epoch 7455 | Cost: 0.016703 | Acc: 88.89% (Best: 94.44% @ Ep926) | LR: 0.000300 | Rev: 0/99999
Epoch 7456 | Cost: 0.023195 | Acc: 88.89% (Best: 94.44% @ Ep926) | LR: 0.000300 | Rev: 1/99999
Epoch 7457 | Cost: 0.026108 | Acc: 88.89% (Best: 94.44% @ Ep926) | LR: 0.000300 | Rev: 2/99999
Epoch 7458 | Cost: 0.018435 | Acc: 88.89% (Best: 94.44% @ Ep926) | LR: 0.000300 | Rev: 0/99999
Epoch 7459 | Cost: 0.037668 | Acc: 88.89% (Best: 94.44% @ Ep926) | LR: 0.000300 | Rev: 1/99999
Epoch 7460 | Cost: 0.038410 | Acc: 88.89% (Best: 94.44% @ Ep926) | LR: 0.000300 | Rev: 2/99999
Epoch 7461 | Cost: 0.011663 | Acc: 88.89% (Best: 94.44% @ Ep926) | LR: 0.000300 | Rev: 0/99999
Epoch 7462 | Cost: 0.042097 | Acc: 88.89% (Best: 94.44% @ Ep926) | LR: 0.000300 | Rev: 1/99999
Epoch 7463 | Cost: 0.028821 | Acc: 88.89% (Best: 94.44% @ Ep926) | LR: 0.000300 | Rev: 0/99999
Epoch 7464 | Cost: 0.020016 | Acc: 86.11% (Best: 94.44% @ Ep926) | LR: 0.000300 | Rev: 0/99999
Epoch 7465 | Cost: 0.028191 | Acc: 86.11% (Best: 94.44% @ Ep926) | LR: 0.000300 | Rev: 1/99999
Epoch 7466 | Cost: 0.017386 | Acc: 86.11% (Best: 94.44% @ Ep926) | LR: 0.000300 | Rev: 0/99999
Epoch 7467 | Cost: 0.023197 | Acc: 86.11% (Best: 94.44% @ Ep926) | LR: 0.000300 | Rev: 1/99999
Epoch 7468 | Cost: 0.033320 | Acc: 86.11% (Best: 94.44% @ Ep926) | LR: 0.000300 | Rev: 2/99999
Epoch 7469 | Cost: 0.024078 | Acc: 88.89% (Best: 94.44% @ Ep926) | LR: 0.000300 | Rev: 0/99999
Epoch 7470 | Cost: 0.018897 | Acc: 88.89% (Best: 94.44% @ Ep926) | LR: 0.000300 | Rev: 0/99999
Epoch 7471 | Cost: 0.024952 | Acc: 88.89% (Best: 94.44% @ Ep926) | LR: 0.000300 | Rev: 1/99999
Epoch 7472 | Cost: 0.025876 | Acc: 88.89% (Best: 94.44% @ Ep926) | LR: 0.000300 | Rev: 2/99999
Epoch 7473 | Cost: 0.013310 | Acc: 88.89% (Best: 94.44% @ Ep926) | LR: 0.000300 | Rev: 0/99999
Epoch 7474 | Cost: 0.041366 | Acc: 88.89% (Best: 94.44% @ Ep926) | LR: 0.000300 | Rev: 1/99999
Epoch 7475 | Cost: 0.023911 | Acc: 88.89% (Best: 94.44% @ Ep926) | LR: 0.000300 | Rev: 0/99999
Epoch 7476 | Cost: 0.018268 | Acc: 88.89% (Best: 94.44% @ Ep926) | LR: 0.000300 | Rev: 0/99999
Epoch 7477 | Cost: 0.014564 | Acc: 88.89% (Best: 94.44% @ Ep926) | LR: 0.000300 | Rev: 0/99999
Epoch 7478 | Cost: 0.029189 | Acc: 88.89% (Best: 94.44% @ Ep926) | LR: 0.000300 | Rev: 1/99999
Epoch 7479 | Cost: 0.020246 | Acc: 88.89% (Best: 94.44% @ Ep926) | LR: 0.000300 | Rev: 0/99999
Epoch 7480 | Cost: 0.020783 | Acc: 88.89% (Best: 94.44% @ Ep926) | LR: 0.000300 | Rev: 1/99999
Epoch 7481 | Cost: 0.015757 | Acc: 88.89% (Best: 94.44% @ Ep926) | LR: 0.000300 | Rev: 0/99999
Epoch 7482 | Cost: 0.027698 | Acc: 88.89% (Best: 94.44% @ Ep926) | LR: 0.000300 | Rev: 1/99999
Epoch 7483 | Cost: 0.018630 | Acc: 88.89% (Best: 94.44% @ Ep926) | LR: 0.000300 | Rev: 0/99999
Epoch 7484 | Cost: 0.026581 | Acc: 88.89% (Best: 94.44% @ Ep926) | LR: 0.000300 | Rev: 1/99999
Epoch 7485 | Cost: 0.015474 | Acc: 88.89% (Best: 94.44% @ Ep926) | LR: 0.000300 | Rev: 0/99999
Epoch 7486 | Cost: 0.032356 | Acc: 88.89% (Best: 94.44% @ Ep926) | LR: 0.000300 | Rev: 1/99999
Epoch 7487 | Cost: 0.024640 | Acc: 88.89% (Best: 94.44% @ Ep926) | LR: 0.000300 | Rev: 0/99999
Epoch 7488 | Cost: 0.021863 | Acc: 88.89% (Best: 94.44% @ Ep926) | LR: 0.000300 | Rev: 0/99999
Epoch 7489 | Cost: 0.018409 | Acc: 86.11% (Best: 94.44% @ Ep926) | LR: 0.000300 | Rev: 0/99999
Epoch 7490 | Cost: 0.022664 | Acc: 86.11% (Best: 94.44% @ Ep926) | LR: 0.000300 | Rev: 1/99999
Epoch 7491 | Cost: 0.021719 | Acc: 86.11% (Best: 94.44% @ Ep926) | LR: 0.000300 | Rev: 0/99999
Epoch 7492 | Cost: 0.024960 | Acc: 86.11% (Best: 94.44% @ Ep926) | LR: 0.000300 | Rev: 1/99999
Epoch 7493 | Cost: 0.018772 | Acc: 88.89% (Best: 94.44% @ Ep926) | LR: 0.000300 | Rev: 0/99999
Epoch 7494 | Cost: 0.017587 | Acc: 88.89% (Best: 94.44% @ Ep926) | LR: 0.000300 | Rev: 0/99999
Epoch 7495 | Cost: 0.027443 | Acc: 88.89% (Best: 94.44% @ Ep926) | LR: 0.000300 | Rev: 1/99999
Epoch 7496 | Cost: 0.027796 | Acc: 88.89% (Best: 94.44% @ Ep926) | LR: 0.000300 | Rev: 2/99999
Epoch 7497 | Cost: 0.019558 | Acc: 88.89% (Best: 94.44% @ Ep926) | LR: 0.000300 | Rev: 0/99999
Epoch 7498 | Cost: 0.017507 | Acc: 88.89% (Best: 94.44% @ Ep926) | LR: 0.000300 | Rev: 0/99999
Epoch 7499 | Cost: 0.016806 | Acc: 88.89% (Best: 94.44% @ Ep926) | LR: 0.000300 | Rev: 0/99999
Epoch 7500 | Cost: 0.027478 | Acc: 88.89% (Best: 94.44% @ Ep926) | LR: 0.000300 | Rev: 1/99999
Epoch 7501 | Cost: 0.035851 | Acc: 88.89% (Best: 94.44% @ Ep926) | LR: 0.000300 | Rev: 2/99999
Epoch 7502 | Cost: 0.016146 | Acc: 88.89% (Best: 94.44% @ Ep926) | LR: 0.000300 | Rev: 0/99999
Epoch 7503 | Cost: 0.024837 | Acc: 88.89% (Best: 94.44% @ Ep926) | LR: 0.000300 | Rev: 1/99999
Epoch 7504 | Cost: 0.014035 | Acc: 88.89% (Best: 94.44% @ Ep926) | LR: 0.000300 | Rev: 0/99999
Epoch 7505 | Cost: 0.027949 | Acc: 88.89% (Best: 94.44% @ Ep926) | LR: 0.000300 | Rev: 1/99999
Epoch 7506 | Cost: 0.024279 | Acc: 88.89% (Best: 94.44% @ Ep926) | LR: 0.000300 | Rev: 0/99999
Epoch 7507 | Cost: 0.027350 | Acc: 88.89% (Best: 94.44% @ Ep926) | LR: 0.000300 | Rev: 1/99999
Epoch 7508 | Cost: 0.031459 | Acc: 88.89% (Best: 94.44% @ Ep926) | LR: 0.000300 | Rev: 2/99999
Epoch 7509 | Cost: 0.026435 | Acc: 88.89% (Best: 94.44% @ Ep926) | LR: 0.000300 | Rev: 0/99999
Epoch 7510 | Cost: 0.014614 | Acc: 88.89% (Best: 94.44% @ Ep926) | LR: 0.000300 | Rev: 0/99999
Epoch 7511 | Cost: 0.025576 | Acc: 88.89% (Best: 94.44% @ Ep926) | LR: 0.000300 | Rev: 1/99999
Epoch 7512 | Cost: 0.029381 | Acc: 88.89% (Best: 94.44% @ Ep926) | LR: 0.000300 | Rev: 2/99999
Epoch 7513 | Cost: 0.027714 | Acc: 86.11% (Best: 94.44% @ Ep926) | LR: 0.000300 | Rev: 0/99999
Epoch 7514 | Cost: 0.020898 | Acc: 86.11% (Best: 94.44% @ Ep926) | LR: 0.000300 | Rev: 0/99999
Epoch 7515 | Cost: 0.026335 | Acc: 88.89% (Best: 94.44% @ Ep926) | LR: 0.000300 | Rev: 1/99999
Epoch 7516 | Cost: 0.017631 | Acc: 88.89% (Best: 94.44% @ Ep926) | LR: 0.000300 | Rev: 0/99999
Epoch 7517 | Cost: 0.033421 | Acc: 88.89% (Best: 94.44% @ Ep926) | LR: 0.000300 | Rev: 1/99999
Epoch 7518 | Cost: 0.024688 | Acc: 88.89% (Best: 94.44% @ Ep926) | LR: 0.000300 | Rev: 0/99999
Epoch 7519 | Cost: 0.026307 | Acc: 88.89% (Best: 94.44% @ Ep926) | LR: 0.000300 | Rev: 1/99999
Epoch 7520 | Cost: 0.034625 | Acc: 88.89% (Best: 94.44% @ Ep926) | LR: 0.000300 | Rev: 2/99999
Epoch 7521 | Cost: 0.011806 | Acc: 88.89% (Best: 94.44% @ Ep926) | LR: 0.000300 | Rev: 0/99999
Epoch 7522 | Cost: 0.013187 | Acc: 88.89% (Best: 94.44% @ Ep926) | LR: 0.000300 | Rev: 1/99999
Epoch 7523 | Cost: 0.015081 | Acc: 88.89% (Best: 94.44% @ Ep926) | LR: 0.000300 | Rev: 2/99999
Epoch 7524 | Cost: 0.013125 | Acc: 88.89% (Best: 94.44% @ Ep926) | LR: 0.000300 | Rev: 0/99999
Epoch 7525 | Cost: 0.015770 | Acc: 88.89% (Best: 94.44% @ Ep926) | LR: 0.000300 | Rev: 1/99999
Epoch 7526 | Cost: 0.030164 | Acc: 88.89% (Best: 94.44% @ Ep926) | LR: 0.000300 | Rev: 2/99999
Epoch 7527 | Cost: 0.018538 | Acc: 88.89% (Best: 94.44% @ Ep926) | LR: 0.000300 | Rev: 0/99999
Epoch 7528 | Cost: 0.031221 | Acc: 88.89% (Best: 94.44% @ Ep926) | LR: 0.000300 | Rev: 1/99999
Epoch 7529 | Cost: 0.020405 | Acc: 86.11% (Best: 94.44% @ Ep926) | LR: 0.000300 | Rev: 0/99999
Epoch 7530 | Cost: 0.014586 | Acc: 86.11% (Best: 94.44% @ Ep926) | LR: 0.000300 | Rev: 0/99999
Epoch 7531 | Cost: 0.018912 | Acc: 86.11% (Best: 94.44% @ Ep926) | LR: 0.000300 | Rev: 1/99999
Epoch 7532 | Cost: 0.031248 | Acc: 86.11% (Best: 94.44% @ Ep926) | LR: 0.000300 | Rev: 2/99999
Epoch 7533 | Cost: 0.027949 | Acc: 86.11% (Best: 94.44% @ Ep926) | LR: 0.000300 | Rev: 0/99999
Epoch 7534 | Cost: 0.014944 | Acc: 86.11% (Best: 94.44% @ Ep926) | LR: 0.000300 | Rev: 0/99999
Epoch 7535 | Cost: 0.024120 | Acc: 86.11% (Best: 94.44% @ Ep926) | LR: 0.000300 | Rev: 1/99999
Epoch 7536 | Cost: 0.019736 | Acc: 86.11% (Best: 94.44% @ Ep926) | LR: 0.000300 | Rev: 0/99999
Epoch 7537 | Cost: 0.018630 | Acc: 86.11% (Best: 94.44% @ Ep926) | LR: 0.000300 | Rev: 0/99999
Epoch 7538 | Cost: 0.017643 | Acc: 86.11% (Best: 94.44% @ Ep926) | LR: 0.000300 | Rev: 0/99999
Epoch 7539 | Cost: 0.023936 | Acc: 86.11% (Best: 94.44% @ Ep926) | LR: 0.000300 | Rev: 1/99999
Epoch 7540 | Cost: 0.017817 | Acc: 88.89% (Best: 94.44% @ Ep926) | LR: 0.000300 | Rev: 0/99999
Epoch 7541 | Cost: 0.027339 | Acc: 88.89% (Best: 94.44% @ Ep926) | LR: 0.000300 | Rev: 1/99999
Epoch 7542 | Cost: 0.019455 | Acc: 88.89% (Best: 94.44% @ Ep926) | LR: 0.000300 | Rev: 0/99999
Epoch 7543 | Cost: 0.027207 | Acc: 88.89% (Best: 94.44% @ Ep926) | LR: 0.000300 | Rev: 1/99999
Epoch 7544 | Cost: 0.020575 | Acc: 88.89% (Best: 94.44% @ Ep926) | LR: 0.000300 | Rev: 0/99999
Epoch 7545 | Cost: 0.028275 | Acc: 88.89% (Best: 94.44% @ Ep926) | LR: 0.000300 | Rev: 1/99999
Epoch 7546 | Cost: 0.030829 | Acc: 88.89% (Best: 94.44% @ Ep926) | LR: 0.000300 | Rev: 2/99999
Epoch 7547 | Cost: 0.014944 | Acc: 88.89% (Best: 94.44% @ Ep926) | LR: 0.000300 | Rev: 0/99999
Epoch 7548 | Cost: 0.019070 | Acc: 88.89% (Best: 94.44% @ Ep926) | LR: 0.000300 | Rev: 1/99999
Epoch 7549 | Cost: 0.016382 | Acc: 88.89% (Best: 94.44% @ Ep926) | LR: 0.000300 | Rev: 0/99999
Epoch 7550 | Cost: 0.017808 | Acc: 88.89% (Best: 94.44% @ Ep926) | LR: 0.000300 | Rev: 1/99999
Epoch 7551 | Cost: 0.033958 | Acc: 88.89% (Best: 94.44% @ Ep926) | LR: 0.000300 | Rev: 2/99999
Epoch 7552 | Cost: 0.029996 | Acc: 88.89% (Best: 94.44% @ Ep926) | LR: 0.000300 | Rev: 0/99999
Epoch 7553 | Cost: 0.016445 | Acc: 88.89% (Best: 94.44% @ Ep926) | LR: 0.000300 | Rev: 0/99999
Epoch 7554 | Cost: 0.027702 | Acc: 88.89% (Best: 94.44% @ Ep926) | LR: 0.000300 | Rev: 1/99999
Epoch 7555 | Cost: 0.014326 | Acc: 88.89% (Best: 94.44% @ Ep926) | LR: 0.000300 | Rev: 0/99999
Epoch 7556 | Cost: 0.030107 | Acc: 88.89% (Best: 94.44% @ Ep926) | LR: 0.000300 | Rev: 1/99999
Epoch 7557 | Cost: 0.030280 | Acc: 88.89% (Best: 94.44% @ Ep926) | LR: 0.000300 | Rev: 2/99999
Epoch 7558 | Cost: 0.024429 | Acc: 88.89% (Best: 94.44% @ Ep926) | LR: 0.000300 | Rev: 0/99999
Epoch 7559 | Cost: 0.024695 | Acc: 88.89% (Best: 94.44% @ Ep926) | LR: 0.000300 | Rev: 1/99999
Epoch 7560 | Cost: 0.018003 | Acc: 88.89% (Best: 94.44% @ Ep926) | LR: 0.000300 | Rev: 0/99999
Epoch 7561 | Cost: 0.015838 | Acc: 88.89% (Best: 94.44% @ Ep926) | LR: 0.000300 | Rev: 0/99999
Epoch 7562 | Cost: 0.018474 | Acc: 88.89% (Best: 94.44% @ Ep926) | LR: 0.000300 | Rev: 1/99999
Epoch 7563 | Cost: 0.017016 | Acc: 88.89% (Best: 94.44% @ Ep926) | LR: 0.000300 | Rev: 0/99999
Epoch 7564 | Cost: 0.014922 | Acc: 86.11% (Best: 94.44% @ Ep926) | LR: 0.000300 | Rev: 0/99999
Epoch 7565 | Cost: 0.021838 | Acc: 86.11% (Best: 94.44% @ Ep926) | LR: 0.000300 | Rev: 1/99999
Epoch 7566 | Cost: 0.035511 | Acc: 86.11% (Best: 94.44% @ Ep926) | LR: 0.000300 | Rev: 2/99999
Epoch 7567 | Cost: 0.019782 | Acc: 88.89% (Best: 94.44% @ Ep926) | LR: 0.000300 | Rev: 0/99999
Epoch 7568 | Cost: 0.015577 | Acc: 88.89% (Best: 94.44% @ Ep926) | LR: 0.000300 | Rev: 0/99999
Epoch 7569 | Cost: 0.019378 | Acc: 88.89% (Best: 94.44% @ Ep926) | LR: 0.000300 | Rev: 1/99999
Epoch 7570 | Cost: 0.022929 | Acc: 86.11% (Best: 94.44% @ Ep926) | LR: 0.000300 | Rev: 2/99999
Epoch 7571 | Cost: 0.015321 | Acc: 86.11% (Best: 94.44% @ Ep926) | LR: 0.000300 | Rev: 0/99999
Epoch 7572 | Cost: 0.017120 | Acc: 86.11% (Best: 94.44% @ Ep926) | LR: 0.000300 | Rev: 1/99999
Epoch 7573 | Cost: 0.012839 | Acc: 86.11% (Best: 94.44% @ Ep926) | LR: 0.000300 | Rev: 0/99999
Epoch 7574 | Cost: 0.010899 | Acc: 88.89% (Best: 94.44% @ Ep926) | LR: 0.000300 | Rev: 0/99999
Epoch 7575 | Cost: 0.017820 | Acc: 88.89% (Best: 94.44% @ Ep926) | LR: 0.000300 | Rev: 1/99999
Epoch 7576 | Cost: 0.018108 | Acc: 88.89% (Best: 94.44% @ Ep926) | LR: 0.000300 | Rev: 2/99999
Epoch 7577 | Cost: 0.017927 | Acc: 88.89% (Best: 94.44% @ Ep926) | LR: 0.000300 | Rev: 0/99999
Epoch 7578 | Cost: 0.019000 | Acc: 88.89% (Best: 94.44% @ Ep926) | LR: 0.000300 | Rev: 1/99999
Epoch 7579 | Cost: 0.026952 | Acc: 88.89% (Best: 94.44% @ Ep926) | LR: 0.000300 | Rev: 2/99999
Epoch 7580 | Cost: 0.025957 | Acc: 88.89% (Best: 94.44% @ Ep926) | LR: 0.000300 | Rev: 0/99999
Epoch 7581 | Cost: 0.035811 | Acc: 88.89% (Best: 94.44% @ Ep926) | LR: 0.000300 | Rev: 1/99999
Epoch 7582 | Cost: 0.023576 | Acc: 88.89% (Best: 94.44% @ Ep926) | LR: 0.000300 | Rev: 0/99999
Epoch 7583 | Cost: 0.021214 | Acc: 88.89% (Best: 94.44% @ Ep926) | LR: 0.000300 | Rev: 0/99999
Epoch 7584 | Cost: 0.024103 | Acc: 88.89% (Best: 94.44% @ Ep926) | LR: 0.000300 | Rev: 1/99999
Epoch 7585 | Cost: 0.032669 | Acc: 88.89% (Best: 94.44% @ Ep926) | LR: 0.000300 | Rev: 2/99999
Epoch 7586 | Cost: 0.018689 | Acc: 88.89% (Best: 94.44% @ Ep926) | LR: 0.000300 | Rev: 0/99999
Epoch 7587 | Cost: 0.024049 | Acc: 88.89% (Best: 94.44% @ Ep926) | LR: 0.000300 | Rev: 1/99999
Epoch 7588 | Cost: 0.032368 | Acc: 88.89% (Best: 94.44% @ Ep926) | LR: 0.000300 | Rev: 2/99999
Epoch 7589 | Cost: 0.046658 | Acc: 88.89% (Best: 94.44% @ Ep926) | LR: 0.000300 | Rev: 3/99999
Epoch 7590 | Cost: 0.019034 | Acc: 88.89% (Best: 94.44% @ Ep926) | LR: 0.000300 | Rev: 0/99999
Epoch 7591 | Cost: 0.016646 | Acc: 88.89% (Best: 94.44% @ Ep926) | LR: 0.000300 | Rev: 0/99999
Epoch 7592 | Cost: 0.027412 | Acc: 88.89% (Best: 94.44% @ Ep926) | LR: 0.000300 | Rev: 1/99999
Epoch 7593 | Cost: 0.031731 | Acc: 88.89% (Best: 94.44% @ Ep926) | LR: 0.000300 | Rev: 2/99999
Epoch 7594 | Cost: 0.012286 | Acc: 88.89% (Best: 94.44% @ Ep926) | LR: 0.000300 | Rev: 0/99999
Epoch 7595 | Cost: 0.024440 | Acc: 88.89% (Best: 94.44% @ Ep926) | LR: 0.000300 | Rev: 1/99999
Epoch 7596 | Cost: 0.014320 | Acc: 88.89% (Best: 94.44% @ Ep926) | LR: 0.000300 | Rev: 0/99999
Epoch 7597 | Cost: 0.023586 | Acc: 88.89% (Best: 94.44% @ Ep926) | LR: 0.000300 | Rev: 1/99999
Epoch 7598 | Cost: 0.016362 | Acc: 88.89% (Best: 94.44% @ Ep926) | LR: 0.000300 | Rev: 0/99999
Epoch 7599 | Cost: 0.027303 | Acc: 88.89% (Best: 94.44% @ Ep926) | LR: 0.000300 | Rev: 1/99999
Epoch 7600 | Cost: 0.013690 | Acc: 88.89% (Best: 94.44% @ Ep926) | LR: 0.000300 | Rev: 0/99999
Epoch 7601 | Cost: 0.041573 | Acc: 86.11% (Best: 94.44% @ Ep926) | LR: 0.000300 | Rev: 1/99999
Epoch 7602 | Cost: 0.026782 | Acc: 86.11% (Best: 94.44% @ Ep926) | LR: 0.000300 | Rev: 0/99999
Epoch 7603 | Cost: 0.028298 | Acc: 86.11% (Best: 94.44% @ Ep926) | LR: 0.000300 | Rev: 1/99999
Epoch 7604 | Cost: 0.017286 | Acc: 88.89% (Best: 94.44% @ Ep926) | LR: 0.000300 | Rev: 0/99999
Epoch 7605 | Cost: 0.024244 | Acc: 88.89% (Best: 94.44% @ Ep926) | LR: 0.000300 | Rev: 1/99999
Epoch 7606 | Cost: 0.015716 | Acc: 88.89% (Best: 94.44% @ Ep926) | LR: 0.000300 | Rev: 0/99999
Epoch 7607 | Cost: 0.016186 | Acc: 88.89% (Best: 94.44% @ Ep926) | LR: 0.000300 | Rev: 1/99999
Epoch 7608 | Cost: 0.015505 | Acc: 88.89% (Best: 94.44% @ Ep926) | LR: 0.000300 | Rev: 0/99999
Epoch 7609 | Cost: 0.018671 | Acc: 88.89% (Best: 94.44% @ Ep926) | LR: 0.000300 | Rev: 1/99999
Epoch 7610 | Cost: 0.030164 | Acc: 88.89% (Best: 94.44% @ Ep926) | LR: 0.000300 | Rev: 2/99999
Epoch 7611 | Cost: 0.024063 | Acc: 88.89% (Best: 94.44% @ Ep926) | LR: 0.000300 | Rev: 0/99999
Epoch 7612 | Cost: 0.022188 | Acc: 88.89% (Best: 94.44% @ Ep926) | LR: 0.000300 | Rev: 0/99999
Epoch 7613 | Cost: 0.018194 | Acc: 88.89% (Best: 94.44% @ Ep926) | LR: 0.000300 | Rev: 0/99999
Epoch 7614 | Cost: 0.019805 | Acc: 88.89% (Best: 94.44% @ Ep926) | LR: 0.000300 | Rev: 1/99999
Epoch 7615 | Cost: 0.020798 | Acc: 86.11% (Best: 94.44% @ Ep926) | LR: 0.000300 | Rev: 2/99999
Epoch 7616 | Cost: 0.018837 | Acc: 88.89% (Best: 94.44% @ Ep926) | LR: 0.000300 | Rev: 0/99999
Epoch 7617 | Cost: 0.017096 | Acc: 88.89% (Best: 94.44% @ Ep926) | LR: 0.000300 | Rev: 0/99999
Epoch 7618 | Cost: 0.022586 | Acc: 88.89% (Best: 94.44% @ Ep926) | LR: 0.000300 | Rev: 1/99999
Epoch 7619 | Cost: 0.018045 | Acc: 88.89% (Best: 94.44% @ Ep926) | LR: 0.000300 | Rev: 0/99999
Epoch 7620 | Cost: 0.017156 | Acc: 88.89% (Best: 94.44% @ Ep926) | LR: 0.000300 | Rev: 0/99999
Epoch 7621 | Cost: 0.019132 | Acc: 88.89% (Best: 94.44% @ Ep926) | LR: 0.000300 | Rev: 1/99999
Epoch 7622 | Cost: 0.015751 | Acc: 88.89% (Best: 94.44% @ Ep926) | LR: 0.000300 | Rev: 0/99999
Epoch 7623 | Cost: 0.025332 | Acc: 88.89% (Best: 94.44% @ Ep926) | LR: 0.000300 | Rev: 1/99999
Epoch 7624 | Cost: 0.028774 | Acc: 88.89% (Best: 94.44% @ Ep926) | LR: 0.000300 | Rev: 2/99999
Epoch 7625 | Cost: 0.026215 | Acc: 88.89% (Best: 94.44% @ Ep926) | LR: 0.000300 | Rev: 0/99999
Epoch 7626 | Cost: 0.016014 | Acc: 88.89% (Best: 94.44% @ Ep926) | LR: 0.000300 | Rev: 0/99999
Epoch 7627 | Cost: 0.017654 | Acc: 88.89% (Best: 94.44% @ Ep926) | LR: 0.000300 | Rev: 1/99999
Epoch 7628 | Cost: 0.014968 | Acc: 88.89% (Best: 94.44% @ Ep926) | LR: 0.000300 | Rev: 0/99999
Epoch 7629 | Cost: 0.020954 | Acc: 88.89% (Best: 94.44% @ Ep926) | LR: 0.000300 | Rev: 1/99999
Epoch 7630 | Cost: 0.021927 | Acc: 86.11% (Best: 94.44% @ Ep926) | LR: 0.000300 | Rev: 2/99999
Epoch 7631 | Cost: 0.015952 | Acc: 86.11% (Best: 94.44% @ Ep926) | LR: 0.000300 | Rev: 0/99999
Epoch 7632 | Cost: 0.024759 | Acc: 86.11% (Best: 94.44% @ Ep926) | LR: 0.000300 | Rev: 1/99999
Epoch 7633 | Cost: 0.017243 | Acc: 86.11% (Best: 94.44% @ Ep926) | LR: 0.000300 | Rev: 0/99999
Epoch 7634 | Cost: 0.021648 | Acc: 86.11% (Best: 94.44% @ Ep926) | LR: 0.000300 | Rev: 1/99999
Epoch 7635 | Cost: 0.011654 | Acc: 86.11% (Best: 94.44% @ Ep926) | LR: 0.000300 | Rev: 0/99999
Epoch 7636 | Cost: 0.013366 | Acc: 86.11% (Best: 94.44% @ Ep926) | LR: 0.000300 | Rev: 1/99999
Epoch 7637 | Cost: 0.029687 | Acc: 86.11% (Best: 94.44% @ Ep926) | LR: 0.000300 | Rev: 2/99999
Epoch 7638 | Cost: 0.015154 | Acc: 88.89% (Best: 94.44% @ Ep926) | LR: 0.000300 | Rev: 0/99999
Epoch 7639 | Cost: 0.025102 | Acc: 88.89% (Best: 94.44% @ Ep926) | LR: 0.000300 | Rev: 1/99999
Epoch 7640 | Cost: 0.022074 | Acc: 88.89% (Best: 94.44% @ Ep926) | LR: 0.000300 | Rev: 0/99999
Epoch 7641 | Cost: 0.051018 | Acc: 88.89% (Best: 94.44% @ Ep926) | LR: 0.000300 | Rev: 1/99999
Epoch 7642 | Cost: 0.019868 | Acc: 88.89% (Best: 94.44% @ Ep926) | LR: 0.000300 | Rev: 0/99999
Epoch 7643 | Cost: 0.029218 | Acc: 88.89% (Best: 94.44% @ Ep926) | LR: 0.000300 | Rev: 1/99999
Epoch 7644 | Cost: 0.024972 | Acc: 88.89% (Best: 94.44% @ Ep926) | LR: 0.000300 | Rev: 0/99999
Epoch 7645 | Cost: 0.027999 | Acc: 88.89% (Best: 94.44% @ Ep926) | LR: 0.000300 | Rev: 1/99999
Epoch 7646 | Cost: 0.028679 | Acc: 88.89% (Best: 94.44% @ Ep926) | LR: 0.000300 | Rev: 2/99999
Epoch 7647 | Cost: 0.017532 | Acc: 88.89% (Best: 94.44% @ Ep926) | LR: 0.000300 | Rev: 0/99999
Epoch 7648 | Cost: 0.022140 | Acc: 88.89% (Best: 94.44% @ Ep926) | LR: 0.000300 | Rev: 1/99999
Epoch 7649 | Cost: 0.016825 | Acc: 88.89% (Best: 94.44% @ Ep926) | LR: 0.000300 | Rev: 0/99999
Epoch 7650 | Cost: 0.022105 | Acc: 88.89% (Best: 94.44% @ Ep926) | LR: 0.000300 | Rev: 1/99999
Epoch 7651 | Cost: 0.019673 | Acc: 88.89% (Best: 94.44% @ Ep926) | LR: 0.000300 | Rev: 0/99999
Epoch 7652 | Cost: 0.021908 | Acc: 86.11% (Best: 94.44% @ Ep926) | LR: 0.000300 | Rev: 1/99999
Epoch 7653 | Cost: 0.022608 | Acc: 88.89% (Best: 94.44% @ Ep926) | LR: 0.000300 | Rev: 2/99999
Epoch 7654 | Cost: 0.019926 | Acc: 88.89% (Best: 94.44% @ Ep926) | LR: 0.000300 | Rev: 0/99999
Epoch 7655 | Cost: 0.020808 | Acc: 88.89% (Best: 94.44% @ Ep926) | LR: 0.000300 | Rev: 1/99999
Epoch 7656 | Cost: 0.030305 | Acc: 88.89% (Best: 94.44% @ Ep926) | LR: 0.000300 | Rev: 2/99999
Epoch 7657 | Cost: 0.031451 | Acc: 88.89% (Best: 94.44% @ Ep926) | LR: 0.000300 | Rev: 3/99999
Epoch 7658 | Cost: 0.019407 | Acc: 88.89% (Best: 94.44% @ Ep926) | LR: 0.000300 | Rev: 0/99999
Epoch 7659 | Cost: 0.042234 | Acc: 88.89% (Best: 94.44% @ Ep926) | LR: 0.000300 | Rev: 1/99999
Epoch 7660 | Cost: 0.029999 | Acc: 88.89% (Best: 94.44% @ Ep926) | LR: 0.000300 | Rev: 0/99999
Epoch 7661 | Cost: 0.027347 | Acc: 88.89% (Best: 94.44% @ Ep926) | LR: 0.000300 | Rev: 0/99999
Epoch 7662 | Cost: 0.026767 | Acc: 88.89% (Best: 94.44% @ Ep926) | LR: 0.000300 | Rev: 0/99999
Epoch 7663 | Cost: 0.023945 | Acc: 86.11% (Best: 94.44% @ Ep926) | LR: 0.000300 | Rev: 0/99999
Epoch 7664 | Cost: 0.023382 | Acc: 86.11% (Best: 94.44% @ Ep926) | LR: 0.000300 | Rev: 0/99999
Epoch 7665 | Cost: 0.030600 | Acc: 86.11% (Best: 94.44% @ Ep926) | LR: 0.000300 | Rev: 1/99999
Epoch 7666 | Cost: 0.020754 | Acc: 88.89% (Best: 94.44% @ Ep926) | LR: 0.000300 | Rev: 0/99999
Epoch 7667 | Cost: 0.018107 | Acc: 88.89% (Best: 94.44% @ Ep926) | LR: 0.000300 | Rev: 0/99999
Epoch 7668 | Cost: 0.018363 | Acc: 88.89% (Best: 94.44% @ Ep926) | LR: 0.000300 | Rev: 1/99999
Epoch 7669 | Cost: 0.028234 | Acc: 86.11% (Best: 94.44% @ Ep926) | LR: 0.000300 | Rev: 2/99999
Epoch 7670 | Cost: 0.024830 | Acc: 86.11% (Best: 94.44% @ Ep926) | LR: 0.000300 | Rev: 0/99999
Epoch 7671 | Cost: 0.021396 | Acc: 86.11% (Best: 94.44% @ Ep926) | LR: 0.000300 | Rev: 0/99999
Epoch 7672 | Cost: 0.014274 | Acc: 88.89% (Best: 94.44% @ Ep926) | LR: 0.000300 | Rev: 0/99999
Epoch 7673 | Cost: 0.026375 | Acc: 88.89% (Best: 94.44% @ Ep926) | LR: 0.000300 | Rev: 1/99999
Epoch 7674 | Cost: 0.022001 | Acc: 88.89% (Best: 94.44% @ Ep926) | LR: 0.000300 | Rev: 0/99999
Epoch 7675 | Cost: 0.024401 | Acc: 88.89% (Best: 94.44% @ Ep926) | LR: 0.000300 | Rev: 1/99999
Epoch 7676 | Cost: 0.024757 | Acc: 88.89% (Best: 94.44% @ Ep926) | LR: 0.000300 | Rev: 2/99999
Epoch 7677 | Cost: 0.025031 | Acc: 88.89% (Best: 94.44% @ Ep926) | LR: 0.000300 | Rev: 3/99999
Epoch 7678 | Cost: 0.013954 | Acc: 88.89% (Best: 94.44% @ Ep926) | LR: 0.000300 | Rev: 0/99999
Epoch 7679 | Cost: 0.033969 | Acc: 88.89% (Best: 94.44% @ Ep926) | LR: 0.000300 | Rev: 1/99999
Epoch 7680 | Cost: 0.018635 | Acc: 88.89% (Best: 94.44% @ Ep926) | LR: 0.000300 | Rev: 0/99999
Epoch 7681 | Cost: 0.014374 | Acc: 88.89% (Best: 94.44% @ Ep926) | LR: 0.000300 | Rev: 0/99999
Epoch 7682 | Cost: 0.025812 | Acc: 88.89% (Best: 94.44% @ Ep926) | LR: 0.000300 | Rev: 1/99999
Epoch 7683 | Cost: 0.039992 | Acc: 88.89% (Best: 94.44% @ Ep926) | LR: 0.000300 | Rev: 2/99999
Epoch 7684 | Cost: 0.017421 | Acc: 88.89% (Best: 94.44% @ Ep926) | LR: 0.000300 | Rev: 0/99999
Epoch 7685 | Cost: 0.021114 | Acc: 88.89% (Best: 94.44% @ Ep926) | LR: 0.000300 | Rev: 1/99999
Epoch 7686 | Cost: 0.013352 | Acc: 88.89% (Best: 94.44% @ Ep926) | LR: 0.000300 | Rev: 0/99999
Epoch 7687 | Cost: 0.026312 | Acc: 88.89% (Best: 94.44% @ Ep926) | LR: 0.000300 | Rev: 1/99999
Epoch 7688 | Cost: 0.024812 | Acc: 88.89% (Best: 94.44% @ Ep926) | LR: 0.000300 | Rev: 0/99999
Epoch 7689 | Cost: 0.022052 | Acc: 88.89% (Best: 94.44% @ Ep926) | LR: 0.000300 | Rev: 0/99999
Epoch 7690 | Cost: 0.026572 | Acc: 88.89% (Best: 94.44% @ Ep926) | LR: 0.000300 | Rev: 1/99999
Epoch 7691 | Cost: 0.024452 | Acc: 88.89% (Best: 94.44% @ Ep926) | LR: 0.000300 | Rev: 0/99999
Epoch 7692 | Cost: 0.030314 | Acc: 88.89% (Best: 94.44% @ Ep926) | LR: 0.000300 | Rev: 1/99999
Epoch 7693 | Cost: 0.024626 | Acc: 88.89% (Best: 94.44% @ Ep926) | LR: 0.000300 | Rev: 0/99999
Epoch 7694 | Cost: 0.029469 | Acc: 88.89% (Best: 94.44% @ Ep926) | LR: 0.000300 | Rev: 1/99999
Epoch 7695 | Cost: 0.031264 | Acc: 88.89% (Best: 94.44% @ Ep926) | LR: 0.000300 | Rev: 2/99999
Epoch 7696 | Cost: 0.025684 | Acc: 86.11% (Best: 94.44% @ Ep926) | LR: 0.000300 | Rev: 0/99999
Epoch 7697 | Cost: 0.010876 | Acc: 86.11% (Best: 94.44% @ Ep926) | LR: 0.000300 | Rev: 0/99999
Epoch 7698 | Cost: 0.018136 | Acc: 86.11% (Best: 94.44% @ Ep926) | LR: 0.000300 | Rev: 1/99999
Epoch 7699 | Cost: 0.014776 | Acc: 86.11% (Best: 94.44% @ Ep926) | LR: 0.000300 | Rev: 0/99999
Epoch 7700 | Cost: 0.018050 | Acc: 86.11% (Best: 94.44% @ Ep926) | LR: 0.000300 | Rev: 1/99999
Epoch 7701 | Cost: 0.022420 | Acc: 86.11% (Best: 94.44% @ Ep926) | LR: 0.000300 | Rev: 2/99999
Epoch 7702 | Cost: 0.022248 | Acc: 88.89% (Best: 94.44% @ Ep926) | LR: 0.000300 | Rev: 0/99999
Epoch 7703 | Cost: 0.021163 | Acc: 88.89% (Best: 94.44% @ Ep926) | LR: 0.000300 | Rev: 0/99999
Epoch 7704 | Cost: 0.017289 | Acc: 88.89% (Best: 94.44% @ Ep926) | LR: 0.000300 | Rev: 0/99999
Epoch 7705 | Cost: 0.023411 | Acc: 88.89% (Best: 94.44% @ Ep926) | LR: 0.000300 | Rev: 1/99999
Epoch 7706 | Cost: 0.011839 | Acc: 88.89% (Best: 94.44% @ Ep926) | LR: 0.000300 | Rev: 0/99999
Epoch 7707 | Cost: 0.019064 | Acc: 88.89% (Best: 94.44% @ Ep926) | LR: 0.000300 | Rev: 1/99999
Epoch 7708 | Cost: 0.018164 | Acc: 88.89% (Best: 94.44% @ Ep926) | LR: 0.000300 | Rev: 0/99999
Epoch 7709 | Cost: 0.027264 | Acc: 86.11% (Best: 94.44% @ Ep926) | LR: 0.000300 | Rev: 1/99999
Epoch 7710 | Cost: 0.015943 | Acc: 86.11% (Best: 94.44% @ Ep926) | LR: 0.000300 | Rev: 0/99999
Epoch 7711 | Cost: 0.014229 | Acc: 86.11% (Best: 94.44% @ Ep926) | LR: 0.000300 | Rev: 0/99999
Epoch 7712 | Cost: 0.026052 | Acc: 86.11% (Best: 94.44% @ Ep926) | LR: 0.000300 | Rev: 1/99999
Epoch 7713 | Cost: 0.016250 | Acc: 88.89% (Best: 94.44% @ Ep926) | LR: 0.000300 | Rev: 0/99999
Epoch 7714 | Cost: 0.025683 | Acc: 88.89% (Best: 94.44% @ Ep926) | LR: 0.000300 | Rev: 1/99999
Epoch 7715 | Cost: 0.025845 | Acc: 88.89% (Best: 94.44% @ Ep926) | LR: 0.000300 | Rev: 2/99999
Epoch 7716 | Cost: 0.017737 | Acc: 88.89% (Best: 94.44% @ Ep926) | LR: 0.000300 | Rev: 0/99999
Epoch 7717 | Cost: 0.016933 | Acc: 88.89% (Best: 94.44% @ Ep926) | LR: 0.000300 | Rev: 0/99999
Epoch 7718 | Cost: 0.016134 | Acc: 88.89% (Best: 94.44% @ Ep926) | LR: 0.000300 | Rev: 0/99999
Epoch 7719 | Cost: 0.022586 | Acc: 88.89% (Best: 94.44% @ Ep926) | LR: 0.000300 | Rev: 1/99999
Epoch 7720 | Cost: 0.024557 | Acc: 88.89% (Best: 94.44% @ Ep926) | LR: 0.000300 | Rev: 2/99999
Epoch 7721 | Cost: 0.029196 | Acc: 88.89% (Best: 94.44% @ Ep926) | LR: 0.000300 | Rev: 3/99999
Epoch 7722 | Cost: 0.018594 | Acc: 88.89% (Best: 94.44% @ Ep926) | LR: 0.000300 | Rev: 0/99999
Epoch 7723 | Cost: 0.033538 | Acc: 88.89% (Best: 94.44% @ Ep926) | LR: 0.000300 | Rev: 1/99999
Epoch 7724 | Cost: 0.022250 | Acc: 88.89% (Best: 94.44% @ Ep926) | LR: 0.000300 | Rev: 0/99999
Epoch 7725 | Cost: 0.018772 | Acc: 88.89% (Best: 94.44% @ Ep926) | LR: 0.000300 | Rev: 0/99999
Epoch 7726 | Cost: 0.012788 | Acc: 86.11% (Best: 94.44% @ Ep926) | LR: 0.000300 | Rev: 0/99999
Epoch 7727 | Cost: 0.020639 | Acc: 86.11% (Best: 94.44% @ Ep926) | LR: 0.000300 | Rev: 1/99999
Epoch 7728 | Cost: 0.015149 | Acc: 86.11% (Best: 94.44% @ Ep926) | LR: 0.000300 | Rev: 0/99999
Epoch 7729 | Cost: 0.015050 | Acc: 86.11% (Best: 94.44% @ Ep926) | LR: 0.000300 | Rev: 0/99999
Epoch 7730 | Cost: 0.041130 | Acc: 88.89% (Best: 94.44% @ Ep926) | LR: 0.000300 | Rev: 1/99999
Epoch 7731 | Cost: 0.022643 | Acc: 88.89% (Best: 94.44% @ Ep926) | LR: 0.000300 | Rev: 0/99999
Epoch 7732 | Cost: 0.017078 | Acc: 88.89% (Best: 94.44% @ Ep926) | LR: 0.000300 | Rev: 0/99999
Epoch 7733 | Cost: 0.022181 | Acc: 88.89% (Best: 94.44% @ Ep926) | LR: 0.000300 | Rev: 1/99999
Epoch 7734 | Cost: 0.023034 | Acc: 88.89% (Best: 94.44% @ Ep926) | LR: 0.000300 | Rev: 2/99999
Epoch 7735 | Cost: 0.019538 | Acc: 88.89% (Best: 94.44% @ Ep926) | LR: 0.000300 | Rev: 0/99999
Epoch 7736 | Cost: 0.041084 | Acc: 88.89% (Best: 94.44% @ Ep926) | LR: 0.000300 | Rev: 1/99999
Epoch 7737 | Cost: 0.021450 | Acc: 88.89% (Best: 94.44% @ Ep926) | LR: 0.000300 | Rev: 0/99999
Epoch 7738 | Cost: 0.016319 | Acc: 88.89% (Best: 94.44% @ Ep926) | LR: 0.000300 | Rev: 0/99999
Epoch 7739 | Cost: 0.032187 | Acc: 88.89% (Best: 94.44% @ Ep926) | LR: 0.000300 | Rev: 1/99999
Epoch 7740 | Cost: 0.033653 | Acc: 88.89% (Best: 94.44% @ Ep926) | LR: 0.000300 | Rev: 2/99999
Epoch 7741 | Cost: 0.022665 | Acc: 88.89% (Best: 94.44% @ Ep926) | LR: 0.000300 | Rev: 0/99999
Epoch 7742 | Cost: 0.035113 | Acc: 88.89% (Best: 94.44% @ Ep926) | LR: 0.000300 | Rev: 1/99999
Epoch 7743 | Cost: 0.024331 | Acc: 86.11% (Best: 94.44% @ Ep926) | LR: 0.000300 | Rev: 0/99999
Epoch 7744 | Cost: 0.030372 | Acc: 88.89% (Best: 94.44% @ Ep926) | LR: 0.000300 | Rev: 1/99999
Epoch 7745 | Cost: 0.021312 | Acc: 88.89% (Best: 94.44% @ Ep926) | LR: 0.000300 | Rev: 0/99999
Epoch 7746 | Cost: 0.018502 | Acc: 88.89% (Best: 94.44% @ Ep926) | LR: 0.000300 | Rev: 0/99999
Epoch 7747 | Cost: 0.022094 | Acc: 88.89% (Best: 94.44% @ Ep926) | LR: 0.000300 | Rev: 1/99999
Epoch 7748 | Cost: 0.028068 | Acc: 86.11% (Best: 94.44% @ Ep926) | LR: 0.000300 | Rev: 2/99999
Epoch 7749 | Cost: 0.023702 | Acc: 86.11% (Best: 94.44% @ Ep926) | LR: 0.000300 | Rev: 0/99999
Epoch 7750 | Cost: 0.017030 | Acc: 88.89% (Best: 94.44% @ Ep926) | LR: 0.000300 | Rev: 0/99999
Epoch 7751 | Cost: 0.043273 | Acc: 88.89% (Best: 94.44% @ Ep926) | LR: 0.000300 | Rev: 1/99999
Epoch 7752 | Cost: 0.024677 | Acc: 88.89% (Best: 94.44% @ Ep926) | LR: 0.000300 | Rev: 0/99999
Epoch 7753 | Cost: 0.020340 | Acc: 88.89% (Best: 94.44% @ Ep926) | LR: 0.000300 | Rev: 0/99999
Epoch 7754 | Cost: 0.018074 | Acc: 88.89% (Best: 94.44% @ Ep926) | LR: 0.000300 | Rev: 0/99999
Epoch 7755 | Cost: 0.036143 | Acc: 88.89% (Best: 94.44% @ Ep926) | LR: 0.000300 | Rev: 1/99999
Epoch 7756 | Cost: 0.020357 | Acc: 88.89% (Best: 94.44% @ Ep926) | LR: 0.000300 | Rev: 0/99999
Epoch 7757 | Cost: 0.027809 | Acc: 88.89% (Best: 94.44% @ Ep926) | LR: 0.000300 | Rev: 1/99999
Epoch 7758 | Cost: 0.017734 | Acc: 88.89% (Best: 94.44% @ Ep926) | LR: 0.000300 | Rev: 0/99999
Epoch 7759 | Cost: 0.030467 | Acc: 88.89% (Best: 94.44% @ Ep926) | LR: 0.000300 | Rev: 1/99999
Epoch 7760 | Cost: 0.027486 | Acc: 88.89% (Best: 94.44% @ Ep926) | LR: 0.000300 | Rev: 0/99999
Epoch 7761 | Cost: 0.030598 | Acc: 88.89% (Best: 94.44% @ Ep926) | LR: 0.000300 | Rev: 1/99999
Epoch 7762 | Cost: 0.021148 | Acc: 88.89% (Best: 94.44% @ Ep926) | LR: 0.000300 | Rev: 0/99999
Epoch 7763 | Cost: 0.027360 | Acc: 88.89% (Best: 94.44% @ Ep926) | LR: 0.000300 | Rev: 1/99999
Epoch 7764 | Cost: 0.026691 | Acc: 88.89% (Best: 94.44% @ Ep926) | LR: 0.000300 | Rev: 0/99999
Epoch 7765 | Cost: 0.028291 | Acc: 88.89% (Best: 94.44% @ Ep926) | LR: 0.000300 | Rev: 1/99999
Epoch 7766 | Cost: 0.022818 | Acc: 88.89% (Best: 94.44% @ Ep926) | LR: 0.000300 | Rev: 0/99999
Epoch 7767 | Cost: 0.023658 | Acc: 88.89% (Best: 94.44% @ Ep926) | LR: 0.000300 | Rev: 1/99999
Epoch 7768 | Cost: 0.025524 | Acc: 88.89% (Best: 94.44% @ Ep926) | LR: 0.000300 | Rev: 2/99999
Epoch 7769 | Cost: 0.016556 | Acc: 88.89% (Best: 94.44% @ Ep926) | LR: 0.000300 | Rev: 0/99999
Epoch 7770 | Cost: 0.020268 | Acc: 88.89% (Best: 94.44% @ Ep926) | LR: 0.000300 | Rev: 1/99999
Epoch 7771 | Cost: 0.018759 | Acc: 88.89% (Best: 94.44% @ Ep926) | LR: 0.000300 | Rev: 0/99999
Epoch 7772 | Cost: 0.020982 | Acc: 88.89% (Best: 94.44% @ Ep926) | LR: 0.000300 | Rev: 1/99999
Epoch 7773 | Cost: 0.040232 | Acc: 88.89% (Best: 94.44% @ Ep926) | LR: 0.000300 | Rev: 2/99999
Epoch 7774 | Cost: 0.016655 | Acc: 88.89% (Best: 94.44% @ Ep926) | LR: 0.000300 | Rev: 0/99999
Epoch 7775 | Cost: 0.023417 | Acc: 88.89% (Best: 94.44% @ Ep926) | LR: 0.000300 | Rev: 1/99999
Epoch 7776 | Cost: 0.026096 | Acc: 88.89% (Best: 94.44% @ Ep926) | LR: 0.000300 | Rev: 2/99999
Epoch 7777 | Cost: 0.019772 | Acc: 88.89% (Best: 94.44% @ Ep926) | LR: 0.000300 | Rev: 0/99999
Epoch 7778 | Cost: 0.032239 | Acc: 88.89% (Best: 94.44% @ Ep926) | LR: 0.000300 | Rev: 1/99999
Epoch 7779 | Cost: 0.032306 | Acc: 88.89% (Best: 94.44% @ Ep926) | LR: 0.000300 | Rev: 2/99999
Epoch 7780 | Cost: 0.020168 | Acc: 86.11% (Best: 94.44% @ Ep926) | LR: 0.000300 | Rev: 0/99999
Epoch 7781 | Cost: 0.020328 | Acc: 86.11% (Best: 94.44% @ Ep926) | LR: 0.000300 | Rev: 1/99999
Epoch 7782 | Cost: 0.019674 | Acc: 88.89% (Best: 94.44% @ Ep926) | LR: 0.000300 | Rev: 0/99999
Epoch 7783 | Cost: 0.014384 | Acc: 88.89% (Best: 94.44% @ Ep926) | LR: 0.000300 | Rev: 0/99999
Epoch 7784 | Cost: 0.026193 | Acc: 88.89% (Best: 94.44% @ Ep926) | LR: 0.000300 | Rev: 1/99999
Epoch 7785 | Cost: 0.021568 | Acc: 88.89% (Best: 94.44% @ Ep926) | LR: 0.000300 | Rev: 0/99999
Epoch 7786 | Cost: 0.029895 | Acc: 88.89% (Best: 94.44% @ Ep926) | LR: 0.000300 | Rev: 1/99999
Epoch 7787 | Cost: 0.015674 | Acc: 88.89% (Best: 94.44% @ Ep926) | LR: 0.000300 | Rev: 0/99999
Epoch 7788 | Cost: 0.019517 | Acc: 88.89% (Best: 94.44% @ Ep926) | LR: 0.000300 | Rev: 1/99999
Epoch 7789 | Cost: 0.017281 | Acc: 88.89% (Best: 94.44% @ Ep926) | LR: 0.000300 | Rev: 0/99999
Epoch 7790 | Cost: 0.013986 | Acc: 88.89% (Best: 94.44% @ Ep926) | LR: 0.000300 | Rev: 0/99999
Epoch 7791 | Cost: 0.016193 | Acc: 88.89% (Best: 94.44% @ Ep926) | LR: 0.000300 | Rev: 1/99999
Epoch 7792 | Cost: 0.019940 | Acc: 88.89% (Best: 94.44% @ Ep926) | LR: 0.000300 | Rev: 2/99999
Epoch 7793 | Cost: 0.053434 | Acc: 88.89% (Best: 94.44% @ Ep926) | LR: 0.000300 | Rev: 3/99999
Epoch 7794 | Cost: 0.022110 | Acc: 88.89% (Best: 94.44% @ Ep926) | LR: 0.000300 | Rev: 0/99999
Epoch 7795 | Cost: 0.028460 | Acc: 88.89% (Best: 94.44% @ Ep926) | LR: 0.000300 | Rev: 1/99999
Epoch 7796 | Cost: 0.022076 | Acc: 88.89% (Best: 94.44% @ Ep926) | LR: 0.000300 | Rev: 0/99999
Epoch 7797 | Cost: 0.016169 | Acc: 86.11% (Best: 94.44% @ Ep926) | LR: 0.000300 | Rev: 0/99999
Epoch 7798 | Cost: 0.025950 | Acc: 88.89% (Best: 94.44% @ Ep926) | LR: 0.000300 | Rev: 1/99999
Epoch 7799 | Cost: 0.024294 | Acc: 88.89% (Best: 94.44% @ Ep926) | LR: 0.000300 | Rev: 0/99999
Epoch 7800 | Cost: 0.021630 | Acc: 88.89% (Best: 94.44% @ Ep926) | LR: 0.000300 | Rev: 0/99999
Epoch 7801 | Cost: 0.027352 | Acc: 88.89% (Best: 94.44% @ Ep926) | LR: 0.000300 | Rev: 1/99999
Epoch 7802 | Cost: 0.032836 | Acc: 88.89% (Best: 94.44% @ Ep926) | LR: 0.000300 | Rev: 2/99999
Epoch 7803 | Cost: 0.021265 | Acc: 88.89% (Best: 94.44% @ Ep926) | LR: 0.000300 | Rev: 0/99999
Epoch 7804 | Cost: 0.020871 | Acc: 88.89% (Best: 94.44% @ Ep926) | LR: 0.000300 | Rev: 0/99999
Epoch 7805 | Cost: 0.015270 | Acc: 88.89% (Best: 94.44% @ Ep926) | LR: 0.000300 | Rev: 0/99999
Epoch 7806 | Cost: 0.023247 | Acc: 88.89% (Best: 94.44% @ Ep926) | LR: 0.000300 | Rev: 1/99999
Epoch 7807 | Cost: 0.026205 | Acc: 88.89% (Best: 94.44% @ Ep926) | LR: 0.000300 | Rev: 2/99999
Epoch 7808 | Cost: 0.019174 | Acc: 88.89% (Best: 94.44% @ Ep926) | LR: 0.000300 | Rev: 0/99999
Epoch 7809 | Cost: 0.022034 | Acc: 88.89% (Best: 94.44% @ Ep926) | LR: 0.000300 | Rev: 1/99999
Epoch 7810 | Cost: 0.026630 | Acc: 88.89% (Best: 94.44% @ Ep926) | LR: 0.000300 | Rev: 2/99999
Epoch 7811 | Cost: 0.020068 | Acc: 88.89% (Best: 94.44% @ Ep926) | LR: 0.000300 | Rev: 0/99999
Epoch 7812 | Cost: 0.027941 | Acc: 88.89% (Best: 94.44% @ Ep926) | LR: 0.000300 | Rev: 1/99999
Epoch 7813 | Cost: 0.017846 | Acc: 88.89% (Best: 94.44% @ Ep926) | LR: 0.000300 | Rev: 0/99999
Epoch 7814 | Cost: 0.023756 | Acc: 88.89% (Best: 94.44% @ Ep926) | LR: 0.000300 | Rev: 1/99999
Epoch 7815 | Cost: 0.020536 | Acc: 88.89% (Best: 94.44% @ Ep926) | LR: 0.000300 | Rev: 0/99999
Epoch 7816 | Cost: 0.018970 | Acc: 88.89% (Best: 94.44% @ Ep926) | LR: 0.000300 | Rev: 0/99999
Epoch 7817 | Cost: 0.017433 | Acc: 88.89% (Best: 94.44% @ Ep926) | LR: 0.000300 | Rev: 0/99999
Epoch 7818 | Cost: 0.020441 | Acc: 88.89% (Best: 94.44% @ Ep926) | LR: 0.000300 | Rev: 1/99999
Epoch 7819 | Cost: 0.018908 | Acc: 88.89% (Best: 94.44% @ Ep926) | LR: 0.000300 | Rev: 0/99999
Epoch 7820 | Cost: 0.022329 | Acc: 88.89% (Best: 94.44% @ Ep926) | LR: 0.000300 | Rev: 1/99999
Epoch 7821 | Cost: 0.016118 | Acc: 88.89% (Best: 94.44% @ Ep926) | LR: 0.000300 | Rev: 0/99999
Epoch 7822 | Cost: 0.017613 | Acc: 88.89% (Best: 94.44% @ Ep926) | LR: 0.000300 | Rev: 1/99999
Epoch 7823 | Cost: 0.017094 | Acc: 88.89% (Best: 94.44% @ Ep926) | LR: 0.000300 | Rev: 0/99999
Epoch 7824 | Cost: 0.027374 | Acc: 88.89% (Best: 94.44% @ Ep926) | LR: 0.000300 | Rev: 1/99999
Epoch 7825 | Cost: 0.019301 | Acc: 88.89% (Best: 94.44% @ Ep926) | LR: 0.000300 | Rev: 0/99999
Epoch 7826 | Cost: 0.021643 | Acc: 88.89% (Best: 94.44% @ Ep926) | LR: 0.000300 | Rev: 1/99999
Epoch 7827 | Cost: 0.021103 | Acc: 88.89% (Best: 94.44% @ Ep926) | LR: 0.000300 | Rev: 0/99999
Epoch 7828 | Cost: 0.013555 | Acc: 88.89% (Best: 94.44% @ Ep926) | LR: 0.000300 | Rev: 0/99999
Epoch 7829 | Cost: 0.022926 | Acc: 88.89% (Best: 94.44% @ Ep926) | LR: 0.000300 | Rev: 1/99999
Epoch 7830 | Cost: 0.025470 | Acc: 88.89% (Best: 94.44% @ Ep926) | LR: 0.000300 | Rev: 2/99999
Epoch 7831 | Cost: 0.020315 | Acc: 88.89% (Best: 94.44% @ Ep926) | LR: 0.000300 | Rev: 0/99999
Epoch 7832 | Cost: 0.026378 | Acc: 88.89% (Best: 94.44% @ Ep926) | LR: 0.000300 | Rev: 1/99999
Epoch 7833 | Cost: 0.021830 | Acc: 88.89% (Best: 94.44% @ Ep926) | LR: 0.000300 | Rev: 0/99999
Epoch 7834 | Cost: 0.027849 | Acc: 88.89% (Best: 94.44% @ Ep926) | LR: 0.000300 | Rev: 1/99999
Epoch 7835 | Cost: 0.025459 | Acc: 86.11% (Best: 94.44% @ Ep926) | LR: 0.000300 | Rev: 0/99999
Epoch 7836 | Cost: 0.028667 | Acc: 88.89% (Best: 94.44% @ Ep926) | LR: 0.000300 | Rev: 1/99999
Epoch 7837 | Cost: 0.017647 | Acc: 88.89% (Best: 94.44% @ Ep926) | LR: 0.000300 | Rev: 0/99999
Epoch 7838 | Cost: 0.019342 | Acc: 88.89% (Best: 94.44% @ Ep926) | LR: 0.000300 | Rev: 1/99999
Epoch 7839 | Cost: 0.023986 | Acc: 88.89% (Best: 94.44% @ Ep926) | LR: 0.000300 | Rev: 2/99999
Epoch 7840 | Cost: 0.022464 | Acc: 88.89% (Best: 94.44% @ Ep926) | LR: 0.000300 | Rev: 0/99999
Epoch 7841 | Cost: 0.022581 | Acc: 88.89% (Best: 94.44% @ Ep926) | LR: 0.000300 | Rev: 1/99999
Epoch 7842 | Cost: 0.013507 | Acc: 88.89% (Best: 94.44% @ Ep926) | LR: 0.000300 | Rev: 0/99999
Epoch 7843 | Cost: 0.027672 | Acc: 88.89% (Best: 94.44% @ Ep926) | LR: 0.000300 | Rev: 1/99999
Epoch 7844 | Cost: 0.020583 | Acc: 88.89% (Best: 94.44% @ Ep926) | LR: 0.000300 | Rev: 0/99999
Epoch 7845 | Cost: 0.016020 | Acc: 88.89% (Best: 94.44% @ Ep926) | LR: 0.000300 | Rev: 0/99999
Epoch 7846 | Cost: 0.024541 | Acc: 88.89% (Best: 94.44% @ Ep926) | LR: 0.000300 | Rev: 1/99999
Epoch 7847 | Cost: 0.026399 | Acc: 88.89% (Best: 94.44% @ Ep926) | LR: 0.000300 | Rev: 2/99999
Epoch 7848 | Cost: 0.014242 | Acc: 86.11% (Best: 94.44% @ Ep926) | LR: 0.000300 | Rev: 0/99999
Epoch 7849 | Cost: 0.017524 | Acc: 86.11% (Best: 94.44% @ Ep926) | LR: 0.000300 | Rev: 1/99999
Epoch 7850 | Cost: 0.022873 | Acc: 88.89% (Best: 94.44% @ Ep926) | LR: 0.000300 | Rev: 2/99999
Epoch 7851 | Cost: 0.020218 | Acc: 88.89% (Best: 94.44% @ Ep926) | LR: 0.000300 | Rev: 0/99999
Epoch 7852 | Cost: 0.012998 | Acc: 88.89% (Best: 94.44% @ Ep926) | LR: 0.000300 | Rev: 0/99999
Epoch 7853 | Cost: 0.008832 | Acc: 88.89% (Best: 94.44% @ Ep926) | LR: 0.000300 | Rev: 0/99999
Epoch 7854 | Cost: 0.021421 | Acc: 88.89% (Best: 94.44% @ Ep926) | LR: 0.000300 | Rev: 1/99999
Epoch 7855 | Cost: 0.028863 | Acc: 88.89% (Best: 94.44% @ Ep926) | LR: 0.000300 | Rev: 2/99999
Epoch 7856 | Cost: 0.024790 | Acc: 88.89% (Best: 94.44% @ Ep926) | LR: 0.000300 | Rev: 0/99999
Epoch 7857 | Cost: 0.017331 | Acc: 88.89% (Best: 94.44% @ Ep926) | LR: 0.000300 | Rev: 0/99999
Epoch 7858 | Cost: 0.023997 | Acc: 88.89% (Best: 94.44% @ Ep926) | LR: 0.000300 | Rev: 1/99999
Epoch 7859 | Cost: 0.016038 | Acc: 88.89% (Best: 94.44% @ Ep926) | LR: 0.000300 | Rev: 0/99999
Epoch 7860 | Cost: 0.013097 | Acc: 88.89% (Best: 94.44% @ Ep926) | LR: 0.000300 | Rev: 0/99999
Epoch 7861 | Cost: 0.016307 | Acc: 88.89% (Best: 94.44% @ Ep926) | LR: 0.000300 | Rev: 1/99999
Epoch 7862 | Cost: 0.018227 | Acc: 88.89% (Best: 94.44% @ Ep926) | LR: 0.000300 | Rev: 2/99999
Epoch 7863 | Cost: 0.025740 | Acc: 88.89% (Best: 94.44% @ Ep926) | LR: 0.000300 | Rev: 3/99999
Epoch 7864 | Cost: 0.017526 | Acc: 88.89% (Best: 94.44% @ Ep926) | LR: 0.000300 | Rev: 0/99999
Epoch 7865 | Cost: 0.027051 | Acc: 88.89% (Best: 94.44% @ Ep926) | LR: 0.000300 | Rev: 1/99999
Epoch 7866 | Cost: 0.032648 | Acc: 88.89% (Best: 94.44% @ Ep926) | LR: 0.000300 | Rev: 2/99999
Epoch 7867 | Cost: 0.018382 | Acc: 88.89% (Best: 94.44% @ Ep926) | LR: 0.000300 | Rev: 0/99999
Epoch 7868 | Cost: 0.024254 | Acc: 88.89% (Best: 94.44% @ Ep926) | LR: 0.000300 | Rev: 1/99999
Epoch 7869 | Cost: 0.013475 | Acc: 88.89% (Best: 94.44% @ Ep926) | LR: 0.000300 | Rev: 0/99999
Epoch 7870 | Cost: 0.028222 | Acc: 88.89% (Best: 94.44% @ Ep926) | LR: 0.000300 | Rev: 1/99999
Epoch 7871 | Cost: 0.029773 | Acc: 88.89% (Best: 94.44% @ Ep926) | LR: 0.000300 | Rev: 2/99999
Epoch 7872 | Cost: 0.031283 | Acc: 88.89% (Best: 94.44% @ Ep926) | LR: 0.000300 | Rev: 3/99999
Epoch 7873 | Cost: 0.023695 | Acc: 88.89% (Best: 94.44% @ Ep926) | LR: 0.000300 | Rev: 0/99999
Epoch 7874 | Cost: 0.018366 | Acc: 88.89% (Best: 94.44% @ Ep926) | LR: 0.000300 | Rev: 0/99999
Epoch 7875 | Cost: 0.013607 | Acc: 88.89% (Best: 94.44% @ Ep926) | LR: 0.000300 | Rev: 0/99999
Epoch 7876 | Cost: 0.018331 | Acc: 88.89% (Best: 94.44% @ Ep926) | LR: 0.000300 | Rev: 1/99999
Epoch 7877 | Cost: 0.013222 | Acc: 88.89% (Best: 94.44% @ Ep926) | LR: 0.000300 | Rev: 0/99999
Epoch 7878 | Cost: 0.031602 | Acc: 88.89% (Best: 94.44% @ Ep926) | LR: 0.000300 | Rev: 1/99999
Epoch 7879 | Cost: 0.011646 | Acc: 88.89% (Best: 94.44% @ Ep926) | LR: 0.000300 | Rev: 0/99999
Epoch 7880 | Cost: 0.017291 | Acc: 88.89% (Best: 94.44% @ Ep926) | LR: 0.000300 | Rev: 1/99999
Epoch 7881 | Cost: 0.026562 | Acc: 88.89% (Best: 94.44% @ Ep926) | LR: 0.000300 | Rev: 2/99999
Epoch 7882 | Cost: 0.014747 | Acc: 88.89% (Best: 94.44% @ Ep926) | LR: 0.000300 | Rev: 0/99999
Epoch 7883 | Cost: 0.019815 | Acc: 88.89% (Best: 94.44% @ Ep926) | LR: 0.000300 | Rev: 1/99999
Epoch 7884 | Cost: 0.018826 | Acc: 88.89% (Best: 94.44% @ Ep926) | LR: 0.000300 | Rev: 0/99999
Epoch 7885 | Cost: 0.021081 | Acc: 88.89% (Best: 94.44% @ Ep926) | LR: 0.000300 | Rev: 1/99999
Epoch 7886 | Cost: 0.019748 | Acc: 88.89% (Best: 94.44% @ Ep926) | LR: 0.000300 | Rev: 0/99999
Epoch 7887 | Cost: 0.012683 | Acc: 88.89% (Best: 94.44% @ Ep926) | LR: 0.000300 | Rev: 0/99999
Epoch 7888 | Cost: 0.015290 | Acc: 88.89% (Best: 94.44% @ Ep926) | LR: 0.000300 | Rev: 1/99999
Epoch 7889 | Cost: 0.032397 | Acc: 88.89% (Best: 94.44% @ Ep926) | LR: 0.000300 | Rev: 2/99999
Epoch 7890 | Cost: 0.029065 | Acc: 88.89% (Best: 94.44% @ Ep926) | LR: 0.000300 | Rev: 0/99999
Epoch 7891 | Cost: 0.016696 | Acc: 88.89% (Best: 94.44% @ Ep926) | LR: 0.000300 | Rev: 0/99999
Epoch 7892 | Cost: 0.022198 | Acc: 88.89% (Best: 94.44% @ Ep926) | LR: 0.000300 | Rev: 1/99999
Epoch 7893 | Cost: 0.016409 | Acc: 88.89% (Best: 94.44% @ Ep926) | LR: 0.000300 | Rev: 0/99999
Epoch 7894 | Cost: 0.021148 | Acc: 88.89% (Best: 94.44% @ Ep926) | LR: 0.000300 | Rev: 1/99999
Epoch 7895 | Cost: 0.033133 | Acc: 88.89% (Best: 94.44% @ Ep926) | LR: 0.000300 | Rev: 2/99999
Epoch 7896 | Cost: 0.020283 | Acc: 88.89% (Best: 94.44% @ Ep926) | LR: 0.000300 | Rev: 0/99999
Epoch 7897 | Cost: 0.020404 | Acc: 88.89% (Best: 94.44% @ Ep926) | LR: 0.000300 | Rev: 1/99999
Epoch 7898 | Cost: 0.043961 | Acc: 88.89% (Best: 94.44% @ Ep926) | LR: 0.000300 | Rev: 2/99999
Epoch 7899 | Cost: 0.011020 | Acc: 88.89% (Best: 94.44% @ Ep926) | LR: 0.000300 | Rev: 0/99999
Epoch 7900 | Cost: 0.019129 | Acc: 88.89% (Best: 94.44% @ Ep926) | LR: 0.000300 | Rev: 1/99999
Epoch 7901 | Cost: 0.020429 | Acc: 88.89% (Best: 94.44% @ Ep926) | LR: 0.000300 | Rev: 2/99999
Epoch 7902 | Cost: 0.026247 | Acc: 88.89% (Best: 94.44% @ Ep926) | LR: 0.000300 | Rev: 3/99999
Epoch 7903 | Cost: 0.016639 | Acc: 88.89% (Best: 94.44% @ Ep926) | LR: 0.000300 | Rev: 0/99999
Epoch 7904 | Cost: 0.026431 | Acc: 88.89% (Best: 94.44% @ Ep926) | LR: 0.000300 | Rev: 1/99999
Epoch 7905 | Cost: 0.018644 | Acc: 88.89% (Best: 94.44% @ Ep926) | LR: 0.000300 | Rev: 0/99999
Epoch 7906 | Cost: 0.031250 | Acc: 88.89% (Best: 94.44% @ Ep926) | LR: 0.000300 | Rev: 1/99999
Epoch 7907 | Cost: 0.020897 | Acc: 88.89% (Best: 94.44% @ Ep926) | LR: 0.000300 | Rev: 0/99999
Epoch 7908 | Cost: 0.012141 | Acc: 88.89% (Best: 94.44% @ Ep926) | LR: 0.000300 | Rev: 0/99999
Epoch 7909 | Cost: 0.015657 | Acc: 88.89% (Best: 94.44% @ Ep926) | LR: 0.000300 | Rev: 1/99999
Epoch 7910 | Cost: 0.024600 | Acc: 88.89% (Best: 94.44% @ Ep926) | LR: 0.000300 | Rev: 2/99999
Epoch 7911 | Cost: 0.029073 | Acc: 88.89% (Best: 94.44% @ Ep926) | LR: 0.000300 | Rev: 3/99999
Epoch 7912 | Cost: 0.015788 | Acc: 88.89% (Best: 94.44% @ Ep926) | LR: 0.000300 | Rev: 0/99999
Epoch 7913 | Cost: 0.019728 | Acc: 88.89% (Best: 94.44% @ Ep926) | LR: 0.000300 | Rev: 1/99999
Epoch 7914 | Cost: 0.008813 | Acc: 88.89% (Best: 94.44% @ Ep926) | LR: 0.000300 | Rev: 0/99999
Epoch 7915 | Cost: 0.010784 | Acc: 88.89% (Best: 94.44% @ Ep926) | LR: 0.000300 | Rev: 1/99999
Epoch 7916 | Cost: 0.020699 | Acc: 88.89% (Best: 94.44% @ Ep926) | LR: 0.000300 | Rev: 2/99999
Epoch 7917 | Cost: 0.035399 | Acc: 88.89% (Best: 94.44% @ Ep926) | LR: 0.000300 | Rev: 3/99999
Epoch 7918 | Cost: 0.018524 | Acc: 88.89% (Best: 94.44% @ Ep926) | LR: 0.000300 | Rev: 0/99999
Epoch 7919 | Cost: 0.021237 | Acc: 88.89% (Best: 94.44% @ Ep926) | LR: 0.000300 | Rev: 1/99999
Epoch 7920 | Cost: 0.028009 | Acc: 88.89% (Best: 94.44% @ Ep926) | LR: 0.000300 | Rev: 2/99999
Epoch 7921 | Cost: 0.023682 | Acc: 88.89% (Best: 94.44% @ Ep926) | LR: 0.000300 | Rev: 0/99999
Epoch 7922 | Cost: 0.018668 | Acc: 88.89% (Best: 94.44% @ Ep926) | LR: 0.000300 | Rev: 0/99999
Epoch 7923 | Cost: 0.024066 | Acc: 88.89% (Best: 94.44% @ Ep926) | LR: 0.000300 | Rev: 1/99999
Epoch 7924 | Cost: 0.014314 | Acc: 88.89% (Best: 94.44% @ Ep926) | LR: 0.000300 | Rev: 0/99999
Epoch 7925 | Cost: 0.022392 | Acc: 88.89% (Best: 94.44% @ Ep926) | LR: 0.000300 | Rev: 1/99999
Epoch 7926 | Cost: 0.019977 | Acc: 88.89% (Best: 94.44% @ Ep926) | LR: 0.000300 | Rev: 0/99999
Epoch 7927 | Cost: 0.018374 | Acc: 88.89% (Best: 94.44% @ Ep926) | LR: 0.000300 | Rev: 0/99999
Epoch 7928 | Cost: 0.011715 | Acc: 88.89% (Best: 94.44% @ Ep926) | LR: 0.000300 | Rev: 0/99999
Epoch 7929 | Cost: 0.023907 | Acc: 88.89% (Best: 94.44% @ Ep926) | LR: 0.000300 | Rev: 1/99999
Epoch 7930 | Cost: 0.015098 | Acc: 88.89% (Best: 94.44% @ Ep926) | LR: 0.000300 | Rev: 0/99999
Epoch 7931 | Cost: 0.021999 | Acc: 88.89% (Best: 94.44% @ Ep926) | LR: 0.000300 | Rev: 1/99999
Epoch 7932 | Cost: 0.030393 | Acc: 88.89% (Best: 94.44% @ Ep926) | LR: 0.000300 | Rev: 2/99999
Epoch 7933 | Cost: 0.020770 | Acc: 88.89% (Best: 94.44% @ Ep926) | LR: 0.000300 | Rev: 0/99999
Epoch 7934 | Cost: 0.018774 | Acc: 88.89% (Best: 94.44% @ Ep926) | LR: 0.000300 | Rev: 0/99999
Epoch 7935 | Cost: 0.027732 | Acc: 88.89% (Best: 94.44% @ Ep926) | LR: 0.000300 | Rev: 1/99999
Epoch 7936 | Cost: 0.020071 | Acc: 88.89% (Best: 94.44% @ Ep926) | LR: 0.000300 | Rev: 0/99999
Epoch 7937 | Cost: 0.032274 | Acc: 88.89% (Best: 94.44% @ Ep926) | LR: 0.000300 | Rev: 1/99999
Epoch 7938 | Cost: 0.022154 | Acc: 88.89% (Best: 94.44% @ Ep926) | LR: 0.000300 | Rev: 0/99999
Epoch 7939 | Cost: 0.022411 | Acc: 88.89% (Best: 94.44% @ Ep926) | LR: 0.000300 | Rev: 1/99999
Epoch 7940 | Cost: 0.023459 | Acc: 88.89% (Best: 94.44% @ Ep926) | LR: 0.000300 | Rev: 2/99999
Epoch 7941 | Cost: 0.021218 | Acc: 88.89% (Best: 94.44% @ Ep926) | LR: 0.000300 | Rev: 0/99999
Epoch 7942 | Cost: 0.032270 | Acc: 88.89% (Best: 94.44% @ Ep926) | LR: 0.000300 | Rev: 1/99999
Epoch 7943 | Cost: 0.012334 | Acc: 88.89% (Best: 94.44% @ Ep926) | LR: 0.000300 | Rev: 0/99999
Epoch 7944 | Cost: 0.013881 | Acc: 88.89% (Best: 94.44% @ Ep926) | LR: 0.000300 | Rev: 1/99999
Epoch 7945 | Cost: 0.018126 | Acc: 88.89% (Best: 94.44% @ Ep926) | LR: 0.000300 | Rev: 2/99999
Epoch 7946 | Cost: 0.024938 | Acc: 88.89% (Best: 94.44% @ Ep926) | LR: 0.000300 | Rev: 3/99999
Epoch 7947 | Cost: 0.019470 | Acc: 88.89% (Best: 94.44% @ Ep926) | LR: 0.000300 | Rev: 0/99999
Epoch 7948 | Cost: 0.024109 | Acc: 88.89% (Best: 94.44% @ Ep926) | LR: 0.000300 | Rev: 1/99999
Epoch 7949 | Cost: 0.022517 | Acc: 88.89% (Best: 94.44% @ Ep926) | LR: 0.000300 | Rev: 0/99999
Epoch 7950 | Cost: 0.025953 | Acc: 88.89% (Best: 94.44% @ Ep926) | LR: 0.000300 | Rev: 1/99999
Epoch 7951 | Cost: 0.017122 | Acc: 88.89% (Best: 94.44% @ Ep926) | LR: 0.000300 | Rev: 0/99999
Epoch 7952 | Cost: 0.037311 | Acc: 88.89% (Best: 94.44% @ Ep926) | LR: 0.000300 | Rev: 1/99999
Epoch 7953 | Cost: 0.015639 | Acc: 88.89% (Best: 94.44% @ Ep926) | LR: 0.000300 | Rev: 0/99999
Epoch 7954 | Cost: 0.019320 | Acc: 88.89% (Best: 94.44% @ Ep926) | LR: 0.000300 | Rev: 1/99999
Epoch 7955 | Cost: 0.016700 | Acc: 88.89% (Best: 94.44% @ Ep926) | LR: 0.000300 | Rev: 0/99999
Epoch 7956 | Cost: 0.013470 | Acc: 88.89% (Best: 94.44% @ Ep926) | LR: 0.000300 | Rev: 0/99999
Epoch 7957 | Cost: 0.028620 | Acc: 88.89% (Best: 94.44% @ Ep926) | LR: 0.000300 | Rev: 1/99999
Epoch 7958 | Cost: 0.031092 | Acc: 88.89% (Best: 94.44% @ Ep926) | LR: 0.000300 | Rev: 2/99999
Epoch 7959 | Cost: 0.022269 | Acc: 88.89% (Best: 94.44% @ Ep926) | LR: 0.000300 | Rev: 0/99999
Epoch 7960 | Cost: 0.016773 | Acc: 88.89% (Best: 94.44% @ Ep926) | LR: 0.000300 | Rev: 0/99999
Epoch 7961 | Cost: 0.021406 | Acc: 88.89% (Best: 94.44% @ Ep926) | LR: 0.000300 | Rev: 1/99999
Epoch 7962 | Cost: 0.024271 | Acc: 88.89% (Best: 94.44% @ Ep926) | LR: 0.000300 | Rev: 2/99999
Epoch 7963 | Cost: 0.025634 | Acc: 88.89% (Best: 94.44% @ Ep926) | LR: 0.000300 | Rev: 3/99999
Epoch 7964 | Cost: 0.013752 | Acc: 88.89% (Best: 94.44% @ Ep926) | LR: 0.000300 | Rev: 0/99999
Epoch 7965 | Cost: 0.028949 | Acc: 88.89% (Best: 94.44% @ Ep926) | LR: 0.000300 | Rev: 1/99999
Epoch 7966 | Cost: 0.026990 | Acc: 88.89% (Best: 94.44% @ Ep926) | LR: 0.000300 | Rev: 0/99999
Epoch 7967 | Cost: 0.040487 | Acc: 88.89% (Best: 94.44% @ Ep926) | LR: 0.000300 | Rev: 1/99999
Epoch 7968 | Cost: 0.016718 | Acc: 88.89% (Best: 94.44% @ Ep926) | LR: 0.000300 | Rev: 0/99999
Epoch 7969 | Cost: 0.033222 | Acc: 88.89% (Best: 94.44% @ Ep926) | LR: 0.000300 | Rev: 1/99999
Epoch 7970 | Cost: 0.020569 | Acc: 88.89% (Best: 94.44% @ Ep926) | LR: 0.000300 | Rev: 0/99999
Epoch 7971 | Cost: 0.022103 | Acc: 88.89% (Best: 94.44% @ Ep926) | LR: 0.000300 | Rev: 1/99999
Epoch 7972 | Cost: 0.012929 | Acc: 88.89% (Best: 94.44% @ Ep926) | LR: 0.000300 | Rev: 0/99999
Epoch 7973 | Cost: 0.027477 | Acc: 88.89% (Best: 94.44% @ Ep926) | LR: 0.000300 | Rev: 1/99999
Epoch 7974 | Cost: 0.026325 | Acc: 88.89% (Best: 94.44% @ Ep926) | LR: 0.000300 | Rev: 0/99999
Epoch 7975 | Cost: 0.026120 | Acc: 88.89% (Best: 94.44% @ Ep926) | LR: 0.000300 | Rev: 0/99999
Epoch 7976 | Cost: 0.021597 | Acc: 88.89% (Best: 94.44% @ Ep926) | LR: 0.000300 | Rev: 0/99999
Epoch 7977 | Cost: 0.027945 | Acc: 88.89% (Best: 94.44% @ Ep926) | LR: 0.000300 | Rev: 1/99999
Epoch 7978 | Cost: 0.015240 | Acc: 88.89% (Best: 94.44% @ Ep926) | LR: 0.000300 | Rev: 0/99999
Epoch 7979 | Cost: 0.016370 | Acc: 88.89% (Best: 94.44% @ Ep926) | LR: 0.000300 | Rev: 1/99999
Epoch 7980 | Cost: 0.024192 | Acc: 88.89% (Best: 94.44% @ Ep926) | LR: 0.000300 | Rev: 2/99999
Epoch 7981 | Cost: 0.026154 | Acc: 86.11% (Best: 94.44% @ Ep926) | LR: 0.000300 | Rev: 3/99999
Epoch 7982 | Cost: 0.037120 | Acc: 88.89% (Best: 94.44% @ Ep926) | LR: 0.000300 | Rev: 4/99999
Epoch 7983 | Cost: 0.019831 | Acc: 88.89% (Best: 94.44% @ Ep926) | LR: 0.000300 | Rev: 0/99999
Epoch 7984 | Cost: 0.031249 | Acc: 88.89% (Best: 94.44% @ Ep926) | LR: 0.000300 | Rev: 1/99999
Epoch 7985 | Cost: 0.021280 | Acc: 88.89% (Best: 94.44% @ Ep926) | LR: 0.000300 | Rev: 0/99999
Epoch 7986 | Cost: 0.019533 | Acc: 88.89% (Best: 94.44% @ Ep926) | LR: 0.000300 | Rev: 0/99999
Epoch 7987 | Cost: 0.015255 | Acc: 88.89% (Best: 94.44% @ Ep926) | LR: 0.000300 | Rev: 0/99999
Epoch 7988 | Cost: 0.016428 | Acc: 88.89% (Best: 94.44% @ Ep926) | LR: 0.000300 | Rev: 1/99999
Epoch 7989 | Cost: 0.017606 | Acc: 88.89% (Best: 94.44% @ Ep926) | LR: 0.000300 | Rev: 2/99999
Epoch 7990 | Cost: 0.029173 | Acc: 88.89% (Best: 94.44% @ Ep926) | LR: 0.000300 | Rev: 3/99999
Epoch 7991 | Cost: 0.014451 | Acc: 88.89% (Best: 94.44% @ Ep926) | LR: 0.000300 | Rev: 0/99999
Epoch 7992 | Cost: 0.024008 | Acc: 88.89% (Best: 94.44% @ Ep926) | LR: 0.000300 | Rev: 1/99999
Epoch 7993 | Cost: 0.018129 | Acc: 88.89% (Best: 94.44% @ Ep926) | LR: 0.000300 | Rev: 0/99999
Epoch 7994 | Cost: 0.016634 | Acc: 88.89% (Best: 94.44% @ Ep926) | LR: 0.000300 | Rev: 0/99999
Epoch 7995 | Cost: 0.026491 | Acc: 88.89% (Best: 94.44% @ Ep926) | LR: 0.000300 | Rev: 1/99999
Epoch 7996 | Cost: 0.016089 | Acc: 88.89% (Best: 94.44% @ Ep926) | LR: 0.000300 | Rev: 0/99999
Epoch 7997 | Cost: 0.038444 | Acc: 88.89% (Best: 94.44% @ Ep926) | LR: 0.000300 | Rev: 1/99999
Epoch 7998 | Cost: 0.022745 | Acc: 88.89% (Best: 94.44% @ Ep926) | LR: 0.000300 | Rev: 0/99999
Epoch 7999 | Cost: 0.037562 | Acc: 88.89% (Best: 94.44% @ Ep926) | LR: 0.000300 | Rev: 1/99999
Epoch 8000 | Cost: 0.021459 | Acc: 88.89% (Best: 94.44% @ Ep926) | LR: 0.000300 | Rev: 0/99999
Epoch 8001 | Cost: 0.024021 | Acc: 86.11% (Best: 94.44% @ Ep926) | LR: 0.000300 | Rev: 1/99999
Epoch 8002 | Cost: 0.023432 | Acc: 86.11% (Best: 94.44% @ Ep926) | LR: 0.000300 | Rev: 0/99999
Epoch 8003 | Cost: 0.016204 | Acc: 86.11% (Best: 94.44% @ Ep926) | LR: 0.000300 | Rev: 0/99999
Epoch 8004 | Cost: 0.017168 | Acc: 88.89% (Best: 94.44% @ Ep926) | LR: 0.000300 | Rev: 1/99999
Epoch 8005 | Cost: 0.022904 | Acc: 88.89% (Best: 94.44% @ Ep926) | LR: 0.000300 | Rev: 2/99999
Epoch 8006 | Cost: 0.018957 | Acc: 88.89% (Best: 94.44% @ Ep926) | LR: 0.000300 | Rev: 0/99999
Epoch 8007 | Cost: 0.039671 | Acc: 88.89% (Best: 94.44% @ Ep926) | LR: 0.000300 | Rev: 1/99999
Epoch 8008 | Cost: 0.015000 | Acc: 88.89% (Best: 94.44% @ Ep926) | LR: 0.000300 | Rev: 0/99999
Epoch 8009 | Cost: 0.024040 | Acc: 88.89% (Best: 94.44% @ Ep926) | LR: 0.000300 | Rev: 1/99999
Epoch 8010 | Cost: 0.016948 | Acc: 88.89% (Best: 94.44% @ Ep926) | LR: 0.000300 | Rev: 0/99999
Epoch 8011 | Cost: 0.021429 | Acc: 88.89% (Best: 94.44% @ Ep926) | LR: 0.000300 | Rev: 1/99999
Epoch 8012 | Cost: 0.018647 | Acc: 86.11% (Best: 94.44% @ Ep926) | LR: 0.000300 | Rev: 0/99999
Epoch 8013 | Cost: 0.019475 | Acc: 86.11% (Best: 94.44% @ Ep926) | LR: 0.000300 | Rev: 1/99999
Epoch 8014 | Cost: 0.027698 | Acc: 86.11% (Best: 94.44% @ Ep926) | LR: 0.000300 | Rev: 2/99999
Epoch 8015 | Cost: 0.022258 | Acc: 88.89% (Best: 94.44% @ Ep926) | LR: 0.000300 | Rev: 0/99999
Epoch 8016 | Cost: 0.018770 | Acc: 88.89% (Best: 94.44% @ Ep926) | LR: 0.000300 | Rev: 0/99999
Epoch 8017 | Cost: 0.024787 | Acc: 88.89% (Best: 94.44% @ Ep926) | LR: 0.000300 | Rev: 1/99999
Epoch 8018 | Cost: 0.030469 | Acc: 88.89% (Best: 94.44% @ Ep926) | LR: 0.000300 | Rev: 2/99999
Epoch 8019 | Cost: 0.034678 | Acc: 88.89% (Best: 94.44% @ Ep926) | LR: 0.000300 | Rev: 3/99999
Epoch 8020 | Cost: 0.020877 | Acc: 88.89% (Best: 94.44% @ Ep926) | LR: 0.000300 | Rev: 0/99999
Epoch 8021 | Cost: 0.023084 | Acc: 88.89% (Best: 94.44% @ Ep926) | LR: 0.000300 | Rev: 1/99999
Epoch 8022 | Cost: 0.031125 | Acc: 86.11% (Best: 94.44% @ Ep926) | LR: 0.000300 | Rev: 2/99999
Epoch 8023 | Cost: 0.021567 | Acc: 86.11% (Best: 94.44% @ Ep926) | LR: 0.000300 | Rev: 0/99999
Epoch 8024 | Cost: 0.026086 | Acc: 88.89% (Best: 94.44% @ Ep926) | LR: 0.000300 | Rev: 1/99999
Epoch 8025 | Cost: 0.024707 | Acc: 88.89% (Best: 94.44% @ Ep926) | LR: 0.000300 | Rev: 0/99999
Epoch 8026 | Cost: 0.015823 | Acc: 88.89% (Best: 94.44% @ Ep926) | LR: 0.000300 | Rev: 0/99999
Epoch 8027 | Cost: 0.017339 | Acc: 88.89% (Best: 94.44% @ Ep926) | LR: 0.000300 | Rev: 1/99999
Epoch 8028 | Cost: 0.016224 | Acc: 88.89% (Best: 94.44% @ Ep926) | LR: 0.000300 | Rev: 0/99999
Epoch 8029 | Cost: 0.026217 | Acc: 88.89% (Best: 94.44% @ Ep926) | LR: 0.000300 | Rev: 1/99999
Epoch 8030 | Cost: 0.022177 | Acc: 88.89% (Best: 94.44% @ Ep926) | LR: 0.000300 | Rev: 0/99999
Epoch 8031 | Cost: 0.019830 | Acc: 88.89% (Best: 94.44% @ Ep926) | LR: 0.000300 | Rev: 0/99999
Epoch 8032 | Cost: 0.030202 | Acc: 88.89% (Best: 94.44% @ Ep926) | LR: 0.000300 | Rev: 1/99999
Epoch 8033 | Cost: 0.031991 | Acc: 88.89% (Best: 94.44% @ Ep926) | LR: 0.000300 | Rev: 2/99999
Epoch 8034 | Cost: 0.012801 | Acc: 88.89% (Best: 94.44% @ Ep926) | LR: 0.000300 | Rev: 0/99999
Epoch 8035 | Cost: 0.015124 | Acc: 88.89% (Best: 94.44% @ Ep926) | LR: 0.000300 | Rev: 1/99999
Epoch 8036 | Cost: 0.023396 | Acc: 88.89% (Best: 94.44% @ Ep926) | LR: 0.000300 | Rev: 2/99999
Epoch 8037 | Cost: 0.019158 | Acc: 88.89% (Best: 94.44% @ Ep926) | LR: 0.000300 | Rev: 0/99999
Epoch 8038 | Cost: 0.026709 | Acc: 88.89% (Best: 94.44% @ Ep926) | LR: 0.000300 | Rev: 1/99999
Epoch 8039 | Cost: 0.028829 | Acc: 88.89% (Best: 94.44% @ Ep926) | LR: 0.000300 | Rev: 2/99999
Epoch 8040 | Cost: 0.020162 | Acc: 88.89% (Best: 94.44% @ Ep926) | LR: 0.000300 | Rev: 0/99999
Epoch 8041 | Cost: 0.022783 | Acc: 88.89% (Best: 94.44% @ Ep926) | LR: 0.000300 | Rev: 1/99999
Epoch 8042 | Cost: 0.030543 | Acc: 88.89% (Best: 94.44% @ Ep926) | LR: 0.000300 | Rev: 2/99999
Epoch 8043 | Cost: 0.016548 | Acc: 88.89% (Best: 94.44% @ Ep926) | LR: 0.000300 | Rev: 0/99999
Epoch 8044 | Cost: 0.029025 | Acc: 88.89% (Best: 94.44% @ Ep926) | LR: 0.000300 | Rev: 1/99999
Epoch 8045 | Cost: 0.027919 | Acc: 88.89% (Best: 94.44% @ Ep926) | LR: 0.000300 | Rev: 0/99999
Epoch 8046 | Cost: 0.039594 | Acc: 88.89% (Best: 94.44% @ Ep926) | LR: 0.000300 | Rev: 1/99999
Epoch 8047 | Cost: 0.032144 | Acc: 88.89% (Best: 94.44% @ Ep926) | LR: 0.000300 | Rev: 0/99999
Epoch 8048 | Cost: 0.015762 | Acc: 88.89% (Best: 94.44% @ Ep926) | LR: 0.000300 | Rev: 0/99999
Epoch 8049 | Cost: 0.013961 | Acc: 88.89% (Best: 94.44% @ Ep926) | LR: 0.000300 | Rev: 0/99999
Epoch 8050 | Cost: 0.019848 | Acc: 88.89% (Best: 94.44% @ Ep926) | LR: 0.000300 | Rev: 1/99999
Epoch 8051 | Cost: 0.019811 | Acc: 86.11% (Best: 94.44% @ Ep926) | LR: 0.000300 | Rev: 0/99999
Epoch 8052 | Cost: 0.034961 | Acc: 88.89% (Best: 94.44% @ Ep926) | LR: 0.000300 | Rev: 1/99999
Epoch 8053 | Cost: 0.025819 | Acc: 88.89% (Best: 94.44% @ Ep926) | LR: 0.000300 | Rev: 0/99999
Epoch 8054 | Cost: 0.026642 | Acc: 88.89% (Best: 94.44% @ Ep926) | LR: 0.000300 | Rev: 1/99999
Epoch 8055 | Cost: 0.014529 | Acc: 88.89% (Best: 94.44% @ Ep926) | LR: 0.000300 | Rev: 0/99999
Epoch 8056 | Cost: 0.025863 | Acc: 88.89% (Best: 94.44% @ Ep926) | LR: 0.000300 | Rev: 1/99999
Epoch 8057 | Cost: 0.022432 | Acc: 88.89% (Best: 94.44% @ Ep926) | LR: 0.000300 | Rev: 0/99999
Epoch 8058 | Cost: 0.017278 | Acc: 88.89% (Best: 94.44% @ Ep926) | LR: 0.000300 | Rev: 0/99999
Epoch 8059 | Cost: 0.014342 | Acc: 88.89% (Best: 94.44% @ Ep926) | LR: 0.000300 | Rev: 0/99999
Epoch 8060 | Cost: 0.025229 | Acc: 88.89% (Best: 94.44% @ Ep926) | LR: 0.000300 | Rev: 1/99999
Epoch 8061 | Cost: 0.037932 | Acc: 88.89% (Best: 94.44% @ Ep926) | LR: 0.000300 | Rev: 2/99999
Epoch 8062 | Cost: 0.028427 | Acc: 88.89% (Best: 94.44% @ Ep926) | LR: 0.000300 | Rev: 0/99999
Epoch 8063 | Cost: 0.019399 | Acc: 88.89% (Best: 94.44% @ Ep926) | LR: 0.000300 | Rev: 0/99999
Epoch 8064 | Cost: 0.020084 | Acc: 88.89% (Best: 94.44% @ Ep926) | LR: 0.000300 | Rev: 1/99999
Epoch 8065 | Cost: 0.022469 | Acc: 88.89% (Best: 94.44% @ Ep926) | LR: 0.000300 | Rev: 2/99999
Epoch 8066 | Cost: 0.023308 | Acc: 88.89% (Best: 94.44% @ Ep926) | LR: 0.000300 | Rev: 3/99999
Epoch 8067 | Cost: 0.019165 | Acc: 88.89% (Best: 94.44% @ Ep926) | LR: 0.000300 | Rev: 0/99999
Epoch 8068 | Cost: 0.023263 | Acc: 88.89% (Best: 94.44% @ Ep926) | LR: 0.000300 | Rev: 1/99999
Epoch 8069 | Cost: 0.020294 | Acc: 88.89% (Best: 94.44% @ Ep926) | LR: 0.000300 | Rev: 0/99999
Epoch 8070 | Cost: 0.030552 | Acc: 88.89% (Best: 94.44% @ Ep926) | LR: 0.000300 | Rev: 1/99999
Epoch 8071 | Cost: 0.022056 | Acc: 88.89% (Best: 94.44% @ Ep926) | LR: 0.000300 | Rev: 0/99999
Epoch 8072 | Cost: 0.021916 | Acc: 88.89% (Best: 94.44% @ Ep926) | LR: 0.000300 | Rev: 0/99999
Epoch 8073 | Cost: 0.021714 | Acc: 88.89% (Best: 94.44% @ Ep926) | LR: 0.000300 | Rev: 0/99999
Epoch 8074 | Cost: 0.016563 | Acc: 88.89% (Best: 94.44% @ Ep926) | LR: 0.000300 | Rev: 0/99999
Epoch 8075 | Cost: 0.033685 | Acc: 88.89% (Best: 94.44% @ Ep926) | LR: 0.000300 | Rev: 1/99999
Epoch 8076 | Cost: 0.019460 | Acc: 88.89% (Best: 94.44% @ Ep926) | LR: 0.000300 | Rev: 0/99999
Epoch 8077 | Cost: 0.008628 | Acc: 88.89% (Best: 94.44% @ Ep926) | LR: 0.000300 | Rev: 0/99999
Epoch 8078 | Cost: 0.035779 | Acc: 88.89% (Best: 94.44% @ Ep926) | LR: 0.000300 | Rev: 1/99999
Epoch 8079 | Cost: 0.023856 | Acc: 88.89% (Best: 94.44% @ Ep926) | LR: 0.000300 | Rev: 0/99999
Epoch 8080 | Cost: 0.018273 | Acc: 88.89% (Best: 94.44% @ Ep926) | LR: 0.000300 | Rev: 0/99999
Epoch 8081 | Cost: 0.025370 | Acc: 88.89% (Best: 94.44% @ Ep926) | LR: 0.000300 | Rev: 1/99999
Epoch 8082 | Cost: 0.025458 | Acc: 88.89% (Best: 94.44% @ Ep926) | LR: 0.000300 | Rev: 2/99999
Epoch 8083 | Cost: 0.035045 | Acc: 88.89% (Best: 94.44% @ Ep926) | LR: 0.000300 | Rev: 3/99999
Epoch 8084 | Cost: 0.028840 | Acc: 88.89% (Best: 94.44% @ Ep926) | LR: 0.000300 | Rev: 0/99999
Epoch 8085 | Cost: 0.025266 | Acc: 88.89% (Best: 94.44% @ Ep926) | LR: 0.000300 | Rev: 0/99999
Epoch 8086 | Cost: 0.017432 | Acc: 88.89% (Best: 94.44% @ Ep926) | LR: 0.000300 | Rev: 0/99999
Epoch 8087 | Cost: 0.010418 | Acc: 88.89% (Best: 94.44% @ Ep926) | LR: 0.000300 | Rev: 0/99999
Epoch 8088 | Cost: 0.025523 | Acc: 88.89% (Best: 94.44% @ Ep926) | LR: 0.000300 | Rev: 1/99999
Epoch 8089 | Cost: 0.033633 | Acc: 88.89% (Best: 94.44% @ Ep926) | LR: 0.000300 | Rev: 2/99999
Epoch 8090 | Cost: 0.033324 | Acc: 88.89% (Best: 94.44% @ Ep926) | LR: 0.000300 | Rev: 0/99999
Epoch 8091 | Cost: 0.024785 | Acc: 88.89% (Best: 94.44% @ Ep926) | LR: 0.000300 | Rev: 0/99999
Epoch 8092 | Cost: 0.022861 | Acc: 88.89% (Best: 94.44% @ Ep926) | LR: 0.000300 | Rev: 0/99999
Epoch 8093 | Cost: 0.017763 | Acc: 88.89% (Best: 94.44% @ Ep926) | LR: 0.000300 | Rev: 0/99999
Epoch 8094 | Cost: 0.027568 | Acc: 88.89% (Best: 94.44% @ Ep926) | LR: 0.000300 | Rev: 1/99999
Epoch 8095 | Cost: 0.025713 | Acc: 88.89% (Best: 94.44% @ Ep926) | LR: 0.000300 | Rev: 0/99999
Epoch 8096 | Cost: 0.022704 | Acc: 86.11% (Best: 94.44% @ Ep926) | LR: 0.000300 | Rev: 0/99999
Epoch 8097 | Cost: 0.021868 | Acc: 86.11% (Best: 94.44% @ Ep926) | LR: 0.000300 | Rev: 0/99999
Epoch 8098 | Cost: 0.016335 | Acc: 86.11% (Best: 94.44% @ Ep926) | LR: 0.000300 | Rev: 0/99999
Epoch 8099 | Cost: 0.022241 | Acc: 86.11% (Best: 94.44% @ Ep926) | LR: 0.000300 | Rev: 1/99999
Epoch 8100 | Cost: 0.022037 | Acc: 88.89% (Best: 94.44% @ Ep926) | LR: 0.000300 | Rev: 0/99999
Epoch 8101 | Cost: 0.048370 | Acc: 88.89% (Best: 94.44% @ Ep926) | LR: 0.000300 | Rev: 1/99999
Epoch 8102 | Cost: 0.022151 | Acc: 88.89% (Best: 94.44% @ Ep926) | LR: 0.000300 | Rev: 0/99999
Epoch 8103 | Cost: 0.013311 | Acc: 88.89% (Best: 94.44% @ Ep926) | LR: 0.000300 | Rev: 0/99999
Epoch 8104 | Cost: 0.013403 | Acc: 88.89% (Best: 94.44% @ Ep926) | LR: 0.000300 | Rev: 1/99999
Epoch 8105 | Cost: 0.012323 | Acc: 88.89% (Best: 94.44% @ Ep926) | LR: 0.000300 | Rev: 0/99999
Epoch 8106 | Cost: 0.018969 | Acc: 88.89% (Best: 94.44% @ Ep926) | LR: 0.000300 | Rev: 1/99999
Epoch 8107 | Cost: 0.019397 | Acc: 88.89% (Best: 94.44% @ Ep926) | LR: 0.000300 | Rev: 2/99999
Epoch 8108 | Cost: 0.022099 | Acc: 88.89% (Best: 94.44% @ Ep926) | LR: 0.000300 | Rev: 3/99999
Epoch 8109 | Cost: 0.032384 | Acc: 88.89% (Best: 94.44% @ Ep926) | LR: 0.000300 | Rev: 4/99999
Epoch 8110 | Cost: 0.027273 | Acc: 88.89% (Best: 94.44% @ Ep926) | LR: 0.000300 | Rev: 0/99999
Epoch 8111 | Cost: 0.023442 | Acc: 88.89% (Best: 94.44% @ Ep926) | LR: 0.000300 | Rev: 0/99999
Epoch 8112 | Cost: 0.019769 | Acc: 88.89% (Best: 94.44% @ Ep926) | LR: 0.000300 | Rev: 0/99999
Epoch 8113 | Cost: 0.020387 | Acc: 88.89% (Best: 94.44% @ Ep926) | LR: 0.000300 | Rev: 1/99999
Epoch 8114 | Cost: 0.020056 | Acc: 88.89% (Best: 94.44% @ Ep926) | LR: 0.000300 | Rev: 0/99999
Epoch 8115 | Cost: 0.024141 | Acc: 88.89% (Best: 94.44% @ Ep926) | LR: 0.000300 | Rev: 1/99999
Epoch 8116 | Cost: 0.016141 | Acc: 88.89% (Best: 94.44% @ Ep926) | LR: 0.000300 | Rev: 0/99999
Epoch 8117 | Cost: 0.032324 | Acc: 88.89% (Best: 94.44% @ Ep926) | LR: 0.000300 | Rev: 1/99999
Epoch 8118 | Cost: 0.022710 | Acc: 88.89% (Best: 94.44% @ Ep926) | LR: 0.000300 | Rev: 0/99999
Epoch 8119 | Cost: 0.018445 | Acc: 88.89% (Best: 94.44% @ Ep926) | LR: 0.000300 | Rev: 0/99999
Epoch 8120 | Cost: 0.020644 | Acc: 88.89% (Best: 94.44% @ Ep926) | LR: 0.000300 | Rev: 1/99999
Epoch 8121 | Cost: 0.025892 | Acc: 88.89% (Best: 94.44% @ Ep926) | LR: 0.000300 | Rev: 2/99999
Epoch 8122 | Cost: 0.027858 | Acc: 88.89% (Best: 94.44% @ Ep926) | LR: 0.000300 | Rev: 3/99999
Epoch 8123 | Cost: 0.020744 | Acc: 88.89% (Best: 94.44% @ Ep926) | LR: 0.000300 | Rev: 0/99999
Epoch 8124 | Cost: 0.032365 | Acc: 88.89% (Best: 94.44% @ Ep926) | LR: 0.000300 | Rev: 1/99999
Epoch 8125 | Cost: 0.017643 | Acc: 88.89% (Best: 94.44% @ Ep926) | LR: 0.000300 | Rev: 0/99999
Epoch 8126 | Cost: 0.025387 | Acc: 88.89% (Best: 94.44% @ Ep926) | LR: 0.000300 | Rev: 1/99999
Epoch 8127 | Cost: 0.026461 | Acc: 88.89% (Best: 94.44% @ Ep926) | LR: 0.000300 | Rev: 2/99999
Epoch 8128 | Cost: 0.019010 | Acc: 88.89% (Best: 94.44% @ Ep926) | LR: 0.000300 | Rev: 0/99999
Epoch 8129 | Cost: 0.022386 | Acc: 88.89% (Best: 94.44% @ Ep926) | LR: 0.000300 | Rev: 1/99999
Epoch 8130 | Cost: 0.022808 | Acc: 88.89% (Best: 94.44% @ Ep926) | LR: 0.000300 | Rev: 2/99999
Epoch 8131 | Cost: 0.017777 | Acc: 88.89% (Best: 94.44% @ Ep926) | LR: 0.000300 | Rev: 0/99999
Epoch 8132 | Cost: 0.023423 | Acc: 88.89% (Best: 94.44% @ Ep926) | LR: 0.000300 | Rev: 1/99999
Epoch 8133 | Cost: 0.026381 | Acc: 88.89% (Best: 94.44% @ Ep926) | LR: 0.000300 | Rev: 2/99999
Epoch 8134 | Cost: 0.025331 | Acc: 88.89% (Best: 94.44% @ Ep926) | LR: 0.000300 | Rev: 0/99999
Epoch 8135 | Cost: 0.019669 | Acc: 88.89% (Best: 94.44% @ Ep926) | LR: 0.000300 | Rev: 0/99999
Epoch 8136 | Cost: 0.022368 | Acc: 88.89% (Best: 94.44% @ Ep926) | LR: 0.000300 | Rev: 1/99999
Epoch 8137 | Cost: 0.019625 | Acc: 88.89% (Best: 94.44% @ Ep926) | LR: 0.000300 | Rev: 0/99999
Epoch 8138 | Cost: 0.027990 | Acc: 88.89% (Best: 94.44% @ Ep926) | LR: 0.000300 | Rev: 1/99999
Epoch 8139 | Cost: 0.025432 | Acc: 88.89% (Best: 94.44% @ Ep926) | LR: 0.000300 | Rev: 0/99999
Epoch 8140 | Cost: 0.030502 | Acc: 88.89% (Best: 94.44% @ Ep926) | LR: 0.000300 | Rev: 1/99999
Epoch 8141 | Cost: 0.027909 | Acc: 88.89% (Best: 94.44% @ Ep926) | LR: 0.000300 | Rev: 0/99999
Epoch 8142 | Cost: 0.037412 | Acc: 88.89% (Best: 94.44% @ Ep926) | LR: 0.000300 | Rev: 1/99999
Epoch 8143 | Cost: 0.020696 | Acc: 88.89% (Best: 94.44% @ Ep926) | LR: 0.000300 | Rev: 0/99999
Epoch 8144 | Cost: 0.017961 | Acc: 88.89% (Best: 94.44% @ Ep926) | LR: 0.000300 | Rev: 0/99999
Epoch 8145 | Cost: 0.027242 | Acc: 88.89% (Best: 94.44% @ Ep926) | LR: 0.000300 | Rev: 1/99999
Epoch 8146 | Cost: 0.019916 | Acc: 88.89% (Best: 94.44% @ Ep926) | LR: 0.000300 | Rev: 0/99999
Epoch 8147 | Cost: 0.015407 | Acc: 88.89% (Best: 94.44% @ Ep926) | LR: 0.000300 | Rev: 0/99999
Epoch 8148 | Cost: 0.018172 | Acc: 88.89% (Best: 94.44% @ Ep926) | LR: 0.000300 | Rev: 1/99999
Epoch 8149 | Cost: 0.023267 | Acc: 88.89% (Best: 94.44% @ Ep926) | LR: 0.000300 | Rev: 2/99999
Epoch 8150 | Cost: 0.010810 | Acc: 88.89% (Best: 94.44% @ Ep926) | LR: 0.000300 | Rev: 0/99999
Epoch 8151 | Cost: 0.017948 | Acc: 88.89% (Best: 94.44% @ Ep926) | LR: 0.000300 | Rev: 1/99999
Epoch 8152 | Cost: 0.011176 | Acc: 88.89% (Best: 94.44% @ Ep926) | LR: 0.000300 | Rev: 0/99999
Epoch 8153 | Cost: 0.025853 | Acc: 88.89% (Best: 94.44% @ Ep926) | LR: 0.000300 | Rev: 1/99999
Epoch 8154 | Cost: 0.022886 | Acc: 88.89% (Best: 94.44% @ Ep926) | LR: 0.000300 | Rev: 0/99999
Epoch 8155 | Cost: 0.014373 | Acc: 88.89% (Best: 94.44% @ Ep926) | LR: 0.000300 | Rev: 0/99999
Epoch 8156 | Cost: 0.034661 | Acc: 88.89% (Best: 94.44% @ Ep926) | LR: 0.000300 | Rev: 1/99999
Epoch 8157 | Cost: 0.031329 | Acc: 88.89% (Best: 94.44% @ Ep926) | LR: 0.000300 | Rev: 0/99999
Epoch 8158 | Cost: 0.021679 | Acc: 88.89% (Best: 94.44% @ Ep926) | LR: 0.000300 | Rev: 0/99999
Epoch 8159 | Cost: 0.025961 | Acc: 88.89% (Best: 94.44% @ Ep926) | LR: 0.000300 | Rev: 1/99999
Epoch 8160 | Cost: 0.024808 | Acc: 88.89% (Best: 94.44% @ Ep926) | LR: 0.000300 | Rev: 0/99999
Epoch 8161 | Cost: 0.013619 | Acc: 88.89% (Best: 94.44% @ Ep926) | LR: 0.000300 | Rev: 0/99999
Epoch 8162 | Cost: 0.022986 | Acc: 88.89% (Best: 94.44% @ Ep926) | LR: 0.000300 | Rev: 1/99999
Epoch 8163 | Cost: 0.016653 | Acc: 88.89% (Best: 94.44% @ Ep926) | LR: 0.000300 | Rev: 0/99999
Epoch 8164 | Cost: 0.021684 | Acc: 88.89% (Best: 94.44% @ Ep926) | LR: 0.000300 | Rev: 1/99999
Epoch 8165 | Cost: 0.040726 | Acc: 88.89% (Best: 94.44% @ Ep926) | LR: 0.000300 | Rev: 2/99999
Epoch 8166 | Cost: 0.038361 | Acc: 88.89% (Best: 94.44% @ Ep926) | LR: 0.000300 | Rev: 0/99999
Epoch 8167 | Cost: 0.019686 | Acc: 88.89% (Best: 94.44% @ Ep926) | LR: 0.000300 | Rev: 0/99999
Epoch 8168 | Cost: 0.024710 | Acc: 88.89% (Best: 94.44% @ Ep926) | LR: 0.000300 | Rev: 1/99999
Epoch 8169 | Cost: 0.016084 | Acc: 88.89% (Best: 94.44% @ Ep926) | LR: 0.000300 | Rev: 0/99999
Epoch 8170 | Cost: 0.031500 | Acc: 88.89% (Best: 94.44% @ Ep926) | LR: 0.000300 | Rev: 1/99999
Epoch 8171 | Cost: 0.010674 | Acc: 88.89% (Best: 94.44% @ Ep926) | LR: 0.000300 | Rev: 0/99999
Epoch 8172 | Cost: 0.010044 | Acc: 88.89% (Best: 94.44% @ Ep926) | LR: 0.000300 | Rev: 0/99999
Epoch 8173 | Cost: 0.034531 | Acc: 88.89% (Best: 94.44% @ Ep926) | LR: 0.000300 | Rev: 1/99999
Epoch 8174 | Cost: 0.019141 | Acc: 88.89% (Best: 94.44% @ Ep926) | LR: 0.000300 | Rev: 0/99999
Epoch 8175 | Cost: 0.032547 | Acc: 86.11% (Best: 94.44% @ Ep926) | LR: 0.000300 | Rev: 1/99999
Epoch 8176 | Cost: 0.023432 | Acc: 86.11% (Best: 94.44% @ Ep926) | LR: 0.000300 | Rev: 0/99999
Epoch 8177 | Cost: 0.017303 | Acc: 86.11% (Best: 94.44% @ Ep926) | LR: 0.000300 | Rev: 0/99999
Epoch 8178 | Cost: 0.019939 | Acc: 86.11% (Best: 94.44% @ Ep926) | LR: 0.000300 | Rev: 1/99999
Epoch 8179 | Cost: 0.024553 | Acc: 88.89% (Best: 94.44% @ Ep926) | LR: 0.000300 | Rev: 2/99999
Epoch 8180 | Cost: 0.023032 | Acc: 88.89% (Best: 94.44% @ Ep926) | LR: 0.000300 | Rev: 0/99999
Epoch 8181 | Cost: 0.024465 | Acc: 88.89% (Best: 94.44% @ Ep926) | LR: 0.000300 | Rev: 1/99999
Epoch 8182 | Cost: 0.019408 | Acc: 88.89% (Best: 94.44% @ Ep926) | LR: 0.000300 | Rev: 0/99999
Epoch 8183 | Cost: 0.018410 | Acc: 88.89% (Best: 94.44% @ Ep926) | LR: 0.000300 | Rev: 0/99999
Epoch 8184 | Cost: 0.017612 | Acc: 88.89% (Best: 94.44% @ Ep926) | LR: 0.000300 | Rev: 0/99999
Epoch 8185 | Cost: 0.026864 | Acc: 88.89% (Best: 94.44% @ Ep926) | LR: 0.000300 | Rev: 1/99999
Epoch 8186 | Cost: 0.028791 | Acc: 88.89% (Best: 94.44% @ Ep926) | LR: 0.000300 | Rev: 2/99999
Epoch 8187 | Cost: 0.021399 | Acc: 88.89% (Best: 94.44% @ Ep926) | LR: 0.000300 | Rev: 0/99999
Epoch 8188 | Cost: 0.016829 | Acc: 88.89% (Best: 94.44% @ Ep926) | LR: 0.000300 | Rev: 0/99999
Epoch 8189 | Cost: 0.028733 | Acc: 88.89% (Best: 94.44% @ Ep926) | LR: 0.000300 | Rev: 1/99999
Epoch 8190 | Cost: 0.015563 | Acc: 88.89% (Best: 94.44% @ Ep926) | LR: 0.000300 | Rev: 0/99999
Epoch 8191 | Cost: 0.015595 | Acc: 88.89% (Best: 94.44% @ Ep926) | LR: 0.000300 | Rev: 1/99999
Epoch 8192 | Cost: 0.014036 | Acc: 86.11% (Best: 94.44% @ Ep926) | LR: 0.000300 | Rev: 0/99999
Epoch 8193 | Cost: 0.025738 | Acc: 86.11% (Best: 94.44% @ Ep926) | LR: 0.000300 | Rev: 1/99999
Epoch 8194 | Cost: 0.017604 | Acc: 86.11% (Best: 94.44% @ Ep926) | LR: 0.000300 | Rev: 0/99999
Epoch 8195 | Cost: 0.016018 | Acc: 86.11% (Best: 94.44% @ Ep926) | LR: 0.000300 | Rev: 0/99999
Epoch 8196 | Cost: 0.015545 | Acc: 86.11% (Best: 94.44% @ Ep926) | LR: 0.000300 | Rev: 0/99999
Epoch 8197 | Cost: 0.022516 | Acc: 86.11% (Best: 94.44% @ Ep926) | LR: 0.000300 | Rev: 1/99999
Epoch 8198 | Cost: 0.016782 | Acc: 86.11% (Best: 94.44% @ Ep926) | LR: 0.000300 | Rev: 0/99999
Epoch 8199 | Cost: 0.026963 | Acc: 86.11% (Best: 94.44% @ Ep926) | LR: 0.000300 | Rev: 1/99999
Epoch 8200 | Cost: 0.012565 | Acc: 86.11% (Best: 94.44% @ Ep926) | LR: 0.000300 | Rev: 0/99999
Epoch 8201 | Cost: 0.013405 | Acc: 86.11% (Best: 94.44% @ Ep926) | LR: 0.000300 | Rev: 1/99999
Epoch 8202 | Cost: 0.020607 | Acc: 88.89% (Best: 94.44% @ Ep926) | LR: 0.000300 | Rev: 2/99999
Epoch 8203 | Cost: 0.012481 | Acc: 88.89% (Best: 94.44% @ Ep926) | LR: 0.000300 | Rev: 0/99999
Epoch 8204 | Cost: 0.035743 | Acc: 88.89% (Best: 94.44% @ Ep926) | LR: 0.000300 | Rev: 1/99999
Epoch 8205 | Cost: 0.019736 | Acc: 88.89% (Best: 94.44% @ Ep926) | LR: 0.000300 | Rev: 0/99999
Epoch 8206 | Cost: 0.026457 | Acc: 88.89% (Best: 94.44% @ Ep926) | LR: 0.000300 | Rev: 1/99999
Epoch 8207 | Cost: 0.025496 | Acc: 88.89% (Best: 94.44% @ Ep926) | LR: 0.000300 | Rev: 0/99999
Epoch 8208 | Cost: 0.013545 | Acc: 86.11% (Best: 94.44% @ Ep926) | LR: 0.000300 | Rev: 0/99999
Epoch 8209 | Cost: 0.014059 | Acc: 88.89% (Best: 94.44% @ Ep926) | LR: 0.000300 | Rev: 1/99999
Epoch 8210 | Cost: 0.019946 | Acc: 86.11% (Best: 94.44% @ Ep926) | LR: 0.000300 | Rev: 2/99999
Epoch 8211 | Cost: 0.032133 | Acc: 88.89% (Best: 94.44% @ Ep926) | LR: 0.000300 | Rev: 3/99999
Epoch 8212 | Cost: 0.029928 | Acc: 88.89% (Best: 94.44% @ Ep926) | LR: 0.000300 | Rev: 0/99999
Epoch 8213 | Cost: 0.028722 | Acc: 88.89% (Best: 94.44% @ Ep926) | LR: 0.000300 | Rev: 0/99999
Epoch 8214 | Cost: 0.031780 | Acc: 88.89% (Best: 94.44% @ Ep926) | LR: 0.000300 | Rev: 1/99999
Epoch 8215 | Cost: 0.023394 | Acc: 86.11% (Best: 94.44% @ Ep926) | LR: 0.000300 | Rev: 0/99999
Epoch 8216 | Cost: 0.013915 | Acc: 88.89% (Best: 94.44% @ Ep926) | LR: 0.000300 | Rev: 0/99999
Epoch 8217 | Cost: 0.043699 | Acc: 88.89% (Best: 94.44% @ Ep926) | LR: 0.000300 | Rev: 1/99999
Epoch 8218 | Cost: 0.019494 | Acc: 88.89% (Best: 94.44% @ Ep926) | LR: 0.000300 | Rev: 0/99999
Epoch 8219 | Cost: 0.021317 | Acc: 88.89% (Best: 94.44% @ Ep926) | LR: 0.000300 | Rev: 1/99999
Epoch 8220 | Cost: 0.019013 | Acc: 88.89% (Best: 94.44% @ Ep926) | LR: 0.000300 | Rev: 0/99999
Epoch 8221 | Cost: 0.026309 | Acc: 88.89% (Best: 94.44% @ Ep926) | LR: 0.000300 | Rev: 1/99999
Epoch 8222 | Cost: 0.024913 | Acc: 88.89% (Best: 94.44% @ Ep926) | LR: 0.000300 | Rev: 0/99999
Epoch 8223 | Cost: 0.023370 | Acc: 88.89% (Best: 94.44% @ Ep926) | LR: 0.000300 | Rev: 0/99999
Epoch 8224 | Cost: 0.030312 | Acc: 88.89% (Best: 94.44% @ Ep926) | LR: 0.000300 | Rev: 1/99999
Epoch 8225 | Cost: 0.024478 | Acc: 88.89% (Best: 94.44% @ Ep926) | LR: 0.000300 | Rev: 0/99999
Epoch 8226 | Cost: 0.029426 | Acc: 88.89% (Best: 94.44% @ Ep926) | LR: 0.000300 | Rev: 1/99999
Epoch 8227 | Cost: 0.018736 | Acc: 88.89% (Best: 94.44% @ Ep926) | LR: 0.000300 | Rev: 0/99999
Epoch 8228 | Cost: 0.025115 | Acc: 88.89% (Best: 94.44% @ Ep926) | LR: 0.000300 | Rev: 1/99999
Epoch 8229 | Cost: 0.028817 | Acc: 88.89% (Best: 94.44% @ Ep926) | LR: 0.000300 | Rev: 2/99999
Epoch 8230 | Cost: 0.022124 | Acc: 86.11% (Best: 94.44% @ Ep926) | LR: 0.000300 | Rev: 0/99999
Epoch 8231 | Cost: 0.016484 | Acc: 86.11% (Best: 94.44% @ Ep926) | LR: 0.000300 | Rev: 0/99999
Epoch 8232 | Cost: 0.023078 | Acc: 86.11% (Best: 94.44% @ Ep926) | LR: 0.000300 | Rev: 1/99999
Epoch 8233 | Cost: 0.037789 | Acc: 86.11% (Best: 94.44% @ Ep926) | LR: 0.000300 | Rev: 2/99999
Epoch 8234 | Cost: 0.018043 | Acc: 86.11% (Best: 94.44% @ Ep926) | LR: 0.000300 | Rev: 0/99999
Epoch 8235 | Cost: 0.024331 | Acc: 88.89% (Best: 94.44% @ Ep926) | LR: 0.000300 | Rev: 1/99999
Epoch 8236 | Cost: 0.015023 | Acc: 88.89% (Best: 94.44% @ Ep926) | LR: 0.000300 | Rev: 0/99999
Epoch 8237 | Cost: 0.019825 | Acc: 88.89% (Best: 94.44% @ Ep926) | LR: 0.000300 | Rev: 1/99999
Epoch 8238 | Cost: 0.020085 | Acc: 88.89% (Best: 94.44% @ Ep926) | LR: 0.000300 | Rev: 2/99999
Epoch 8239 | Cost: 0.030192 | Acc: 88.89% (Best: 94.44% @ Ep926) | LR: 0.000300 | Rev: 3/99999
Epoch 8240 | Cost: 0.026453 | Acc: 88.89% (Best: 94.44% @ Ep926) | LR: 0.000300 | Rev: 0/99999
Epoch 8241 | Cost: 0.018229 | Acc: 88.89% (Best: 94.44% @ Ep926) | LR: 0.000300 | Rev: 0/99999
Epoch 8242 | Cost: 0.022776 | Acc: 88.89% (Best: 94.44% @ Ep926) | LR: 0.000300 | Rev: 1/99999
Epoch 8243 | Cost: 0.029167 | Acc: 88.89% (Best: 94.44% @ Ep926) | LR: 0.000300 | Rev: 2/99999
Epoch 8244 | Cost: 0.016887 | Acc: 88.89% (Best: 94.44% @ Ep926) | LR: 0.000300 | Rev: 0/99999
Epoch 8245 | Cost: 0.019231 | Acc: 88.89% (Best: 94.44% @ Ep926) | LR: 0.000300 | Rev: 1/99999
Epoch 8246 | Cost: 0.021193 | Acc: 88.89% (Best: 94.44% @ Ep926) | LR: 0.000300 | Rev: 2/99999
Epoch 8247 | Cost: 0.033647 | Acc: 88.89% (Best: 94.44% @ Ep926) | LR: 0.000300 | Rev: 3/99999
Epoch 8248 | Cost: 0.018372 | Acc: 88.89% (Best: 94.44% @ Ep926) | LR: 0.000300 | Rev: 0/99999
Epoch 8249 | Cost: 0.028314 | Acc: 88.89% (Best: 94.44% @ Ep926) | LR: 0.000300 | Rev: 1/99999
Epoch 8250 | Cost: 0.033215 | Acc: 88.89% (Best: 94.44% @ Ep926) | LR: 0.000300 | Rev: 2/99999
Epoch 8251 | Cost: 0.028558 | Acc: 86.11% (Best: 94.44% @ Ep926) | LR: 0.000300 | Rev: 0/99999
Epoch 8252 | Cost: 0.020885 | Acc: 86.11% (Best: 94.44% @ Ep926) | LR: 0.000300 | Rev: 0/99999
Epoch 8253 | Cost: 0.018401 | Acc: 86.11% (Best: 94.44% @ Ep926) | LR: 0.000300 | Rev: 0/99999
Epoch 8254 | Cost: 0.025665 | Acc: 86.11% (Best: 94.44% @ Ep926) | LR: 0.000300 | Rev: 1/99999
Epoch 8255 | Cost: 0.018980 | Acc: 86.11% (Best: 94.44% @ Ep926) | LR: 0.000300 | Rev: 0/99999
Epoch 8256 | Cost: 0.027408 | Acc: 86.11% (Best: 94.44% @ Ep926) | LR: 0.000300 | Rev: 1/99999
Epoch 8257 | Cost: 0.031226 | Acc: 86.11% (Best: 94.44% @ Ep926) | LR: 0.000300 | Rev: 2/99999
Epoch 8258 | Cost: 0.017850 | Acc: 88.89% (Best: 94.44% @ Ep926) | LR: 0.000300 | Rev: 0/99999
Epoch 8259 | Cost: 0.017306 | Acc: 88.89% (Best: 94.44% @ Ep926) | LR: 0.000300 | Rev: 0/99999
Epoch 8260 | Cost: 0.017248 | Acc: 86.11% (Best: 94.44% @ Ep926) | LR: 0.000300 | Rev: 0/99999
Epoch 8261 | Cost: 0.040463 | Acc: 88.89% (Best: 94.44% @ Ep926) | LR: 0.000300 | Rev: 1/99999
Epoch 8262 | Cost: 0.020858 | Acc: 88.89% (Best: 94.44% @ Ep926) | LR: 0.000300 | Rev: 0/99999
Epoch 8263 | Cost: 0.022116 | Acc: 88.89% (Best: 94.44% @ Ep926) | LR: 0.000300 | Rev: 1/99999
Epoch 8264 | Cost: 0.023879 | Acc: 88.89% (Best: 94.44% @ Ep926) | LR: 0.000300 | Rev: 2/99999
Epoch 8265 | Cost: 0.013823 | Acc: 88.89% (Best: 94.44% @ Ep926) | LR: 0.000300 | Rev: 0/99999
Epoch 8266 | Cost: 0.025626 | Acc: 88.89% (Best: 94.44% @ Ep926) | LR: 0.000300 | Rev: 1/99999
Epoch 8267 | Cost: 0.017499 | Acc: 86.11% (Best: 94.44% @ Ep926) | LR: 0.000300 | Rev: 0/99999
Epoch 8268 | Cost: 0.018058 | Acc: 86.11% (Best: 94.44% @ Ep926) | LR: 0.000300 | Rev: 1/99999
Epoch 8269 | Cost: 0.018554 | Acc: 86.11% (Best: 94.44% @ Ep926) | LR: 0.000300 | Rev: 2/99999
Epoch 8270 | Cost: 0.025097 | Acc: 86.11% (Best: 94.44% @ Ep926) | LR: 0.000300 | Rev: 3/99999
Epoch 8271 | Cost: 0.019810 | Acc: 86.11% (Best: 94.44% @ Ep926) | LR: 0.000300 | Rev: 0/99999
Epoch 8272 | Cost: 0.027881 | Acc: 86.11% (Best: 94.44% @ Ep926) | LR: 0.000300 | Rev: 1/99999
Epoch 8273 | Cost: 0.013431 | Acc: 88.89% (Best: 94.44% @ Ep926) | LR: 0.000300 | Rev: 0/99999
Epoch 8274 | Cost: 0.024819 | Acc: 88.89% (Best: 94.44% @ Ep926) | LR: 0.000300 | Rev: 1/99999
Epoch 8275 | Cost: 0.021977 | Acc: 88.89% (Best: 94.44% @ Ep926) | LR: 0.000300 | Rev: 0/99999
Epoch 8276 | Cost: 0.017678 | Acc: 86.11% (Best: 94.44% @ Ep926) | LR: 0.000300 | Rev: 0/99999
Epoch 8277 | Cost: 0.020937 | Acc: 86.11% (Best: 94.44% @ Ep926) | LR: 0.000300 | Rev: 1/99999
Epoch 8278 | Cost: 0.020463 | Acc: 88.89% (Best: 94.44% @ Ep926) | LR: 0.000300 | Rev: 0/99999
Epoch 8279 | Cost: 0.021533 | Acc: 88.89% (Best: 94.44% @ Ep926) | LR: 0.000300 | Rev: 1/99999
Epoch 8280 | Cost: 0.017868 | Acc: 88.89% (Best: 94.44% @ Ep926) | LR: 0.000300 | Rev: 0/99999
Epoch 8281 | Cost: 0.012859 | Acc: 88.89% (Best: 94.44% @ Ep926) | LR: 0.000300 | Rev: 0/99999
Epoch 8282 | Cost: 0.014283 | Acc: 88.89% (Best: 94.44% @ Ep926) | LR: 0.000300 | Rev: 1/99999
Epoch 8283 | Cost: 0.022514 | Acc: 86.11% (Best: 94.44% @ Ep926) | LR: 0.000300 | Rev: 2/99999
Epoch 8284 | Cost: 0.014291 | Acc: 86.11% (Best: 94.44% @ Ep926) | LR: 0.000300 | Rev: 0/99999
Epoch 8285 | Cost: 0.020511 | Acc: 86.11% (Best: 94.44% @ Ep926) | LR: 0.000300 | Rev: 1/99999
Epoch 8286 | Cost: 0.021922 | Acc: 86.11% (Best: 94.44% @ Ep926) | LR: 0.000300 | Rev: 2/99999
Epoch 8287 | Cost: 0.030246 | Acc: 86.11% (Best: 94.44% @ Ep926) | LR: 0.000300 | Rev: 3/99999
Epoch 8288 | Cost: 0.020866 | Acc: 86.11% (Best: 94.44% @ Ep926) | LR: 0.000300 | Rev: 0/99999
Epoch 8289 | Cost: 0.034418 | Acc: 88.89% (Best: 94.44% @ Ep926) | LR: 0.000300 | Rev: 1/99999
Epoch 8290 | Cost: 0.012881 | Acc: 88.89% (Best: 94.44% @ Ep926) | LR: 0.000300 | Rev: 0/99999
Epoch 8291 | Cost: 0.021832 | Acc: 88.89% (Best: 94.44% @ Ep926) | LR: 0.000300 | Rev: 1/99999
Epoch 8292 | Cost: 0.030380 | Acc: 88.89% (Best: 94.44% @ Ep926) | LR: 0.000300 | Rev: 2/99999
Epoch 8293 | Cost: 0.027611 | Acc: 88.89% (Best: 94.44% @ Ep926) | LR: 0.000300 | Rev: 0/99999
Epoch 8294 | Cost: 0.030407 | Acc: 86.11% (Best: 94.44% @ Ep926) | LR: 0.000300 | Rev: 1/99999
Epoch 8295 | Cost: 0.014662 | Acc: 86.11% (Best: 94.44% @ Ep926) | LR: 0.000300 | Rev: 0/99999
Epoch 8296 | Cost: 0.017433 | Acc: 86.11% (Best: 94.44% @ Ep926) | LR: 0.000300 | Rev: 1/99999
Epoch 8297 | Cost: 0.030714 | Acc: 86.11% (Best: 94.44% @ Ep926) | LR: 0.000300 | Rev: 2/99999
Epoch 8298 | Cost: 0.029566 | Acc: 86.11% (Best: 94.44% @ Ep926) | LR: 0.000300 | Rev: 0/99999
Epoch 8299 | Cost: 0.026626 | Acc: 88.89% (Best: 94.44% @ Ep926) | LR: 0.000300 | Rev: 0/99999
Epoch 8300 | Cost: 0.012228 | Acc: 88.89% (Best: 94.44% @ Ep926) | LR: 0.000300 | Rev: 0/99999
Epoch 8301 | Cost: 0.030367 | Acc: 88.89% (Best: 94.44% @ Ep926) | LR: 0.000300 | Rev: 1/99999
Epoch 8302 | Cost: 0.014592 | Acc: 88.89% (Best: 94.44% @ Ep926) | LR: 0.000300 | Rev: 0/99999
Epoch 8303 | Cost: 0.024659 | Acc: 86.11% (Best: 94.44% @ Ep926) | LR: 0.000300 | Rev: 1/99999
Epoch 8304 | Cost: 0.018988 | Acc: 86.11% (Best: 94.44% @ Ep926) | LR: 0.000300 | Rev: 0/99999
Epoch 8305 | Cost: 0.019892 | Acc: 86.11% (Best: 94.44% @ Ep926) | LR: 0.000300 | Rev: 1/99999
Epoch 8306 | Cost: 0.018139 | Acc: 86.11% (Best: 94.44% @ Ep926) | LR: 0.000300 | Rev: 0/99999
Epoch 8307 | Cost: 0.027544 | Acc: 88.89% (Best: 94.44% @ Ep926) | LR: 0.000300 | Rev: 1/99999
Epoch 8308 | Cost: 0.028277 | Acc: 88.89% (Best: 94.44% @ Ep926) | LR: 0.000300 | Rev: 2/99999
Epoch 8309 | Cost: 0.019247 | Acc: 88.89% (Best: 94.44% @ Ep926) | LR: 0.000300 | Rev: 0/99999
Epoch 8310 | Cost: 0.020843 | Acc: 88.89% (Best: 94.44% @ Ep926) | LR: 0.000300 | Rev: 1/99999
Epoch 8311 | Cost: 0.025234 | Acc: 88.89% (Best: 94.44% @ Ep926) | LR: 0.000300 | Rev: 2/99999
Epoch 8312 | Cost: 0.024841 | Acc: 88.89% (Best: 94.44% @ Ep926) | LR: 0.000300 | Rev: 0/99999
Epoch 8313 | Cost: 0.020744 | Acc: 88.89% (Best: 94.44% @ Ep926) | LR: 0.000300 | Rev: 0/99999
Epoch 8314 | Cost: 0.014883 | Acc: 88.89% (Best: 94.44% @ Ep926) | LR: 0.000300 | Rev: 0/99999
Epoch 8315 | Cost: 0.024515 | Acc: 88.89% (Best: 94.44% @ Ep926) | LR: 0.000300 | Rev: 1/99999
Epoch 8316 | Cost: 0.020411 | Acc: 88.89% (Best: 94.44% @ Ep926) | LR: 0.000300 | Rev: 0/99999
Epoch 8317 | Cost: 0.022471 | Acc: 88.89% (Best: 94.44% @ Ep926) | LR: 0.000300 | Rev: 1/99999
Epoch 8318 | Cost: 0.026258 | Acc: 88.89% (Best: 94.44% @ Ep926) | LR: 0.000300 | Rev: 2/99999
Epoch 8319 | Cost: 0.017137 | Acc: 88.89% (Best: 94.44% @ Ep926) | LR: 0.000300 | Rev: 0/99999
Epoch 8320 | Cost: 0.013386 | Acc: 88.89% (Best: 94.44% @ Ep926) | LR: 0.000300 | Rev: 0/99999
Epoch 8321 | Cost: 0.039214 | Acc: 88.89% (Best: 94.44% @ Ep926) | LR: 0.000300 | Rev: 1/99999
Epoch 8322 | Cost: 0.020091 | Acc: 88.89% (Best: 94.44% @ Ep926) | LR: 0.000300 | Rev: 0/99999
Epoch 8323 | Cost: 0.014727 | Acc: 88.89% (Best: 94.44% @ Ep926) | LR: 0.000300 | Rev: 0/99999
Epoch 8324 | Cost: 0.021380 | Acc: 88.89% (Best: 94.44% @ Ep926) | LR: 0.000300 | Rev: 1/99999
Epoch 8325 | Cost: 0.021043 | Acc: 88.89% (Best: 94.44% @ Ep926) | LR: 0.000300 | Rev: 0/99999
Epoch 8326 | Cost: 0.020748 | Acc: 88.89% (Best: 94.44% @ Ep926) | LR: 0.000300 | Rev: 0/99999
Epoch 8327 | Cost: 0.011787 | Acc: 88.89% (Best: 94.44% @ Ep926) | LR: 0.000300 | Rev: 0/99999
Epoch 8328 | Cost: 0.015017 | Acc: 88.89% (Best: 94.44% @ Ep926) | LR: 0.000300 | Rev: 1/99999
Epoch 8329 | Cost: 0.016417 | Acc: 88.89% (Best: 94.44% @ Ep926) | LR: 0.000300 | Rev: 2/99999
Epoch 8330 | Cost: 0.022265 | Acc: 88.89% (Best: 94.44% @ Ep926) | LR: 0.000300 | Rev: 3/99999
Epoch 8331 | Cost: 0.017396 | Acc: 88.89% (Best: 94.44% @ Ep926) | LR: 0.000300 | Rev: 0/99999
Epoch 8332 | Cost: 0.035553 | Acc: 88.89% (Best: 94.44% @ Ep926) | LR: 0.000300 | Rev: 1/99999
Epoch 8333 | Cost: 0.014109 | Acc: 88.89% (Best: 94.44% @ Ep926) | LR: 0.000300 | Rev: 0/99999
Epoch 8334 | Cost: 0.017558 | Acc: 88.89% (Best: 94.44% @ Ep926) | LR: 0.000300 | Rev: 1/99999
Epoch 8335 | Cost: 0.031374 | Acc: 88.89% (Best: 94.44% @ Ep926) | LR: 0.000300 | Rev: 2/99999
Epoch 8336 | Cost: 0.017704 | Acc: 88.89% (Best: 94.44% @ Ep926) | LR: 0.000300 | Rev: 0/99999
Epoch 8337 | Cost: 0.014542 | Acc: 88.89% (Best: 94.44% @ Ep926) | LR: 0.000300 | Rev: 0/99999
Epoch 8338 | Cost: 0.019304 | Acc: 88.89% (Best: 94.44% @ Ep926) | LR: 0.000300 | Rev: 1/99999
Epoch 8339 | Cost: 0.028782 | Acc: 88.89% (Best: 94.44% @ Ep926) | LR: 0.000300 | Rev: 2/99999
Epoch 8340 | Cost: 0.018726 | Acc: 88.89% (Best: 94.44% @ Ep926) | LR: 0.000300 | Rev: 0/99999
Epoch 8341 | Cost: 0.034145 | Acc: 88.89% (Best: 94.44% @ Ep926) | LR: 0.000300 | Rev: 1/99999
Epoch 8342 | Cost: 0.015006 | Acc: 88.89% (Best: 94.44% @ Ep926) | LR: 0.000300 | Rev: 0/99999
Epoch 8343 | Cost: 0.042027 | Acc: 88.89% (Best: 94.44% @ Ep926) | LR: 0.000300 | Rev: 1/99999
Epoch 8344 | Cost: 0.019409 | Acc: 88.89% (Best: 94.44% @ Ep926) | LR: 0.000300 | Rev: 0/99999
Epoch 8345 | Cost: 0.038374 | Acc: 88.89% (Best: 94.44% @ Ep926) | LR: 0.000300 | Rev: 1/99999
Epoch 8346 | Cost: 0.024498 | Acc: 88.89% (Best: 94.44% @ Ep926) | LR: 0.000300 | Rev: 0/99999
Epoch 8347 | Cost: 0.024585 | Acc: 88.89% (Best: 94.44% @ Ep926) | LR: 0.000300 | Rev: 1/99999
Epoch 8348 | Cost: 0.016499 | Acc: 86.11% (Best: 94.44% @ Ep926) | LR: 0.000300 | Rev: 0/99999
Epoch 8349 | Cost: 0.018325 | Acc: 88.89% (Best: 94.44% @ Ep926) | LR: 0.000300 | Rev: 1/99999
Epoch 8350 | Cost: 0.015910 | Acc: 88.89% (Best: 94.44% @ Ep926) | LR: 0.000300 | Rev: 0/99999
Epoch 8351 | Cost: 0.019357 | Acc: 88.89% (Best: 94.44% @ Ep926) | LR: 0.000300 | Rev: 1/99999
Epoch 8352 | Cost: 0.014950 | Acc: 88.89% (Best: 94.44% @ Ep926) | LR: 0.000300 | Rev: 0/99999
Epoch 8353 | Cost: 0.017390 | Acc: 88.89% (Best: 94.44% @ Ep926) | LR: 0.000300 | Rev: 1/99999
Epoch 8354 | Cost: 0.043424 | Acc: 88.89% (Best: 94.44% @ Ep926) | LR: 0.000300 | Rev: 2/99999
Epoch 8355 | Cost: 0.022932 | Acc: 88.89% (Best: 94.44% @ Ep926) | LR: 0.000300 | Rev: 0/99999
Epoch 8356 | Cost: 0.015045 | Acc: 88.89% (Best: 94.44% @ Ep926) | LR: 0.000300 | Rev: 0/99999
Epoch 8357 | Cost: 0.017244 | Acc: 88.89% (Best: 94.44% @ Ep926) | LR: 0.000300 | Rev: 1/99999
Epoch 8358 | Cost: 0.028352 | Acc: 88.89% (Best: 94.44% @ Ep926) | LR: 0.000300 | Rev: 2/99999
Epoch 8359 | Cost: 0.019274 | Acc: 88.89% (Best: 94.44% @ Ep926) | LR: 0.000300 | Rev: 0/99999
Epoch 8360 | Cost: 0.022784 | Acc: 88.89% (Best: 94.44% @ Ep926) | LR: 0.000300 | Rev: 1/99999
Epoch 8361 | Cost: 0.016637 | Acc: 88.89% (Best: 94.44% @ Ep926) | LR: 0.000300 | Rev: 0/99999
Epoch 8362 | Cost: 0.013232 | Acc: 88.89% (Best: 94.44% @ Ep926) | LR: 0.000300 | Rev: 0/99999
Epoch 8363 | Cost: 0.020121 | Acc: 86.11% (Best: 94.44% @ Ep926) | LR: 0.000300 | Rev: 1/99999
Epoch 8364 | Cost: 0.014926 | Acc: 86.11% (Best: 94.44% @ Ep926) | LR: 0.000300 | Rev: 0/99999
Epoch 8365 | Cost: 0.017124 | Acc: 86.11% (Best: 94.44% @ Ep926) | LR: 0.000300 | Rev: 1/99999
Epoch 8366 | Cost: 0.012184 | Acc: 88.89% (Best: 94.44% @ Ep926) | LR: 0.000300 | Rev: 0/99999
Epoch 8367 | Cost: 0.014242 | Acc: 88.89% (Best: 94.44% @ Ep926) | LR: 0.000300 | Rev: 1/99999
Epoch 8368 | Cost: 0.016213 | Acc: 88.89% (Best: 94.44% @ Ep926) | LR: 0.000300 | Rev: 2/99999
Epoch 8369 | Cost: 0.034658 | Acc: 88.89% (Best: 94.44% @ Ep926) | LR: 0.000300 | Rev: 3/99999
Epoch 8370 | Cost: 0.018131 | Acc: 88.89% (Best: 94.44% @ Ep926) | LR: 0.000300 | Rev: 0/99999
Epoch 8371 | Cost: 0.017378 | Acc: 88.89% (Best: 94.44% @ Ep926) | LR: 0.000300 | Rev: 0/99999
Epoch 8372 | Cost: 0.018645 | Acc: 88.89% (Best: 94.44% @ Ep926) | LR: 0.000300 | Rev: 1/99999
Epoch 8373 | Cost: 0.016431 | Acc: 88.89% (Best: 94.44% @ Ep926) | LR: 0.000300 | Rev: 0/99999
Epoch 8374 | Cost: 0.018360 | Acc: 88.89% (Best: 94.44% @ Ep926) | LR: 0.000300 | Rev: 1/99999
Epoch 8375 | Cost: 0.022191 | Acc: 86.11% (Best: 94.44% @ Ep926) | LR: 0.000300 | Rev: 2/99999
Epoch 8376 | Cost: 0.014801 | Acc: 86.11% (Best: 94.44% @ Ep926) | LR: 0.000300 | Rev: 0/99999
Epoch 8377 | Cost: 0.013288 | Acc: 86.11% (Best: 94.44% @ Ep926) | LR: 0.000300 | Rev: 0/99999
Epoch 8378 | Cost: 0.020391 | Acc: 88.89% (Best: 94.44% @ Ep926) | LR: 0.000300 | Rev: 1/99999
Epoch 8379 | Cost: 0.024775 | Acc: 88.89% (Best: 94.44% @ Ep926) | LR: 0.000300 | Rev: 2/99999
Epoch 8380 | Cost: 0.021037 | Acc: 88.89% (Best: 94.44% @ Ep926) | LR: 0.000300 | Rev: 0/99999
Epoch 8381 | Cost: 0.024213 | Acc: 88.89% (Best: 94.44% @ Ep926) | LR: 0.000300 | Rev: 1/99999
Epoch 8382 | Cost: 0.029221 | Acc: 88.89% (Best: 94.44% @ Ep926) | LR: 0.000300 | Rev: 2/99999
Epoch 8383 | Cost: 0.026235 | Acc: 88.89% (Best: 94.44% @ Ep926) | LR: 0.000300 | Rev: 0/99999
Epoch 8384 | Cost: 0.014232 | Acc: 86.11% (Best: 94.44% @ Ep926) | LR: 0.000300 | Rev: 0/99999
Epoch 8385 | Cost: 0.018230 | Acc: 86.11% (Best: 94.44% @ Ep926) | LR: 0.000300 | Rev: 1/99999
Epoch 8386 | Cost: 0.014518 | Acc: 86.11% (Best: 94.44% @ Ep926) | LR: 0.000300 | Rev: 0/99999
Epoch 8387 | Cost: 0.015713 | Acc: 86.11% (Best: 94.44% @ Ep926) | LR: 0.000300 | Rev: 1/99999
Epoch 8388 | Cost: 0.019947 | Acc: 86.11% (Best: 94.44% @ Ep926) | LR: 0.000300 | Rev: 2/99999
Epoch 8389 | Cost: 0.089850 | Acc: 86.11% (Best: 94.44% @ Ep926) | LR: 0.000300 | Rev: 3/99999
Epoch 8390 | Cost: 0.012538 | Acc: 88.89% (Best: 94.44% @ Ep926) | LR: 0.000300 | Rev: 0/99999
Epoch 8391 | Cost: 0.021439 | Acc: 88.89% (Best: 94.44% @ Ep926) | LR: 0.000300 | Rev: 1/99999
Epoch 8392 | Cost: 0.015984 | Acc: 88.89% (Best: 94.44% @ Ep926) | LR: 0.000300 | Rev: 0/99999
Epoch 8393 | Cost: 0.030663 | Acc: 88.89% (Best: 94.44% @ Ep926) | LR: 0.000300 | Rev: 1/99999
Epoch 8394 | Cost: 0.028230 | Acc: 88.89% (Best: 94.44% @ Ep926) | LR: 0.000300 | Rev: 0/99999
Epoch 8395 | Cost: 0.021998 | Acc: 88.89% (Best: 94.44% @ Ep926) | LR: 0.000300 | Rev: 0/99999
Epoch 8396 | Cost: 0.021798 | Acc: 88.89% (Best: 94.44% @ Ep926) | LR: 0.000300 | Rev: 0/99999
Epoch 8397 | Cost: 0.024601 | Acc: 88.89% (Best: 94.44% @ Ep926) | LR: 0.000300 | Rev: 1/99999
Epoch 8398 | Cost: 0.024899 | Acc: 88.89% (Best: 94.44% @ Ep926) | LR: 0.000300 | Rev: 2/99999
Epoch 8399 | Cost: 0.017101 | Acc: 86.11% (Best: 94.44% @ Ep926) | LR: 0.000300 | Rev: 0/99999
Epoch 8400 | Cost: 0.030862 | Acc: 86.11% (Best: 94.44% @ Ep926) | LR: 0.000300 | Rev: 1/99999
Epoch 8401 | Cost: 0.016994 | Acc: 88.89% (Best: 94.44% @ Ep926) | LR: 0.000300 | Rev: 0/99999
Epoch 8402 | Cost: 0.018583 | Acc: 88.89% (Best: 94.44% @ Ep926) | LR: 0.000300 | Rev: 1/99999
Epoch 8403 | Cost: 0.029592 | Acc: 88.89% (Best: 94.44% @ Ep926) | LR: 0.000300 | Rev: 2/99999
Epoch 8404 | Cost: 0.034740 | Acc: 86.11% (Best: 94.44% @ Ep926) | LR: 0.000300 | Rev: 3/99999
Epoch 8405 | Cost: 0.016337 | Acc: 86.11% (Best: 94.44% @ Ep926) | LR: 0.000300 | Rev: 0/99999
Epoch 8406 | Cost: 0.017246 | Acc: 88.89% (Best: 94.44% @ Ep926) | LR: 0.000300 | Rev: 1/99999
Epoch 8407 | Cost: 0.014645 | Acc: 88.89% (Best: 94.44% @ Ep926) | LR: 0.000300 | Rev: 0/99999
Epoch 8408 | Cost: 0.016117 | Acc: 88.89% (Best: 94.44% @ Ep926) | LR: 0.000300 | Rev: 1/99999
Epoch 8409 | Cost: 0.015429 | Acc: 88.89% (Best: 94.44% @ Ep926) | LR: 0.000300 | Rev: 0/99999
Epoch 8410 | Cost: 0.029063 | Acc: 88.89% (Best: 94.44% @ Ep926) | LR: 0.000300 | Rev: 1/99999
Epoch 8411 | Cost: 0.020264 | Acc: 88.89% (Best: 94.44% @ Ep926) | LR: 0.000300 | Rev: 0/99999
Epoch 8412 | Cost: 0.017362 | Acc: 88.89% (Best: 94.44% @ Ep926) | LR: 0.000300 | Rev: 0/99999
Epoch 8413 | Cost: 0.027755 | Acc: 88.89% (Best: 94.44% @ Ep926) | LR: 0.000300 | Rev: 1/99999
Epoch 8414 | Cost: 0.026010 | Acc: 88.89% (Best: 94.44% @ Ep926) | LR: 0.000300 | Rev: 0/99999
Epoch 8415 | Cost: 0.029939 | Acc: 88.89% (Best: 94.44% @ Ep926) | LR: 0.000300 | Rev: 1/99999
Epoch 8416 | Cost: 0.026883 | Acc: 88.89% (Best: 94.44% @ Ep926) | LR: 0.000300 | Rev: 0/99999
Epoch 8417 | Cost: 0.045407 | Acc: 88.89% (Best: 94.44% @ Ep926) | LR: 0.000300 | Rev: 1/99999
Epoch 8418 | Cost: 0.025254 | Acc: 88.89% (Best: 94.44% @ Ep926) | LR: 0.000300 | Rev: 0/99999
Epoch 8419 | Cost: 0.021876 | Acc: 88.89% (Best: 94.44% @ Ep926) | LR: 0.000300 | Rev: 0/99999
Epoch 8420 | Cost: 0.032466 | Acc: 88.89% (Best: 94.44% @ Ep926) | LR: 0.000300 | Rev: 1/99999
Epoch 8421 | Cost: 0.021396 | Acc: 88.89% (Best: 94.44% @ Ep926) | LR: 0.000300 | Rev: 0/99999
Epoch 8422 | Cost: 0.027774 | Acc: 88.89% (Best: 94.44% @ Ep926) | LR: 0.000300 | Rev: 1/99999
Epoch 8423 | Cost: 0.018120 | Acc: 88.89% (Best: 94.44% @ Ep926) | LR: 0.000300 | Rev: 0/99999
Epoch 8424 | Cost: 0.015213 | Acc: 88.89% (Best: 94.44% @ Ep926) | LR: 0.000300 | Rev: 0/99999
Epoch 8425 | Cost: 0.021837 | Acc: 88.89% (Best: 94.44% @ Ep926) | LR: 0.000300 | Rev: 1/99999
Epoch 8426 | Cost: 0.026038 | Acc: 88.89% (Best: 94.44% @ Ep926) | LR: 0.000300 | Rev: 2/99999
Epoch 8427 | Cost: 0.020434 | Acc: 86.11% (Best: 94.44% @ Ep926) | LR: 0.000300 | Rev: 0/99999
Epoch 8428 | Cost: 0.019165 | Acc: 88.89% (Best: 94.44% @ Ep926) | LR: 0.000300 | Rev: 0/99999
Epoch 8429 | Cost: 0.016114 | Acc: 88.89% (Best: 94.44% @ Ep926) | LR: 0.000300 | Rev: 0/99999
Epoch 8430 | Cost: 0.045469 | Acc: 88.89% (Best: 94.44% @ Ep926) | LR: 0.000300 | Rev: 1/99999
Epoch 8431 | Cost: 0.017919 | Acc: 88.89% (Best: 94.44% @ Ep926) | LR: 0.000300 | Rev: 0/99999
Epoch 8432 | Cost: 0.016890 | Acc: 88.89% (Best: 94.44% @ Ep926) | LR: 0.000300 | Rev: 0/99999
Epoch 8433 | Cost: 0.019739 | Acc: 86.11% (Best: 94.44% @ Ep926) | LR: 0.000300 | Rev: 1/99999
Epoch 8434 | Cost: 0.017981 | Acc: 86.11% (Best: 94.44% @ Ep926) | LR: 0.000300 | Rev: 0/99999
Epoch 8435 | Cost: 0.022647 | Acc: 88.89% (Best: 94.44% @ Ep926) | LR: 0.000300 | Rev: 1/99999
Epoch 8436 | Cost: 0.034823 | Acc: 88.89% (Best: 94.44% @ Ep926) | LR: 0.000300 | Rev: 2/99999
Epoch 8437 | Cost: 0.020509 | Acc: 88.89% (Best: 94.44% @ Ep926) | LR: 0.000300 | Rev: 0/99999
Epoch 8438 | Cost: 0.025281 | Acc: 88.89% (Best: 94.44% @ Ep926) | LR: 0.000300 | Rev: 1/99999
Epoch 8439 | Cost: 0.017811 | Acc: 88.89% (Best: 94.44% @ Ep926) | LR: 0.000300 | Rev: 0/99999
Epoch 8440 | Cost: 0.019989 | Acc: 88.89% (Best: 94.44% @ Ep926) | LR: 0.000300 | Rev: 1/99999
Epoch 8441 | Cost: 0.025013 | Acc: 88.89% (Best: 94.44% @ Ep926) | LR: 0.000300 | Rev: 2/99999
Epoch 8442 | Cost: 0.022036 | Acc: 88.89% (Best: 94.44% @ Ep926) | LR: 0.000300 | Rev: 0/99999
Epoch 8443 | Cost: 0.020561 | Acc: 88.89% (Best: 94.44% @ Ep926) | LR: 0.000300 | Rev: 0/99999
Epoch 8444 | Cost: 0.024048 | Acc: 88.89% (Best: 94.44% @ Ep926) | LR: 0.000300 | Rev: 1/99999
Epoch 8445 | Cost: 0.031341 | Acc: 88.89% (Best: 94.44% @ Ep926) | LR: 0.000300 | Rev: 2/99999
Epoch 8446 | Cost: 0.015057 | Acc: 88.89% (Best: 94.44% @ Ep926) | LR: 0.000300 | Rev: 0/99999
Epoch 8447 | Cost: 0.030766 | Acc: 88.89% (Best: 94.44% @ Ep926) | LR: 0.000300 | Rev: 1/99999
Epoch 8448 | Cost: 0.028453 | Acc: 88.89% (Best: 94.44% @ Ep926) | LR: 0.000300 | Rev: 0/99999
Epoch 8449 | Cost: 0.028552 | Acc: 88.89% (Best: 94.44% @ Ep926) | LR: 0.000300 | Rev: 1/99999
Epoch 8450 | Cost: 0.019441 | Acc: 88.89% (Best: 94.44% @ Ep926) | LR: 0.000300 | Rev: 0/99999
Epoch 8451 | Cost: 0.021880 | Acc: 88.89% (Best: 94.44% @ Ep926) | LR: 0.000300 | Rev: 1/99999
Epoch 8452 | Cost: 0.030249 | Acc: 88.89% (Best: 94.44% @ Ep926) | LR: 0.000300 | Rev: 2/99999
Epoch 8453 | Cost: 0.024072 | Acc: 88.89% (Best: 94.44% @ Ep926) | LR: 0.000300 | Rev: 0/99999
Epoch 8454 | Cost: 0.022079 | Acc: 88.89% (Best: 94.44% @ Ep926) | LR: 0.000300 | Rev: 0/99999
Epoch 8455 | Cost: 0.029464 | Acc: 88.89% (Best: 94.44% @ Ep926) | LR: 0.000300 | Rev: 1/99999
Epoch 8456 | Cost: 0.012220 | Acc: 88.89% (Best: 94.44% @ Ep926) | LR: 0.000300 | Rev: 0/99999
Epoch 8457 | Cost: 0.019464 | Acc: 86.11% (Best: 94.44% @ Ep926) | LR: 0.000300 | Rev: 1/99999
Epoch 8458 | Cost: 0.021226 | Acc: 86.11% (Best: 94.44% @ Ep926) | LR: 0.000300 | Rev: 2/99999
Epoch 8459 | Cost: 0.016251 | Acc: 86.11% (Best: 94.44% @ Ep926) | LR: 0.000300 | Rev: 0/99999
Epoch 8460 | Cost: 0.045436 | Acc: 86.11% (Best: 94.44% @ Ep926) | LR: 0.000300 | Rev: 1/99999
Epoch 8461 | Cost: 0.019230 | Acc: 88.89% (Best: 94.44% @ Ep926) | LR: 0.000300 | Rev: 0/99999
Epoch 8462 | Cost: 0.025439 | Acc: 88.89% (Best: 94.44% @ Ep926) | LR: 0.000300 | Rev: 1/99999
Epoch 8463 | Cost: 0.025942 | Acc: 88.89% (Best: 94.44% @ Ep926) | LR: 0.000300 | Rev: 2/99999
Epoch 8464 | Cost: 0.035655 | Acc: 88.89% (Best: 94.44% @ Ep926) | LR: 0.000300 | Rev: 3/99999
Epoch 8465 | Cost: 0.036774 | Acc: 88.89% (Best: 94.44% @ Ep926) | LR: 0.000300 | Rev: 4/99999
Epoch 8466 | Cost: 0.026008 | Acc: 88.89% (Best: 94.44% @ Ep926) | LR: 0.000300 | Rev: 0/99999
Epoch 8467 | Cost: 0.022308 | Acc: 88.89% (Best: 94.44% @ Ep926) | LR: 0.000300 | Rev: 0/99999
Epoch 8468 | Cost: 0.030000 | Acc: 88.89% (Best: 94.44% @ Ep926) | LR: 0.000300 | Rev: 1/99999
Epoch 8469 | Cost: 0.025146 | Acc: 86.11% (Best: 94.44% @ Ep926) | LR: 0.000300 | Rev: 0/99999
Epoch 8470 | Cost: 0.014261 | Acc: 88.89% (Best: 94.44% @ Ep926) | LR: 0.000300 | Rev: 0/99999
Epoch 8471 | Cost: 0.011851 | Acc: 88.89% (Best: 94.44% @ Ep926) | LR: 0.000300 | Rev: 0/99999
Epoch 8472 | Cost: 0.019312 | Acc: 88.89% (Best: 94.44% @ Ep926) | LR: 0.000300 | Rev: 1/99999
Epoch 8473 | Cost: 0.019692 | Acc: 88.89% (Best: 94.44% @ Ep926) | LR: 0.000300 | Rev: 2/99999
Epoch 8474 | Cost: 0.018419 | Acc: 88.89% (Best: 94.44% @ Ep926) | LR: 0.000300 | Rev: 0/99999
Epoch 8475 | Cost: 0.019035 | Acc: 88.89% (Best: 94.44% @ Ep926) | LR: 0.000300 | Rev: 1/99999
Epoch 8476 | Cost: 0.021790 | Acc: 88.89% (Best: 94.44% @ Ep926) | LR: 0.000300 | Rev: 2/99999
Epoch 8477 | Cost: 0.021852 | Acc: 88.89% (Best: 94.44% @ Ep926) | LR: 0.000300 | Rev: 3/99999
Epoch 8478 | Cost: 0.026632 | Acc: 86.11% (Best: 94.44% @ Ep926) | LR: 0.000300 | Rev: 4/99999
Epoch 8479 | Cost: 0.014226 | Acc: 88.89% (Best: 94.44% @ Ep926) | LR: 0.000300 | Rev: 0/99999
Epoch 8480 | Cost: 0.019949 | Acc: 86.11% (Best: 94.44% @ Ep926) | LR: 0.000300 | Rev: 1/99999
Epoch 8481 | Cost: 0.017465 | Acc: 86.11% (Best: 94.44% @ Ep926) | LR: 0.000300 | Rev: 0/99999
Epoch 8482 | Cost: 0.036973 | Acc: 86.11% (Best: 94.44% @ Ep926) | LR: 0.000300 | Rev: 1/99999
Epoch 8483 | Cost: 0.017747 | Acc: 86.11% (Best: 94.44% @ Ep926) | LR: 0.000300 | Rev: 0/99999
Epoch 8484 | Cost: 0.020990 | Acc: 86.11% (Best: 94.44% @ Ep926) | LR: 0.000300 | Rev: 1/99999
Epoch 8485 | Cost: 0.025079 | Acc: 86.11% (Best: 94.44% @ Ep926) | LR: 0.000300 | Rev: 2/99999
Epoch 8486 | Cost: 0.027511 | Acc: 86.11% (Best: 94.44% @ Ep926) | LR: 0.000300 | Rev: 3/99999
Epoch 8487 | Cost: 0.032745 | Acc: 86.11% (Best: 94.44% @ Ep926) | LR: 0.000300 | Rev: 4/99999
Epoch 8488 | Cost: 0.018965 | Acc: 86.11% (Best: 94.44% @ Ep926) | LR: 0.000300 | Rev: 0/99999
Epoch 8489 | Cost: 0.031318 | Acc: 86.11% (Best: 94.44% @ Ep926) | LR: 0.000300 | Rev: 1/99999
Epoch 8490 | Cost: 0.031798 | Acc: 88.89% (Best: 94.44% @ Ep926) | LR: 0.000300 | Rev: 2/99999
Epoch 8491 | Cost: 0.016502 | Acc: 88.89% (Best: 94.44% @ Ep926) | LR: 0.000300 | Rev: 0/99999
Epoch 8492 | Cost: 0.020305 | Acc: 88.89% (Best: 94.44% @ Ep926) | LR: 0.000300 | Rev: 1/99999
Epoch 8493 | Cost: 0.026065 | Acc: 86.11% (Best: 94.44% @ Ep926) | LR: 0.000300 | Rev: 2/99999
Epoch 8494 | Cost: 0.035212 | Acc: 86.11% (Best: 94.44% @ Ep926) | LR: 0.000300 | Rev: 3/99999
Epoch 8495 | Cost: 0.035125 | Acc: 86.11% (Best: 94.44% @ Ep926) | LR: 0.000300 | Rev: 0/99999
Epoch 8496 | Cost: 0.028777 | Acc: 86.11% (Best: 94.44% @ Ep926) | LR: 0.000300 | Rev: 0/99999
Epoch 8497 | Cost: 0.027686 | Acc: 86.11% (Best: 94.44% @ Ep926) | LR: 0.000300 | Rev: 0/99999
Epoch 8498 | Cost: 0.025060 | Acc: 88.89% (Best: 94.44% @ Ep926) | LR: 0.000300 | Rev: 0/99999
Epoch 8499 | Cost: 0.023993 | Acc: 88.89% (Best: 94.44% @ Ep926) | LR: 0.000300 | Rev: 0/99999
Epoch 8500 | Cost: 0.014735 | Acc: 88.89% (Best: 94.44% @ Ep926) | LR: 0.000300 | Rev: 0/99999
Epoch 8501 | Cost: 0.020866 | Acc: 88.89% (Best: 94.44% @ Ep926) | LR: 0.000300 | Rev: 1/99999
Epoch 8502 | Cost: 0.030508 | Acc: 88.89% (Best: 94.44% @ Ep926) | LR: 0.000300 | Rev: 2/99999
Epoch 8503 | Cost: 0.018530 | Acc: 88.89% (Best: 94.44% @ Ep926) | LR: 0.000300 | Rev: 0/99999
Epoch 8504 | Cost: 0.017974 | Acc: 86.11% (Best: 94.44% @ Ep926) | LR: 0.000300 | Rev: 0/99999
Epoch 8505 | Cost: 0.022536 | Acc: 86.11% (Best: 94.44% @ Ep926) | LR: 0.000300 | Rev: 1/99999
Epoch 8506 | Cost: 0.016804 | Acc: 86.11% (Best: 94.44% @ Ep926) | LR: 0.000300 | Rev: 0/99999
Epoch 8507 | Cost: 0.049691 | Acc: 88.89% (Best: 94.44% @ Ep926) | LR: 0.000300 | Rev: 1/99999
Epoch 8508 | Cost: 0.018995 | Acc: 88.89% (Best: 94.44% @ Ep926) | LR: 0.000300 | Rev: 0/99999
Epoch 8509 | Cost: 0.026270 | Acc: 88.89% (Best: 94.44% @ Ep926) | LR: 0.000300 | Rev: 1/99999
Epoch 8510 | Cost: 0.015496 | Acc: 88.89% (Best: 94.44% @ Ep926) | LR: 0.000300 | Rev: 0/99999
Epoch 8511 | Cost: 0.019394 | Acc: 88.89% (Best: 94.44% @ Ep926) | LR: 0.000300 | Rev: 1/99999
Epoch 8512 | Cost: 0.028569 | Acc: 88.89% (Best: 94.44% @ Ep926) | LR: 0.000300 | Rev: 2/99999
Epoch 8513 | Cost: 0.022416 | Acc: 88.89% (Best: 94.44% @ Ep926) | LR: 0.000300 | Rev: 0/99999
Epoch 8514 | Cost: 0.021444 | Acc: 88.89% (Best: 94.44% @ Ep926) | LR: 0.000300 | Rev: 0/99999
Epoch 8515 | Cost: 0.015586 | Acc: 88.89% (Best: 94.44% @ Ep926) | LR: 0.000300 | Rev: 0/99999
Epoch 8516 | Cost: 0.029153 | Acc: 88.89% (Best: 94.44% @ Ep926) | LR: 0.000300 | Rev: 1/99999
Epoch 8517 | Cost: 0.012960 | Acc: 88.89% (Best: 94.44% @ Ep926) | LR: 0.000300 | Rev: 0/99999
Epoch 8518 | Cost: 0.016319 | Acc: 88.89% (Best: 94.44% @ Ep926) | LR: 0.000300 | Rev: 1/99999
Epoch 8519 | Cost: 0.012170 | Acc: 88.89% (Best: 94.44% @ Ep926) | LR: 0.000300 | Rev: 0/99999
Epoch 8520 | Cost: 0.022663 | Acc: 88.89% (Best: 94.44% @ Ep926) | LR: 0.000300 | Rev: 1/99999
Epoch 8521 | Cost: 0.029913 | Acc: 88.89% (Best: 94.44% @ Ep926) | LR: 0.000300 | Rev: 2/99999
Epoch 8522 | Cost: 0.026999 | Acc: 88.89% (Best: 94.44% @ Ep926) | LR: 0.000300 | Rev: 0/99999
Epoch 8523 | Cost: 0.018195 | Acc: 88.89% (Best: 94.44% @ Ep926) | LR: 0.000300 | Rev: 0/99999
Epoch 8524 | Cost: 0.017110 | Acc: 88.89% (Best: 94.44% @ Ep926) | LR: 0.000300 | Rev: 0/99999
Epoch 8525 | Cost: 0.016406 | Acc: 88.89% (Best: 94.44% @ Ep926) | LR: 0.000300 | Rev: 0/99999
Epoch 8526 | Cost: 0.023085 | Acc: 88.89% (Best: 94.44% @ Ep926) | LR: 0.000300 | Rev: 1/99999
Epoch 8527 | Cost: 0.022337 | Acc: 88.89% (Best: 94.44% @ Ep926) | LR: 0.000300 | Rev: 0/99999
Epoch 8528 | Cost: 0.019408 | Acc: 88.89% (Best: 94.44% @ Ep926) | LR: 0.000300 | Rev: 0/99999
Epoch 8529 | Cost: 0.015407 | Acc: 88.89% (Best: 94.44% @ Ep926) | LR: 0.000300 | Rev: 0/99999
Epoch 8530 | Cost: 0.018533 | Acc: 88.89% (Best: 94.44% @ Ep926) | LR: 0.000300 | Rev: 1/99999
Epoch 8531 | Cost: 0.013708 | Acc: 88.89% (Best: 94.44% @ Ep926) | LR: 0.000300 | Rev: 0/99999
Epoch 8532 | Cost: 0.022221 | Acc: 88.89% (Best: 94.44% @ Ep926) | LR: 0.000300 | Rev: 1/99999
Epoch 8533 | Cost: 0.023419 | Acc: 88.89% (Best: 94.44% @ Ep926) | LR: 0.000300 | Rev: 2/99999
Epoch 8534 | Cost: 0.023273 | Acc: 88.89% (Best: 94.44% @ Ep926) | LR: 0.000300 | Rev: 0/99999
Epoch 8535 | Cost: 0.025192 | Acc: 88.89% (Best: 94.44% @ Ep926) | LR: 0.000300 | Rev: 1/99999
Epoch 8536 | Cost: 0.016816 | Acc: 88.89% (Best: 94.44% @ Ep926) | LR: 0.000300 | Rev: 0/99999
Epoch 8537 | Cost: 0.031812 | Acc: 88.89% (Best: 94.44% @ Ep926) | LR: 0.000300 | Rev: 1/99999
Epoch 8538 | Cost: 0.027253 | Acc: 88.89% (Best: 94.44% @ Ep926) | LR: 0.000300 | Rev: 0/99999
Epoch 8539 | Cost: 0.017075 | Acc: 88.89% (Best: 94.44% @ Ep926) | LR: 0.000300 | Rev: 0/99999
Epoch 8540 | Cost: 0.019931 | Acc: 86.11% (Best: 94.44% @ Ep926) | LR: 0.000300 | Rev: 1/99999
Epoch 8541 | Cost: 0.048118 | Acc: 86.11% (Best: 94.44% @ Ep926) | LR: 0.000300 | Rev: 2/99999
Epoch 8542 | Cost: 0.021824 | Acc: 88.89% (Best: 94.44% @ Ep926) | LR: 0.000300 | Rev: 0/99999
Epoch 8543 | Cost: 0.024022 | Acc: 88.89% (Best: 94.44% @ Ep926) | LR: 0.000300 | Rev: 1/99999
Epoch 8544 | Cost: 0.015569 | Acc: 88.89% (Best: 94.44% @ Ep926) | LR: 0.000300 | Rev: 0/99999
Epoch 8545 | Cost: 0.029867 | Acc: 88.89% (Best: 94.44% @ Ep926) | LR: 0.000300 | Rev: 1/99999
Epoch 8546 | Cost: 0.028362 | Acc: 88.89% (Best: 94.44% @ Ep926) | LR: 0.000300 | Rev: 0/99999
Epoch 8547 | Cost: 0.017481 | Acc: 88.89% (Best: 94.44% @ Ep926) | LR: 0.000300 | Rev: 0/99999
Epoch 8548 | Cost: 0.037903 | Acc: 88.89% (Best: 94.44% @ Ep926) | LR: 0.000300 | Rev: 1/99999
Epoch 8549 | Cost: 0.023911 | Acc: 88.89% (Best: 94.44% @ Ep926) | LR: 0.000300 | Rev: 0/99999
Epoch 8550 | Cost: 0.021742 | Acc: 88.89% (Best: 94.44% @ Ep926) | LR: 0.000300 | Rev: 0/99999
Epoch 8551 | Cost: 0.014986 | Acc: 88.89% (Best: 94.44% @ Ep926) | LR: 0.000300 | Rev: 0/99999
Epoch 8552 | Cost: 0.023727 | Acc: 88.89% (Best: 94.44% @ Ep926) | LR: 0.000300 | Rev: 1/99999
Epoch 8553 | Cost: 0.027329 | Acc: 88.89% (Best: 94.44% @ Ep926) | LR: 0.000300 | Rev: 2/99999
Epoch 8554 | Cost: 0.014575 | Acc: 86.11% (Best: 94.44% @ Ep926) | LR: 0.000300 | Rev: 0/99999
Epoch 8555 | Cost: 0.017037 | Acc: 86.11% (Best: 94.44% @ Ep926) | LR: 0.000300 | Rev: 1/99999
Epoch 8556 | Cost: 0.014302 | Acc: 86.11% (Best: 94.44% @ Ep926) | LR: 0.000300 | Rev: 0/99999
Epoch 8557 | Cost: 0.041193 | Acc: 88.89% (Best: 94.44% @ Ep926) | LR: 0.000300 | Rev: 1/99999
Epoch 8558 | Cost: 0.032703 | Acc: 88.89% (Best: 94.44% @ Ep926) | LR: 0.000300 | Rev: 0/99999
Epoch 8559 | Cost: 0.013343 | Acc: 88.89% (Best: 94.44% @ Ep926) | LR: 0.000300 | Rev: 0/99999
Epoch 8560 | Cost: 0.011709 | Acc: 88.89% (Best: 94.44% @ Ep926) | LR: 0.000300 | Rev: 0/99999
Epoch 8561 | Cost: 0.013552 | Acc: 88.89% (Best: 94.44% @ Ep926) | LR: 0.000300 | Rev: 1/99999
Epoch 8562 | Cost: 0.015702 | Acc: 88.89% (Best: 94.44% @ Ep926) | LR: 0.000300 | Rev: 2/99999
Epoch 8563 | Cost: 0.017268 | Acc: 88.89% (Best: 94.44% @ Ep926) | LR: 0.000300 | Rev: 3/99999
Epoch 8564 | Cost: 0.035270 | Acc: 88.89% (Best: 94.44% @ Ep926) | LR: 0.000300 | Rev: 4/99999
Epoch 8565 | Cost: 0.021318 | Acc: 88.89% (Best: 94.44% @ Ep926) | LR: 0.000300 | Rev: 0/99999
Epoch 8566 | Cost: 0.019499 | Acc: 88.89% (Best: 94.44% @ Ep926) | LR: 0.000300 | Rev: 0/99999
Epoch 8567 | Cost: 0.028380 | Acc: 88.89% (Best: 94.44% @ Ep926) | LR: 0.000300 | Rev: 1/99999
Epoch 8568 | Cost: 0.020941 | Acc: 88.89% (Best: 94.44% @ Ep926) | LR: 0.000300 | Rev: 0/99999
Epoch 8569 | Cost: 0.014877 | Acc: 88.89% (Best: 94.44% @ Ep926) | LR: 0.000300 | Rev: 0/99999
Epoch 8570 | Cost: 0.017551 | Acc: 88.89% (Best: 94.44% @ Ep926) | LR: 0.000300 | Rev: 1/99999
Epoch 8571 | Cost: 0.022210 | Acc: 88.89% (Best: 94.44% @ Ep926) | LR: 0.000300 | Rev: 2/99999
Epoch 8572 | Cost: 0.028307 | Acc: 86.11% (Best: 94.44% @ Ep926) | LR: 0.000300 | Rev: 3/99999
Epoch 8573 | Cost: 0.014960 | Acc: 86.11% (Best: 94.44% @ Ep926) | LR: 0.000300 | Rev: 0/99999
Epoch 8574 | Cost: 0.023613 | Acc: 86.11% (Best: 94.44% @ Ep926) | LR: 0.000300 | Rev: 1/99999
Epoch 8575 | Cost: 0.027718 | Acc: 86.11% (Best: 94.44% @ Ep926) | LR: 0.000300 | Rev: 2/99999
Epoch 8576 | Cost: 0.015359 | Acc: 88.89% (Best: 94.44% @ Ep926) | LR: 0.000300 | Rev: 0/99999
Epoch 8577 | Cost: 0.023756 | Acc: 88.89% (Best: 94.44% @ Ep926) | LR: 0.000300 | Rev: 1/99999
Epoch 8578 | Cost: 0.029958 | Acc: 88.89% (Best: 94.44% @ Ep926) | LR: 0.000300 | Rev: 2/99999
Epoch 8579 | Cost: 0.016472 | Acc: 88.89% (Best: 94.44% @ Ep926) | LR: 0.000300 | Rev: 0/99999
Epoch 8580 | Cost: 0.039337 | Acc: 88.89% (Best: 94.44% @ Ep926) | LR: 0.000300 | Rev: 1/99999
Epoch 8581 | Cost: 0.019585 | Acc: 88.89% (Best: 94.44% @ Ep926) | LR: 0.000300 | Rev: 0/99999
Epoch 8582 | Cost: 0.019420 | Acc: 88.89% (Best: 94.44% @ Ep926) | LR: 0.000300 | Rev: 0/99999
Epoch 8583 | Cost: 0.018460 | Acc: 88.89% (Best: 94.44% @ Ep926) | LR: 0.000300 | Rev: 0/99999
Epoch 8584 | Cost: 0.028174 | Acc: 88.89% (Best: 94.44% @ Ep926) | LR: 0.000300 | Rev: 1/99999
Epoch 8585 | Cost: 0.032649 | Acc: 86.11% (Best: 94.44% @ Ep926) | LR: 0.000300 | Rev: 2/99999
Epoch 8586 | Cost: 0.029661 | Acc: 86.11% (Best: 94.44% @ Ep926) | LR: 0.000300 | Rev: 0/99999
Epoch 8587 | Cost: 0.020548 | Acc: 86.11% (Best: 94.44% @ Ep926) | LR: 0.000300 | Rev: 0/99999
Epoch 8588 | Cost: 0.016046 | Acc: 86.11% (Best: 94.44% @ Ep926) | LR: 0.000300 | Rev: 0/99999
Epoch 8589 | Cost: 0.022784 | Acc: 88.89% (Best: 94.44% @ Ep926) | LR: 0.000300 | Rev: 1/99999
Epoch 8590 | Cost: 0.023622 | Acc: 88.89% (Best: 94.44% @ Ep926) | LR: 0.000300 | Rev: 2/99999
Epoch 8591 | Cost: 0.016814 | Acc: 88.89% (Best: 94.44% @ Ep926) | LR: 0.000300 | Rev: 0/99999
Epoch 8592 | Cost: 0.021525 | Acc: 88.89% (Best: 94.44% @ Ep926) | LR: 0.000300 | Rev: 1/99999
Epoch 8593 | Cost: 0.024155 | Acc: 88.89% (Best: 94.44% @ Ep926) | LR: 0.000300 | Rev: 2/99999
Epoch 8594 | Cost: 0.021624 | Acc: 88.89% (Best: 94.44% @ Ep926) | LR: 0.000300 | Rev: 0/99999
Epoch 8595 | Cost: 0.019748 | Acc: 88.89% (Best: 94.44% @ Ep926) | LR: 0.000300 | Rev: 0/99999
Epoch 8596 | Cost: 0.027014 | Acc: 88.89% (Best: 94.44% @ Ep926) | LR: 0.000300 | Rev: 1/99999
Epoch 8597 | Cost: 0.016989 | Acc: 88.89% (Best: 94.44% @ Ep926) | LR: 0.000300 | Rev: 0/99999
Epoch 8598 | Cost: 0.018433 | Acc: 88.89% (Best: 94.44% @ Ep926) | LR: 0.000300 | Rev: 1/99999
Epoch 8599 | Cost: 0.011019 | Acc: 88.89% (Best: 94.44% @ Ep926) | LR: 0.000300 | Rev: 0/99999
Epoch 8600 | Cost: 0.041479 | Acc: 88.89% (Best: 94.44% @ Ep926) | LR: 0.000300 | Rev: 1/99999
Epoch 8601 | Cost: 0.019971 | Acc: 88.89% (Best: 94.44% @ Ep926) | LR: 0.000300 | Rev: 0/99999
Epoch 8602 | Cost: 0.035118 | Acc: 88.89% (Best: 94.44% @ Ep926) | LR: 0.000300 | Rev: 1/99999
Epoch 8603 | Cost: 0.019372 | Acc: 88.89% (Best: 94.44% @ Ep926) | LR: 0.000300 | Rev: 0/99999
Epoch 8604 | Cost: 0.016491 | Acc: 88.89% (Best: 94.44% @ Ep926) | LR: 0.000300 | Rev: 0/99999
Epoch 8605 | Cost: 0.025394 | Acc: 88.89% (Best: 94.44% @ Ep926) | LR: 0.000300 | Rev: 1/99999
Epoch 8606 | Cost: 0.029805 | Acc: 88.89% (Best: 94.44% @ Ep926) | LR: 0.000300 | Rev: 2/99999
Epoch 8607 | Cost: 0.014096 | Acc: 88.89% (Best: 94.44% @ Ep926) | LR: 0.000300 | Rev: 0/99999
Epoch 8608 | Cost: 0.022979 | Acc: 88.89% (Best: 94.44% @ Ep926) | LR: 0.000300 | Rev: 1/99999
Epoch 8609 | Cost: 0.015703 | Acc: 88.89% (Best: 94.44% @ Ep926) | LR: 0.000300 | Rev: 0/99999
Epoch 8610 | Cost: 0.018535 | Acc: 88.89% (Best: 94.44% @ Ep926) | LR: 0.000300 | Rev: 1/99999
Epoch 8611 | Cost: 0.031819 | Acc: 86.11% (Best: 94.44% @ Ep926) | LR: 0.000300 | Rev: 2/99999
Epoch 8612 | Cost: 0.028193 | Acc: 86.11% (Best: 94.44% @ Ep926) | LR: 0.000300 | Rev: 0/99999
Epoch 8613 | Cost: 0.018212 | Acc: 88.89% (Best: 94.44% @ Ep926) | LR: 0.000300 | Rev: 0/99999
Epoch 8614 | Cost: 0.017256 | Acc: 88.89% (Best: 94.44% @ Ep926) | LR: 0.000300 | Rev: 0/99999
Epoch 8615 | Cost: 0.023289 | Acc: 88.89% (Best: 94.44% @ Ep926) | LR: 0.000300 | Rev: 1/99999
Epoch 8616 | Cost: 0.016965 | Acc: 88.89% (Best: 94.44% @ Ep926) | LR: 0.000300 | Rev: 0/99999
Epoch 8617 | Cost: 0.022021 | Acc: 88.89% (Best: 94.44% @ Ep926) | LR: 0.000300 | Rev: 1/99999
Epoch 8618 | Cost: 0.019468 | Acc: 88.89% (Best: 94.44% @ Ep926) | LR: 0.000300 | Rev: 0/99999
Epoch 8619 | Cost: 0.016231 | Acc: 88.89% (Best: 94.44% @ Ep926) | LR: 0.000300 | Rev: 0/99999
Epoch 8620 | Cost: 0.017362 | Acc: 88.89% (Best: 94.44% @ Ep926) | LR: 0.000300 | Rev: 1/99999
Epoch 8621 | Cost: 0.017702 | Acc: 88.89% (Best: 94.44% @ Ep926) | LR: 0.000300 | Rev: 2/99999
Epoch 8622 | Cost: 0.022037 | Acc: 88.89% (Best: 94.44% @ Ep926) | LR: 0.000300 | Rev: 3/99999
Epoch 8623 | Cost: 0.015888 | Acc: 88.89% (Best: 94.44% @ Ep926) | LR: 0.000300 | Rev: 0/99999
Epoch 8624 | Cost: 0.015781 | Acc: 86.11% (Best: 94.44% @ Ep926) | LR: 0.000300 | Rev: 0/99999
Epoch 8625 | Cost: 0.031658 | Acc: 86.11% (Best: 94.44% @ Ep926) | LR: 0.000300 | Rev: 1/99999
Epoch 8626 | Cost: 0.029899 | Acc: 88.89% (Best: 94.44% @ Ep926) | LR: 0.000300 | Rev: 0/99999
Epoch 8627 | Cost: 0.013919 | Acc: 88.89% (Best: 94.44% @ Ep926) | LR: 0.000300 | Rev: 0/99999
Epoch 8628 | Cost: 0.026120 | Acc: 88.89% (Best: 94.44% @ Ep926) | LR: 0.000300 | Rev: 1/99999
Epoch 8629 | Cost: 0.025757 | Acc: 88.89% (Best: 94.44% @ Ep926) | LR: 0.000300 | Rev: 0/99999
Epoch 8630 | Cost: 0.015167 | Acc: 88.89% (Best: 94.44% @ Ep926) | LR: 0.000300 | Rev: 0/99999
Epoch 8631 | Cost: 0.031703 | Acc: 88.89% (Best: 94.44% @ Ep926) | LR: 0.000300 | Rev: 1/99999
Epoch 8632 | Cost: 0.036076 | Acc: 88.89% (Best: 94.44% @ Ep926) | LR: 0.000300 | Rev: 2/99999
Epoch 8633 | Cost: 0.024952 | Acc: 86.11% (Best: 94.44% @ Ep926) | LR: 0.000300 | Rev: 0/99999
Epoch 8634 | Cost: 0.017999 | Acc: 86.11% (Best: 94.44% @ Ep926) | LR: 0.000300 | Rev: 0/99999
Epoch 8635 | Cost: 0.021992 | Acc: 86.11% (Best: 94.44% @ Ep926) | LR: 0.000300 | Rev: 1/99999
Epoch 8636 | Cost: 0.024165 | Acc: 88.89% (Best: 94.44% @ Ep926) | LR: 0.000300 | Rev: 2/99999
Epoch 8637 | Cost: 0.014472 | Acc: 88.89% (Best: 94.44% @ Ep926) | LR: 0.000300 | Rev: 0/99999
Epoch 8638 | Cost: 0.018945 | Acc: 88.89% (Best: 94.44% @ Ep926) | LR: 0.000300 | Rev: 1/99999
Epoch 8639 | Cost: 0.020004 | Acc: 88.89% (Best: 94.44% @ Ep926) | LR: 0.000300 | Rev: 2/99999
Epoch 8640 | Cost: 0.010553 | Acc: 88.89% (Best: 94.44% @ Ep926) | LR: 0.000300 | Rev: 0/99999
Epoch 8641 | Cost: 0.026126 | Acc: 88.89% (Best: 94.44% @ Ep926) | LR: 0.000300 | Rev: 1/99999
Epoch 8642 | Cost: 0.022833 | Acc: 88.89% (Best: 94.44% @ Ep926) | LR: 0.000300 | Rev: 0/99999
Epoch 8643 | Cost: 0.018503 | Acc: 88.89% (Best: 94.44% @ Ep926) | LR: 0.000300 | Rev: 0/99999
Epoch 8644 | Cost: 0.029959 | Acc: 86.11% (Best: 94.44% @ Ep926) | LR: 0.000300 | Rev: 1/99999
Epoch 8645 | Cost: 0.015819 | Acc: 86.11% (Best: 94.44% @ Ep926) | LR: 0.000300 | Rev: 0/99999
Epoch 8646 | Cost: 0.013959 | Acc: 86.11% (Best: 94.44% @ Ep926) | LR: 0.000300 | Rev: 0/99999
Epoch 8647 | Cost: 0.023545 | Acc: 86.11% (Best: 94.44% @ Ep926) | LR: 0.000300 | Rev: 1/99999
Epoch 8648 | Cost: 0.018727 | Acc: 86.11% (Best: 94.44% @ Ep926) | LR: 0.000300 | Rev: 0/99999
Epoch 8649 | Cost: 0.018643 | Acc: 88.89% (Best: 94.44% @ Ep926) | LR: 0.000300 | Rev: 0/99999
Epoch 8650 | Cost: 0.020865 | Acc: 86.11% (Best: 94.44% @ Ep926) | LR: 0.000300 | Rev: 1/99999
Epoch 8651 | Cost: 0.026786 | Acc: 88.89% (Best: 94.44% @ Ep926) | LR: 0.000300 | Rev: 2/99999
Epoch 8652 | Cost: 0.019961 | Acc: 88.89% (Best: 94.44% @ Ep926) | LR: 0.000300 | Rev: 0/99999
Epoch 8653 | Cost: 0.013103 | Acc: 88.89% (Best: 94.44% @ Ep926) | LR: 0.000300 | Rev: 0/99999
Epoch 8654 | Cost: 0.016220 | Acc: 88.89% (Best: 94.44% @ Ep926) | LR: 0.000300 | Rev: 1/99999
Epoch 8655 | Cost: 0.016926 | Acc: 88.89% (Best: 94.44% @ Ep926) | LR: 0.000300 | Rev: 2/99999
Epoch 8656 | Cost: 0.016999 | Acc: 88.89% (Best: 94.44% @ Ep926) | LR: 0.000300 | Rev: 3/99999
Epoch 8657 | Cost: 0.022610 | Acc: 88.89% (Best: 94.44% @ Ep926) | LR: 0.000300 | Rev: 4/99999
Epoch 8658 | Cost: 0.022915 | Acc: 88.89% (Best: 94.44% @ Ep926) | LR: 0.000300 | Rev: 5/99999
Epoch 8659 | Cost: 0.021719 | Acc: 88.89% (Best: 94.44% @ Ep926) | LR: 0.000300 | Rev: 0/99999
Epoch 8660 | Cost: 0.018112 | Acc: 88.89% (Best: 94.44% @ Ep926) | LR: 0.000300 | Rev: 0/99999
Epoch 8661 | Cost: 0.031175 | Acc: 88.89% (Best: 94.44% @ Ep926) | LR: 0.000300 | Rev: 1/99999
Epoch 8662 | Cost: 0.011645 | Acc: 88.89% (Best: 94.44% @ Ep926) | LR: 0.000300 | Rev: 0/99999
Epoch 8663 | Cost: 0.021114 | Acc: 88.89% (Best: 94.44% @ Ep926) | LR: 0.000300 | Rev: 1/99999
Epoch 8664 | Cost: 0.019051 | Acc: 88.89% (Best: 94.44% @ Ep926) | LR: 0.000300 | Rev: 0/99999
Epoch 8665 | Cost: 0.024091 | Acc: 88.89% (Best: 94.44% @ Ep926) | LR: 0.000300 | Rev: 1/99999
Epoch 8666 | Cost: 0.017983 | Acc: 88.89% (Best: 94.44% @ Ep926) | LR: 0.000300 | Rev: 0/99999
Epoch 8667 | Cost: 0.040186 | Acc: 86.11% (Best: 94.44% @ Ep926) | LR: 0.000300 | Rev: 1/99999
Epoch 8668 | Cost: 0.024147 | Acc: 86.11% (Best: 94.44% @ Ep926) | LR: 0.000300 | Rev: 0/99999
Epoch 8669 | Cost: 0.033756 | Acc: 86.11% (Best: 94.44% @ Ep926) | LR: 0.000300 | Rev: 1/99999
Epoch 8670 | Cost: 0.019183 | Acc: 88.89% (Best: 94.44% @ Ep926) | LR: 0.000300 | Rev: 0/99999
Epoch 8671 | Cost: 0.021419 | Acc: 88.89% (Best: 94.44% @ Ep926) | LR: 0.000300 | Rev: 1/99999
Epoch 8672 | Cost: 0.025100 | Acc: 88.89% (Best: 94.44% @ Ep926) | LR: 0.000300 | Rev: 2/99999
Epoch 8673 | Cost: 0.039118 | Acc: 88.89% (Best: 94.44% @ Ep926) | LR: 0.000300 | Rev: 3/99999
Epoch 8674 | Cost: 0.032310 | Acc: 88.89% (Best: 94.44% @ Ep926) | LR: 0.000300 | Rev: 0/99999
Epoch 8675 | Cost: 0.021728 | Acc: 88.89% (Best: 94.44% @ Ep926) | LR: 0.000300 | Rev: 0/99999
Epoch 8676 | Cost: 0.018430 | Acc: 88.89% (Best: 94.44% @ Ep926) | LR: 0.000300 | Rev: 0/99999
Epoch 8677 | Cost: 0.023034 | Acc: 88.89% (Best: 94.44% @ Ep926) | LR: 0.000300 | Rev: 1/99999
Epoch 8678 | Cost: 0.018436 | Acc: 88.89% (Best: 94.44% @ Ep926) | LR: 0.000300 | Rev: 0/99999
Epoch 8679 | Cost: 0.015184 | Acc: 88.89% (Best: 94.44% @ Ep926) | LR: 0.000300 | Rev: 0/99999
Epoch 8680 | Cost: 0.022845 | Acc: 88.89% (Best: 94.44% @ Ep926) | LR: 0.000300 | Rev: 1/99999
Epoch 8681 | Cost: 0.022349 | Acc: 88.89% (Best: 94.44% @ Ep926) | LR: 0.000300 | Rev: 0/99999
Epoch 8682 | Cost: 0.026707 | Acc: 88.89% (Best: 94.44% @ Ep926) | LR: 0.000300 | Rev: 1/99999
Epoch 8683 | Cost: 0.015131 | Acc: 88.89% (Best: 94.44% @ Ep926) | LR: 0.000300 | Rev: 0/99999
Epoch 8684 | Cost: 0.014801 | Acc: 88.89% (Best: 94.44% @ Ep926) | LR: 0.000300 | Rev: 0/99999
Epoch 8685 | Cost: 0.029637 | Acc: 88.89% (Best: 94.44% @ Ep926) | LR: 0.000300 | Rev: 1/99999
Epoch 8686 | Cost: 0.022985 | Acc: 88.89% (Best: 94.44% @ Ep926) | LR: 0.000300 | Rev: 0/99999
Epoch 8687 | Cost: 0.040092 | Acc: 88.89% (Best: 94.44% @ Ep926) | LR: 0.000300 | Rev: 1/99999
Epoch 8688 | Cost: 0.021064 | Acc: 88.89% (Best: 94.44% @ Ep926) | LR: 0.000300 | Rev: 0/99999
Epoch 8689 | Cost: 0.031041 | Acc: 88.89% (Best: 94.44% @ Ep926) | LR: 0.000300 | Rev: 1/99999
Epoch 8690 | Cost: 0.021911 | Acc: 88.89% (Best: 94.44% @ Ep926) | LR: 0.000300 | Rev: 0/99999
Epoch 8691 | Cost: 0.023561 | Acc: 88.89% (Best: 94.44% @ Ep926) | LR: 0.000300 | Rev: 1/99999
Epoch 8692 | Cost: 0.023005 | Acc: 88.89% (Best: 94.44% @ Ep926) | LR: 0.000300 | Rev: 0/99999
Epoch 8693 | Cost: 0.014835 | Acc: 88.89% (Best: 94.44% @ Ep926) | LR: 0.000300 | Rev: 0/99999
Epoch 8694 | Cost: 0.022393 | Acc: 88.89% (Best: 94.44% @ Ep926) | LR: 0.000300 | Rev: 1/99999
Epoch 8695 | Cost: 0.025408 | Acc: 88.89% (Best: 94.44% @ Ep926) | LR: 0.000300 | Rev: 2/99999
Epoch 8696 | Cost: 0.013471 | Acc: 88.89% (Best: 94.44% @ Ep926) | LR: 0.000300 | Rev: 0/99999
Epoch 8697 | Cost: 0.028368 | Acc: 88.89% (Best: 94.44% @ Ep926) | LR: 0.000300 | Rev: 1/99999
Epoch 8698 | Cost: 0.010915 | Acc: 88.89% (Best: 94.44% @ Ep926) | LR: 0.000300 | Rev: 0/99999
Epoch 8699 | Cost: 0.021516 | Acc: 88.89% (Best: 94.44% @ Ep926) | LR: 0.000300 | Rev: 1/99999
Epoch 8700 | Cost: 0.024261 | Acc: 88.89% (Best: 94.44% @ Ep926) | LR: 0.000300 | Rev: 2/99999
Epoch 8701 | Cost: 0.019039 | Acc: 88.89% (Best: 94.44% @ Ep926) | LR: 0.000300 | Rev: 0/99999
Epoch 8702 | Cost: 0.014568 | Acc: 86.11% (Best: 94.44% @ Ep926) | LR: 0.000300 | Rev: 0/99999
Epoch 8703 | Cost: 0.021779 | Acc: 86.11% (Best: 94.44% @ Ep926) | LR: 0.000300 | Rev: 1/99999
Epoch 8704 | Cost: 0.019588 | Acc: 88.89% (Best: 94.44% @ Ep926) | LR: 0.000300 | Rev: 0/99999
Epoch 8705 | Cost: 0.023826 | Acc: 88.89% (Best: 94.44% @ Ep926) | LR: 0.000300 | Rev: 1/99999
Epoch 8706 | Cost: 0.015315 | Acc: 88.89% (Best: 94.44% @ Ep926) | LR: 0.000300 | Rev: 0/99999
Epoch 8707 | Cost: 0.020274 | Acc: 86.11% (Best: 94.44% @ Ep926) | LR: 0.000300 | Rev: 1/99999
Epoch 8708 | Cost: 0.017434 | Acc: 86.11% (Best: 94.44% @ Ep926) | LR: 0.000300 | Rev: 0/99999
Epoch 8709 | Cost: 0.023205 | Acc: 88.89% (Best: 94.44% @ Ep926) | LR: 0.000300 | Rev: 1/99999
Epoch 8710 | Cost: 0.013976 | Acc: 88.89% (Best: 94.44% @ Ep926) | LR: 0.000300 | Rev: 0/99999
Epoch 8711 | Cost: 0.019873 | Acc: 88.89% (Best: 94.44% @ Ep926) | LR: 0.000300 | Rev: 1/99999
Epoch 8712 | Cost: 0.017285 | Acc: 88.89% (Best: 94.44% @ Ep926) | LR: 0.000300 | Rev: 0/99999
Epoch 8713 | Cost: 0.022886 | Acc: 88.89% (Best: 94.44% @ Ep926) | LR: 0.000300 | Rev: 1/99999
Epoch 8714 | Cost: 0.019897 | Acc: 88.89% (Best: 94.44% @ Ep926) | LR: 0.000300 | Rev: 0/99999
Epoch 8715 | Cost: 0.016956 | Acc: 86.11% (Best: 94.44% @ Ep926) | LR: 0.000300 | Rev: 0/99999
Epoch 8716 | Cost: 0.026780 | Acc: 86.11% (Best: 94.44% @ Ep926) | LR: 0.000300 | Rev: 1/99999
Epoch 8717 | Cost: 0.014916 | Acc: 86.11% (Best: 94.44% @ Ep926) | LR: 0.000300 | Rev: 0/99999
Epoch 8718 | Cost: 0.020940 | Acc: 86.11% (Best: 94.44% @ Ep926) | LR: 0.000300 | Rev: 1/99999
Epoch 8719 | Cost: 0.025037 | Acc: 86.11% (Best: 94.44% @ Ep926) | LR: 0.000300 | Rev: 2/99999
Epoch 8720 | Cost: 0.030732 | Acc: 86.11% (Best: 94.44% @ Ep926) | LR: 0.000300 | Rev: 3/99999
Epoch 8721 | Cost: 0.037355 | Acc: 86.11% (Best: 94.44% @ Ep926) | LR: 0.000300 | Rev: 4/99999
Epoch 8722 | Cost: 0.035724 | Acc: 86.11% (Best: 94.44% @ Ep926) | LR: 0.000300 | Rev: 0/99999
Epoch 8723 | Cost: 0.022917 | Acc: 86.11% (Best: 94.44% @ Ep926) | LR: 0.000300 | Rev: 0/99999
Epoch 8724 | Cost: 0.019501 | Acc: 86.11% (Best: 94.44% @ Ep926) | LR: 0.000300 | Rev: 0/99999
Epoch 8725 | Cost: 0.020039 | Acc: 86.11% (Best: 94.44% @ Ep926) | LR: 0.000300 | Rev: 1/99999
Epoch 8726 | Cost: 0.027330 | Acc: 86.11% (Best: 94.44% @ Ep926) | LR: 0.000300 | Rev: 2/99999
Epoch 8727 | Cost: 0.026437 | Acc: 88.89% (Best: 94.44% @ Ep926) | LR: 0.000300 | Rev: 0/99999
Epoch 8728 | Cost: 0.028479 | Acc: 88.89% (Best: 94.44% @ Ep926) | LR: 0.000300 | Rev: 1/99999
Epoch 8729 | Cost: 0.017680 | Acc: 88.89% (Best: 94.44% @ Ep926) | LR: 0.000300 | Rev: 0/99999
Epoch 8730 | Cost: 0.025859 | Acc: 88.89% (Best: 94.44% @ Ep926) | LR: 0.000300 | Rev: 1/99999
Epoch 8731 | Cost: 0.016406 | Acc: 88.89% (Best: 94.44% @ Ep926) | LR: 0.000300 | Rev: 0/99999
Epoch 8732 | Cost: 0.036692 | Acc: 88.89% (Best: 94.44% @ Ep926) | LR: 0.000300 | Rev: 1/99999
Epoch 8733 | Cost: 0.017039 | Acc: 88.89% (Best: 94.44% @ Ep926) | LR: 0.000300 | Rev: 0/99999
Epoch 8734 | Cost: 0.019862 | Acc: 88.89% (Best: 94.44% @ Ep926) | LR: 0.000300 | Rev: 1/99999
Epoch 8735 | Cost: 0.024298 | Acc: 88.89% (Best: 94.44% @ Ep926) | LR: 0.000300 | Rev: 2/99999
Epoch 8736 | Cost: 0.023289 | Acc: 88.89% (Best: 94.44% @ Ep926) | LR: 0.000300 | Rev: 0/99999
Epoch 8737 | Cost: 0.022302 | Acc: 88.89% (Best: 94.44% @ Ep926) | LR: 0.000300 | Rev: 0/99999
Epoch 8738 | Cost: 0.024159 | Acc: 88.89% (Best: 94.44% @ Ep926) | LR: 0.000300 | Rev: 1/99999
Epoch 8739 | Cost: 0.028464 | Acc: 88.89% (Best: 94.44% @ Ep926) | LR: 0.000300 | Rev: 2/99999
Epoch 8740 | Cost: 0.020492 | Acc: 88.89% (Best: 94.44% @ Ep926) | LR: 0.000300 | Rev: 0/99999
Epoch 8741 | Cost: 0.036756 | Acc: 88.89% (Best: 94.44% @ Ep926) | LR: 0.000300 | Rev: 1/99999
Epoch 8742 | Cost: 0.026706 | Acc: 88.89% (Best: 94.44% @ Ep926) | LR: 0.000300 | Rev: 0/99999
Epoch 8743 | Cost: 0.026124 | Acc: 88.89% (Best: 94.44% @ Ep926) | LR: 0.000300 | Rev: 0/99999
Epoch 8744 | Cost: 0.032174 | Acc: 88.89% (Best: 94.44% @ Ep926) | LR: 0.000300 | Rev: 1/99999
Epoch 8745 | Cost: 0.015068 | Acc: 88.89% (Best: 94.44% @ Ep926) | LR: 0.000300 | Rev: 0/99999
Epoch 8746 | Cost: 0.020050 | Acc: 88.89% (Best: 94.44% @ Ep926) | LR: 0.000300 | Rev: 1/99999
Epoch 8747 | Cost: 0.023008 | Acc: 88.89% (Best: 94.44% @ Ep926) | LR: 0.000300 | Rev: 2/99999
Epoch 8748 | Cost: 0.023046 | Acc: 88.89% (Best: 94.44% @ Ep926) | LR: 0.000300 | Rev: 3/99999
Epoch 8749 | Cost: 0.013623 | Acc: 88.89% (Best: 94.44% @ Ep926) | LR: 0.000300 | Rev: 0/99999
Epoch 8750 | Cost: 0.013763 | Acc: 88.89% (Best: 94.44% @ Ep926) | LR: 0.000300 | Rev: 1/99999
Epoch 8751 | Cost: 0.029599 | Acc: 88.89% (Best: 94.44% @ Ep926) | LR: 0.000300 | Rev: 2/99999
Epoch 8752 | Cost: 0.041211 | Acc: 88.89% (Best: 94.44% @ Ep926) | LR: 0.000300 | Rev: 3/99999
Epoch 8753 | Cost: 0.024605 | Acc: 88.89% (Best: 94.44% @ Ep926) | LR: 0.000300 | Rev: 0/99999
Epoch 8754 | Cost: 0.018690 | Acc: 88.89% (Best: 94.44% @ Ep926) | LR: 0.000300 | Rev: 0/99999
Epoch 8755 | Cost: 0.066067 | Acc: 88.89% (Best: 94.44% @ Ep926) | LR: 0.000300 | Rev: 1/99999
Epoch 8756 | Cost: 0.022027 | Acc: 88.89% (Best: 94.44% @ Ep926) | LR: 0.000300 | Rev: 0/99999
Epoch 8757 | Cost: 0.025347 | Acc: 88.89% (Best: 94.44% @ Ep926) | LR: 0.000300 | Rev: 1/99999
Epoch 8758 | Cost: 0.029426 | Acc: 88.89% (Best: 94.44% @ Ep926) | LR: 0.000300 | Rev: 2/99999
Epoch 8759 | Cost: 0.015789 | Acc: 88.89% (Best: 94.44% @ Ep926) | LR: 0.000300 | Rev: 0/99999
Epoch 8760 | Cost: 0.015529 | Acc: 86.11% (Best: 94.44% @ Ep926) | LR: 0.000300 | Rev: 0/99999
Epoch 8761 | Cost: 0.030392 | Acc: 86.11% (Best: 94.44% @ Ep926) | LR: 0.000300 | Rev: 1/99999
Epoch 8762 | Cost: 0.032486 | Acc: 86.11% (Best: 94.44% @ Ep926) | LR: 0.000300 | Rev: 2/99999
Epoch 8763 | Cost: 0.028448 | Acc: 88.89% (Best: 94.44% @ Ep926) | LR: 0.000300 | Rev: 0/99999
Epoch 8764 | Cost: 0.034229 | Acc: 88.89% (Best: 94.44% @ Ep926) | LR: 0.000300 | Rev: 1/99999
Epoch 8765 | Cost: 0.020392 | Acc: 88.89% (Best: 94.44% @ Ep926) | LR: 0.000300 | Rev: 0/99999
Epoch 8766 | Cost: 0.023312 | Acc: 88.89% (Best: 94.44% @ Ep926) | LR: 0.000300 | Rev: 1/99999
Epoch 8767 | Cost: 0.034522 | Acc: 86.11% (Best: 94.44% @ Ep926) | LR: 0.000300 | Rev: 2/99999
Epoch 8768 | Cost: 0.024260 | Acc: 86.11% (Best: 94.44% @ Ep926) | LR: 0.000300 | Rev: 0/99999
Epoch 8769 | Cost: 0.015665 | Acc: 86.11% (Best: 94.44% @ Ep926) | LR: 0.000300 | Rev: 0/99999
Epoch 8770 | Cost: 0.035114 | Acc: 88.89% (Best: 94.44% @ Ep926) | LR: 0.000300 | Rev: 1/99999
Epoch 8771 | Cost: 0.017414 | Acc: 88.89% (Best: 94.44% @ Ep926) | LR: 0.000300 | Rev: 0/99999
Epoch 8772 | Cost: 0.022767 | Acc: 88.89% (Best: 94.44% @ Ep926) | LR: 0.000300 | Rev: 1/99999
Epoch 8773 | Cost: 0.023226 | Acc: 88.89% (Best: 94.44% @ Ep926) | LR: 0.000300 | Rev: 2/99999
Epoch 8774 | Cost: 0.016850 | Acc: 88.89% (Best: 94.44% @ Ep926) | LR: 0.000300 | Rev: 0/99999
Epoch 8775 | Cost: 0.025813 | Acc: 88.89% (Best: 94.44% @ Ep926) | LR: 0.000300 | Rev: 1/99999
Epoch 8776 | Cost: 0.024713 | Acc: 88.89% (Best: 94.44% @ Ep926) | LR: 0.000300 | Rev: 0/99999
Epoch 8777 | Cost: 0.018583 | Acc: 88.89% (Best: 94.44% @ Ep926) | LR: 0.000300 | Rev: 0/99999
Epoch 8778 | Cost: 0.019247 | Acc: 86.11% (Best: 94.44% @ Ep926) | LR: 0.000300 | Rev: 1/99999
Epoch 8779 | Cost: 0.025800 | Acc: 86.11% (Best: 94.44% @ Ep926) | LR: 0.000300 | Rev: 2/99999
Epoch 8780 | Cost: 0.016927 | Acc: 86.11% (Best: 94.44% @ Ep926) | LR: 0.000300 | Rev: 0/99999
Epoch 8781 | Cost: 0.022640 | Acc: 86.11% (Best: 94.44% @ Ep926) | LR: 0.000300 | Rev: 1/99999
Epoch 8782 | Cost: 0.019452 | Acc: 86.11% (Best: 94.44% @ Ep926) | LR: 0.000300 | Rev: 0/99999
Epoch 8783 | Cost: 0.014086 | Acc: 86.11% (Best: 94.44% @ Ep926) | LR: 0.000300 | Rev: 0/99999
Epoch 8784 | Cost: 0.018505 | Acc: 86.11% (Best: 94.44% @ Ep926) | LR: 0.000300 | Rev: 1/99999
Epoch 8785 | Cost: 0.032957 | Acc: 86.11% (Best: 94.44% @ Ep926) | LR: 0.000300 | Rev: 2/99999
Epoch 8786 | Cost: 0.031100 | Acc: 88.89% (Best: 94.44% @ Ep926) | LR: 0.000300 | Rev: 0/99999
Epoch 8787 | Cost: 0.033673 | Acc: 88.89% (Best: 94.44% @ Ep926) | LR: 0.000300 | Rev: 1/99999
Epoch 8788 | Cost: 0.030437 | Acc: 88.89% (Best: 94.44% @ Ep926) | LR: 0.000300 | Rev: 0/99999
Epoch 8789 | Cost: 0.026652 | Acc: 86.11% (Best: 94.44% @ Ep926) | LR: 0.000300 | Rev: 0/99999
Epoch 8790 | Cost: 0.023317 | Acc: 86.11% (Best: 94.44% @ Ep926) | LR: 0.000300 | Rev: 0/99999
Epoch 8791 | Cost: 0.023276 | Acc: 88.89% (Best: 94.44% @ Ep926) | LR: 0.000300 | Rev: 0/99999
Epoch 8792 | Cost: 0.018964 | Acc: 88.89% (Best: 94.44% @ Ep926) | LR: 0.000300 | Rev: 0/99999
Epoch 8793 | Cost: 0.014363 | Acc: 88.89% (Best: 94.44% @ Ep926) | LR: 0.000300 | Rev: 0/99999
Epoch 8794 | Cost: 0.032276 | Acc: 88.89% (Best: 94.44% @ Ep926) | LR: 0.000300 | Rev: 1/99999
Epoch 8795 | Cost: 0.024749 | Acc: 86.11% (Best: 94.44% @ Ep926) | LR: 0.000300 | Rev: 0/99999
Epoch 8796 | Cost: 0.009783 | Acc: 86.11% (Best: 94.44% @ Ep926) | LR: 0.000300 | Rev: 0/99999
Epoch 8797 | Cost: 0.018159 | Acc: 86.11% (Best: 94.44% @ Ep926) | LR: 0.000300 | Rev: 1/99999
Epoch 8798 | Cost: 0.017079 | Acc: 86.11% (Best: 94.44% @ Ep926) | LR: 0.000300 | Rev: 0/99999
Epoch 8799 | Cost: 0.017373 | Acc: 86.11% (Best: 94.44% @ Ep926) | LR: 0.000300 | Rev: 1/99999
Epoch 8800 | Cost: 0.013852 | Acc: 86.11% (Best: 94.44% @ Ep926) | LR: 0.000300 | Rev: 0/99999
Epoch 8801 | Cost: 0.027121 | Acc: 86.11% (Best: 94.44% @ Ep926) | LR: 0.000300 | Rev: 1/99999
Epoch 8802 | Cost: 0.017817 | Acc: 86.11% (Best: 94.44% @ Ep926) | LR: 0.000300 | Rev: 0/99999
Epoch 8803 | Cost: 0.022096 | Acc: 86.11% (Best: 94.44% @ Ep926) | LR: 0.000300 | Rev: 1/99999
Epoch 8804 | Cost: 0.016075 | Acc: 86.11% (Best: 94.44% @ Ep926) | LR: 0.000300 | Rev: 0/99999
Epoch 8805 | Cost: 0.020622 | Acc: 86.11% (Best: 94.44% @ Ep926) | LR: 0.000300 | Rev: 1/99999
Epoch 8806 | Cost: 0.017720 | Acc: 86.11% (Best: 94.44% @ Ep926) | LR: 0.000300 | Rev: 0/99999
Epoch 8807 | Cost: 0.029904 | Acc: 86.11% (Best: 94.44% @ Ep926) | LR: 0.000300 | Rev: 1/99999
Epoch 8808 | Cost: 0.014667 | Acc: 88.89% (Best: 94.44% @ Ep926) | LR: 0.000300 | Rev: 0/99999
Epoch 8809 | Cost: 0.017671 | Acc: 86.11% (Best: 94.44% @ Ep926) | LR: 0.000300 | Rev: 1/99999
Epoch 8810 | Cost: 0.033771 | Acc: 86.11% (Best: 94.44% @ Ep926) | LR: 0.000300 | Rev: 2/99999
Epoch 8811 | Cost: 0.020825 | Acc: 86.11% (Best: 94.44% @ Ep926) | LR: 0.000300 | Rev: 0/99999
Epoch 8812 | Cost: 0.015808 | Acc: 86.11% (Best: 94.44% @ Ep926) | LR: 0.000300 | Rev: 0/99999
Epoch 8813 | Cost: 0.029511 | Acc: 88.89% (Best: 94.44% @ Ep926) | LR: 0.000300 | Rev: 1/99999
Epoch 8814 | Cost: 0.011277 | Acc: 88.89% (Best: 94.44% @ Ep926) | LR: 0.000300 | Rev: 0/99999
Epoch 8815 | Cost: 0.023279 | Acc: 88.89% (Best: 94.44% @ Ep926) | LR: 0.000300 | Rev: 1/99999
Epoch 8816 | Cost: 0.016663 | Acc: 88.89% (Best: 94.44% @ Ep926) | LR: 0.000300 | Rev: 0/99999
Epoch 8817 | Cost: 0.026416 | Acc: 88.89% (Best: 94.44% @ Ep926) | LR: 0.000300 | Rev: 1/99999
Epoch 8818 | Cost: 0.022345 | Acc: 88.89% (Best: 94.44% @ Ep926) | LR: 0.000300 | Rev: 0/99999
Epoch 8819 | Cost: 0.014280 | Acc: 88.89% (Best: 94.44% @ Ep926) | LR: 0.000300 | Rev: 0/99999
Epoch 8820 | Cost: 0.021877 | Acc: 88.89% (Best: 94.44% @ Ep926) | LR: 0.000300 | Rev: 1/99999
Epoch 8821 | Cost: 0.022616 | Acc: 88.89% (Best: 94.44% @ Ep926) | LR: 0.000300 | Rev: 2/99999
Epoch 8822 | Cost: 0.023018 | Acc: 86.11% (Best: 94.44% @ Ep926) | LR: 0.000300 | Rev: 3/99999
Epoch 8823 | Cost: 0.017818 | Acc: 86.11% (Best: 94.44% @ Ep926) | LR: 0.000300 | Rev: 0/99999
Epoch 8824 | Cost: 0.019857 | Acc: 86.11% (Best: 94.44% @ Ep926) | LR: 0.000300 | Rev: 1/99999
Epoch 8825 | Cost: 0.022107 | Acc: 88.89% (Best: 94.44% @ Ep926) | LR: 0.000300 | Rev: 2/99999
Epoch 8826 | Cost: 0.027052 | Acc: 88.89% (Best: 94.44% @ Ep926) | LR: 0.000300 | Rev: 3/99999
Epoch 8827 | Cost: 0.014466 | Acc: 88.89% (Best: 94.44% @ Ep926) | LR: 0.000300 | Rev: 0/99999
Epoch 8828 | Cost: 0.020281 | Acc: 86.11% (Best: 94.44% @ Ep926) | LR: 0.000300 | Rev: 1/99999
Epoch 8829 | Cost: 0.017551 | Acc: 86.11% (Best: 94.44% @ Ep926) | LR: 0.000300 | Rev: 0/99999
Epoch 8830 | Cost: 0.027142 | Acc: 86.11% (Best: 94.44% @ Ep926) | LR: 0.000300 | Rev: 1/99999
Epoch 8831 | Cost: 0.027484 | Acc: 88.89% (Best: 94.44% @ Ep926) | LR: 0.000300 | Rev: 2/99999
Epoch 8832 | Cost: 0.015870 | Acc: 88.89% (Best: 94.44% @ Ep926) | LR: 0.000300 | Rev: 0/99999
Epoch 8833 | Cost: 0.011460 | Acc: 88.89% (Best: 94.44% @ Ep926) | LR: 0.000300 | Rev: 0/99999
Epoch 8834 | Cost: 0.011614 | Acc: 88.89% (Best: 94.44% @ Ep926) | LR: 0.000300 | Rev: 1/99999
Epoch 8835 | Cost: 0.019472 | Acc: 86.11% (Best: 94.44% @ Ep926) | LR: 0.000300 | Rev: 2/99999
Epoch 8836 | Cost: 0.024081 | Acc: 88.89% (Best: 94.44% @ Ep926) | LR: 0.000300 | Rev: 3/99999
Epoch 8837 | Cost: 0.022133 | Acc: 88.89% (Best: 94.44% @ Ep926) | LR: 0.000300 | Rev: 0/99999
Epoch 8838 | Cost: 0.023439 | Acc: 88.89% (Best: 94.44% @ Ep926) | LR: 0.000300 | Rev: 1/99999
Epoch 8839 | Cost: 0.023350 | Acc: 88.89% (Best: 94.44% @ Ep926) | LR: 0.000300 | Rev: 0/99999
Epoch 8840 | Cost: 0.010982 | Acc: 88.89% (Best: 94.44% @ Ep926) | LR: 0.000300 | Rev: 0/99999
Epoch 8841 | Cost: 0.023305 | Acc: 88.89% (Best: 94.44% @ Ep926) | LR: 0.000300 | Rev: 1/99999
Epoch 8842 | Cost: 0.019963 | Acc: 88.89% (Best: 94.44% @ Ep926) | LR: 0.000300 | Rev: 0/99999
Epoch 8843 | Cost: 0.018599 | Acc: 88.89% (Best: 94.44% @ Ep926) | LR: 0.000300 | Rev: 0/99999
Epoch 8844 | Cost: 0.022887 | Acc: 88.89% (Best: 94.44% @ Ep926) | LR: 0.000300 | Rev: 1/99999
Epoch 8845 | Cost: 0.015027 | Acc: 88.89% (Best: 94.44% @ Ep926) | LR: 0.000300 | Rev: 0/99999
Epoch 8846 | Cost: 0.011488 | Acc: 88.89% (Best: 94.44% @ Ep926) | LR: 0.000300 | Rev: 0/99999
Epoch 8847 | Cost: 0.017595 | Acc: 88.89% (Best: 94.44% @ Ep926) | LR: 0.000300 | Rev: 1/99999
Epoch 8848 | Cost: 0.021268 | Acc: 88.89% (Best: 94.44% @ Ep926) | LR: 0.000300 | Rev: 2/99999
Epoch 8849 | Cost: 0.025894 | Acc: 88.89% (Best: 94.44% @ Ep926) | LR: 0.000300 | Rev: 3/99999
Epoch 8850 | Cost: 0.016250 | Acc: 88.89% (Best: 94.44% @ Ep926) | LR: 0.000300 | Rev: 0/99999
Epoch 8851 | Cost: 0.018580 | Acc: 88.89% (Best: 94.44% @ Ep926) | LR: 0.000300 | Rev: 1/99999
Epoch 8852 | Cost: 0.021274 | Acc: 88.89% (Best: 94.44% @ Ep926) | LR: 0.000300 | Rev: 2/99999
Epoch 8853 | Cost: 0.022762 | Acc: 88.89% (Best: 94.44% @ Ep926) | LR: 0.000300 | Rev: 3/99999
Epoch 8854 | Cost: 0.017166 | Acc: 88.89% (Best: 94.44% @ Ep926) | LR: 0.000300 | Rev: 0/99999
Epoch 8855 | Cost: 0.021063 | Acc: 88.89% (Best: 94.44% @ Ep926) | LR: 0.000300 | Rev: 1/99999
Epoch 8856 | Cost: 0.020731 | Acc: 88.89% (Best: 94.44% @ Ep926) | LR: 0.000300 | Rev: 0/99999
Epoch 8857 | Cost: 0.012625 | Acc: 88.89% (Best: 94.44% @ Ep926) | LR: 0.000300 | Rev: 0/99999
Epoch 8858 | Cost: 0.014769 | Acc: 86.11% (Best: 94.44% @ Ep926) | LR: 0.000300 | Rev: 1/99999
Epoch 8859 | Cost: 0.025315 | Acc: 86.11% (Best: 94.44% @ Ep926) | LR: 0.000300 | Rev: 2/99999
Epoch 8860 | Cost: 0.022845 | Acc: 88.89% (Best: 94.44% @ Ep926) | LR: 0.000300 | Rev: 0/99999
Epoch 8861 | Cost: 0.042615 | Acc: 88.89% (Best: 94.44% @ Ep926) | LR: 0.000300 | Rev: 1/99999
Epoch 8862 | Cost: 0.015394 | Acc: 88.89% (Best: 94.44% @ Ep926) | LR: 0.000300 | Rev: 0/99999
Epoch 8863 | Cost: 0.013722 | Acc: 88.89% (Best: 94.44% @ Ep926) | LR: 0.000300 | Rev: 0/99999
Epoch 8864 | Cost: 0.033538 | Acc: 88.89% (Best: 94.44% @ Ep926) | LR: 0.000300 | Rev: 1/99999
Epoch 8865 | Cost: 0.016833 | Acc: 88.89% (Best: 94.44% @ Ep926) | LR: 0.000300 | Rev: 0/99999
Epoch 8866 | Cost: 0.012396 | Acc: 88.89% (Best: 94.44% @ Ep926) | LR: 0.000300 | Rev: 0/99999
Epoch 8867 | Cost: 0.042606 | Acc: 88.89% (Best: 94.44% @ Ep926) | LR: 0.000300 | Rev: 1/99999
Epoch 8868 | Cost: 0.020108 | Acc: 88.89% (Best: 94.44% @ Ep926) | LR: 0.000300 | Rev: 0/99999
Epoch 8869 | Cost: 0.019735 | Acc: 86.11% (Best: 94.44% @ Ep926) | LR: 0.000300 | Rev: 0/99999
Epoch 8870 | Cost: 0.017631 | Acc: 86.11% (Best: 94.44% @ Ep926) | LR: 0.000300 | Rev: 0/99999
Epoch 8871 | Cost: 0.018960 | Acc: 86.11% (Best: 94.44% @ Ep926) | LR: 0.000300 | Rev: 1/99999
Epoch 8872 | Cost: 0.043624 | Acc: 86.11% (Best: 94.44% @ Ep926) | LR: 0.000300 | Rev: 2/99999
Epoch 8873 | Cost: 0.019378 | Acc: 86.11% (Best: 94.44% @ Ep926) | LR: 0.000300 | Rev: 0/99999
Epoch 8874 | Cost: 0.019073 | Acc: 88.89% (Best: 94.44% @ Ep926) | LR: 0.000300 | Rev: 0/99999
Epoch 8875 | Cost: 0.023277 | Acc: 88.89% (Best: 94.44% @ Ep926) | LR: 0.000300 | Rev: 1/99999
Epoch 8876 | Cost: 0.023822 | Acc: 88.89% (Best: 94.44% @ Ep926) | LR: 0.000300 | Rev: 2/99999
Epoch 8877 | Cost: 0.019399 | Acc: 88.89% (Best: 94.44% @ Ep926) | LR: 0.000300 | Rev: 0/99999
Epoch 8878 | Cost: 0.022540 | Acc: 86.11% (Best: 94.44% @ Ep926) | LR: 0.000300 | Rev: 1/99999
Epoch 8879 | Cost: 0.029306 | Acc: 86.11% (Best: 94.44% @ Ep926) | LR: 0.000300 | Rev: 2/99999
Epoch 8880 | Cost: 0.015106 | Acc: 88.89% (Best: 94.44% @ Ep926) | LR: 0.000300 | Rev: 0/99999
Epoch 8881 | Cost: 0.012376 | Acc: 88.89% (Best: 94.44% @ Ep926) | LR: 0.000300 | Rev: 0/99999
Epoch 8882 | Cost: 0.015040 | Acc: 88.89% (Best: 94.44% @ Ep926) | LR: 0.000300 | Rev: 1/99999
Epoch 8883 | Cost: 0.013026 | Acc: 88.89% (Best: 94.44% @ Ep926) | LR: 0.000300 | Rev: 0/99999
Epoch 8884 | Cost: 0.029475 | Acc: 88.89% (Best: 94.44% @ Ep926) | LR: 0.000300 | Rev: 1/99999
Epoch 8885 | Cost: 0.023752 | Acc: 88.89% (Best: 94.44% @ Ep926) | LR: 0.000300 | Rev: 0/99999
Epoch 8886 | Cost: 0.016988 | Acc: 88.89% (Best: 94.44% @ Ep926) | LR: 0.000300 | Rev: 0/99999
Epoch 8887 | Cost: 0.024353 | Acc: 88.89% (Best: 94.44% @ Ep926) | LR: 0.000300 | Rev: 1/99999
Epoch 8888 | Cost: 0.024598 | Acc: 88.89% (Best: 94.44% @ Ep926) | LR: 0.000300 | Rev: 2/99999
Epoch 8889 | Cost: 0.022728 | Acc: 88.89% (Best: 94.44% @ Ep926) | LR: 0.000300 | Rev: 0/99999
Epoch 8890 | Cost: 0.017913 | Acc: 88.89% (Best: 94.44% @ Ep926) | LR: 0.000300 | Rev: 0/99999
Epoch 8891 | Cost: 0.022461 | Acc: 88.89% (Best: 94.44% @ Ep926) | LR: 0.000300 | Rev: 1/99999
Epoch 8892 | Cost: 0.023122 | Acc: 88.89% (Best: 94.44% @ Ep926) | LR: 0.000300 | Rev: 2/99999
Epoch 8893 | Cost: 0.043262 | Acc: 88.89% (Best: 94.44% @ Ep926) | LR: 0.000300 | Rev: 3/99999
Epoch 8894 | Cost: 0.035764 | Acc: 88.89% (Best: 94.44% @ Ep926) | LR: 0.000300 | Rev: 0/99999
Epoch 8895 | Cost: 0.028008 | Acc: 88.89% (Best: 94.44% @ Ep926) | LR: 0.000300 | Rev: 0/99999
Epoch 8896 | Cost: 0.016675 | Acc: 88.89% (Best: 94.44% @ Ep926) | LR: 0.000300 | Rev: 0/99999
Epoch 8897 | Cost: 0.012880 | Acc: 88.89% (Best: 94.44% @ Ep926) | LR: 0.000300 | Rev: 0/99999
Epoch 8898 | Cost: 0.017508 | Acc: 86.11% (Best: 94.44% @ Ep926) | LR: 0.000300 | Rev: 1/99999
Epoch 8899 | Cost: 0.019290 | Acc: 86.11% (Best: 94.44% @ Ep926) | LR: 0.000300 | Rev: 2/99999
Epoch 8900 | Cost: 0.023372 | Acc: 88.89% (Best: 94.44% @ Ep926) | LR: 0.000300 | Rev: 3/99999
Epoch 8901 | Cost: 0.024160 | Acc: 86.11% (Best: 94.44% @ Ep926) | LR: 0.000300 | Rev: 4/99999
Epoch 8902 | Cost: 0.018416 | Acc: 86.11% (Best: 94.44% @ Ep926) | LR: 0.000300 | Rev: 0/99999
Epoch 8903 | Cost: 0.026416 | Acc: 88.89% (Best: 94.44% @ Ep926) | LR: 0.000300 | Rev: 1/99999
Epoch 8904 | Cost: 0.017490 | Acc: 86.11% (Best: 94.44% @ Ep926) | LR: 0.000300 | Rev: 0/99999
Epoch 8905 | Cost: 0.021362 | Acc: 86.11% (Best: 94.44% @ Ep926) | LR: 0.000300 | Rev: 1/99999
Epoch 8906 | Cost: 0.029690 | Acc: 86.11% (Best: 94.44% @ Ep926) | LR: 0.000300 | Rev: 2/99999
Epoch 8907 | Cost: 0.020434 | Acc: 86.11% (Best: 94.44% @ Ep926) | LR: 0.000300 | Rev: 0/99999
Epoch 8908 | Cost: 0.032578 | Acc: 86.11% (Best: 94.44% @ Ep926) | LR: 0.000300 | Rev: 1/99999
Epoch 8909 | Cost: 0.025872 | Acc: 86.11% (Best: 94.44% @ Ep926) | LR: 0.000300 | Rev: 0/99999
Epoch 8910 | Cost: 0.021819 | Acc: 86.11% (Best: 94.44% @ Ep926) | LR: 0.000300 | Rev: 0/99999
Epoch 8911 | Cost: 0.014517 | Acc: 86.11% (Best: 94.44% @ Ep926) | LR: 0.000300 | Rev: 0/99999
Epoch 8912 | Cost: 0.017890 | Acc: 86.11% (Best: 94.44% @ Ep926) | LR: 0.000300 | Rev: 1/99999
Epoch 8913 | Cost: 0.017655 | Acc: 86.11% (Best: 94.44% @ Ep926) | LR: 0.000300 | Rev: 0/99999
Epoch 8914 | Cost: 0.018426 | Acc: 86.11% (Best: 94.44% @ Ep926) | LR: 0.000300 | Rev: 1/99999
Epoch 8915 | Cost: 0.011673 | Acc: 86.11% (Best: 94.44% @ Ep926) | LR: 0.000300 | Rev: 0/99999
Epoch 8916 | Cost: 0.028115 | Acc: 86.11% (Best: 94.44% @ Ep926) | LR: 0.000300 | Rev: 1/99999
Epoch 8917 | Cost: 0.028494 | Acc: 86.11% (Best: 94.44% @ Ep926) | LR: 0.000300 | Rev: 2/99999
Epoch 8918 | Cost: 0.024441 | Acc: 86.11% (Best: 94.44% @ Ep926) | LR: 0.000300 | Rev: 0/99999
Epoch 8919 | Cost: 0.031076 | Acc: 86.11% (Best: 94.44% @ Ep926) | LR: 0.000300 | Rev: 1/99999
Epoch 8920 | Cost: 0.013676 | Acc: 86.11% (Best: 94.44% @ Ep926) | LR: 0.000300 | Rev: 0/99999
Epoch 8921 | Cost: 0.017823 | Acc: 86.11% (Best: 94.44% @ Ep926) | LR: 0.000300 | Rev: 1/99999
Epoch 8922 | Cost: 0.022519 | Acc: 88.89% (Best: 94.44% @ Ep926) | LR: 0.000300 | Rev: 2/99999
Epoch 8923 | Cost: 0.017162 | Acc: 88.89% (Best: 94.44% @ Ep926) | LR: 0.000300 | Rev: 0/99999
Epoch 8924 | Cost: 0.045980 | Acc: 88.89% (Best: 94.44% @ Ep926) | LR: 0.000300 | Rev: 1/99999
Epoch 8925 | Cost: 0.034678 | Acc: 88.89% (Best: 94.44% @ Ep926) | LR: 0.000300 | Rev: 0/99999
Epoch 8926 | Cost: 0.019315 | Acc: 88.89% (Best: 94.44% @ Ep926) | LR: 0.000300 | Rev: 0/99999
Epoch 8927 | Cost: 0.021965 | Acc: 88.89% (Best: 94.44% @ Ep926) | LR: 0.000300 | Rev: 1/99999
Epoch 8928 | Cost: 0.012180 | Acc: 88.89% (Best: 94.44% @ Ep926) | LR: 0.000300 | Rev: 0/99999
Epoch 8929 | Cost: 0.025849 | Acc: 86.11% (Best: 94.44% @ Ep926) | LR: 0.000300 | Rev: 1/99999
Epoch 8930 | Cost: 0.016906 | Acc: 86.11% (Best: 94.44% @ Ep926) | LR: 0.000300 | Rev: 0/99999
Epoch 8931 | Cost: 0.014633 | Acc: 86.11% (Best: 94.44% @ Ep926) | LR: 0.000300 | Rev: 0/99999
Epoch 8932 | Cost: 0.033028 | Acc: 86.11% (Best: 94.44% @ Ep926) | LR: 0.000300 | Rev: 1/99999
Epoch 8933 | Cost: 0.019771 | Acc: 86.11% (Best: 94.44% @ Ep926) | LR: 0.000300 | Rev: 0/99999
Epoch 8934 | Cost: 0.017383 | Acc: 88.89% (Best: 94.44% @ Ep926) | LR: 0.000300 | Rev: 0/99999
Epoch 8935 | Cost: 0.015762 | Acc: 88.89% (Best: 94.44% @ Ep926) | LR: 0.000300 | Rev: 0/99999
Epoch 8936 | Cost: 0.018912 | Acc: 88.89% (Best: 94.44% @ Ep926) | LR: 0.000300 | Rev: 1/99999
Epoch 8937 | Cost: 0.014485 | Acc: 88.89% (Best: 94.44% @ Ep926) | LR: 0.000300 | Rev: 0/99999
Epoch 8938 | Cost: 0.013867 | Acc: 88.89% (Best: 94.44% @ Ep926) | LR: 0.000300 | Rev: 0/99999
Epoch 8939 | Cost: 0.015783 | Acc: 88.89% (Best: 94.44% @ Ep926) | LR: 0.000300 | Rev: 1/99999
Epoch 8940 | Cost: 0.012598 | Acc: 88.89% (Best: 94.44% @ Ep926) | LR: 0.000300 | Rev: 0/99999
Epoch 8941 | Cost: 0.021962 | Acc: 88.89% (Best: 94.44% @ Ep926) | LR: 0.000300 | Rev: 1/99999
Epoch 8942 | Cost: 0.021612 | Acc: 86.11% (Best: 94.44% @ Ep926) | LR: 0.000300 | Rev: 0/99999
Epoch 8943 | Cost: 0.022660 | Acc: 88.89% (Best: 94.44% @ Ep926) | LR: 0.000300 | Rev: 1/99999
Epoch 8944 | Cost: 0.014793 | Acc: 88.89% (Best: 94.44% @ Ep926) | LR: 0.000300 | Rev: 0/99999
Epoch 8945 | Cost: 0.010679 | Acc: 88.89% (Best: 94.44% @ Ep926) | LR: 0.000300 | Rev: 0/99999
Epoch 8946 | Cost: 0.019180 | Acc: 88.89% (Best: 94.44% @ Ep926) | LR: 0.000300 | Rev: 1/99999
Epoch 8947 | Cost: 0.023773 | Acc: 88.89% (Best: 94.44% @ Ep926) | LR: 0.000300 | Rev: 2/99999
Epoch 8948 | Cost: 0.025778 | Acc: 88.89% (Best: 94.44% @ Ep926) | LR: 0.000300 | Rev: 3/99999
Epoch 8949 | Cost: 0.026919 | Acc: 88.89% (Best: 94.44% @ Ep926) | LR: 0.000300 | Rev: 4/99999
Epoch 8950 | Cost: 0.017943 | Acc: 88.89% (Best: 94.44% @ Ep926) | LR: 0.000300 | Rev: 0/99999
Epoch 8951 | Cost: 0.022024 | Acc: 88.89% (Best: 94.44% @ Ep926) | LR: 0.000300 | Rev: 1/99999
Epoch 8952 | Cost: 0.024608 | Acc: 88.89% (Best: 94.44% @ Ep926) | LR: 0.000300 | Rev: 2/99999
Epoch 8953 | Cost: 0.018260 | Acc: 88.89% (Best: 94.44% @ Ep926) | LR: 0.000300 | Rev: 0/99999
Epoch 8954 | Cost: 0.025955 | Acc: 88.89% (Best: 94.44% @ Ep926) | LR: 0.000300 | Rev: 1/99999
Epoch 8955 | Cost: 0.018954 | Acc: 88.89% (Best: 94.44% @ Ep926) | LR: 0.000300 | Rev: 0/99999
Epoch 8956 | Cost: 0.014795 | Acc: 88.89% (Best: 94.44% @ Ep926) | LR: 0.000300 | Rev: 0/99999
Epoch 8957 | Cost: 0.016856 | Acc: 88.89% (Best: 94.44% @ Ep926) | LR: 0.000300 | Rev: 1/99999
Epoch 8958 | Cost: 0.020010 | Acc: 86.11% (Best: 94.44% @ Ep926) | LR: 0.000300 | Rev: 2/99999
Epoch 8959 | Cost: 0.020728 | Acc: 86.11% (Best: 94.44% @ Ep926) | LR: 0.000300 | Rev: 3/99999
Epoch 8960 | Cost: 0.017180 | Acc: 86.11% (Best: 94.44% @ Ep926) | LR: 0.000300 | Rev: 0/99999
Epoch 8961 | Cost: 0.030490 | Acc: 86.11% (Best: 94.44% @ Ep926) | LR: 0.000300 | Rev: 1/99999
Epoch 8962 | Cost: 0.023331 | Acc: 86.11% (Best: 94.44% @ Ep926) | LR: 0.000300 | Rev: 0/99999
Epoch 8963 | Cost: 0.029515 | Acc: 86.11% (Best: 94.44% @ Ep926) | LR: 0.000300 | Rev: 1/99999
Epoch 8964 | Cost: 0.023794 | Acc: 88.89% (Best: 94.44% @ Ep926) | LR: 0.000300 | Rev: 0/99999
Epoch 8965 | Cost: 0.028067 | Acc: 88.89% (Best: 94.44% @ Ep926) | LR: 0.000300 | Rev: 1/99999
Epoch 8966 | Cost: 0.034592 | Acc: 88.89% (Best: 94.44% @ Ep926) | LR: 0.000300 | Rev: 2/99999
Epoch 8967 | Cost: 0.026382 | Acc: 86.11% (Best: 94.44% @ Ep926) | LR: 0.000300 | Rev: 0/99999
Epoch 8968 | Cost: 0.025334 | Acc: 86.11% (Best: 94.44% @ Ep926) | LR: 0.000300 | Rev: 0/99999
Epoch 8969 | Cost: 0.018699 | Acc: 86.11% (Best: 94.44% @ Ep926) | LR: 0.000300 | Rev: 0/99999
Epoch 8970 | Cost: 0.029438 | Acc: 86.11% (Best: 94.44% @ Ep926) | LR: 0.000300 | Rev: 1/99999
Epoch 8971 | Cost: 0.023141 | Acc: 86.11% (Best: 94.44% @ Ep926) | LR: 0.000300 | Rev: 0/99999
Epoch 8972 | Cost: 0.018452 | Acc: 88.89% (Best: 94.44% @ Ep926) | LR: 0.000300 | Rev: 0/99999
Epoch 8973 | Cost: 0.022130 | Acc: 86.11% (Best: 94.44% @ Ep926) | LR: 0.000300 | Rev: 1/99999
Epoch 8974 | Cost: 0.014371 | Acc: 86.11% (Best: 94.44% @ Ep926) | LR: 0.000300 | Rev: 0/99999
Epoch 8975 | Cost: 0.020066 | Acc: 86.11% (Best: 94.44% @ Ep926) | LR: 0.000300 | Rev: 1/99999
Epoch 8976 | Cost: 0.018286 | Acc: 86.11% (Best: 94.44% @ Ep926) | LR: 0.000300 | Rev: 0/99999
Epoch 8977 | Cost: 0.024928 | Acc: 86.11% (Best: 94.44% @ Ep926) | LR: 0.000300 | Rev: 1/99999
Epoch 8978 | Cost: 0.034479 | Acc: 88.89% (Best: 94.44% @ Ep926) | LR: 0.000300 | Rev: 2/99999
Epoch 8979 | Cost: 0.032675 | Acc: 88.89% (Best: 94.44% @ Ep926) | LR: 0.000300 | Rev: 0/99999
Epoch 8980 | Cost: 0.014544 | Acc: 88.89% (Best: 94.44% @ Ep926) | LR: 0.000300 | Rev: 0/99999
Epoch 8981 | Cost: 0.024942 | Acc: 88.89% (Best: 94.44% @ Ep926) | LR: 0.000300 | Rev: 1/99999
Epoch 8982 | Cost: 0.050299 | Acc: 88.89% (Best: 94.44% @ Ep926) | LR: 0.000300 | Rev: 2/99999
Epoch 8983 | Cost: 0.019344 | Acc: 88.89% (Best: 94.44% @ Ep926) | LR: 0.000300 | Rev: 0/99999
Epoch 8984 | Cost: 0.020128 | Acc: 88.89% (Best: 94.44% @ Ep926) | LR: 0.000300 | Rev: 1/99999
Epoch 8985 | Cost: 0.020019 | Acc: 88.89% (Best: 94.44% @ Ep926) | LR: 0.000300 | Rev: 0/99999
Epoch 8986 | Cost: 0.018254 | Acc: 88.89% (Best: 94.44% @ Ep926) | LR: 0.000300 | Rev: 0/99999
Epoch 8987 | Cost: 0.030544 | Acc: 88.89% (Best: 94.44% @ Ep926) | LR: 0.000300 | Rev: 1/99999
Epoch 8988 | Cost: 0.012997 | Acc: 86.11% (Best: 94.44% @ Ep926) | LR: 0.000300 | Rev: 0/99999
Epoch 8989 | Cost: 0.019032 | Acc: 86.11% (Best: 94.44% @ Ep926) | LR: 0.000300 | Rev: 1/99999
Epoch 8990 | Cost: 0.019348 | Acc: 86.11% (Best: 94.44% @ Ep926) | LR: 0.000300 | Rev: 2/99999
Epoch 8991 | Cost: 0.017673 | Acc: 88.89% (Best: 94.44% @ Ep926) | LR: 0.000300 | Rev: 0/99999
Epoch 8992 | Cost: 0.035794 | Acc: 88.89% (Best: 94.44% @ Ep926) | LR: 0.000300 | Rev: 1/99999
Epoch 8993 | Cost: 0.020774 | Acc: 86.11% (Best: 94.44% @ Ep926) | LR: 0.000300 | Rev: 0/99999
Epoch 8994 | Cost: 0.020443 | Acc: 86.11% (Best: 94.44% @ Ep926) | LR: 0.000300 | Rev: 0/99999
Epoch 8995 | Cost: 0.038844 | Acc: 86.11% (Best: 94.44% @ Ep926) | LR: 0.000300 | Rev: 1/99999
Epoch 8996 | Cost: 0.016557 | Acc: 88.89% (Best: 94.44% @ Ep926) | LR: 0.000300 | Rev: 0/99999
Epoch 8997 | Cost: 0.021598 | Acc: 88.89% (Best: 94.44% @ Ep926) | LR: 0.000300 | Rev: 1/99999
Epoch 8998 | Cost: 0.023900 | Acc: 88.89% (Best: 94.44% @ Ep926) | LR: 0.000300 | Rev: 2/99999
Epoch 8999 | Cost: 0.019466 | Acc: 88.89% (Best: 94.44% @ Ep926) | LR: 0.000300 | Rev: 0/99999
Epoch 9000 | Cost: 0.031687 | Acc: 88.89% (Best: 94.44% @ Ep926) | LR: 0.000300 | Rev: 1/99999
Epoch 9001 | Cost: 0.034101 | Acc: 86.11% (Best: 94.44% @ Ep926) | LR: 0.000300 | Rev: 2/99999
Epoch 9002 | Cost: 0.052200 | Acc: 86.11% (Best: 94.44% @ Ep926) | LR: 0.000300 | Rev: 3/99999
Epoch 9003 | Cost: 0.013434 | Acc: 86.11% (Best: 94.44% @ Ep926) | LR: 0.000300 | Rev: 0/99999
Epoch 9004 | Cost: 0.013754 | Acc: 86.11% (Best: 94.44% @ Ep926) | LR: 0.000300 | Rev: 1/99999
Epoch 9005 | Cost: 0.024551 | Acc: 86.11% (Best: 94.44% @ Ep926) | LR: 0.000300 | Rev: 2/99999
Epoch 9006 | Cost: 0.018793 | Acc: 86.11% (Best: 94.44% @ Ep926) | LR: 0.000300 | Rev: 0/99999
Epoch 9007 | Cost: 0.015914 | Acc: 86.11% (Best: 94.44% @ Ep926) | LR: 0.000300 | Rev: 0/99999
Epoch 9008 | Cost: 0.023861 | Acc: 88.89% (Best: 94.44% @ Ep926) | LR: 0.000300 | Rev: 1/99999
Epoch 9009 | Cost: 0.017828 | Acc: 88.89% (Best: 94.44% @ Ep926) | LR: 0.000300 | Rev: 0/99999
Epoch 9010 | Cost: 0.043825 | Acc: 88.89% (Best: 94.44% @ Ep926) | LR: 0.000300 | Rev: 1/99999
Epoch 9011 | Cost: 0.026482 | Acc: 88.89% (Best: 94.44% @ Ep926) | LR: 0.000300 | Rev: 0/99999
Epoch 9012 | Cost: 0.022143 | Acc: 88.89% (Best: 94.44% @ Ep926) | LR: 0.000300 | Rev: 0/99999
Epoch 9013 | Cost: 0.019469 | Acc: 88.89% (Best: 94.44% @ Ep926) | LR: 0.000300 | Rev: 0/99999
Epoch 9014 | Cost: 0.033118 | Acc: 88.89% (Best: 94.44% @ Ep926) | LR: 0.000300 | Rev: 1/99999
Epoch 9015 | Cost: 0.026749 | Acc: 86.11% (Best: 94.44% @ Ep926) | LR: 0.000300 | Rev: 0/99999
Epoch 9016 | Cost: 0.016636 | Acc: 88.89% (Best: 94.44% @ Ep926) | LR: 0.000300 | Rev: 0/99999
Epoch 9017 | Cost: 0.022572 | Acc: 88.89% (Best: 94.44% @ Ep926) | LR: 0.000300 | Rev: 1/99999
Epoch 9018 | Cost: 0.023114 | Acc: 88.89% (Best: 94.44% @ Ep926) | LR: 0.000300 | Rev: 2/99999
Epoch 9019 | Cost: 0.018458 | Acc: 88.89% (Best: 94.44% @ Ep926) | LR: 0.000300 | Rev: 0/99999
Epoch 9020 | Cost: 0.011660 | Acc: 88.89% (Best: 94.44% @ Ep926) | LR: 0.000300 | Rev: 0/99999
Epoch 9021 | Cost: 0.025957 | Acc: 88.89% (Best: 94.44% @ Ep926) | LR: 0.000300 | Rev: 1/99999
Epoch 9022 | Cost: 0.028970 | Acc: 88.89% (Best: 94.44% @ Ep926) | LR: 0.000300 | Rev: 2/99999
Epoch 9023 | Cost: 0.025886 | Acc: 88.89% (Best: 94.44% @ Ep926) | LR: 0.000300 | Rev: 0/99999
Epoch 9024 | Cost: 0.027189 | Acc: 88.89% (Best: 94.44% @ Ep926) | LR: 0.000300 | Rev: 1/99999
Epoch 9025 | Cost: 0.027733 | Acc: 88.89% (Best: 94.44% @ Ep926) | LR: 0.000300 | Rev: 2/99999
Epoch 9026 | Cost: 0.031404 | Acc: 88.89% (Best: 94.44% @ Ep926) | LR: 0.000300 | Rev: 3/99999
Epoch 9027 | Cost: 0.025516 | Acc: 88.89% (Best: 94.44% @ Ep926) | LR: 0.000300 | Rev: 0/99999
Epoch 9028 | Cost: 0.031998 | Acc: 88.89% (Best: 94.44% @ Ep926) | LR: 0.000300 | Rev: 1/99999
Epoch 9029 | Cost: 0.033754 | Acc: 88.89% (Best: 94.44% @ Ep926) | LR: 0.000300 | Rev: 2/99999
Epoch 9030 | Cost: 0.022979 | Acc: 88.89% (Best: 94.44% @ Ep926) | LR: 0.000300 | Rev: 0/99999
Epoch 9031 | Cost: 0.030714 | Acc: 88.89% (Best: 94.44% @ Ep926) | LR: 0.000300 | Rev: 1/99999
Epoch 9032 | Cost: 0.024711 | Acc: 88.89% (Best: 94.44% @ Ep926) | LR: 0.000300 | Rev: 0/99999
Epoch 9033 | Cost: 0.014444 | Acc: 88.89% (Best: 94.44% @ Ep926) | LR: 0.000300 | Rev: 0/99999
Epoch 9034 | Cost: 0.034970 | Acc: 86.11% (Best: 94.44% @ Ep926) | LR: 0.000300 | Rev: 1/99999
Epoch 9035 | Cost: 0.020794 | Acc: 86.11% (Best: 94.44% @ Ep926) | LR: 0.000300 | Rev: 0/99999
Epoch 9036 | Cost: 0.025760 | Acc: 86.11% (Best: 94.44% @ Ep926) | LR: 0.000300 | Rev: 1/99999
Epoch 9037 | Cost: 0.018325 | Acc: 86.11% (Best: 94.44% @ Ep926) | LR: 0.000300 | Rev: 0/99999
Epoch 9038 | Cost: 0.011910 | Acc: 86.11% (Best: 94.44% @ Ep926) | LR: 0.000300 | Rev: 0/99999
Epoch 9039 | Cost: 0.026642 | Acc: 86.11% (Best: 94.44% @ Ep926) | LR: 0.000300 | Rev: 1/99999
Epoch 9040 | Cost: 0.028776 | Acc: 86.11% (Best: 94.44% @ Ep926) | LR: 0.000300 | Rev: 2/99999
Epoch 9041 | Cost: 0.021367 | Acc: 86.11% (Best: 94.44% @ Ep926) | LR: 0.000300 | Rev: 0/99999
Epoch 9042 | Cost: 0.016842 | Acc: 86.11% (Best: 94.44% @ Ep926) | LR: 0.000300 | Rev: 0/99999
Epoch 9043 | Cost: 0.019202 | Acc: 88.89% (Best: 94.44% @ Ep926) | LR: 0.000300 | Rev: 1/99999
Epoch 9044 | Cost: 0.018637 | Acc: 88.89% (Best: 94.44% @ Ep926) | LR: 0.000300 | Rev: 0/99999
Epoch 9045 | Cost: 0.026539 | Acc: 88.89% (Best: 94.44% @ Ep926) | LR: 0.000300 | Rev: 1/99999
Epoch 9046 | Cost: 0.024495 | Acc: 88.89% (Best: 94.44% @ Ep926) | LR: 0.000300 | Rev: 0/99999
Epoch 9047 | Cost: 0.016518 | Acc: 86.11% (Best: 94.44% @ Ep926) | LR: 0.000300 | Rev: 0/99999
Epoch 9048 | Cost: 0.028597 | Acc: 88.89% (Best: 94.44% @ Ep926) | LR: 0.000300 | Rev: 1/99999
Epoch 9049 | Cost: 0.017874 | Acc: 88.89% (Best: 94.44% @ Ep926) | LR: 0.000300 | Rev: 0/99999
Epoch 9050 | Cost: 0.014140 | Acc: 88.89% (Best: 94.44% @ Ep926) | LR: 0.000300 | Rev: 0/99999
Epoch 9051 | Cost: 0.018675 | Acc: 88.89% (Best: 94.44% @ Ep926) | LR: 0.000300 | Rev: 1/99999
Epoch 9052 | Cost: 0.021637 | Acc: 86.11% (Best: 94.44% @ Ep926) | LR: 0.000300 | Rev: 2/99999
Epoch 9053 | Cost: 0.022556 | Acc: 86.11% (Best: 94.44% @ Ep926) | LR: 0.000300 | Rev: 3/99999
Epoch 9054 | Cost: 0.031632 | Acc: 86.11% (Best: 94.44% @ Ep926) | LR: 0.000300 | Rev: 4/99999
Epoch 9055 | Cost: 0.022685 | Acc: 88.89% (Best: 94.44% @ Ep926) | LR: 0.000300 | Rev: 0/99999
Epoch 9056 | Cost: 0.021125 | Acc: 88.89% (Best: 94.44% @ Ep926) | LR: 0.000300 | Rev: 0/99999
Epoch 9057 | Cost: 0.016869 | Acc: 86.11% (Best: 94.44% @ Ep926) | LR: 0.000300 | Rev: 0/99999
Epoch 9058 | Cost: 0.018308 | Acc: 86.11% (Best: 94.44% @ Ep926) | LR: 0.000300 | Rev: 1/99999
Epoch 9059 | Cost: 0.011134 | Acc: 86.11% (Best: 94.44% @ Ep926) | LR: 0.000300 | Rev: 0/99999
Epoch 9060 | Cost: 0.018678 | Acc: 86.11% (Best: 94.44% @ Ep926) | LR: 0.000300 | Rev: 1/99999
Epoch 9061 | Cost: 0.016476 | Acc: 86.11% (Best: 94.44% @ Ep926) | LR: 0.000300 | Rev: 0/99999
Epoch 9062 | Cost: 0.020914 | Acc: 88.89% (Best: 94.44% @ Ep926) | LR: 0.000300 | Rev: 1/99999
Epoch 9063 | Cost: 0.021766 | Acc: 88.89% (Best: 94.44% @ Ep926) | LR: 0.000300 | Rev: 2/99999
Epoch 9064 | Cost: 0.015947 | Acc: 88.89% (Best: 94.44% @ Ep926) | LR: 0.000300 | Rev: 0/99999
Epoch 9065 | Cost: 0.032785 | Acc: 88.89% (Best: 94.44% @ Ep926) | LR: 0.000300 | Rev: 1/99999
Epoch 9066 | Cost: 0.021117 | Acc: 86.11% (Best: 94.44% @ Ep926) | LR: 0.000300 | Rev: 0/99999
Epoch 9067 | Cost: 0.024039 | Acc: 86.11% (Best: 94.44% @ Ep926) | LR: 0.000300 | Rev: 1/99999
Epoch 9068 | Cost: 0.021446 | Acc: 86.11% (Best: 94.44% @ Ep926) | LR: 0.000300 | Rev: 0/99999
Epoch 9069 | Cost: 0.016937 | Acc: 88.89% (Best: 94.44% @ Ep926) | LR: 0.000300 | Rev: 0/99999
Epoch 9070 | Cost: 0.017104 | Acc: 88.89% (Best: 94.44% @ Ep926) | LR: 0.000300 | Rev: 1/99999
Epoch 9071 | Cost: 0.026427 | Acc: 86.11% (Best: 94.44% @ Ep926) | LR: 0.000300 | Rev: 2/99999
Epoch 9072 | Cost: 0.027475 | Acc: 86.11% (Best: 94.44% @ Ep926) | LR: 0.000300 | Rev: 3/99999
Epoch 9073 | Cost: 0.029445 | Acc: 86.11% (Best: 94.44% @ Ep926) | LR: 0.000300 | Rev: 4/99999
Epoch 9074 | Cost: 0.016824 | Acc: 88.89% (Best: 94.44% @ Ep926) | LR: 0.000300 | Rev: 0/99999
Epoch 9075 | Cost: 0.025570 | Acc: 88.89% (Best: 94.44% @ Ep926) | LR: 0.000300 | Rev: 1/99999
Epoch 9076 | Cost: 0.022660 | Acc: 88.89% (Best: 94.44% @ Ep926) | LR: 0.000300 | Rev: 0/99999
Epoch 9077 | Cost: 0.012191 | Acc: 88.89% (Best: 94.44% @ Ep926) | LR: 0.000300 | Rev: 0/99999
Epoch 9078 | Cost: 0.011167 | Acc: 88.89% (Best: 94.44% @ Ep926) | LR: 0.000300 | Rev: 0/99999
Epoch 9079 | Cost: 0.026208 | Acc: 88.89% (Best: 94.44% @ Ep926) | LR: 0.000300 | Rev: 1/99999
Epoch 9080 | Cost: 0.017469 | Acc: 88.89% (Best: 94.44% @ Ep926) | LR: 0.000300 | Rev: 0/99999
Epoch 9081 | Cost: 0.022284 | Acc: 86.11% (Best: 94.44% @ Ep926) | LR: 0.000300 | Rev: 1/99999
Epoch 9082 | Cost: 0.017175 | Acc: 86.11% (Best: 94.44% @ Ep926) | LR: 0.000300 | Rev: 0/99999
Epoch 9083 | Cost: 0.021090 | Acc: 86.11% (Best: 94.44% @ Ep926) | LR: 0.000300 | Rev: 1/99999
Epoch 9084 | Cost: 0.022523 | Acc: 86.11% (Best: 94.44% @ Ep926) | LR: 0.000300 | Rev: 2/99999
Epoch 9085 | Cost: 0.020870 | Acc: 86.11% (Best: 94.44% @ Ep926) | LR: 0.000300 | Rev: 0/99999
Epoch 9086 | Cost: 0.009800 | Acc: 86.11% (Best: 94.44% @ Ep926) | LR: 0.000300 | Rev: 0/99999
Epoch 9087 | Cost: 0.019810 | Acc: 86.11% (Best: 94.44% @ Ep926) | LR: 0.000300 | Rev: 1/99999
Epoch 9088 | Cost: 0.018422 | Acc: 86.11% (Best: 94.44% @ Ep926) | LR: 0.000300 | Rev: 0/99999
Epoch 9089 | Cost: 0.020892 | Acc: 86.11% (Best: 94.44% @ Ep926) | LR: 0.000300 | Rev: 1/99999
Epoch 9090 | Cost: 0.022558 | Acc: 86.11% (Best: 94.44% @ Ep926) | LR: 0.000300 | Rev: 2/99999
Epoch 9091 | Cost: 0.025505 | Acc: 86.11% (Best: 94.44% @ Ep926) | LR: 0.000300 | Rev: 3/99999
Epoch 9092 | Cost: 0.029011 | Acc: 86.11% (Best: 94.44% @ Ep926) | LR: 0.000300 | Rev: 4/99999
Epoch 9093 | Cost: 0.022158 | Acc: 88.89% (Best: 94.44% @ Ep926) | LR: 0.000300 | Rev: 0/99999
Epoch 9094 | Cost: 0.024084 | Acc: 88.89% (Best: 94.44% @ Ep926) | LR: 0.000300 | Rev: 1/99999
Epoch 9095 | Cost: 0.024370 | Acc: 88.89% (Best: 94.44% @ Ep926) | LR: 0.000300 | Rev: 2/99999
Epoch 9096 | Cost: 0.022368 | Acc: 88.89% (Best: 94.44% @ Ep926) | LR: 0.000300 | Rev: 0/99999
Epoch 9097 | Cost: 0.018716 | Acc: 88.89% (Best: 94.44% @ Ep926) | LR: 0.000300 | Rev: 0/99999
Epoch 9098 | Cost: 0.025106 | Acc: 88.89% (Best: 94.44% @ Ep926) | LR: 0.000300 | Rev: 1/99999
Epoch 9099 | Cost: 0.016567 | Acc: 88.89% (Best: 94.44% @ Ep926) | LR: 0.000300 | Rev: 0/99999
Epoch 9100 | Cost: 0.021559 | Acc: 88.89% (Best: 94.44% @ Ep926) | LR: 0.000300 | Rev: 1/99999
Epoch 9101 | Cost: 0.014246 | Acc: 88.89% (Best: 94.44% @ Ep926) | LR: 0.000300 | Rev: 0/99999
Epoch 9102 | Cost: 0.022947 | Acc: 88.89% (Best: 94.44% @ Ep926) | LR: 0.000300 | Rev: 1/99999
Epoch 9103 | Cost: 0.028073 | Acc: 86.11% (Best: 94.44% @ Ep926) | LR: 0.000300 | Rev: 2/99999
Epoch 9104 | Cost: 0.012867 | Acc: 86.11% (Best: 94.44% @ Ep926) | LR: 0.000300 | Rev: 0/99999
Epoch 9105 | Cost: 0.030764 | Acc: 88.89% (Best: 94.44% @ Ep926) | LR: 0.000300 | Rev: 1/99999
Epoch 9106 | Cost: 0.021592 | Acc: 88.89% (Best: 94.44% @ Ep926) | LR: 0.000300 | Rev: 0/99999
Epoch 9107 | Cost: 0.022519 | Acc: 88.89% (Best: 94.44% @ Ep926) | LR: 0.000300 | Rev: 1/99999
Epoch 9108 | Cost: 0.016595 | Acc: 86.11% (Best: 94.44% @ Ep926) | LR: 0.000300 | Rev: 0/99999
Epoch 9109 | Cost: 0.015053 | Acc: 86.11% (Best: 94.44% @ Ep926) | LR: 0.000300 | Rev: 0/99999
Epoch 9110 | Cost: 0.017931 | Acc: 86.11% (Best: 94.44% @ Ep926) | LR: 0.000300 | Rev: 1/99999
Epoch 9111 | Cost: 0.032550 | Acc: 86.11% (Best: 94.44% @ Ep926) | LR: 0.000300 | Rev: 2/99999
Epoch 9112 | Cost: 0.022317 | Acc: 88.89% (Best: 94.44% @ Ep926) | LR: 0.000300 | Rev: 0/99999
Epoch 9113 | Cost: 0.025395 | Acc: 88.89% (Best: 94.44% @ Ep926) | LR: 0.000300 | Rev: 1/99999
Epoch 9114 | Cost: 0.025098 | Acc: 88.89% (Best: 94.44% @ Ep926) | LR: 0.000300 | Rev: 0/99999
Epoch 9115 | Cost: 0.020042 | Acc: 88.89% (Best: 94.44% @ Ep926) | LR: 0.000300 | Rev: 0/99999
Epoch 9116 | Cost: 0.020834 | Acc: 88.89% (Best: 94.44% @ Ep926) | LR: 0.000300 | Rev: 1/99999
Epoch 9117 | Cost: 0.015250 | Acc: 88.89% (Best: 94.44% @ Ep926) | LR: 0.000300 | Rev: 0/99999
Epoch 9118 | Cost: 0.022846 | Acc: 86.11% (Best: 94.44% @ Ep926) | LR: 0.000300 | Rev: 1/99999
Epoch 9119 | Cost: 0.025013 | Acc: 86.11% (Best: 94.44% @ Ep926) | LR: 0.000300 | Rev: 2/99999
Epoch 9120 | Cost: 0.019973 | Acc: 86.11% (Best: 94.44% @ Ep926) | LR: 0.000300 | Rev: 0/99999
Epoch 9121 | Cost: 0.018086 | Acc: 86.11% (Best: 94.44% @ Ep926) | LR: 0.000300 | Rev: 0/99999
Epoch 9122 | Cost: 0.020061 | Acc: 88.89% (Best: 94.44% @ Ep926) | LR: 0.000300 | Rev: 1/99999
Epoch 9123 | Cost: 0.020413 | Acc: 88.89% (Best: 94.44% @ Ep926) | LR: 0.000300 | Rev: 2/99999
Epoch 9124 | Cost: 0.020404 | Acc: 88.89% (Best: 94.44% @ Ep926) | LR: 0.000300 | Rev: 0/99999
Epoch 9125 | Cost: 0.010982 | Acc: 88.89% (Best: 94.44% @ Ep926) | LR: 0.000300 | Rev: 0/99999
Epoch 9126 | Cost: 0.017343 | Acc: 86.11% (Best: 94.44% @ Ep926) | LR: 0.000300 | Rev: 1/99999
Epoch 9127 | Cost: 0.023129 | Acc: 86.11% (Best: 94.44% @ Ep926) | LR: 0.000300 | Rev: 2/99999
Epoch 9128 | Cost: 0.010910 | Acc: 86.11% (Best: 94.44% @ Ep926) | LR: 0.000300 | Rev: 0/99999
Epoch 9129 | Cost: 0.023118 | Acc: 86.11% (Best: 94.44% @ Ep926) | LR: 0.000300 | Rev: 1/99999
Epoch 9130 | Cost: 0.025609 | Acc: 86.11% (Best: 94.44% @ Ep926) | LR: 0.000300 | Rev: 2/99999
Epoch 9131 | Cost: 0.014000 | Acc: 86.11% (Best: 94.44% @ Ep926) | LR: 0.000300 | Rev: 0/99999
Epoch 9132 | Cost: 0.023316 | Acc: 88.89% (Best: 94.44% @ Ep926) | LR: 0.000300 | Rev: 1/99999
Epoch 9133 | Cost: 0.013302 | Acc: 88.89% (Best: 94.44% @ Ep926) | LR: 0.000300 | Rev: 0/99999
Epoch 9134 | Cost: 0.023742 | Acc: 88.89% (Best: 94.44% @ Ep926) | LR: 0.000300 | Rev: 1/99999
Epoch 9135 | Cost: 0.016272 | Acc: 88.89% (Best: 94.44% @ Ep926) | LR: 0.000300 | Rev: 0/99999
Epoch 9136 | Cost: 0.026902 | Acc: 86.11% (Best: 94.44% @ Ep926) | LR: 0.000300 | Rev: 1/99999
Epoch 9137 | Cost: 0.011486 | Acc: 86.11% (Best: 94.44% @ Ep926) | LR: 0.000300 | Rev: 0/99999
Epoch 9138 | Cost: 0.016210 | Acc: 86.11% (Best: 94.44% @ Ep926) | LR: 0.000300 | Rev: 1/99999
Epoch 9139 | Cost: 0.016401 | Acc: 86.11% (Best: 94.44% @ Ep926) | LR: 0.000300 | Rev: 2/99999
Epoch 9140 | Cost: 0.024986 | Acc: 86.11% (Best: 94.44% @ Ep926) | LR: 0.000300 | Rev: 3/99999
Epoch 9141 | Cost: 0.028104 | Acc: 86.11% (Best: 94.44% @ Ep926) | LR: 0.000300 | Rev: 4/99999
Epoch 9142 | Cost: 0.021904 | Acc: 86.11% (Best: 94.44% @ Ep926) | LR: 0.000300 | Rev: 0/99999
Epoch 9143 | Cost: 0.018832 | Acc: 86.11% (Best: 94.44% @ Ep926) | LR: 0.000300 | Rev: 0/99999
Epoch 9144 | Cost: 0.012085 | Acc: 86.11% (Best: 94.44% @ Ep926) | LR: 0.000300 | Rev: 0/99999
Epoch 9145 | Cost: 0.036563 | Acc: 88.89% (Best: 94.44% @ Ep926) | LR: 0.000300 | Rev: 1/99999
Epoch 9146 | Cost: 0.020628 | Acc: 88.89% (Best: 94.44% @ Ep926) | LR: 0.000300 | Rev: 0/99999
Epoch 9147 | Cost: 0.011052 | Acc: 88.89% (Best: 94.44% @ Ep926) | LR: 0.000300 | Rev: 0/99999
Epoch 9148 | Cost: 0.018882 | Acc: 88.89% (Best: 94.44% @ Ep926) | LR: 0.000300 | Rev: 1/99999
Epoch 9149 | Cost: 0.029901 | Acc: 86.11% (Best: 94.44% @ Ep926) | LR: 0.000300 | Rev: 2/99999
Epoch 9150 | Cost: 0.035384 | Acc: 86.11% (Best: 94.44% @ Ep926) | LR: 0.000300 | Rev: 3/99999
Epoch 9151 | Cost: 0.029452 | Acc: 86.11% (Best: 94.44% @ Ep926) | LR: 0.000300 | Rev: 0/99999
Epoch 9152 | Cost: 0.027238 | Acc: 88.89% (Best: 94.44% @ Ep926) | LR: 0.000300 | Rev: 0/99999
Epoch 9153 | Cost: 0.023771 | Acc: 88.89% (Best: 94.44% @ Ep926) | LR: 0.000300 | Rev: 0/99999
Epoch 9154 | Cost: 0.016509 | Acc: 88.89% (Best: 94.44% @ Ep926) | LR: 0.000300 | Rev: 0/99999
Epoch 9155 | Cost: 0.019763 | Acc: 88.89% (Best: 94.44% @ Ep926) | LR: 0.000300 | Rev: 1/99999
Epoch 9156 | Cost: 0.021091 | Acc: 88.89% (Best: 94.44% @ Ep926) | LR: 0.000300 | Rev: 2/99999
Epoch 9157 | Cost: 0.024951 | Acc: 88.89% (Best: 94.44% @ Ep926) | LR: 0.000300 | Rev: 3/99999
Epoch 9158 | Cost: 0.024807 | Acc: 88.89% (Best: 94.44% @ Ep926) | LR: 0.000300 | Rev: 0/99999
Epoch 9159 | Cost: 0.025809 | Acc: 86.11% (Best: 94.44% @ Ep926) | LR: 0.000300 | Rev: 1/99999
Epoch 9160 | Cost: 0.027128 | Acc: 86.11% (Best: 94.44% @ Ep926) | LR: 0.000300 | Rev: 2/99999
Epoch 9161 | Cost: 0.026911 | Acc: 86.11% (Best: 94.44% @ Ep926) | LR: 0.000300 | Rev: 0/99999
Epoch 9162 | Cost: 0.016212 | Acc: 86.11% (Best: 94.44% @ Ep926) | LR: 0.000300 | Rev: 0/99999
Epoch 9163 | Cost: 0.041320 | Acc: 86.11% (Best: 94.44% @ Ep926) | LR: 0.000300 | Rev: 1/99999
Epoch 9164 | Cost: 0.018901 | Acc: 86.11% (Best: 94.44% @ Ep926) | LR: 0.000300 | Rev: 0/99999
Epoch 9165 | Cost: 0.018217 | Acc: 86.11% (Best: 94.44% @ Ep926) | LR: 0.000300 | Rev: 0/99999
Epoch 9166 | Cost: 0.018581 | Acc: 86.11% (Best: 94.44% @ Ep926) | LR: 0.000300 | Rev: 1/99999
Epoch 9167 | Cost: 0.033902 | Acc: 86.11% (Best: 94.44% @ Ep926) | LR: 0.000300 | Rev: 2/99999
Epoch 9168 | Cost: 0.015021 | Acc: 86.11% (Best: 94.44% @ Ep926) | LR: 0.000300 | Rev: 0/99999
Epoch 9169 | Cost: 0.020070 | Acc: 86.11% (Best: 94.44% @ Ep926) | LR: 0.000300 | Rev: 1/99999
Epoch 9170 | Cost: 0.024393 | Acc: 86.11% (Best: 94.44% @ Ep926) | LR: 0.000300 | Rev: 2/99999
Epoch 9171 | Cost: 0.010550 | Acc: 86.11% (Best: 94.44% @ Ep926) | LR: 0.000300 | Rev: 0/99999
Epoch 9172 | Cost: 0.019015 | Acc: 86.11% (Best: 94.44% @ Ep926) | LR: 0.000300 | Rev: 1/99999
Epoch 9173 | Cost: 0.030089 | Acc: 86.11% (Best: 94.44% @ Ep926) | LR: 0.000300 | Rev: 2/99999
Epoch 9174 | Cost: 0.015851 | Acc: 86.11% (Best: 94.44% @ Ep926) | LR: 0.000300 | Rev: 0/99999
Epoch 9175 | Cost: 0.012728 | Acc: 88.89% (Best: 94.44% @ Ep926) | LR: 0.000300 | Rev: 0/99999
Epoch 9176 | Cost: 0.024595 | Acc: 88.89% (Best: 94.44% @ Ep926) | LR: 0.000300 | Rev: 1/99999
Epoch 9177 | Cost: 0.023057 | Acc: 88.89% (Best: 94.44% @ Ep926) | LR: 0.000300 | Rev: 0/99999
Epoch 9178 | Cost: 0.022020 | Acc: 88.89% (Best: 94.44% @ Ep926) | LR: 0.000300 | Rev: 0/99999
Epoch 9179 | Cost: 0.029595 | Acc: 88.89% (Best: 94.44% @ Ep926) | LR: 0.000300 | Rev: 1/99999
Epoch 9180 | Cost: 0.018869 | Acc: 86.11% (Best: 94.44% @ Ep926) | LR: 0.000300 | Rev: 0/99999
Epoch 9181 | Cost: 0.029961 | Acc: 86.11% (Best: 94.44% @ Ep926) | LR: 0.000300 | Rev: 1/99999
Epoch 9182 | Cost: 0.020979 | Acc: 86.11% (Best: 94.44% @ Ep926) | LR: 0.000300 | Rev: 0/99999
Epoch 9183 | Cost: 0.019696 | Acc: 86.11% (Best: 94.44% @ Ep926) | LR: 0.000300 | Rev: 0/99999
Epoch 9184 | Cost: 0.015172 | Acc: 86.11% (Best: 94.44% @ Ep926) | LR: 0.000300 | Rev: 0/99999
Epoch 9185 | Cost: 0.022958 | Acc: 86.11% (Best: 94.44% @ Ep926) | LR: 0.000300 | Rev: 1/99999
Epoch 9186 | Cost: 0.018618 | Acc: 86.11% (Best: 94.44% @ Ep926) | LR: 0.000300 | Rev: 0/99999
Epoch 9187 | Cost: 0.022390 | Acc: 86.11% (Best: 94.44% @ Ep926) | LR: 0.000300 | Rev: 1/99999
Epoch 9188 | Cost: 0.037073 | Acc: 86.11% (Best: 94.44% @ Ep926) | LR: 0.000300 | Rev: 2/99999
Epoch 9189 | Cost: 0.017762 | Acc: 86.11% (Best: 94.44% @ Ep926) | LR: 0.000300 | Rev: 0/99999
Epoch 9190 | Cost: 0.014017 | Acc: 86.11% (Best: 94.44% @ Ep926) | LR: 0.000300 | Rev: 0/99999
Epoch 9191 | Cost: 0.021169 | Acc: 86.11% (Best: 94.44% @ Ep926) | LR: 0.000300 | Rev: 1/99999
Epoch 9192 | Cost: 0.031834 | Acc: 86.11% (Best: 94.44% @ Ep926) | LR: 0.000300 | Rev: 2/99999
Epoch 9193 | Cost: 0.049935 | Acc: 88.89% (Best: 94.44% @ Ep926) | LR: 0.000300 | Rev: 3/99999
Epoch 9194 | Cost: 0.020822 | Acc: 88.89% (Best: 94.44% @ Ep926) | LR: 0.000300 | Rev: 0/99999
Epoch 9195 | Cost: 0.018415 | Acc: 88.89% (Best: 94.44% @ Ep926) | LR: 0.000300 | Rev: 0/99999
Epoch 9196 | Cost: 0.022573 | Acc: 88.89% (Best: 94.44% @ Ep926) | LR: 0.000300 | Rev: 1/99999
Epoch 9197 | Cost: 0.024462 | Acc: 86.11% (Best: 94.44% @ Ep926) | LR: 0.000300 | Rev: 2/99999
Epoch 9198 | Cost: 0.020410 | Acc: 86.11% (Best: 94.44% @ Ep926) | LR: 0.000300 | Rev: 0/99999
Epoch 9199 | Cost: 0.024334 | Acc: 86.11% (Best: 94.44% @ Ep926) | LR: 0.000300 | Rev: 1/99999
Epoch 9200 | Cost: 0.041890 | Acc: 88.89% (Best: 94.44% @ Ep926) | LR: 0.000300 | Rev: 2/99999
Epoch 9201 | Cost: 0.018217 | Acc: 88.89% (Best: 94.44% @ Ep926) | LR: 0.000300 | Rev: 0/99999
Epoch 9202 | Cost: 0.021661 | Acc: 88.89% (Best: 94.44% @ Ep926) | LR: 0.000300 | Rev: 1/99999
Epoch 9203 | Cost: 0.021670 | Acc: 88.89% (Best: 94.44% @ Ep926) | LR: 0.000300 | Rev: 2/99999
Epoch 9204 | Cost: 0.026439 | Acc: 88.89% (Best: 94.44% @ Ep926) | LR: 0.000300 | Rev: 3/99999
Epoch 9205 | Cost: 0.017389 | Acc: 86.11% (Best: 94.44% @ Ep926) | LR: 0.000300 | Rev: 0/99999
Epoch 9206 | Cost: 0.014614 | Acc: 86.11% (Best: 94.44% @ Ep926) | LR: 0.000300 | Rev: 0/99999
Epoch 9207 | Cost: 0.032381 | Acc: 86.11% (Best: 94.44% @ Ep926) | LR: 0.000300 | Rev: 1/99999
Epoch 9208 | Cost: 0.012791 | Acc: 86.11% (Best: 94.44% @ Ep926) | LR: 0.000300 | Rev: 0/99999
Epoch 9209 | Cost: 0.031188 | Acc: 86.11% (Best: 94.44% @ Ep926) | LR: 0.000300 | Rev: 1/99999
Epoch 9210 | Cost: 0.021008 | Acc: 86.11% (Best: 94.44% @ Ep926) | LR: 0.000300 | Rev: 0/99999
Epoch 9211 | Cost: 0.028889 | Acc: 86.11% (Best: 94.44% @ Ep926) | LR: 0.000300 | Rev: 1/99999
Epoch 9212 | Cost: 0.021063 | Acc: 86.11% (Best: 94.44% @ Ep926) | LR: 0.000300 | Rev: 0/99999
Epoch 9213 | Cost: 0.018540 | Acc: 88.89% (Best: 94.44% @ Ep926) | LR: 0.000300 | Rev: 0/99999
Epoch 9214 | Cost: 0.021386 | Acc: 88.89% (Best: 94.44% @ Ep926) | LR: 0.000300 | Rev: 1/99999
Epoch 9215 | Cost: 0.017273 | Acc: 88.89% (Best: 94.44% @ Ep926) | LR: 0.000300 | Rev: 0/99999
Epoch 9216 | Cost: 0.018472 | Acc: 88.89% (Best: 94.44% @ Ep926) | LR: 0.000300 | Rev: 1/99999
Epoch 9217 | Cost: 0.021709 | Acc: 88.89% (Best: 94.44% @ Ep926) | LR: 0.000300 | Rev: 2/99999
Epoch 9218 | Cost: 0.020262 | Acc: 86.11% (Best: 94.44% @ Ep926) | LR: 0.000300 | Rev: 0/99999
Epoch 9219 | Cost: 0.024458 | Acc: 86.11% (Best: 94.44% @ Ep926) | LR: 0.000300 | Rev: 1/99999
Epoch 9220 | Cost: 0.019494 | Acc: 86.11% (Best: 94.44% @ Ep926) | LR: 0.000300 | Rev: 0/99999
Epoch 9221 | Cost: 0.022331 | Acc: 86.11% (Best: 94.44% @ Ep926) | LR: 0.000300 | Rev: 1/99999
Epoch 9222 | Cost: 0.022438 | Acc: 86.11% (Best: 94.44% @ Ep926) | LR: 0.000300 | Rev: 2/99999
Epoch 9223 | Cost: 0.023167 | Acc: 86.11% (Best: 94.44% @ Ep926) | LR: 0.000300 | Rev: 3/99999
Epoch 9224 | Cost: 0.012734 | Acc: 86.11% (Best: 94.44% @ Ep926) | LR: 0.000300 | Rev: 0/99999
Epoch 9225 | Cost: 0.024618 | Acc: 86.11% (Best: 94.44% @ Ep926) | LR: 0.000300 | Rev: 1/99999
Epoch 9226 | Cost: 0.010124 | Acc: 86.11% (Best: 94.44% @ Ep926) | LR: 0.000300 | Rev: 0/99999
Epoch 9227 | Cost: 0.027749 | Acc: 86.11% (Best: 94.44% @ Ep926) | LR: 0.000300 | Rev: 1/99999
Epoch 9228 | Cost: 0.031140 | Acc: 88.89% (Best: 94.44% @ Ep926) | LR: 0.000300 | Rev: 2/99999
Epoch 9229 | Cost: 0.035804 | Acc: 88.89% (Best: 94.44% @ Ep926) | LR: 0.000300 | Rev: 3/99999
Epoch 9230 | Cost: 0.020912 | Acc: 88.89% (Best: 94.44% @ Ep926) | LR: 0.000300 | Rev: 0/99999
Epoch 9231 | Cost: 0.014178 | Acc: 86.11% (Best: 94.44% @ Ep926) | LR: 0.000300 | Rev: 0/99999
Epoch 9232 | Cost: 0.015011 | Acc: 86.11% (Best: 94.44% @ Ep926) | LR: 0.000300 | Rev: 1/99999
Epoch 9233 | Cost: 0.035632 | Acc: 86.11% (Best: 94.44% @ Ep926) | LR: 0.000300 | Rev: 2/99999
Epoch 9234 | Cost: 0.020097 | Acc: 86.11% (Best: 94.44% @ Ep926) | LR: 0.000300 | Rev: 0/99999
Epoch 9235 | Cost: 0.020260 | Acc: 88.89% (Best: 94.44% @ Ep926) | LR: 0.000300 | Rev: 1/99999
Epoch 9236 | Cost: 0.018563 | Acc: 88.89% (Best: 94.44% @ Ep926) | LR: 0.000300 | Rev: 0/99999
Epoch 9237 | Cost: 0.013986 | Acc: 88.89% (Best: 94.44% @ Ep926) | LR: 0.000300 | Rev: 0/99999
Epoch 9238 | Cost: 0.020758 | Acc: 88.89% (Best: 94.44% @ Ep926) | LR: 0.000300 | Rev: 1/99999
Epoch 9239 | Cost: 0.017489 | Acc: 88.89% (Best: 94.44% @ Ep926) | LR: 0.000300 | Rev: 0/99999
Epoch 9240 | Cost: 0.012602 | Acc: 88.89% (Best: 94.44% @ Ep926) | LR: 0.000300 | Rev: 0/99999
Epoch 9241 | Cost: 0.019948 | Acc: 88.89% (Best: 94.44% @ Ep926) | LR: 0.000300 | Rev: 1/99999
Epoch 9242 | Cost: 0.015132 | Acc: 86.11% (Best: 94.44% @ Ep926) | LR: 0.000300 | Rev: 0/99999
Epoch 9243 | Cost: 0.052432 | Acc: 88.89% (Best: 94.44% @ Ep926) | LR: 0.000300 | Rev: 1/99999
Epoch 9244 | Cost: 0.019036 | Acc: 86.11% (Best: 94.44% @ Ep926) | LR: 0.000300 | Rev: 0/99999
Epoch 9245 | Cost: 0.015703 | Acc: 86.11% (Best: 94.44% @ Ep926) | LR: 0.000300 | Rev: 0/99999
Epoch 9246 | Cost: 0.030948 | Acc: 88.89% (Best: 94.44% @ Ep926) | LR: 0.000300 | Rev: 1/99999
Epoch 9247 | Cost: 0.023779 | Acc: 88.89% (Best: 94.44% @ Ep926) | LR: 0.000300 | Rev: 0/99999
Epoch 9248 | Cost: 0.028669 | Acc: 88.89% (Best: 94.44% @ Ep926) | LR: 0.000300 | Rev: 1/99999
Epoch 9249 | Cost: 0.022791 | Acc: 88.89% (Best: 94.44% @ Ep926) | LR: 0.000300 | Rev: 0/99999
Epoch 9250 | Cost: 0.015610 | Acc: 88.89% (Best: 94.44% @ Ep926) | LR: 0.000300 | Rev: 0/99999
Epoch 9251 | Cost: 0.024277 | Acc: 86.11% (Best: 94.44% @ Ep926) | LR: 0.000300 | Rev: 1/99999
Epoch 9252 | Cost: 0.020261 | Acc: 86.11% (Best: 94.44% @ Ep926) | LR: 0.000300 | Rev: 0/99999
Epoch 9253 | Cost: 0.018185 | Acc: 86.11% (Best: 94.44% @ Ep926) | LR: 0.000300 | Rev: 0/99999
Epoch 9254 | Cost: 0.024018 | Acc: 86.11% (Best: 94.44% @ Ep926) | LR: 0.000300 | Rev: 1/99999
Epoch 9255 | Cost: 0.015562 | Acc: 86.11% (Best: 94.44% @ Ep926) | LR: 0.000300 | Rev: 0/99999
Epoch 9256 | Cost: 0.018254 | Acc: 86.11% (Best: 94.44% @ Ep926) | LR: 0.000300 | Rev: 1/99999
Epoch 9257 | Cost: 0.013333 | Acc: 86.11% (Best: 94.44% @ Ep926) | LR: 0.000300 | Rev: 0/99999
Epoch 9258 | Cost: 0.022247 | Acc: 86.11% (Best: 94.44% @ Ep926) | LR: 0.000300 | Rev: 1/99999
Epoch 9259 | Cost: 0.019755 | Acc: 86.11% (Best: 94.44% @ Ep926) | LR: 0.000300 | Rev: 0/99999
Epoch 9260 | Cost: 0.024833 | Acc: 86.11% (Best: 94.44% @ Ep926) | LR: 0.000300 | Rev: 1/99999
Epoch 9261 | Cost: 0.024281 | Acc: 86.11% (Best: 94.44% @ Ep926) | LR: 0.000300 | Rev: 0/99999
Epoch 9262 | Cost: 0.027119 | Acc: 86.11% (Best: 94.44% @ Ep926) | LR: 0.000300 | Rev: 1/99999
Epoch 9263 | Cost: 0.018873 | Acc: 86.11% (Best: 94.44% @ Ep926) | LR: 0.000300 | Rev: 0/99999
Epoch 9264 | Cost: 0.024037 | Acc: 88.89% (Best: 94.44% @ Ep926) | LR: 0.000300 | Rev: 1/99999
Epoch 9265 | Cost: 0.028242 | Acc: 88.89% (Best: 94.44% @ Ep926) | LR: 0.000300 | Rev: 2/99999
Epoch 9266 | Cost: 0.030633 | Acc: 86.11% (Best: 94.44% @ Ep926) | LR: 0.000300 | Rev: 3/99999
Epoch 9267 | Cost: 0.011316 | Acc: 86.11% (Best: 94.44% @ Ep926) | LR: 0.000300 | Rev: 0/99999
Epoch 9268 | Cost: 0.016668 | Acc: 86.11% (Best: 94.44% @ Ep926) | LR: 0.000300 | Rev: 1/99999
Epoch 9269 | Cost: 0.015372 | Acc: 86.11% (Best: 94.44% @ Ep926) | LR: 0.000300 | Rev: 0/99999
Epoch 9270 | Cost: 0.030681 | Acc: 86.11% (Best: 94.44% @ Ep926) | LR: 0.000300 | Rev: 1/99999
Epoch 9271 | Cost: 0.030278 | Acc: 86.11% (Best: 94.44% @ Ep926) | LR: 0.000300 | Rev: 0/99999
Epoch 9272 | Cost: 0.019691 | Acc: 86.11% (Best: 94.44% @ Ep926) | LR: 0.000300 | Rev: 0/99999
Epoch 9273 | Cost: 0.027238 | Acc: 86.11% (Best: 94.44% @ Ep926) | LR: 0.000300 | Rev: 1/99999
Epoch 9274 | Cost: 0.023030 | Acc: 86.11% (Best: 94.44% @ Ep926) | LR: 0.000300 | Rev: 0/99999
Epoch 9275 | Cost: 0.019622 | Acc: 86.11% (Best: 94.44% @ Ep926) | LR: 0.000300 | Rev: 0/99999
Epoch 9276 | Cost: 0.014610 | Acc: 86.11% (Best: 94.44% @ Ep926) | LR: 0.000300 | Rev: 0/99999
Epoch 9277 | Cost: 0.034008 | Acc: 86.11% (Best: 94.44% @ Ep926) | LR: 0.000300 | Rev: 1/99999
Epoch 9278 | Cost: 0.018036 | Acc: 86.11% (Best: 94.44% @ Ep926) | LR: 0.000300 | Rev: 0/99999
Epoch 9279 | Cost: 0.023210 | Acc: 86.11% (Best: 94.44% @ Ep926) | LR: 0.000300 | Rev: 1/99999
Epoch 9280 | Cost: 0.030006 | Acc: 86.11% (Best: 94.44% @ Ep926) | LR: 0.000300 | Rev: 2/99999
Epoch 9281 | Cost: 0.013867 | Acc: 86.11% (Best: 94.44% @ Ep926) | LR: 0.000300 | Rev: 0/99999
Epoch 9282 | Cost: 0.031891 | Acc: 86.11% (Best: 94.44% @ Ep926) | LR: 0.000300 | Rev: 1/99999
Epoch 9283 | Cost: 0.038610 | Acc: 86.11% (Best: 94.44% @ Ep926) | LR: 0.000300 | Rev: 2/99999
Epoch 9284 | Cost: 0.031425 | Acc: 86.11% (Best: 94.44% @ Ep926) | LR: 0.000300 | Rev: 0/99999
Epoch 9285 | Cost: 0.018094 | Acc: 86.11% (Best: 94.44% @ Ep926) | LR: 0.000300 | Rev: 0/99999
Epoch 9286 | Cost: 0.012822 | Acc: 86.11% (Best: 94.44% @ Ep926) | LR: 0.000300 | Rev: 0/99999
Epoch 9287 | Cost: 0.020943 | Acc: 86.11% (Best: 94.44% @ Ep926) | LR: 0.000300 | Rev: 1/99999
Epoch 9288 | Cost: 0.020270 | Acc: 86.11% (Best: 94.44% @ Ep926) | LR: 0.000300 | Rev: 0/99999
Epoch 9289 | Cost: 0.013579 | Acc: 86.11% (Best: 94.44% @ Ep926) | LR: 0.000300 | Rev: 0/99999
Epoch 9290 | Cost: 0.020398 | Acc: 86.11% (Best: 94.44% @ Ep926) | LR: 0.000300 | Rev: 1/99999
Epoch 9291 | Cost: 0.022956 | Acc: 86.11% (Best: 94.44% @ Ep926) | LR: 0.000300 | Rev: 2/99999
Epoch 9292 | Cost: 0.021892 | Acc: 86.11% (Best: 94.44% @ Ep926) | LR: 0.000300 | Rev: 0/99999
Epoch 9293 | Cost: 0.026894 | Acc: 86.11% (Best: 94.44% @ Ep926) | LR: 0.000300 | Rev: 1/99999
Epoch 9294 | Cost: 0.016595 | Acc: 86.11% (Best: 94.44% @ Ep926) | LR: 0.000300 | Rev: 0/99999
Epoch 9295 | Cost: 0.019721 | Acc: 86.11% (Best: 94.44% @ Ep926) | LR: 0.000300 | Rev: 1/99999
Epoch 9296 | Cost: 0.021312 | Acc: 86.11% (Best: 94.44% @ Ep926) | LR: 0.000300 | Rev: 2/99999
Epoch 9297 | Cost: 0.016815 | Acc: 86.11% (Best: 94.44% @ Ep926) | LR: 0.000300 | Rev: 0/99999
Epoch 9298 | Cost: 0.016130 | Acc: 86.11% (Best: 94.44% @ Ep926) | LR: 0.000300 | Rev: 0/99999
Epoch 9299 | Cost: 0.027126 | Acc: 86.11% (Best: 94.44% @ Ep926) | LR: 0.000300 | Rev: 1/99999
Epoch 9300 | Cost: 0.025769 | Acc: 86.11% (Best: 94.44% @ Ep926) | LR: 0.000300 | Rev: 0/99999
Epoch 9301 | Cost: 0.020588 | Acc: 86.11% (Best: 94.44% @ Ep926) | LR: 0.000300 | Rev: 0/99999
Epoch 9302 | Cost: 0.037690 | Acc: 86.11% (Best: 94.44% @ Ep926) | LR: 0.000300 | Rev: 1/99999
Epoch 9303 | Cost: 0.033328 | Acc: 86.11% (Best: 94.44% @ Ep926) | LR: 0.000300 | Rev: 0/99999
Epoch 9304 | Cost: 0.032102 | Acc: 86.11% (Best: 94.44% @ Ep926) | LR: 0.000300 | Rev: 0/99999
Epoch 9305 | Cost: 0.017403 | Acc: 86.11% (Best: 94.44% @ Ep926) | LR: 0.000300 | Rev: 0/99999
Epoch 9306 | Cost: 0.012875 | Acc: 86.11% (Best: 94.44% @ Ep926) | LR: 0.000300 | Rev: 0/99999
Epoch 9307 | Cost: 0.021647 | Acc: 86.11% (Best: 94.44% @ Ep926) | LR: 0.000300 | Rev: 1/99999
Epoch 9308 | Cost: 0.012624 | Acc: 86.11% (Best: 94.44% @ Ep926) | LR: 0.000300 | Rev: 0/99999
Epoch 9309 | Cost: 0.035131 | Acc: 86.11% (Best: 94.44% @ Ep926) | LR: 0.000300 | Rev: 1/99999
Epoch 9310 | Cost: 0.024347 | Acc: 86.11% (Best: 94.44% @ Ep926) | LR: 0.000300 | Rev: 0/99999
Epoch 9311 | Cost: 0.020779 | Acc: 86.11% (Best: 94.44% @ Ep926) | LR: 0.000300 | Rev: 0/99999
Epoch 9312 | Cost: 0.021439 | Acc: 86.11% (Best: 94.44% @ Ep926) | LR: 0.000300 | Rev: 1/99999
Epoch 9313 | Cost: 0.027078 | Acc: 86.11% (Best: 94.44% @ Ep926) | LR: 0.000300 | Rev: 2/99999
Epoch 9314 | Cost: 0.019748 | Acc: 86.11% (Best: 94.44% @ Ep926) | LR: 0.000300 | Rev: 0/99999
Epoch 9315 | Cost: 0.018634 | Acc: 86.11% (Best: 94.44% @ Ep926) | LR: 0.000300 | Rev: 0/99999
Epoch 9316 | Cost: 0.017404 | Acc: 86.11% (Best: 94.44% @ Ep926) | LR: 0.000300 | Rev: 0/99999
Epoch 9317 | Cost: 0.022563 | Acc: 86.11% (Best: 94.44% @ Ep926) | LR: 0.000300 | Rev: 1/99999
Epoch 9318 | Cost: 0.024112 | Acc: 86.11% (Best: 94.44% @ Ep926) | LR: 0.000300 | Rev: 2/99999
Epoch 9319 | Cost: 0.034255 | Acc: 86.11% (Best: 94.44% @ Ep926) | LR: 0.000300 | Rev: 3/99999
Epoch 9320 | Cost: 0.027563 | Acc: 86.11% (Best: 94.44% @ Ep926) | LR: 0.000300 | Rev: 0/99999
Epoch 9321 | Cost: 0.031999 | Acc: 88.89% (Best: 94.44% @ Ep926) | LR: 0.000300 | Rev: 1/99999
Epoch 9322 | Cost: 0.022935 | Acc: 86.11% (Best: 94.44% @ Ep926) | LR: 0.000300 | Rev: 0/99999
Epoch 9323 | Cost: 0.025469 | Acc: 86.11% (Best: 94.44% @ Ep926) | LR: 0.000300 | Rev: 1/99999
Epoch 9324 | Cost: 0.025421 | Acc: 88.89% (Best: 94.44% @ Ep926) | LR: 0.000300 | Rev: 0/99999
Epoch 9325 | Cost: 0.017329 | Acc: 88.89% (Best: 94.44% @ Ep926) | LR: 0.000300 | Rev: 0/99999
Epoch 9326 | Cost: 0.021487 | Acc: 88.89% (Best: 94.44% @ Ep926) | LR: 0.000300 | Rev: 1/99999
Epoch 9327 | Cost: 0.021309 | Acc: 88.89% (Best: 94.44% @ Ep926) | LR: 0.000300 | Rev: 0/99999
Epoch 9328 | Cost: 0.018721 | Acc: 88.89% (Best: 94.44% @ Ep926) | LR: 0.000300 | Rev: 0/99999
Epoch 9329 | Cost: 0.018273 | Acc: 88.89% (Best: 94.44% @ Ep926) | LR: 0.000300 | Rev: 0/99999
Epoch 9330 | Cost: 0.023496 | Acc: 88.89% (Best: 94.44% @ Ep926) | LR: 0.000300 | Rev: 1/99999
Epoch 9331 | Cost: 0.020344 | Acc: 88.89% (Best: 94.44% @ Ep926) | LR: 0.000300 | Rev: 0/99999
Epoch 9332 | Cost: 0.020778 | Acc: 88.89% (Best: 94.44% @ Ep926) | LR: 0.000300 | Rev: 1/99999
Epoch 9333 | Cost: 0.023989 | Acc: 86.11% (Best: 94.44% @ Ep926) | LR: 0.000300 | Rev: 2/99999
Epoch 9334 | Cost: 0.013698 | Acc: 86.11% (Best: 94.44% @ Ep926) | LR: 0.000300 | Rev: 0/99999
Epoch 9335 | Cost: 0.015375 | Acc: 86.11% (Best: 94.44% @ Ep926) | LR: 0.000300 | Rev: 1/99999
Epoch 9336 | Cost: 0.029588 | Acc: 86.11% (Best: 94.44% @ Ep926) | LR: 0.000300 | Rev: 2/99999
Epoch 9337 | Cost: 0.024731 | Acc: 86.11% (Best: 94.44% @ Ep926) | LR: 0.000300 | Rev: 0/99999
Epoch 9338 | Cost: 0.019264 | Acc: 88.89% (Best: 94.44% @ Ep926) | LR: 0.000300 | Rev: 0/99999
Epoch 9339 | Cost: 0.014571 | Acc: 88.89% (Best: 94.44% @ Ep926) | LR: 0.000300 | Rev: 0/99999
Epoch 9340 | Cost: 0.033846 | Acc: 88.89% (Best: 94.44% @ Ep926) | LR: 0.000300 | Rev: 1/99999
Epoch 9341 | Cost: 0.017232 | Acc: 88.89% (Best: 94.44% @ Ep926) | LR: 0.000300 | Rev: 0/99999
Epoch 9342 | Cost: 0.016549 | Acc: 88.89% (Best: 94.44% @ Ep926) | LR: 0.000300 | Rev: 0/99999
Epoch 9343 | Cost: 0.020148 | Acc: 88.89% (Best: 94.44% @ Ep926) | LR: 0.000300 | Rev: 1/99999
Epoch 9344 | Cost: 0.020580 | Acc: 88.89% (Best: 94.44% @ Ep926) | LR: 0.000300 | Rev: 2/99999
Epoch 9345 | Cost: 0.022695 | Acc: 88.89% (Best: 94.44% @ Ep926) | LR: 0.000300 | Rev: 3/99999
Epoch 9346 | Cost: 0.011036 | Acc: 86.11% (Best: 94.44% @ Ep926) | LR: 0.000300 | Rev: 0/99999
Epoch 9347 | Cost: 0.030594 | Acc: 88.89% (Best: 94.44% @ Ep926) | LR: 0.000300 | Rev: 1/99999
Epoch 9348 | Cost: 0.032635 | Acc: 88.89% (Best: 94.44% @ Ep926) | LR: 0.000300 | Rev: 2/99999
Epoch 9349 | Cost: 0.018499 | Acc: 86.11% (Best: 94.44% @ Ep926) | LR: 0.000300 | Rev: 0/99999
Epoch 9350 | Cost: 0.022395 | Acc: 86.11% (Best: 94.44% @ Ep926) | LR: 0.000300 | Rev: 1/99999
Epoch 9351 | Cost: 0.012880 | Acc: 86.11% (Best: 94.44% @ Ep926) | LR: 0.000300 | Rev: 0/99999
Epoch 9352 | Cost: 0.027922 | Acc: 88.89% (Best: 94.44% @ Ep926) | LR: 0.000300 | Rev: 1/99999
Epoch 9353 | Cost: 0.024659 | Acc: 86.11% (Best: 94.44% @ Ep926) | LR: 0.000300 | Rev: 0/99999
Epoch 9354 | Cost: 0.019430 | Acc: 86.11% (Best: 94.44% @ Ep926) | LR: 0.000300 | Rev: 0/99999
Epoch 9355 | Cost: 0.026053 | Acc: 86.11% (Best: 94.44% @ Ep926) | LR: 0.000300 | Rev: 1/99999
Epoch 9356 | Cost: 0.026682 | Acc: 88.89% (Best: 94.44% @ Ep926) | LR: 0.000300 | Rev: 2/99999
Epoch 9357 | Cost: 0.024836 | Acc: 88.89% (Best: 94.44% @ Ep926) | LR: 0.000300 | Rev: 0/99999
Epoch 9358 | Cost: 0.024755 | Acc: 86.11% (Best: 94.44% @ Ep926) | LR: 0.000300 | Rev: 0/99999
Epoch 9359 | Cost: 0.018879 | Acc: 86.11% (Best: 94.44% @ Ep926) | LR: 0.000300 | Rev: 0/99999
Epoch 9360 | Cost: 0.027842 | Acc: 86.11% (Best: 94.44% @ Ep926) | LR: 0.000300 | Rev: 1/99999
Epoch 9361 | Cost: 0.027772 | Acc: 86.11% (Best: 94.44% @ Ep926) | LR: 0.000300 | Rev: 0/99999
Epoch 9362 | Cost: 0.015681 | Acc: 86.11% (Best: 94.44% @ Ep926) | LR: 0.000300 | Rev: 0/99999
Epoch 9363 | Cost: 0.020046 | Acc: 88.89% (Best: 94.44% @ Ep926) | LR: 0.000300 | Rev: 1/99999
Epoch 9364 | Cost: 0.018997 | Acc: 88.89% (Best: 94.44% @ Ep926) | LR: 0.000300 | Rev: 0/99999
Epoch 9365 | Cost: 0.016302 | Acc: 86.11% (Best: 94.44% @ Ep926) | LR: 0.000300 | Rev: 0/99999
Epoch 9366 | Cost: 0.011405 | Acc: 86.11% (Best: 94.44% @ Ep926) | LR: 0.000300 | Rev: 0/99999
Epoch 9367 | Cost: 0.022106 | Acc: 86.11% (Best: 94.44% @ Ep926) | LR: 0.000300 | Rev: 1/99999
Epoch 9368 | Cost: 0.022391 | Acc: 86.11% (Best: 94.44% @ Ep926) | LR: 0.000300 | Rev: 2/99999
Epoch 9369 | Cost: 0.023484 | Acc: 86.11% (Best: 94.44% @ Ep926) | LR: 0.000300 | Rev: 3/99999
Epoch 9370 | Cost: 0.013972 | Acc: 86.11% (Best: 94.44% @ Ep926) | LR: 0.000300 | Rev: 0/99999
Epoch 9371 | Cost: 0.023805 | Acc: 86.11% (Best: 94.44% @ Ep926) | LR: 0.000300 | Rev: 1/99999
Epoch 9372 | Cost: 0.027033 | Acc: 86.11% (Best: 94.44% @ Ep926) | LR: 0.000300 | Rev: 2/99999
Epoch 9373 | Cost: 0.016537 | Acc: 88.89% (Best: 94.44% @ Ep926) | LR: 0.000300 | Rev: 0/99999
Epoch 9374 | Cost: 0.029461 | Acc: 88.89% (Best: 94.44% @ Ep926) | LR: 0.000300 | Rev: 1/99999
Epoch 9375 | Cost: 0.020904 | Acc: 88.89% (Best: 94.44% @ Ep926) | LR: 0.000300 | Rev: 0/99999
Epoch 9376 | Cost: 0.020658 | Acc: 88.89% (Best: 94.44% @ Ep926) | LR: 0.000300 | Rev: 0/99999
Epoch 9377 | Cost: 0.021564 | Acc: 88.89% (Best: 94.44% @ Ep926) | LR: 0.000300 | Rev: 1/99999
Epoch 9378 | Cost: 0.021204 | Acc: 86.11% (Best: 94.44% @ Ep926) | LR: 0.000300 | Rev: 0/99999
Epoch 9379 | Cost: 0.016784 | Acc: 86.11% (Best: 94.44% @ Ep926) | LR: 0.000300 | Rev: 0/99999
Epoch 9380 | Cost: 0.026126 | Acc: 86.11% (Best: 94.44% @ Ep926) | LR: 0.000300 | Rev: 1/99999
Epoch 9381 | Cost: 0.040277 | Acc: 88.89% (Best: 94.44% @ Ep926) | LR: 0.000300 | Rev: 2/99999
Epoch 9382 | Cost: 0.015921 | Acc: 86.11% (Best: 94.44% @ Ep926) | LR: 0.000300 | Rev: 0/99999
Epoch 9383 | Cost: 0.017961 | Acc: 86.11% (Best: 94.44% @ Ep926) | LR: 0.000300 | Rev: 1/99999
Epoch 9384 | Cost: 0.016687 | Acc: 86.11% (Best: 94.44% @ Ep926) | LR: 0.000300 | Rev: 0/99999
Epoch 9385 | Cost: 0.027537 | Acc: 86.11% (Best: 94.44% @ Ep926) | LR: 0.000300 | Rev: 1/99999
Epoch 9386 | Cost: 0.016092 | Acc: 88.89% (Best: 94.44% @ Ep926) | LR: 0.000300 | Rev: 0/99999
Epoch 9387 | Cost: 0.021797 | Acc: 88.89% (Best: 94.44% @ Ep926) | LR: 0.000300 | Rev: 1/99999
Epoch 9388 | Cost: 0.025458 | Acc: 86.11% (Best: 94.44% @ Ep926) | LR: 0.000300 | Rev: 2/99999
Epoch 9389 | Cost: 0.021925 | Acc: 86.11% (Best: 94.44% @ Ep926) | LR: 0.000300 | Rev: 0/99999
Epoch 9390 | Cost: 0.019425 | Acc: 88.89% (Best: 94.44% @ Ep926) | LR: 0.000300 | Rev: 0/99999
Epoch 9391 | Cost: 0.049998 | Acc: 88.89% (Best: 94.44% @ Ep926) | LR: 0.000300 | Rev: 1/99999
Epoch 9392 | Cost: 0.028410 | Acc: 88.89% (Best: 94.44% @ Ep926) | LR: 0.000300 | Rev: 0/99999
Epoch 9393 | Cost: 0.022671 | Acc: 88.89% (Best: 94.44% @ Ep926) | LR: 0.000300 | Rev: 0/99999
Epoch 9394 | Cost: 0.024950 | Acc: 88.89% (Best: 94.44% @ Ep926) | LR: 0.000300 | Rev: 1/99999
Epoch 9395 | Cost: 0.035660 | Acc: 88.89% (Best: 94.44% @ Ep926) | LR: 0.000300 | Rev: 2/99999
Epoch 9396 | Cost: 0.018228 | Acc: 88.89% (Best: 94.44% @ Ep926) | LR: 0.000300 | Rev: 0/99999
Epoch 9397 | Cost: 0.021609 | Acc: 88.89% (Best: 94.44% @ Ep926) | LR: 0.000300 | Rev: 1/99999
Epoch 9398 | Cost: 0.016138 | Acc: 88.89% (Best: 94.44% @ Ep926) | LR: 0.000300 | Rev: 0/99999
Epoch 9399 | Cost: 0.019414 | Acc: 88.89% (Best: 94.44% @ Ep926) | LR: 0.000300 | Rev: 1/99999
Epoch 9400 | Cost: 0.035648 | Acc: 88.89% (Best: 94.44% @ Ep926) | LR: 0.000300 | Rev: 2/99999
Epoch 9401 | Cost: 0.030553 | Acc: 88.89% (Best: 94.44% @ Ep926) | LR: 0.000300 | Rev: 0/99999
Epoch 9402 | Cost: 0.027171 | Acc: 88.89% (Best: 94.44% @ Ep926) | LR: 0.000300 | Rev: 0/99999
Epoch 9403 | Cost: 0.032293 | Acc: 88.89% (Best: 94.44% @ Ep926) | LR: 0.000300 | Rev: 1/99999
Epoch 9404 | Cost: 0.017257 | Acc: 88.89% (Best: 94.44% @ Ep926) | LR: 0.000300 | Rev: 0/99999
Epoch 9405 | Cost: 0.021475 | Acc: 88.89% (Best: 94.44% @ Ep926) | LR: 0.000300 | Rev: 1/99999
Epoch 9406 | Cost: 0.016138 | Acc: 88.89% (Best: 94.44% @ Ep926) | LR: 0.000300 | Rev: 0/99999
Epoch 9407 | Cost: 0.024043 | Acc: 88.89% (Best: 94.44% @ Ep926) | LR: 0.000300 | Rev: 1/99999
Epoch 9408 | Cost: 0.017392 | Acc: 88.89% (Best: 94.44% @ Ep926) | LR: 0.000300 | Rev: 0/99999
Epoch 9409 | Cost: 0.023507 | Acc: 88.89% (Best: 94.44% @ Ep926) | LR: 0.000300 | Rev: 1/99999
Epoch 9410 | Cost: 0.018272 | Acc: 86.11% (Best: 94.44% @ Ep926) | LR: 0.000300 | Rev: 0/99999
Epoch 9411 | Cost: 0.026588 | Acc: 86.11% (Best: 94.44% @ Ep926) | LR: 0.000300 | Rev: 1/99999
Epoch 9412 | Cost: 0.023172 | Acc: 86.11% (Best: 94.44% @ Ep926) | LR: 0.000300 | Rev: 0/99999
Epoch 9413 | Cost: 0.026053 | Acc: 86.11% (Best: 94.44% @ Ep926) | LR: 0.000300 | Rev: 1/99999
Epoch 9414 | Cost: 0.017597 | Acc: 88.89% (Best: 94.44% @ Ep926) | LR: 0.000300 | Rev: 0/99999
Epoch 9415 | Cost: 0.036077 | Acc: 88.89% (Best: 94.44% @ Ep926) | LR: 0.000300 | Rev: 1/99999
Epoch 9416 | Cost: 0.013264 | Acc: 88.89% (Best: 94.44% @ Ep926) | LR: 0.000300 | Rev: 0/99999
Epoch 9417 | Cost: 0.032607 | Acc: 88.89% (Best: 94.44% @ Ep926) | LR: 0.000300 | Rev: 1/99999
Epoch 9418 | Cost: 0.017429 | Acc: 86.11% (Best: 94.44% @ Ep926) | LR: 0.000300 | Rev: 0/99999
Epoch 9419 | Cost: 0.022040 | Acc: 86.11% (Best: 94.44% @ Ep926) | LR: 0.000300 | Rev: 1/99999
Epoch 9420 | Cost: 0.024809 | Acc: 86.11% (Best: 94.44% @ Ep926) | LR: 0.000300 | Rev: 2/99999
Epoch 9421 | Cost: 0.026089 | Acc: 86.11% (Best: 94.44% @ Ep926) | LR: 0.000300 | Rev: 3/99999
Epoch 9422 | Cost: 0.018904 | Acc: 86.11% (Best: 94.44% @ Ep926) | LR: 0.000300 | Rev: 0/99999
Epoch 9423 | Cost: 0.017206 | Acc: 86.11% (Best: 94.44% @ Ep926) | LR: 0.000300 | Rev: 0/99999
Epoch 9424 | Cost: 0.031772 | Acc: 86.11% (Best: 94.44% @ Ep926) | LR: 0.000300 | Rev: 1/99999
Epoch 9425 | Cost: 0.015312 | Acc: 86.11% (Best: 94.44% @ Ep926) | LR: 0.000300 | Rev: 0/99999
Epoch 9426 | Cost: 0.019822 | Acc: 86.11% (Best: 94.44% @ Ep926) | LR: 0.000300 | Rev: 1/99999
Epoch 9427 | Cost: 0.024302 | Acc: 86.11% (Best: 94.44% @ Ep926) | LR: 0.000300 | Rev: 2/99999
Epoch 9428 | Cost: 0.018471 | Acc: 86.11% (Best: 94.44% @ Ep926) | LR: 0.000300 | Rev: 0/99999
Epoch 9429 | Cost: 0.015579 | Acc: 86.11% (Best: 94.44% @ Ep926) | LR: 0.000300 | Rev: 0/99999
Epoch 9430 | Cost: 0.016018 | Acc: 86.11% (Best: 94.44% @ Ep926) | LR: 0.000300 | Rev: 1/99999
Epoch 9431 | Cost: 0.020899 | Acc: 86.11% (Best: 94.44% @ Ep926) | LR: 0.000300 | Rev: 2/99999
Epoch 9432 | Cost: 0.027283 | Acc: 86.11% (Best: 94.44% @ Ep926) | LR: 0.000300 | Rev: 3/99999
Epoch 9433 | Cost: 0.014684 | Acc: 86.11% (Best: 94.44% @ Ep926) | LR: 0.000300 | Rev: 0/99999
Epoch 9434 | Cost: 0.018907 | Acc: 88.89% (Best: 94.44% @ Ep926) | LR: 0.000300 | Rev: 1/99999
Epoch 9435 | Cost: 0.023236 | Acc: 88.89% (Best: 94.44% @ Ep926) | LR: 0.000300 | Rev: 2/99999
Epoch 9436 | Cost: 0.017262 | Acc: 88.89% (Best: 94.44% @ Ep926) | LR: 0.000300 | Rev: 0/99999
Epoch 9437 | Cost: 0.031604 | Acc: 88.89% (Best: 94.44% @ Ep926) | LR: 0.000300 | Rev: 1/99999
Epoch 9438 | Cost: 0.024319 | Acc: 88.89% (Best: 94.44% @ Ep926) | LR: 0.000300 | Rev: 0/99999
Epoch 9439 | Cost: 0.027746 | Acc: 88.89% (Best: 94.44% @ Ep926) | LR: 0.000300 | Rev: 1/99999
Epoch 9440 | Cost: 0.015737 | Acc: 88.89% (Best: 94.44% @ Ep926) | LR: 0.000300 | Rev: 0/99999
Epoch 9441 | Cost: 0.026606 | Acc: 88.89% (Best: 94.44% @ Ep926) | LR: 0.000300 | Rev: 1/99999
Epoch 9442 | Cost: 0.020288 | Acc: 88.89% (Best: 94.44% @ Ep926) | LR: 0.000300 | Rev: 0/99999
Epoch 9443 | Cost: 0.025631 | Acc: 88.89% (Best: 94.44% @ Ep926) | LR: 0.000300 | Rev: 1/99999
Epoch 9444 | Cost: 0.016937 | Acc: 88.89% (Best: 94.44% @ Ep926) | LR: 0.000300 | Rev: 0/99999
Epoch 9445 | Cost: 0.039166 | Acc: 86.11% (Best: 94.44% @ Ep926) | LR: 0.000300 | Rev: 1/99999
Epoch 9446 | Cost: 0.016194 | Acc: 86.11% (Best: 94.44% @ Ep926) | LR: 0.000300 | Rev: 0/99999
Epoch 9447 | Cost: 0.020833 | Acc: 86.11% (Best: 94.44% @ Ep926) | LR: 0.000300 | Rev: 1/99999
Epoch 9448 | Cost: 0.014760 | Acc: 86.11% (Best: 94.44% @ Ep926) | LR: 0.000300 | Rev: 0/99999
Epoch 9449 | Cost: 0.024728 | Acc: 88.89% (Best: 94.44% @ Ep926) | LR: 0.000300 | Rev: 1/99999
Epoch 9450 | Cost: 0.019337 | Acc: 88.89% (Best: 94.44% @ Ep926) | LR: 0.000300 | Rev: 0/99999
Epoch 9451 | Cost: 0.016265 | Acc: 88.89% (Best: 94.44% @ Ep926) | LR: 0.000300 | Rev: 0/99999
Epoch 9452 | Cost: 0.034133 | Acc: 86.11% (Best: 94.44% @ Ep926) | LR: 0.000300 | Rev: 1/99999
Epoch 9453 | Cost: 0.018965 | Acc: 86.11% (Best: 94.44% @ Ep926) | LR: 0.000300 | Rev: 0/99999
Epoch 9454 | Cost: 0.025136 | Acc: 86.11% (Best: 94.44% @ Ep926) | LR: 0.000300 | Rev: 1/99999
Epoch 9455 | Cost: 0.025931 | Acc: 86.11% (Best: 94.44% @ Ep926) | LR: 0.000300 | Rev: 2/99999
Epoch 9456 | Cost: 0.025050 | Acc: 86.11% (Best: 94.44% @ Ep926) | LR: 0.000300 | Rev: 0/99999
Epoch 9457 | Cost: 0.030010 | Acc: 88.89% (Best: 94.44% @ Ep926) | LR: 0.000300 | Rev: 1/99999
Epoch 9458 | Cost: 0.030429 | Acc: 88.89% (Best: 94.44% @ Ep926) | LR: 0.000300 | Rev: 2/99999
Epoch 9459 | Cost: 0.021130 | Acc: 88.89% (Best: 94.44% @ Ep926) | LR: 0.000300 | Rev: 0/99999
Epoch 9460 | Cost: 0.034004 | Acc: 88.89% (Best: 94.44% @ Ep926) | LR: 0.000300 | Rev: 1/99999
Epoch 9461 | Cost: 0.022731 | Acc: 88.89% (Best: 94.44% @ Ep926) | LR: 0.000300 | Rev: 0/99999
Epoch 9462 | Cost: 0.026284 | Acc: 88.89% (Best: 94.44% @ Ep926) | LR: 0.000300 | Rev: 1/99999
Epoch 9463 | Cost: 0.010244 | Acc: 88.89% (Best: 94.44% @ Ep926) | LR: 0.000300 | Rev: 0/99999
Epoch 9464 | Cost: 0.014310 | Acc: 88.89% (Best: 94.44% @ Ep926) | LR: 0.000300 | Rev: 1/99999
Epoch 9465 | Cost: 0.028394 | Acc: 88.89% (Best: 94.44% @ Ep926) | LR: 0.000300 | Rev: 2/99999
Epoch 9466 | Cost: 0.020749 | Acc: 88.89% (Best: 94.44% @ Ep926) | LR: 0.000300 | Rev: 0/99999
Epoch 9467 | Cost: 0.027887 | Acc: 88.89% (Best: 94.44% @ Ep926) | LR: 0.000300 | Rev: 1/99999
Epoch 9468 | Cost: 0.020327 | Acc: 88.89% (Best: 94.44% @ Ep926) | LR: 0.000300 | Rev: 0/99999
Epoch 9469 | Cost: 0.015968 | Acc: 86.11% (Best: 94.44% @ Ep926) | LR: 0.000300 | Rev: 0/99999
Epoch 9470 | Cost: 0.032754 | Acc: 86.11% (Best: 94.44% @ Ep926) | LR: 0.000300 | Rev: 1/99999
Epoch 9471 | Cost: 0.013801 | Acc: 86.11% (Best: 94.44% @ Ep926) | LR: 0.000300 | Rev: 0/99999
Epoch 9472 | Cost: 0.012756 | Acc: 86.11% (Best: 94.44% @ Ep926) | LR: 0.000300 | Rev: 0/99999
Epoch 9473 | Cost: 0.022338 | Acc: 86.11% (Best: 94.44% @ Ep926) | LR: 0.000300 | Rev: 1/99999
Epoch 9474 | Cost: 0.015718 | Acc: 86.11% (Best: 94.44% @ Ep926) | LR: 0.000300 | Rev: 0/99999
Epoch 9475 | Cost: 0.032524 | Acc: 86.11% (Best: 94.44% @ Ep926) | LR: 0.000300 | Rev: 1/99999
Epoch 9476 | Cost: 0.019598 | Acc: 86.11% (Best: 94.44% @ Ep926) | LR: 0.000300 | Rev: 0/99999
Epoch 9477 | Cost: 0.017339 | Acc: 86.11% (Best: 94.44% @ Ep926) | LR: 0.000300 | Rev: 0/99999
Epoch 9478 | Cost: 0.014764 | Acc: 86.11% (Best: 94.44% @ Ep926) | LR: 0.000300 | Rev: 0/99999
Epoch 9479 | Cost: 0.022079 | Acc: 86.11% (Best: 94.44% @ Ep926) | LR: 0.000300 | Rev: 1/99999
Epoch 9480 | Cost: 0.030035 | Acc: 86.11% (Best: 94.44% @ Ep926) | LR: 0.000300 | Rev: 2/99999
Epoch 9481 | Cost: 0.036372 | Acc: 86.11% (Best: 94.44% @ Ep926) | LR: 0.000300 | Rev: 3/99999
Epoch 9482 | Cost: 0.025366 | Acc: 86.11% (Best: 94.44% @ Ep926) | LR: 0.000300 | Rev: 0/99999
Epoch 9483 | Cost: 0.016852 | Acc: 86.11% (Best: 94.44% @ Ep926) | LR: 0.000300 | Rev: 0/99999
Epoch 9484 | Cost: 0.035711 | Acc: 88.89% (Best: 94.44% @ Ep926) | LR: 0.000300 | Rev: 1/99999
Epoch 9485 | Cost: 0.049112 | Acc: 88.89% (Best: 94.44% @ Ep926) | LR: 0.000300 | Rev: 2/99999
Epoch 9486 | Cost: 0.019208 | Acc: 86.11% (Best: 94.44% @ Ep926) | LR: 0.000300 | Rev: 0/99999
Epoch 9487 | Cost: 0.014764 | Acc: 86.11% (Best: 94.44% @ Ep926) | LR: 0.000300 | Rev: 0/99999
Epoch 9488 | Cost: 0.020101 | Acc: 86.11% (Best: 94.44% @ Ep926) | LR: 0.000300 | Rev: 1/99999
Epoch 9489 | Cost: 0.019998 | Acc: 86.11% (Best: 94.44% @ Ep926) | LR: 0.000300 | Rev: 0/99999
Epoch 9490 | Cost: 0.022353 | Acc: 88.89% (Best: 94.44% @ Ep926) | LR: 0.000300 | Rev: 1/99999
Epoch 9491 | Cost: 0.027544 | Acc: 88.89% (Best: 94.44% @ Ep926) | LR: 0.000300 | Rev: 2/99999
Epoch 9492 | Cost: 0.017748 | Acc: 88.89% (Best: 94.44% @ Ep926) | LR: 0.000300 | Rev: 0/99999
Epoch 9493 | Cost: 0.017005 | Acc: 88.89% (Best: 94.44% @ Ep926) | LR: 0.000300 | Rev: 0/99999
Epoch 9494 | Cost: 0.017975 | Acc: 88.89% (Best: 94.44% @ Ep926) | LR: 0.000300 | Rev: 1/99999
Epoch 9495 | Cost: 0.014925 | Acc: 88.89% (Best: 94.44% @ Ep926) | LR: 0.000300 | Rev: 0/99999
Epoch 9496 | Cost: 0.033052 | Acc: 88.89% (Best: 94.44% @ Ep926) | LR: 0.000300 | Rev: 1/99999
Epoch 9497 | Cost: 0.019720 | Acc: 88.89% (Best: 94.44% @ Ep926) | LR: 0.000300 | Rev: 0/99999
Epoch 9498 | Cost: 0.024897 | Acc: 88.89% (Best: 94.44% @ Ep926) | LR: 0.000300 | Rev: 1/99999
Epoch 9499 | Cost: 0.017537 | Acc: 88.89% (Best: 94.44% @ Ep926) | LR: 0.000300 | Rev: 0/99999
Epoch 9500 | Cost: 0.035624 | Acc: 88.89% (Best: 94.44% @ Ep926) | LR: 0.000300 | Rev: 1/99999
Epoch 9501 | Cost: 0.018297 | Acc: 88.89% (Best: 94.44% @ Ep926) | LR: 0.000300 | Rev: 0/99999
Epoch 9502 | Cost: 0.026488 | Acc: 88.89% (Best: 94.44% @ Ep926) | LR: 0.000300 | Rev: 1/99999
Epoch 9503 | Cost: 0.022835 | Acc: 88.89% (Best: 94.44% @ Ep926) | LR: 0.000300 | Rev: 0/99999
Epoch 9504 | Cost: 0.027346 | Acc: 88.89% (Best: 94.44% @ Ep926) | LR: 0.000300 | Rev: 1/99999
Epoch 9505 | Cost: 0.029442 | Acc: 86.11% (Best: 94.44% @ Ep926) | LR: 0.000300 | Rev: 2/99999
Epoch 9506 | Cost: 0.015831 | Acc: 86.11% (Best: 94.44% @ Ep926) | LR: 0.000300 | Rev: 0/99999
Epoch 9507 | Cost: 0.017492 | Acc: 86.11% (Best: 94.44% @ Ep926) | LR: 0.000300 | Rev: 1/99999
Epoch 9508 | Cost: 0.016087 | Acc: 88.89% (Best: 94.44% @ Ep926) | LR: 0.000300 | Rev: 0/99999
Epoch 9509 | Cost: 0.018056 | Acc: 88.89% (Best: 94.44% @ Ep926) | LR: 0.000300 | Rev: 1/99999
Epoch 9510 | Cost: 0.029058 | Acc: 88.89% (Best: 94.44% @ Ep926) | LR: 0.000300 | Rev: 2/99999
Epoch 9511 | Cost: 0.022815 | Acc: 88.89% (Best: 94.44% @ Ep926) | LR: 0.000300 | Rev: 0/99999
Epoch 9512 | Cost: 0.020975 | Acc: 88.89% (Best: 94.44% @ Ep926) | LR: 0.000300 | Rev: 0/99999
Epoch 9513 | Cost: 0.022545 | Acc: 88.89% (Best: 94.44% @ Ep926) | LR: 0.000300 | Rev: 1/99999
Epoch 9514 | Cost: 0.013855 | Acc: 88.89% (Best: 94.44% @ Ep926) | LR: 0.000300 | Rev: 0/99999
Epoch 9515 | Cost: 0.018082 | Acc: 88.89% (Best: 94.44% @ Ep926) | LR: 0.000300 | Rev: 1/99999
Epoch 9516 | Cost: 0.017149 | Acc: 86.11% (Best: 94.44% @ Ep926) | LR: 0.000300 | Rev: 0/99999
Epoch 9517 | Cost: 0.013842 | Acc: 86.11% (Best: 94.44% @ Ep926) | LR: 0.000300 | Rev: 0/99999
Epoch 9518 | Cost: 0.032465 | Acc: 88.89% (Best: 94.44% @ Ep926) | LR: 0.000300 | Rev: 1/99999
Epoch 9519 | Cost: 0.013908 | Acc: 88.89% (Best: 94.44% @ Ep926) | LR: 0.000300 | Rev: 0/99999
Epoch 9520 | Cost: 0.014480 | Acc: 88.89% (Best: 94.44% @ Ep926) | LR: 0.000300 | Rev: 1/99999
Epoch 9521 | Cost: 0.028226 | Acc: 88.89% (Best: 94.44% @ Ep926) | LR: 0.000300 | Rev: 2/99999
Epoch 9522 | Cost: 0.021607 | Acc: 88.89% (Best: 94.44% @ Ep926) | LR: 0.000300 | Rev: 0/99999
Epoch 9523 | Cost: 0.022801 | Acc: 86.11% (Best: 94.44% @ Ep926) | LR: 0.000300 | Rev: 1/99999
Epoch 9524 | Cost: 0.010164 | Acc: 86.11% (Best: 94.44% @ Ep926) | LR: 0.000300 | Rev: 0/99999
Epoch 9525 | Cost: 0.022646 | Acc: 86.11% (Best: 94.44% @ Ep926) | LR: 0.000300 | Rev: 1/99999
Epoch 9526 | Cost: 0.018869 | Acc: 86.11% (Best: 94.44% @ Ep926) | LR: 0.000300 | Rev: 0/99999
Epoch 9527 | Cost: 0.022020 | Acc: 86.11% (Best: 94.44% @ Ep926) | LR: 0.000300 | Rev: 1/99999
Epoch 9528 | Cost: 0.014835 | Acc: 86.11% (Best: 94.44% @ Ep926) | LR: 0.000300 | Rev: 0/99999
Epoch 9529 | Cost: 0.021986 | Acc: 86.11% (Best: 94.44% @ Ep926) | LR: 0.000300 | Rev: 1/99999
Epoch 9530 | Cost: 0.025085 | Acc: 88.89% (Best: 94.44% @ Ep926) | LR: 0.000300 | Rev: 2/99999
Epoch 9531 | Cost: 0.027449 | Acc: 88.89% (Best: 94.44% @ Ep926) | LR: 0.000300 | Rev: 3/99999
Epoch 9532 | Cost: 0.019426 | Acc: 88.89% (Best: 94.44% @ Ep926) | LR: 0.000300 | Rev: 0/99999
Epoch 9533 | Cost: 0.035231 | Acc: 88.89% (Best: 94.44% @ Ep926) | LR: 0.000300 | Rev: 1/99999
Epoch 9534 | Cost: 0.019056 | Acc: 88.89% (Best: 94.44% @ Ep926) | LR: 0.000300 | Rev: 0/99999
Epoch 9535 | Cost: 0.019808 | Acc: 88.89% (Best: 94.44% @ Ep926) | LR: 0.000300 | Rev: 1/99999
Epoch 9536 | Cost: 0.017396 | Acc: 88.89% (Best: 94.44% @ Ep926) | LR: 0.000300 | Rev: 0/99999
Epoch 9537 | Cost: 0.015936 | Acc: 86.11% (Best: 94.44% @ Ep926) | LR: 0.000300 | Rev: 0/99999
Epoch 9538 | Cost: 0.022717 | Acc: 86.11% (Best: 94.44% @ Ep926) | LR: 0.000300 | Rev: 1/99999
Epoch 9539 | Cost: 0.019013 | Acc: 86.11% (Best: 94.44% @ Ep926) | LR: 0.000300 | Rev: 0/99999
Epoch 9540 | Cost: 0.018510 | Acc: 86.11% (Best: 94.44% @ Ep926) | LR: 0.000300 | Rev: 0/99999
Epoch 9541 | Cost: 0.023154 | Acc: 88.89% (Best: 94.44% @ Ep926) | LR: 0.000300 | Rev: 1/99999
Epoch 9542 | Cost: 0.027724 | Acc: 88.89% (Best: 94.44% @ Ep926) | LR: 0.000300 | Rev: 2/99999
Epoch 9543 | Cost: 0.017282 | Acc: 88.89% (Best: 94.44% @ Ep926) | LR: 0.000300 | Rev: 0/99999
Epoch 9544 | Cost: 0.020509 | Acc: 86.11% (Best: 94.44% @ Ep926) | LR: 0.000300 | Rev: 1/99999
Epoch 9545 | Cost: 0.026823 | Acc: 86.11% (Best: 94.44% @ Ep926) | LR: 0.000300 | Rev: 2/99999
Epoch 9546 | Cost: 0.012712 | Acc: 86.11% (Best: 94.44% @ Ep926) | LR: 0.000300 | Rev: 0/99999
Epoch 9547 | Cost: 0.018511 | Acc: 86.11% (Best: 94.44% @ Ep926) | LR: 0.000300 | Rev: 1/99999
Epoch 9548 | Cost: 0.022741 | Acc: 86.11% (Best: 94.44% @ Ep926) | LR: 0.000300 | Rev: 2/99999
Epoch 9549 | Cost: 0.031787 | Acc: 88.89% (Best: 94.44% @ Ep926) | LR: 0.000300 | Rev: 3/99999
Epoch 9550 | Cost: 0.017659 | Acc: 88.89% (Best: 94.44% @ Ep926) | LR: 0.000300 | Rev: 0/99999
Epoch 9551 | Cost: 0.015485 | Acc: 88.89% (Best: 94.44% @ Ep926) | LR: 0.000300 | Rev: 0/99999
Epoch 9552 | Cost: 0.023687 | Acc: 88.89% (Best: 94.44% @ Ep926) | LR: 0.000300 | Rev: 1/99999
Epoch 9553 | Cost: 0.024854 | Acc: 88.89% (Best: 94.44% @ Ep926) | LR: 0.000300 | Rev: 2/99999
Epoch 9554 | Cost: 0.021766 | Acc: 88.89% (Best: 94.44% @ Ep926) | LR: 0.000300 | Rev: 0/99999
Epoch 9555 | Cost: 0.015187 | Acc: 88.89% (Best: 94.44% @ Ep926) | LR: 0.000300 | Rev: 0/99999
Epoch 9556 | Cost: 0.023731 | Acc: 88.89% (Best: 94.44% @ Ep926) | LR: 0.000300 | Rev: 1/99999
Epoch 9557 | Cost: 0.011743 | Acc: 88.89% (Best: 94.44% @ Ep926) | LR: 0.000300 | Rev: 0/99999
Epoch 9558 | Cost: 0.018936 | Acc: 86.11% (Best: 94.44% @ Ep926) | LR: 0.000300 | Rev: 1/99999
Epoch 9559 | Cost: 0.023120 | Acc: 88.89% (Best: 94.44% @ Ep926) | LR: 0.000300 | Rev: 2/99999
Epoch 9560 | Cost: 0.013591 | Acc: 86.11% (Best: 94.44% @ Ep926) | LR: 0.000300 | Rev: 0/99999
Epoch 9561 | Cost: 0.046781 | Acc: 86.11% (Best: 94.44% @ Ep926) | LR: 0.000300 | Rev: 1/99999
Epoch 9562 | Cost: 0.019894 | Acc: 88.89% (Best: 94.44% @ Ep926) | LR: 0.000300 | Rev: 0/99999
Epoch 9563 | Cost: 0.017697 | Acc: 88.89% (Best: 94.44% @ Ep926) | LR: 0.000300 | Rev: 0/99999
Epoch 9564 | Cost: 0.015816 | Acc: 86.11% (Best: 94.44% @ Ep926) | LR: 0.000300 | Rev: 0/99999
Epoch 9565 | Cost: 0.013241 | Acc: 86.11% (Best: 94.44% @ Ep926) | LR: 0.000300 | Rev: 0/99999
Epoch 9566 | Cost: 0.013089 | Acc: 86.11% (Best: 94.44% @ Ep926) | LR: 0.000300 | Rev: 0/99999
Epoch 9567 | Cost: 0.017424 | Acc: 86.11% (Best: 94.44% @ Ep926) | LR: 0.000300 | Rev: 1/99999
Epoch 9568 | Cost: 0.039958 | Acc: 86.11% (Best: 94.44% @ Ep926) | LR: 0.000300 | Rev: 2/99999
Epoch 9569 | Cost: 0.029058 | Acc: 86.11% (Best: 94.44% @ Ep926) | LR: 0.000300 | Rev: 0/99999
Epoch 9570 | Cost: 0.016350 | Acc: 86.11% (Best: 94.44% @ Ep926) | LR: 0.000300 | Rev: 0/99999
Epoch 9571 | Cost: 0.019981 | Acc: 86.11% (Best: 94.44% @ Ep926) | LR: 0.000300 | Rev: 1/99999
Epoch 9572 | Cost: 0.020236 | Acc: 86.11% (Best: 94.44% @ Ep926) | LR: 0.000300 | Rev: 2/99999
Epoch 9573 | Cost: 0.024892 | Acc: 88.89% (Best: 94.44% @ Ep926) | LR: 0.000300 | Rev: 3/99999
Epoch 9574 | Cost: 0.024224 | Acc: 88.89% (Best: 94.44% @ Ep926) | LR: 0.000300 | Rev: 0/99999
Epoch 9575 | Cost: 0.027840 | Acc: 88.89% (Best: 94.44% @ Ep926) | LR: 0.000300 | Rev: 1/99999
Epoch 9576 | Cost: 0.037606 | Acc: 88.89% (Best: 94.44% @ Ep926) | LR: 0.000300 | Rev: 2/99999
Epoch 9577 | Cost: 0.027285 | Acc: 86.11% (Best: 94.44% @ Ep926) | LR: 0.000300 | Rev: 0/99999
Epoch 9578 | Cost: 0.014287 | Acc: 86.11% (Best: 94.44% @ Ep926) | LR: 0.000300 | Rev: 0/99999
Epoch 9579 | Cost: 0.016914 | Acc: 86.11% (Best: 94.44% @ Ep926) | LR: 0.000300 | Rev: 1/99999
Epoch 9580 | Cost: 0.033100 | Acc: 86.11% (Best: 94.44% @ Ep926) | LR: 0.000300 | Rev: 2/99999
Epoch 9581 | Cost: 0.026591 | Acc: 86.11% (Best: 94.44% @ Ep926) | LR: 0.000300 | Rev: 0/99999
Epoch 9582 | Cost: 0.022730 | Acc: 86.11% (Best: 94.44% @ Ep926) | LR: 0.000300 | Rev: 0/99999
Epoch 9583 | Cost: 0.034106 | Acc: 86.11% (Best: 94.44% @ Ep926) | LR: 0.000300 | Rev: 1/99999
Epoch 9584 | Cost: 0.018539 | Acc: 86.11% (Best: 94.44% @ Ep926) | LR: 0.000300 | Rev: 0/99999
Epoch 9585 | Cost: 0.024099 | Acc: 86.11% (Best: 94.44% @ Ep926) | LR: 0.000300 | Rev: 1/99999
Epoch 9586 | Cost: 0.020069 | Acc: 86.11% (Best: 94.44% @ Ep926) | LR: 0.000300 | Rev: 0/99999
Epoch 9587 | Cost: 0.010952 | Acc: 88.89% (Best: 94.44% @ Ep926) | LR: 0.000300 | Rev: 0/99999
Epoch 9588 | Cost: 0.012785 | Acc: 88.89% (Best: 94.44% @ Ep926) | LR: 0.000300 | Rev: 1/99999
Epoch 9589 | Cost: 0.016469 | Acc: 88.89% (Best: 94.44% @ Ep926) | LR: 0.000300 | Rev: 2/99999
Epoch 9590 | Cost: 0.016600 | Acc: 88.89% (Best: 94.44% @ Ep926) | LR: 0.000300 | Rev: 3/99999
Epoch 9591 | Cost: 0.020786 | Acc: 86.11% (Best: 94.44% @ Ep926) | LR: 0.000300 | Rev: 4/99999
Epoch 9592 | Cost: 0.013281 | Acc: 86.11% (Best: 94.44% @ Ep926) | LR: 0.000300 | Rev: 0/99999
Epoch 9593 | Cost: 0.014726 | Acc: 86.11% (Best: 94.44% @ Ep926) | LR: 0.000300 | Rev: 1/99999
Epoch 9594 | Cost: 0.018574 | Acc: 86.11% (Best: 94.44% @ Ep926) | LR: 0.000300 | Rev: 2/99999
Epoch 9595 | Cost: 0.019232 | Acc: 86.11% (Best: 94.44% @ Ep926) | LR: 0.000300 | Rev: 3/99999
Epoch 9596 | Cost: 0.019046 | Acc: 86.11% (Best: 94.44% @ Ep926) | LR: 0.000300 | Rev: 0/99999
Epoch 9597 | Cost: 0.029758 | Acc: 86.11% (Best: 94.44% @ Ep926) | LR: 0.000300 | Rev: 1/99999
Epoch 9598 | Cost: 0.016379 | Acc: 86.11% (Best: 94.44% @ Ep926) | LR: 0.000300 | Rev: 0/99999
Epoch 9599 | Cost: 0.025624 | Acc: 86.11% (Best: 94.44% @ Ep926) | LR: 0.000300 | Rev: 1/99999
Epoch 9600 | Cost: 0.020509 | Acc: 86.11% (Best: 94.44% @ Ep926) | LR: 0.000300 | Rev: 0/99999
Epoch 9601 | Cost: 0.022978 | Acc: 86.11% (Best: 94.44% @ Ep926) | LR: 0.000300 | Rev: 1/99999
Epoch 9602 | Cost: 0.016088 | Acc: 86.11% (Best: 94.44% @ Ep926) | LR: 0.000300 | Rev: 0/99999
Epoch 9603 | Cost: 0.030596 | Acc: 86.11% (Best: 94.44% @ Ep926) | LR: 0.000300 | Rev: 1/99999
Epoch 9604 | Cost: 0.023239 | Acc: 86.11% (Best: 94.44% @ Ep926) | LR: 0.000300 | Rev: 0/99999
Epoch 9605 | Cost: 0.024241 | Acc: 88.89% (Best: 94.44% @ Ep926) | LR: 0.000300 | Rev: 1/99999
Epoch 9606 | Cost: 0.024585 | Acc: 88.89% (Best: 94.44% @ Ep926) | LR: 0.000300 | Rev: 2/99999
Epoch 9607 | Cost: 0.014706 | Acc: 88.89% (Best: 94.44% @ Ep926) | LR: 0.000300 | Rev: 0/99999
Epoch 9608 | Cost: 0.018646 | Acc: 86.11% (Best: 94.44% @ Ep926) | LR: 0.000300 | Rev: 1/99999
Epoch 9609 | Cost: 0.020394 | Acc: 86.11% (Best: 94.44% @ Ep926) | LR: 0.000300 | Rev: 2/99999
Epoch 9610 | Cost: 0.016994 | Acc: 86.11% (Best: 94.44% @ Ep926) | LR: 0.000300 | Rev: 0/99999
Epoch 9611 | Cost: 0.022914 | Acc: 86.11% (Best: 94.44% @ Ep926) | LR: 0.000300 | Rev: 1/99999
Epoch 9612 | Cost: 0.020526 | Acc: 88.89% (Best: 94.44% @ Ep926) | LR: 0.000300 | Rev: 0/99999
Epoch 9613 | Cost: 0.033992 | Acc: 88.89% (Best: 94.44% @ Ep926) | LR: 0.000300 | Rev: 1/99999
Epoch 9614 | Cost: 0.034061 | Acc: 88.89% (Best: 94.44% @ Ep926) | LR: 0.000300 | Rev: 2/99999
Epoch 9615 | Cost: 0.018103 | Acc: 88.89% (Best: 94.44% @ Ep926) | LR: 0.000300 | Rev: 0/99999
Epoch 9616 | Cost: 0.020529 | Acc: 88.89% (Best: 94.44% @ Ep926) | LR: 0.000300 | Rev: 1/99999
Epoch 9617 | Cost: 0.017734 | Acc: 88.89% (Best: 94.44% @ Ep926) | LR: 0.000300 | Rev: 0/99999
Epoch 9618 | Cost: 0.013126 | Acc: 86.11% (Best: 94.44% @ Ep926) | LR: 0.000300 | Rev: 0/99999
Epoch 9619 | Cost: 0.025159 | Acc: 88.89% (Best: 94.44% @ Ep926) | LR: 0.000300 | Rev: 1/99999
Epoch 9620 | Cost: 0.023347 | Acc: 86.11% (Best: 94.44% @ Ep926) | LR: 0.000300 | Rev: 0/99999
Epoch 9621 | Cost: 0.016357 | Acc: 86.11% (Best: 94.44% @ Ep926) | LR: 0.000300 | Rev: 0/99999
Epoch 9622 | Cost: 0.021687 | Acc: 86.11% (Best: 94.44% @ Ep926) | LR: 0.000300 | Rev: 1/99999
Epoch 9623 | Cost: 0.025099 | Acc: 88.89% (Best: 94.44% @ Ep926) | LR: 0.000300 | Rev: 2/99999
Epoch 9624 | Cost: 0.014910 | Acc: 86.11% (Best: 94.44% @ Ep926) | LR: 0.000300 | Rev: 0/99999
Epoch 9625 | Cost: 0.020865 | Acc: 86.11% (Best: 94.44% @ Ep926) | LR: 0.000300 | Rev: 1/99999
Epoch 9626 | Cost: 0.017941 | Acc: 88.89% (Best: 94.44% @ Ep926) | LR: 0.000300 | Rev: 0/99999
Epoch 9627 | Cost: 0.014613 | Acc: 86.11% (Best: 94.44% @ Ep926) | LR: 0.000300 | Rev: 0/99999
Epoch 9628 | Cost: 0.016669 | Acc: 86.11% (Best: 94.44% @ Ep926) | LR: 0.000300 | Rev: 1/99999
Epoch 9629 | Cost: 0.018078 | Acc: 86.11% (Best: 94.44% @ Ep926) | LR: 0.000300 | Rev: 2/99999
Epoch 9630 | Cost: 0.018108 | Acc: 86.11% (Best: 94.44% @ Ep926) | LR: 0.000300 | Rev: 3/99999
Epoch 9631 | Cost: 0.015113 | Acc: 86.11% (Best: 94.44% @ Ep926) | LR: 0.000300 | Rev: 0/99999
Epoch 9632 | Cost: 0.025444 | Acc: 86.11% (Best: 94.44% @ Ep926) | LR: 0.000300 | Rev: 1/99999
Epoch 9633 | Cost: 0.014480 | Acc: 88.89% (Best: 94.44% @ Ep926) | LR: 0.000300 | Rev: 0/99999
Epoch 9634 | Cost: 0.024989 | Acc: 88.89% (Best: 94.44% @ Ep926) | LR: 0.000300 | Rev: 1/99999
Epoch 9635 | Cost: 0.015969 | Acc: 88.89% (Best: 94.44% @ Ep926) | LR: 0.000300 | Rev: 0/99999
Epoch 9636 | Cost: 0.012501 | Acc: 88.89% (Best: 94.44% @ Ep926) | LR: 0.000300 | Rev: 0/99999
Epoch 9637 | Cost: 0.017675 | Acc: 86.11% (Best: 94.44% @ Ep926) | LR: 0.000300 | Rev: 1/99999
Epoch 9638 | Cost: 0.012658 | Acc: 86.11% (Best: 94.44% @ Ep926) | LR: 0.000300 | Rev: 0/99999
Epoch 9639 | Cost: 0.011108 | Acc: 86.11% (Best: 94.44% @ Ep926) | LR: 0.000300 | Rev: 0/99999
Epoch 9640 | Cost: 0.018321 | Acc: 86.11% (Best: 94.44% @ Ep926) | LR: 0.000300 | Rev: 1/99999
Epoch 9641 | Cost: 0.018598 | Acc: 86.11% (Best: 94.44% @ Ep926) | LR: 0.000300 | Rev: 2/99999
Epoch 9642 | Cost: 0.024759 | Acc: 86.11% (Best: 94.44% @ Ep926) | LR: 0.000300 | Rev: 3/99999
Epoch 9643 | Cost: 0.016498 | Acc: 86.11% (Best: 94.44% @ Ep926) | LR: 0.000300 | Rev: 0/99999
Epoch 9644 | Cost: 0.024000 | Acc: 86.11% (Best: 94.44% @ Ep926) | LR: 0.000300 | Rev: 1/99999
Epoch 9645 | Cost: 0.017212 | Acc: 86.11% (Best: 94.44% @ Ep926) | LR: 0.000300 | Rev: 0/99999
Epoch 9646 | Cost: 0.022316 | Acc: 88.89% (Best: 94.44% @ Ep926) | LR: 0.000300 | Rev: 1/99999
Epoch 9647 | Cost: 0.018974 | Acc: 88.89% (Best: 94.44% @ Ep926) | LR: 0.000300 | Rev: 0/99999
Epoch 9648 | Cost: 0.031849 | Acc: 88.89% (Best: 94.44% @ Ep926) | LR: 0.000300 | Rev: 1/99999
Epoch 9649 | Cost: 0.015808 | Acc: 88.89% (Best: 94.44% @ Ep926) | LR: 0.000300 | Rev: 0/99999
Epoch 9650 | Cost: 0.019520 | Acc: 88.89% (Best: 94.44% @ Ep926) | LR: 0.000300 | Rev: 1/99999
Epoch 9651 | Cost: 0.034922 | Acc: 86.11% (Best: 94.44% @ Ep926) | LR: 0.000300 | Rev: 2/99999
Epoch 9652 | Cost: 0.014740 | Acc: 86.11% (Best: 94.44% @ Ep926) | LR: 0.000300 | Rev: 0/99999
Epoch 9653 | Cost: 0.023132 | Acc: 86.11% (Best: 94.44% @ Ep926) | LR: 0.000300 | Rev: 1/99999
Epoch 9654 | Cost: 0.016906 | Acc: 88.89% (Best: 94.44% @ Ep926) | LR: 0.000300 | Rev: 0/99999
Epoch 9655 | Cost: 0.018221 | Acc: 88.89% (Best: 94.44% @ Ep926) | LR: 0.000300 | Rev: 1/99999
Epoch 9656 | Cost: 0.028895 | Acc: 86.11% (Best: 94.44% @ Ep926) | LR: 0.000300 | Rev: 2/99999
Epoch 9657 | Cost: 0.042158 | Acc: 86.11% (Best: 94.44% @ Ep926) | LR: 0.000300 | Rev: 3/99999
Epoch 9658 | Cost: 0.025111 | Acc: 88.89% (Best: 94.44% @ Ep926) | LR: 0.000300 | Rev: 0/99999
Epoch 9659 | Cost: 0.030049 | Acc: 88.89% (Best: 94.44% @ Ep926) | LR: 0.000300 | Rev: 1/99999
Epoch 9660 | Cost: 0.017143 | Acc: 88.89% (Best: 94.44% @ Ep926) | LR: 0.000300 | Rev: 0/99999
Epoch 9661 | Cost: 0.025377 | Acc: 88.89% (Best: 94.44% @ Ep926) | LR: 0.000300 | Rev: 1/99999
Epoch 9662 | Cost: 0.015997 | Acc: 88.89% (Best: 94.44% @ Ep926) | LR: 0.000300 | Rev: 0/99999
Epoch 9663 | Cost: 0.023226 | Acc: 88.89% (Best: 94.44% @ Ep926) | LR: 0.000300 | Rev: 1/99999
Epoch 9664 | Cost: 0.027745 | Acc: 88.89% (Best: 94.44% @ Ep926) | LR: 0.000300 | Rev: 2/99999
Epoch 9665 | Cost: 0.020196 | Acc: 88.89% (Best: 94.44% @ Ep926) | LR: 0.000300 | Rev: 0/99999
Epoch 9666 | Cost: 0.038982 | Acc: 88.89% (Best: 94.44% @ Ep926) | LR: 0.000300 | Rev: 1/99999
Epoch 9667 | Cost: 0.024650 | Acc: 88.89% (Best: 94.44% @ Ep926) | LR: 0.000300 | Rev: 0/99999
Epoch 9668 | Cost: 0.020564 | Acc: 88.89% (Best: 94.44% @ Ep926) | LR: 0.000300 | Rev: 0/99999
Epoch 9669 | Cost: 0.015711 | Acc: 88.89% (Best: 94.44% @ Ep926) | LR: 0.000300 | Rev: 0/99999
Epoch 9670 | Cost: 0.020100 | Acc: 88.89% (Best: 94.44% @ Ep926) | LR: 0.000300 | Rev: 1/99999
Epoch 9671 | Cost: 0.030533 | Acc: 88.89% (Best: 94.44% @ Ep926) | LR: 0.000300 | Rev: 2/99999
Epoch 9672 | Cost: 0.019840 | Acc: 88.89% (Best: 94.44% @ Ep926) | LR: 0.000300 | Rev: 0/99999
Epoch 9673 | Cost: 0.025893 | Acc: 88.89% (Best: 94.44% @ Ep926) | LR: 0.000300 | Rev: 1/99999
Epoch 9674 | Cost: 0.032857 | Acc: 88.89% (Best: 94.44% @ Ep926) | LR: 0.000300 | Rev: 2/99999
Epoch 9675 | Cost: 0.022476 | Acc: 88.89% (Best: 94.44% @ Ep926) | LR: 0.000300 | Rev: 0/99999
Epoch 9676 | Cost: 0.024221 | Acc: 88.89% (Best: 94.44% @ Ep926) | LR: 0.000300 | Rev: 1/99999
Epoch 9677 | Cost: 0.029641 | Acc: 88.89% (Best: 94.44% @ Ep926) | LR: 0.000300 | Rev: 2/99999
Epoch 9678 | Cost: 0.016739 | Acc: 88.89% (Best: 94.44% @ Ep926) | LR: 0.000300 | Rev: 0/99999
Epoch 9679 | Cost: 0.022360 | Acc: 88.89% (Best: 94.44% @ Ep926) | LR: 0.000300 | Rev: 1/99999
Epoch 9680 | Cost: 0.018478 | Acc: 88.89% (Best: 94.44% @ Ep926) | LR: 0.000300 | Rev: 0/99999
Epoch 9681 | Cost: 0.023676 | Acc: 88.89% (Best: 94.44% @ Ep926) | LR: 0.000300 | Rev: 1/99999
Epoch 9682 | Cost: 0.018940 | Acc: 88.89% (Best: 94.44% @ Ep926) | LR: 0.000300 | Rev: 0/99999
Epoch 9683 | Cost: 0.011133 | Acc: 88.89% (Best: 94.44% @ Ep926) | LR: 0.000300 | Rev: 0/99999
Epoch 9684 | Cost: 0.024954 | Acc: 88.89% (Best: 94.44% @ Ep926) | LR: 0.000300 | Rev: 1/99999
Epoch 9685 | Cost: 0.028498 | Acc: 88.89% (Best: 94.44% @ Ep926) | LR: 0.000300 | Rev: 2/99999
Epoch 9686 | Cost: 0.015591 | Acc: 88.89% (Best: 94.44% @ Ep926) | LR: 0.000300 | Rev: 0/99999
Epoch 9687 | Cost: 0.018355 | Acc: 88.89% (Best: 94.44% @ Ep926) | LR: 0.000300 | Rev: 1/99999
Epoch 9688 | Cost: 0.012274 | Acc: 88.89% (Best: 94.44% @ Ep926) | LR: 0.000300 | Rev: 0/99999
Epoch 9689 | Cost: 0.027019 | Acc: 88.89% (Best: 94.44% @ Ep926) | LR: 0.000300 | Rev: 1/99999
Epoch 9690 | Cost: 0.027330 | Acc: 88.89% (Best: 94.44% @ Ep926) | LR: 0.000300 | Rev: 2/99999
Epoch 9691 | Cost: 0.016423 | Acc: 88.89% (Best: 94.44% @ Ep926) | LR: 0.000300 | Rev: 0/99999
Epoch 9692 | Cost: 0.026807 | Acc: 88.89% (Best: 94.44% @ Ep926) | LR: 0.000300 | Rev: 1/99999
Epoch 9693 | Cost: 0.015904 | Acc: 86.11% (Best: 94.44% @ Ep926) | LR: 0.000300 | Rev: 0/99999
Epoch 9694 | Cost: 0.023757 | Acc: 88.89% (Best: 94.44% @ Ep926) | LR: 0.000300 | Rev: 1/99999
Epoch 9695 | Cost: 0.020977 | Acc: 88.89% (Best: 94.44% @ Ep926) | LR: 0.000300 | Rev: 0/99999
Epoch 9696 | Cost: 0.013512 | Acc: 88.89% (Best: 94.44% @ Ep926) | LR: 0.000300 | Rev: 0/99999
Epoch 9697 | Cost: 0.025194 | Acc: 88.89% (Best: 94.44% @ Ep926) | LR: 0.000300 | Rev: 1/99999
Epoch 9698 | Cost: 0.013759 | Acc: 88.89% (Best: 94.44% @ Ep926) | LR: 0.000300 | Rev: 0/99999
Epoch 9699 | Cost: 0.016649 | Acc: 88.89% (Best: 94.44% @ Ep926) | LR: 0.000300 | Rev: 1/99999
Epoch 9700 | Cost: 0.020210 | Acc: 88.89% (Best: 94.44% @ Ep926) | LR: 0.000300 | Rev: 2/99999
Epoch 9701 | Cost: 0.018880 | Acc: 88.89% (Best: 94.44% @ Ep926) | LR: 0.000300 | Rev: 0/99999
Epoch 9702 | Cost: 0.021836 | Acc: 88.89% (Best: 94.44% @ Ep926) | LR: 0.000300 | Rev: 1/99999
Epoch 9703 | Cost: 0.030796 | Acc: 88.89% (Best: 94.44% @ Ep926) | LR: 0.000300 | Rev: 2/99999
Epoch 9704 | Cost: 0.026011 | Acc: 88.89% (Best: 94.44% @ Ep926) | LR: 0.000300 | Rev: 0/99999
Epoch 9705 | Cost: 0.013133 | Acc: 88.89% (Best: 94.44% @ Ep926) | LR: 0.000300 | Rev: 0/99999
Epoch 9706 | Cost: 0.022833 | Acc: 88.89% (Best: 94.44% @ Ep926) | LR: 0.000300 | Rev: 1/99999
Epoch 9707 | Cost: 0.019842 | Acc: 88.89% (Best: 94.44% @ Ep926) | LR: 0.000300 | Rev: 0/99999
Epoch 9708 | Cost: 0.020449 | Acc: 88.89% (Best: 94.44% @ Ep926) | LR: 0.000300 | Rev: 1/99999
Epoch 9709 | Cost: 0.031252 | Acc: 88.89% (Best: 94.44% @ Ep926) | LR: 0.000300 | Rev: 2/99999
Epoch 9710 | Cost: 0.012604 | Acc: 88.89% (Best: 94.44% @ Ep926) | LR: 0.000300 | Rev: 0/99999
Epoch 9711 | Cost: 0.025111 | Acc: 88.89% (Best: 94.44% @ Ep926) | LR: 0.000300 | Rev: 1/99999
Epoch 9712 | Cost: 0.038446 | Acc: 88.89% (Best: 94.44% @ Ep926) | LR: 0.000300 | Rev: 2/99999
Epoch 9713 | Cost: 0.030224 | Acc: 88.89% (Best: 94.44% @ Ep926) | LR: 0.000300 | Rev: 0/99999
Epoch 9714 | Cost: 0.013845 | Acc: 88.89% (Best: 94.44% @ Ep926) | LR: 0.000300 | Rev: 0/99999
Epoch 9715 | Cost: 0.019614 | Acc: 88.89% (Best: 94.44% @ Ep926) | LR: 0.000300 | Rev: 1/99999
Epoch 9716 | Cost: 0.029203 | Acc: 88.89% (Best: 94.44% @ Ep926) | LR: 0.000300 | Rev: 2/99999
Epoch 9717 | Cost: 0.015019 | Acc: 88.89% (Best: 94.44% @ Ep926) | LR: 0.000300 | Rev: 0/99999
Epoch 9718 | Cost: 0.017896 | Acc: 88.89% (Best: 94.44% @ Ep926) | LR: 0.000300 | Rev: 1/99999
Epoch 9719 | Cost: 0.025007 | Acc: 88.89% (Best: 94.44% @ Ep926) | LR: 0.000300 | Rev: 2/99999
Epoch 9720 | Cost: 0.024705 | Acc: 88.89% (Best: 94.44% @ Ep926) | LR: 0.000300 | Rev: 0/99999
Epoch 9721 | Cost: 0.023827 | Acc: 88.89% (Best: 94.44% @ Ep926) | LR: 0.000300 | Rev: 0/99999
Epoch 9722 | Cost: 0.018407 | Acc: 88.89% (Best: 94.44% @ Ep926) | LR: 0.000300 | Rev: 0/99999
Epoch 9723 | Cost: 0.031069 | Acc: 88.89% (Best: 94.44% @ Ep926) | LR: 0.000300 | Rev: 1/99999
Epoch 9724 | Cost: 0.016738 | Acc: 88.89% (Best: 94.44% @ Ep926) | LR: 0.000300 | Rev: 0/99999
Epoch 9725 | Cost: 0.034131 | Acc: 88.89% (Best: 94.44% @ Ep926) | LR: 0.000300 | Rev: 1/99999
Epoch 9726 | Cost: 0.027791 | Acc: 88.89% (Best: 94.44% @ Ep926) | LR: 0.000300 | Rev: 0/99999
Epoch 9727 | Cost: 0.023171 | Acc: 88.89% (Best: 94.44% @ Ep926) | LR: 0.000300 | Rev: 0/99999
Epoch 9728 | Cost: 0.040156 | Acc: 88.89% (Best: 94.44% @ Ep926) | LR: 0.000300 | Rev: 1/99999
Epoch 9729 | Cost: 0.021652 | Acc: 88.89% (Best: 94.44% @ Ep926) | LR: 0.000300 | Rev: 0/99999
Epoch 9730 | Cost: 0.021920 | Acc: 88.89% (Best: 94.44% @ Ep926) | LR: 0.000300 | Rev: 1/99999
Epoch 9731 | Cost: 0.021382 | Acc: 88.89% (Best: 94.44% @ Ep926) | LR: 0.000300 | Rev: 0/99999
Epoch 9732 | Cost: 0.030521 | Acc: 88.89% (Best: 94.44% @ Ep926) | LR: 0.000300 | Rev: 1/99999
Epoch 9733 | Cost: 0.025978 | Acc: 88.89% (Best: 94.44% @ Ep926) | LR: 0.000300 | Rev: 0/99999
Epoch 9734 | Cost: 0.019085 | Acc: 88.89% (Best: 94.44% @ Ep926) | LR: 0.000300 | Rev: 0/99999
Epoch 9735 | Cost: 0.021811 | Acc: 88.89% (Best: 94.44% @ Ep926) | LR: 0.000300 | Rev: 1/99999
Epoch 9736 | Cost: 0.026524 | Acc: 88.89% (Best: 94.44% @ Ep926) | LR: 0.000300 | Rev: 2/99999
Epoch 9737 | Cost: 0.017225 | Acc: 88.89% (Best: 94.44% @ Ep926) | LR: 0.000300 | Rev: 0/99999
Epoch 9738 | Cost: 0.012840 | Acc: 88.89% (Best: 94.44% @ Ep926) | LR: 0.000300 | Rev: 0/99999
Epoch 9739 | Cost: 0.023869 | Acc: 88.89% (Best: 94.44% @ Ep926) | LR: 0.000300 | Rev: 1/99999
Epoch 9740 | Cost: 0.012310 | Acc: 88.89% (Best: 94.44% @ Ep926) | LR: 0.000300 | Rev: 0/99999
Epoch 9741 | Cost: 0.023706 | Acc: 88.89% (Best: 94.44% @ Ep926) | LR: 0.000300 | Rev: 1/99999
Epoch 9742 | Cost: 0.013307 | Acc: 86.11% (Best: 94.44% @ Ep926) | LR: 0.000300 | Rev: 0/99999
Epoch 9743 | Cost: 0.016222 | Acc: 86.11% (Best: 94.44% @ Ep926) | LR: 0.000300 | Rev: 1/99999
Epoch 9744 | Cost: 0.017192 | Acc: 88.89% (Best: 94.44% @ Ep926) | LR: 0.000300 | Rev: 2/99999
Epoch 9745 | Cost: 0.025764 | Acc: 88.89% (Best: 94.44% @ Ep926) | LR: 0.000300 | Rev: 3/99999
Epoch 9746 | Cost: 0.029334 | Acc: 88.89% (Best: 94.44% @ Ep926) | LR: 0.000300 | Rev: 4/99999
Epoch 9747 | Cost: 0.017824 | Acc: 88.89% (Best: 94.44% @ Ep926) | LR: 0.000300 | Rev: 0/99999
Epoch 9748 | Cost: 0.022576 | Acc: 88.89% (Best: 94.44% @ Ep926) | LR: 0.000300 | Rev: 1/99999
Epoch 9749 | Cost: 0.021573 | Acc: 88.89% (Best: 94.44% @ Ep926) | LR: 0.000300 | Rev: 0/99999
Epoch 9750 | Cost: 0.016141 | Acc: 88.89% (Best: 94.44% @ Ep926) | LR: 0.000300 | Rev: 0/99999
Epoch 9751 | Cost: 0.026549 | Acc: 88.89% (Best: 94.44% @ Ep926) | LR: 0.000300 | Rev: 1/99999
Epoch 9752 | Cost: 0.025341 | Acc: 88.89% (Best: 94.44% @ Ep926) | LR: 0.000300 | Rev: 0/99999
Epoch 9753 | Cost: 0.044014 | Acc: 88.89% (Best: 94.44% @ Ep926) | LR: 0.000300 | Rev: 1/99999
Epoch 9754 | Cost: 0.017386 | Acc: 88.89% (Best: 94.44% @ Ep926) | LR: 0.000300 | Rev: 0/99999
Epoch 9755 | Cost: 0.021997 | Acc: 88.89% (Best: 94.44% @ Ep926) | LR: 0.000300 | Rev: 1/99999
Epoch 9756 | Cost: 0.017231 | Acc: 88.89% (Best: 94.44% @ Ep926) | LR: 0.000300 | Rev: 0/99999
Epoch 9757 | Cost: 0.020024 | Acc: 86.11% (Best: 94.44% @ Ep926) | LR: 0.000300 | Rev: 1/99999
Epoch 9758 | Cost: 0.021702 | Acc: 86.11% (Best: 94.44% @ Ep926) | LR: 0.000300 | Rev: 2/99999
Epoch 9759 | Cost: 0.012182 | Acc: 86.11% (Best: 94.44% @ Ep926) | LR: 0.000300 | Rev: 0/99999
Epoch 9760 | Cost: 0.024295 | Acc: 86.11% (Best: 94.44% @ Ep926) | LR: 0.000300 | Rev: 1/99999
Epoch 9761 | Cost: 0.019649 | Acc: 88.89% (Best: 94.44% @ Ep926) | LR: 0.000300 | Rev: 0/99999
Epoch 9762 | Cost: 0.022612 | Acc: 88.89% (Best: 94.44% @ Ep926) | LR: 0.000300 | Rev: 1/99999
Epoch 9763 | Cost: 0.013469 | Acc: 86.11% (Best: 94.44% @ Ep926) | LR: 0.000300 | Rev: 0/99999
Epoch 9764 | Cost: 0.019208 | Acc: 86.11% (Best: 94.44% @ Ep926) | LR: 0.000300 | Rev: 1/99999
Epoch 9765 | Cost: 0.021439 | Acc: 86.11% (Best: 94.44% @ Ep926) | LR: 0.000300 | Rev: 2/99999
Epoch 9766 | Cost: 0.017210 | Acc: 88.89% (Best: 94.44% @ Ep926) | LR: 0.000300 | Rev: 0/99999
Epoch 9767 | Cost: 0.019509 | Acc: 88.89% (Best: 94.44% @ Ep926) | LR: 0.000300 | Rev: 1/99999
Epoch 9768 | Cost: 0.020182 | Acc: 88.89% (Best: 94.44% @ Ep926) | LR: 0.000300 | Rev: 2/99999
Epoch 9769 | Cost: 0.020454 | Acc: 88.89% (Best: 94.44% @ Ep926) | LR: 0.000300 | Rev: 3/99999
Epoch 9770 | Cost: 0.017125 | Acc: 88.89% (Best: 94.44% @ Ep926) | LR: 0.000300 | Rev: 0/99999
Epoch 9771 | Cost: 0.021000 | Acc: 88.89% (Best: 94.44% @ Ep926) | LR: 0.000300 | Rev: 1/99999
Epoch 9772 | Cost: 0.028596 | Acc: 88.89% (Best: 94.44% @ Ep926) | LR: 0.000300 | Rev: 2/99999
Epoch 9773 | Cost: 0.011480 | Acc: 88.89% (Best: 94.44% @ Ep926) | LR: 0.000300 | Rev: 0/99999
Epoch 9774 | Cost: 0.014719 | Acc: 88.89% (Best: 94.44% @ Ep926) | LR: 0.000300 | Rev: 1/99999
Epoch 9775 | Cost: 0.015292 | Acc: 88.89% (Best: 94.44% @ Ep926) | LR: 0.000300 | Rev: 2/99999
Epoch 9776 | Cost: 0.018018 | Acc: 88.89% (Best: 94.44% @ Ep926) | LR: 0.000300 | Rev: 3/99999
Epoch 9777 | Cost: 0.022770 | Acc: 88.89% (Best: 94.44% @ Ep926) | LR: 0.000300 | Rev: 4/99999
Epoch 9778 | Cost: 0.027263 | Acc: 88.89% (Best: 94.44% @ Ep926) | LR: 0.000300 | Rev: 5/99999
Epoch 9779 | Cost: 0.020759 | Acc: 86.11% (Best: 94.44% @ Ep926) | LR: 0.000300 | Rev: 0/99999
Epoch 9780 | Cost: 0.028462 | Acc: 86.11% (Best: 94.44% @ Ep926) | LR: 0.000300 | Rev: 1/99999
Epoch 9781 | Cost: 0.019745 | Acc: 86.11% (Best: 94.44% @ Ep926) | LR: 0.000300 | Rev: 0/99999
Epoch 9782 | Cost: 0.021574 | Acc: 86.11% (Best: 94.44% @ Ep926) | LR: 0.000300 | Rev: 1/99999
Epoch 9783 | Cost: 0.026099 | Acc: 86.11% (Best: 94.44% @ Ep926) | LR: 0.000300 | Rev: 2/99999
Epoch 9784 | Cost: 0.010259 | Acc: 86.11% (Best: 94.44% @ Ep926) | LR: 0.000300 | Rev: 0/99999
Epoch 9785 | Cost: 0.039745 | Acc: 86.11% (Best: 94.44% @ Ep926) | LR: 0.000300 | Rev: 1/99999
Epoch 9786 | Cost: 0.015476 | Acc: 86.11% (Best: 94.44% @ Ep926) | LR: 0.000300 | Rev: 0/99999
Epoch 9787 | Cost: 0.028153 | Acc: 86.11% (Best: 94.44% @ Ep926) | LR: 0.000300 | Rev: 1/99999
Epoch 9788 | Cost: 0.022664 | Acc: 86.11% (Best: 94.44% @ Ep926) | LR: 0.000300 | Rev: 0/99999
Epoch 9789 | Cost: 0.025929 | Acc: 88.89% (Best: 94.44% @ Ep926) | LR: 0.000300 | Rev: 1/99999
Epoch 9790 | Cost: 0.023300 | Acc: 88.89% (Best: 94.44% @ Ep926) | LR: 0.000300 | Rev: 0/99999
Epoch 9791 | Cost: 0.015860 | Acc: 88.89% (Best: 94.44% @ Ep926) | LR: 0.000300 | Rev: 0/99999
Epoch 9792 | Cost: 0.023421 | Acc: 86.11% (Best: 94.44% @ Ep926) | LR: 0.000300 | Rev: 1/99999
Epoch 9793 | Cost: 0.026041 | Acc: 86.11% (Best: 94.44% @ Ep926) | LR: 0.000300 | Rev: 2/99999
Epoch 9794 | Cost: 0.010582 | Acc: 86.11% (Best: 94.44% @ Ep926) | LR: 0.000300 | Rev: 0/99999
Epoch 9795 | Cost: 0.014226 | Acc: 86.11% (Best: 94.44% @ Ep926) | LR: 0.000300 | Rev: 1/99999
Epoch 9796 | Cost: 0.015921 | Acc: 86.11% (Best: 94.44% @ Ep926) | LR: 0.000300 | Rev: 2/99999
Epoch 9797 | Cost: 0.017028 | Acc: 86.11% (Best: 94.44% @ Ep926) | LR: 0.000300 | Rev: 3/99999
Epoch 9798 | Cost: 0.012291 | Acc: 86.11% (Best: 94.44% @ Ep926) | LR: 0.000300 | Rev: 0/99999
Epoch 9799 | Cost: 0.030784 | Acc: 86.11% (Best: 94.44% @ Ep926) | LR: 0.000300 | Rev: 1/99999
Epoch 9800 | Cost: 0.027422 | Acc: 86.11% (Best: 94.44% @ Ep926) | LR: 0.000300 | Rev: 0/99999
Epoch 9801 | Cost: 0.011122 | Acc: 86.11% (Best: 94.44% @ Ep926) | LR: 0.000300 | Rev: 0/99999
Epoch 9802 | Cost: 0.016962 | Acc: 86.11% (Best: 94.44% @ Ep926) | LR: 0.000300 | Rev: 1/99999
Epoch 9803 | Cost: 0.031754 | Acc: 86.11% (Best: 94.44% @ Ep926) | LR: 0.000300 | Rev: 2/99999
Epoch 9804 | Cost: 0.027564 | Acc: 86.11% (Best: 94.44% @ Ep926) | LR: 0.000300 | Rev: 0/99999
Epoch 9805 | Cost: 0.018604 | Acc: 86.11% (Best: 94.44% @ Ep926) | LR: 0.000300 | Rev: 0/99999
Epoch 9806 | Cost: 0.027724 | Acc: 86.11% (Best: 94.44% @ Ep926) | LR: 0.000300 | Rev: 1/99999
Epoch 9807 | Cost: 0.027150 | Acc: 88.89% (Best: 94.44% @ Ep926) | LR: 0.000300 | Rev: 0/99999
Epoch 9808 | Cost: 0.015395 | Acc: 88.89% (Best: 94.44% @ Ep926) | LR: 0.000300 | Rev: 0/99999
Epoch 9809 | Cost: 0.021612 | Acc: 88.89% (Best: 94.44% @ Ep926) | LR: 0.000300 | Rev: 1/99999
Epoch 9810 | Cost: 0.020024 | Acc: 88.89% (Best: 94.44% @ Ep926) | LR: 0.000300 | Rev: 0/99999
Epoch 9811 | Cost: 0.010932 | Acc: 88.89% (Best: 94.44% @ Ep926) | LR: 0.000300 | Rev: 0/99999
Epoch 9812 | Cost: 0.022979 | Acc: 88.89% (Best: 94.44% @ Ep926) | LR: 0.000300 | Rev: 1/99999
Epoch 9813 | Cost: 0.027912 | Acc: 88.89% (Best: 94.44% @ Ep926) | LR: 0.000300 | Rev: 2/99999
Epoch 9814 | Cost: 0.015167 | Acc: 88.89% (Best: 94.44% @ Ep926) | LR: 0.000300 | Rev: 0/99999
Epoch 9815 | Cost: 0.030831 | Acc: 88.89% (Best: 94.44% @ Ep926) | LR: 0.000300 | Rev: 1/99999
Epoch 9816 | Cost: 0.032300 | Acc: 88.89% (Best: 94.44% @ Ep926) | LR: 0.000300 | Rev: 2/99999
Epoch 9817 | Cost: 0.034514 | Acc: 86.11% (Best: 94.44% @ Ep926) | LR: 0.000300 | Rev: 3/99999
Epoch 9818 | Cost: 0.024871 | Acc: 86.11% (Best: 94.44% @ Ep926) | LR: 0.000300 | Rev: 0/99999
Epoch 9819 | Cost: 0.017816 | Acc: 88.89% (Best: 94.44% @ Ep926) | LR: 0.000300 | Rev: 0/99999
Epoch 9820 | Cost: 0.022400 | Acc: 88.89% (Best: 94.44% @ Ep926) | LR: 0.000300 | Rev: 1/99999
Epoch 9821 | Cost: 0.033378 | Acc: 86.11% (Best: 94.44% @ Ep926) | LR: 0.000300 | Rev: 2/99999
Epoch 9822 | Cost: 0.013085 | Acc: 86.11% (Best: 94.44% @ Ep926) | LR: 0.000300 | Rev: 0/99999
Epoch 9823 | Cost: 0.044731 | Acc: 86.11% (Best: 94.44% @ Ep926) | LR: 0.000300 | Rev: 1/99999
Epoch 9824 | Cost: 0.021971 | Acc: 88.89% (Best: 94.44% @ Ep926) | LR: 0.000300 | Rev: 0/99999
Epoch 9825 | Cost: 0.024108 | Acc: 88.89% (Best: 94.44% @ Ep926) | LR: 0.000300 | Rev: 1/99999
Epoch 9826 | Cost: 0.014560 | Acc: 88.89% (Best: 94.44% @ Ep926) | LR: 0.000300 | Rev: 0/99999
Epoch 9827 | Cost: 0.024637 | Acc: 88.89% (Best: 94.44% @ Ep926) | LR: 0.000300 | Rev: 1/99999
Epoch 9828 | Cost: 0.018014 | Acc: 88.89% (Best: 94.44% @ Ep926) | LR: 0.000300 | Rev: 0/99999
Epoch 9829 | Cost: 0.016491 | Acc: 86.11% (Best: 94.44% @ Ep926) | LR: 0.000300 | Rev: 0/99999
Epoch 9830 | Cost: 0.019641 | Acc: 86.11% (Best: 94.44% @ Ep926) | LR: 0.000300 | Rev: 1/99999
Epoch 9831 | Cost: 0.019501 | Acc: 86.11% (Best: 94.44% @ Ep926) | LR: 0.000300 | Rev: 0/99999
Epoch 9832 | Cost: 0.018188 | Acc: 86.11% (Best: 94.44% @ Ep926) | LR: 0.000300 | Rev: 0/99999
Epoch 9833 | Cost: 0.007809 | Acc: 86.11% (Best: 94.44% @ Ep926) | LR: 0.000300 | Rev: 0/99999
Epoch 9834 | Cost: 0.016593 | Acc: 86.11% (Best: 94.44% @ Ep926) | LR: 0.000300 | Rev: 1/99999
Epoch 9835 | Cost: 0.022944 | Acc: 86.11% (Best: 94.44% @ Ep926) | LR: 0.000300 | Rev: 2/99999
Epoch 9836 | Cost: 0.021210 | Acc: 88.89% (Best: 94.44% @ Ep926) | LR: 0.000300 | Rev: 0/99999
Epoch 9837 | Cost: 0.019006 | Acc: 88.89% (Best: 94.44% @ Ep926) | LR: 0.000300 | Rev: 0/99999
Epoch 9838 | Cost: 0.034484 | Acc: 88.89% (Best: 94.44% @ Ep926) | LR: 0.000300 | Rev: 1/99999
Epoch 9839 | Cost: 0.018668 | Acc: 88.89% (Best: 94.44% @ Ep926) | LR: 0.000300 | Rev: 0/99999
Epoch 9840 | Cost: 0.016473 | Acc: 88.89% (Best: 94.44% @ Ep926) | LR: 0.000300 | Rev: 0/99999
Epoch 9841 | Cost: 0.012728 | Acc: 88.89% (Best: 94.44% @ Ep926) | LR: 0.000300 | Rev: 0/99999
Epoch 9842 | Cost: 0.015315 | Acc: 88.89% (Best: 94.44% @ Ep926) | LR: 0.000300 | Rev: 1/99999
Epoch 9843 | Cost: 0.038303 | Acc: 88.89% (Best: 94.44% @ Ep926) | LR: 0.000300 | Rev: 2/99999
Epoch 9844 | Cost: 0.021722 | Acc: 88.89% (Best: 94.44% @ Ep926) | LR: 0.000300 | Rev: 0/99999
Epoch 9845 | Cost: 0.011716 | Acc: 88.89% (Best: 94.44% @ Ep926) | LR: 0.000300 | Rev: 0/99999
Epoch 9846 | Cost: 0.036691 | Acc: 88.89% (Best: 94.44% @ Ep926) | LR: 0.000300 | Rev: 1/99999
Epoch 9847 | Cost: 0.018176 | Acc: 88.89% (Best: 94.44% @ Ep926) | LR: 0.000300 | Rev: 0/99999
Epoch 9848 | Cost: 0.023883 | Acc: 88.89% (Best: 94.44% @ Ep926) | LR: 0.000300 | Rev: 1/99999
Epoch 9849 | Cost: 0.014025 | Acc: 88.89% (Best: 94.44% @ Ep926) | LR: 0.000300 | Rev: 0/99999
Epoch 9850 | Cost: 0.012914 | Acc: 88.89% (Best: 94.44% @ Ep926) | LR: 0.000300 | Rev: 0/99999
Epoch 9851 | Cost: 0.016471 | Acc: 88.89% (Best: 94.44% @ Ep926) | LR: 0.000300 | Rev: 1/99999
Epoch 9852 | Cost: 0.011887 | Acc: 88.89% (Best: 94.44% @ Ep926) | LR: 0.000300 | Rev: 0/99999
Epoch 9853 | Cost: 0.034816 | Acc: 86.11% (Best: 94.44% @ Ep926) | LR: 0.000300 | Rev: 1/99999
Epoch 9854 | Cost: 0.026516 | Acc: 86.11% (Best: 94.44% @ Ep926) | LR: 0.000300 | Rev: 0/99999
Epoch 9855 | Cost: 0.022801 | Acc: 88.89% (Best: 94.44% @ Ep926) | LR: 0.000300 | Rev: 0/99999
Epoch 9856 | Cost: 0.026704 | Acc: 86.11% (Best: 94.44% @ Ep926) | LR: 0.000300 | Rev: 1/99999
Epoch 9857 | Cost: 0.023120 | Acc: 86.11% (Best: 94.44% @ Ep926) | LR: 0.000300 | Rev: 0/99999
Epoch 9858 | Cost: 0.018745 | Acc: 88.89% (Best: 94.44% @ Ep926) | LR: 0.000300 | Rev: 0/99999
Epoch 9859 | Cost: 0.024204 | Acc: 88.89% (Best: 94.44% @ Ep926) | LR: 0.000300 | Rev: 1/99999
Epoch 9860 | Cost: 0.020705 | Acc: 88.89% (Best: 94.44% @ Ep926) | LR: 0.000300 | Rev: 0/99999
Epoch 9861 | Cost: 0.027694 | Acc: 88.89% (Best: 94.44% @ Ep926) | LR: 0.000300 | Rev: 1/99999
Epoch 9862 | Cost: 0.042425 | Acc: 88.89% (Best: 94.44% @ Ep926) | LR: 0.000300 | Rev: 2/99999
Epoch 9863 | Cost: 0.017287 | Acc: 88.89% (Best: 94.44% @ Ep926) | LR: 0.000300 | Rev: 0/99999
Epoch 9864 | Cost: 0.019921 | Acc: 88.89% (Best: 94.44% @ Ep926) | LR: 0.000300 | Rev: 1/99999
Epoch 9865 | Cost: 0.028309 | Acc: 86.11% (Best: 94.44% @ Ep926) | LR: 0.000300 | Rev: 2/99999
Epoch 9866 | Cost: 0.030479 | Acc: 88.89% (Best: 94.44% @ Ep926) | LR: 0.000300 | Rev: 3/99999
Epoch 9867 | Cost: 0.040134 | Acc: 88.89% (Best: 94.44% @ Ep926) | LR: 0.000300 | Rev: 4/99999
Epoch 9868 | Cost: 0.025743 | Acc: 88.89% (Best: 94.44% @ Ep926) | LR: 0.000300 | Rev: 0/99999
Epoch 9869 | Cost: 0.013219 | Acc: 88.89% (Best: 94.44% @ Ep926) | LR: 0.000300 | Rev: 0/99999
Epoch 9870 | Cost: 0.012021 | Acc: 88.89% (Best: 94.44% @ Ep926) | LR: 0.000300 | Rev: 0/99999
Epoch 9871 | Cost: 0.023975 | Acc: 88.89% (Best: 94.44% @ Ep926) | LR: 0.000300 | Rev: 1/99999
Epoch 9872 | Cost: 0.028857 | Acc: 88.89% (Best: 94.44% @ Ep926) | LR: 0.000300 | Rev: 2/99999
Epoch 9873 | Cost: 0.022287 | Acc: 88.89% (Best: 94.44% @ Ep926) | LR: 0.000300 | Rev: 0/99999
Epoch 9874 | Cost: 0.018158 | Acc: 88.89% (Best: 94.44% @ Ep926) | LR: 0.000300 | Rev: 0/99999
Epoch 9875 | Cost: 0.024506 | Acc: 88.89% (Best: 94.44% @ Ep926) | LR: 0.000300 | Rev: 1/99999
Epoch 9876 | Cost: 0.031716 | Acc: 88.89% (Best: 94.44% @ Ep926) | LR: 0.000300 | Rev: 2/99999
Epoch 9877 | Cost: 0.017875 | Acc: 88.89% (Best: 94.44% @ Ep926) | LR: 0.000300 | Rev: 0/99999
Epoch 9878 | Cost: 0.014854 | Acc: 88.89% (Best: 94.44% @ Ep926) | LR: 0.000300 | Rev: 0/99999
Epoch 9879 | Cost: 0.020465 | Acc: 86.11% (Best: 94.44% @ Ep926) | LR: 0.000300 | Rev: 1/99999
Epoch 9880 | Cost: 0.026745 | Acc: 86.11% (Best: 94.44% @ Ep926) | LR: 0.000300 | Rev: 2/99999
Epoch 9881 | Cost: 0.015450 | Acc: 88.89% (Best: 94.44% @ Ep926) | LR: 0.000300 | Rev: 0/99999
Epoch 9882 | Cost: 0.022670 | Acc: 88.89% (Best: 94.44% @ Ep926) | LR: 0.000300 | Rev: 1/99999
Epoch 9883 | Cost: 0.015437 | Acc: 88.89% (Best: 94.44% @ Ep926) | LR: 0.000300 | Rev: 0/99999
Epoch 9884 | Cost: 0.012599 | Acc: 86.11% (Best: 94.44% @ Ep926) | LR: 0.000300 | Rev: 0/99999
Epoch 9885 | Cost: 0.019666 | Acc: 86.11% (Best: 94.44% @ Ep926) | LR: 0.000300 | Rev: 1/99999
Epoch 9886 | Cost: 0.028792 | Acc: 86.11% (Best: 94.44% @ Ep926) | LR: 0.000300 | Rev: 2/99999
Epoch 9887 | Cost: 0.019129 | Acc: 86.11% (Best: 94.44% @ Ep926) | LR: 0.000300 | Rev: 0/99999
Epoch 9888 | Cost: 0.023725 | Acc: 86.11% (Best: 94.44% @ Ep926) | LR: 0.000300 | Rev: 1/99999
Epoch 9889 | Cost: 0.013947 | Acc: 86.11% (Best: 94.44% @ Ep926) | LR: 0.000300 | Rev: 0/99999
Epoch 9890 | Cost: 0.022696 | Acc: 86.11% (Best: 94.44% @ Ep926) | LR: 0.000300 | Rev: 1/99999
Epoch 9891 | Cost: 0.014408 | Acc: 86.11% (Best: 94.44% @ Ep926) | LR: 0.000300 | Rev: 0/99999
Epoch 9892 | Cost: 0.024652 | Acc: 86.11% (Best: 94.44% @ Ep926) | LR: 0.000300 | Rev: 1/99999
Epoch 9893 | Cost: 0.015630 | Acc: 88.89% (Best: 94.44% @ Ep926) | LR: 0.000300 | Rev: 0/99999
Epoch 9894 | Cost: 0.018027 | Acc: 88.89% (Best: 94.44% @ Ep926) | LR: 0.000300 | Rev: 1/99999
Epoch 9895 | Cost: 0.017226 | Acc: 86.11% (Best: 94.44% @ Ep926) | LR: 0.000300 | Rev: 0/99999
Epoch 9896 | Cost: 0.021141 | Acc: 86.11% (Best: 94.44% @ Ep926) | LR: 0.000300 | Rev: 1/99999
Epoch 9897 | Cost: 0.014421 | Acc: 86.11% (Best: 94.44% @ Ep926) | LR: 0.000300 | Rev: 0/99999
Epoch 9898 | Cost: 0.029330 | Acc: 86.11% (Best: 94.44% @ Ep926) | LR: 0.000300 | Rev: 1/99999
Epoch 9899 | Cost: 0.015404 | Acc: 88.89% (Best: 94.44% @ Ep926) | LR: 0.000300 | Rev: 0/99999
Epoch 9900 | Cost: 0.030530 | Acc: 88.89% (Best: 94.44% @ Ep926) | LR: 0.000300 | Rev: 1/99999
Epoch 9901 | Cost: 0.022314 | Acc: 88.89% (Best: 94.44% @ Ep926) | LR: 0.000300 | Rev: 0/99999
Epoch 9902 | Cost: 0.021989 | Acc: 88.89% (Best: 94.44% @ Ep926) | LR: 0.000300 | Rev: 0/99999
Epoch 9903 | Cost: 0.018973 | Acc: 88.89% (Best: 94.44% @ Ep926) | LR: 0.000300 | Rev: 0/99999
Epoch 9904 | Cost: 0.017546 | Acc: 88.89% (Best: 94.44% @ Ep926) | LR: 0.000300 | Rev: 0/99999
Epoch 9905 | Cost: 0.016008 | Acc: 88.89% (Best: 94.44% @ Ep926) | LR: 0.000300 | Rev: 0/99999
Epoch 9906 | Cost: 0.015818 | Acc: 88.89% (Best: 94.44% @ Ep926) | LR: 0.000300 | Rev: 0/99999
Epoch 9907 | Cost: 0.027877 | Acc: 88.89% (Best: 94.44% @ Ep926) | LR: 0.000300 | Rev: 1/99999
Epoch 9908 | Cost: 0.022261 | Acc: 88.89% (Best: 94.44% @ Ep926) | LR: 0.000300 | Rev: 0/99999
Epoch 9909 | Cost: 0.017644 | Acc: 88.89% (Best: 94.44% @ Ep926) | LR: 0.000300 | Rev: 0/99999
Epoch 9910 | Cost: 0.019574 | Acc: 86.11% (Best: 94.44% @ Ep926) | LR: 0.000300 | Rev: 1/99999
Epoch 9911 | Cost: 0.017369 | Acc: 86.11% (Best: 94.44% @ Ep926) | LR: 0.000300 | Rev: 0/99999
Epoch 9912 | Cost: 0.017322 | Acc: 86.11% (Best: 94.44% @ Ep926) | LR: 0.000300 | Rev: 0/99999
Epoch 9913 | Cost: 0.020661 | Acc: 86.11% (Best: 94.44% @ Ep926) | LR: 0.000300 | Rev: 1/99999
Epoch 9914 | Cost: 0.019550 | Acc: 86.11% (Best: 94.44% @ Ep926) | LR: 0.000300 | Rev: 0/99999
Epoch 9915 | Cost: 0.013361 | Acc: 86.11% (Best: 94.44% @ Ep926) | LR: 0.000300 | Rev: 0/99999
Epoch 9916 | Cost: 0.030053 | Acc: 86.11% (Best: 94.44% @ Ep926) | LR: 0.000300 | Rev: 1/99999
Epoch 9917 | Cost: 0.026813 | Acc: 86.11% (Best: 94.44% @ Ep926) | LR: 0.000300 | Rev: 0/99999
Epoch 9918 | Cost: 0.031065 | Acc: 88.89% (Best: 94.44% @ Ep926) | LR: 0.000300 | Rev: 1/99999
Epoch 9919 | Cost: 0.021579 | Acc: 88.89% (Best: 94.44% @ Ep926) | LR: 0.000300 | Rev: 0/99999
Epoch 9920 | Cost: 0.024807 | Acc: 88.89% (Best: 94.44% @ Ep926) | LR: 0.000300 | Rev: 1/99999
Epoch 9921 | Cost: 0.030600 | Acc: 88.89% (Best: 94.44% @ Ep926) | LR: 0.000300 | Rev: 2/99999
Epoch 9922 | Cost: 0.016930 | Acc: 88.89% (Best: 94.44% @ Ep926) | LR: 0.000300 | Rev: 0/99999
Epoch 9923 | Cost: 0.014830 | Acc: 88.89% (Best: 94.44% @ Ep926) | LR: 0.000300 | Rev: 0/99999
Epoch 9924 | Cost: 0.015662 | Acc: 86.11% (Best: 94.44% @ Ep926) | LR: 0.000300 | Rev: 1/99999
Epoch 9925 | Cost: 0.022770 | Acc: 86.11% (Best: 94.44% @ Ep926) | LR: 0.000300 | Rev: 2/99999
Epoch 9926 | Cost: 0.024791 | Acc: 86.11% (Best: 94.44% @ Ep926) | LR: 0.000300 | Rev: 3/99999
Epoch 9927 | Cost: 0.021638 | Acc: 86.11% (Best: 94.44% @ Ep926) | LR: 0.000300 | Rev: 0/99999
Epoch 9928 | Cost: 0.017108 | Acc: 86.11% (Best: 94.44% @ Ep926) | LR: 0.000300 | Rev: 0/99999
Epoch 9929 | Cost: 0.020474 | Acc: 88.89% (Best: 94.44% @ Ep926) | LR: 0.000300 | Rev: 1/99999
Epoch 9930 | Cost: 0.018417 | Acc: 88.89% (Best: 94.44% @ Ep926) | LR: 0.000300 | Rev: 0/99999
Epoch 9931 | Cost: 0.025070 | Acc: 88.89% (Best: 94.44% @ Ep926) | LR: 0.000300 | Rev: 1/99999
Epoch 9932 | Cost: 0.021994 | Acc: 88.89% (Best: 94.44% @ Ep926) | LR: 0.000300 | Rev: 0/99999
Epoch 9933 | Cost: 0.018085 | Acc: 88.89% (Best: 94.44% @ Ep926) | LR: 0.000300 | Rev: 0/99999
Epoch 9934 | Cost: 0.022925 | Acc: 88.89% (Best: 94.44% @ Ep926) | LR: 0.000300 | Rev: 1/99999
Epoch 9935 | Cost: 0.031010 | Acc: 88.89% (Best: 94.44% @ Ep926) | LR: 0.000300 | Rev: 2/99999
Epoch 9936 | Cost: 0.025854 | Acc: 86.11% (Best: 94.44% @ Ep926) | LR: 0.000300 | Rev: 0/99999
Epoch 9937 | Cost: 0.035973 | Acc: 86.11% (Best: 94.44% @ Ep926) | LR: 0.000300 | Rev: 1/99999
Epoch 9938 | Cost: 0.017794 | Acc: 86.11% (Best: 94.44% @ Ep926) | LR: 0.000300 | Rev: 0/99999
Epoch 9939 | Cost: 0.024411 | Acc: 86.11% (Best: 94.44% @ Ep926) | LR: 0.000300 | Rev: 1/99999
Epoch 9940 | Cost: 0.025387 | Acc: 86.11% (Best: 94.44% @ Ep926) | LR: 0.000300 | Rev: 2/99999
Epoch 9941 | Cost: 0.017672 | Acc: 88.89% (Best: 94.44% @ Ep926) | LR: 0.000300 | Rev: 0/99999
Epoch 9942 | Cost: 0.029721 | Acc: 88.89% (Best: 94.44% @ Ep926) | LR: 0.000300 | Rev: 1/99999
Epoch 9943 | Cost: 0.011686 | Acc: 88.89% (Best: 94.44% @ Ep926) | LR: 0.000300 | Rev: 0/99999
Epoch 9944 | Cost: 0.019934 | Acc: 88.89% (Best: 94.44% @ Ep926) | LR: 0.000300 | Rev: 1/99999
Epoch 9945 | Cost: 0.019477 | Acc: 86.11% (Best: 94.44% @ Ep926) | LR: 0.000300 | Rev: 0/99999
Epoch 9946 | Cost: 0.028406 | Acc: 86.11% (Best: 94.44% @ Ep926) | LR: 0.000300 | Rev: 1/99999
Epoch 9947 | Cost: 0.018900 | Acc: 86.11% (Best: 94.44% @ Ep926) | LR: 0.000300 | Rev: 0/99999
Epoch 9948 | Cost: 0.015434 | Acc: 86.11% (Best: 94.44% @ Ep926) | LR: 0.000300 | Rev: 0/99999
Epoch 9949 | Cost: 0.019407 | Acc: 86.11% (Best: 94.44% @ Ep926) | LR: 0.000300 | Rev: 1/99999
Epoch 9950 | Cost: 0.020646 | Acc: 86.11% (Best: 94.44% @ Ep926) | LR: 0.000300 | Rev: 2/99999
Epoch 9951 | Cost: 0.028428 | Acc: 86.11% (Best: 94.44% @ Ep926) | LR: 0.000300 | Rev: 3/99999
Epoch 9952 | Cost: 0.026650 | Acc: 88.89% (Best: 94.44% @ Ep926) | LR: 0.000300 | Rev: 0/99999
Epoch 9953 | Cost: 0.016270 | Acc: 88.89% (Best: 94.44% @ Ep926) | LR: 0.000300 | Rev: 0/99999
Epoch 9954 | Cost: 0.024819 | Acc: 88.89% (Best: 94.44% @ Ep926) | LR: 0.000300 | Rev: 1/99999
Epoch 9955 | Cost: 0.015567 | Acc: 88.89% (Best: 94.44% @ Ep926) | LR: 0.000300 | Rev: 0/99999
Epoch 9956 | Cost: 0.021797 | Acc: 86.11% (Best: 94.44% @ Ep926) | LR: 0.000300 | Rev: 1/99999
Epoch 9957 | Cost: 0.025854 | Acc: 86.11% (Best: 94.44% @ Ep926) | LR: 0.000300 | Rev: 2/99999
Epoch 9958 | Cost: 0.016327 | Acc: 86.11% (Best: 94.44% @ Ep926) | LR: 0.000300 | Rev: 0/99999
Epoch 9959 | Cost: 0.013622 | Acc: 86.11% (Best: 94.44% @ Ep926) | LR: 0.000300 | Rev: 0/99999
Epoch 9960 | Cost: 0.023569 | Acc: 88.89% (Best: 94.44% @ Ep926) | LR: 0.000300 | Rev: 1/99999
Epoch 9961 | Cost: 0.016837 | Acc: 88.89% (Best: 94.44% @ Ep926) | LR: 0.000300 | Rev: 0/99999
Epoch 9962 | Cost: 0.022520 | Acc: 88.89% (Best: 94.44% @ Ep926) | LR: 0.000300 | Rev: 1/99999
Epoch 9963 | Cost: 0.024506 | Acc: 88.89% (Best: 94.44% @ Ep926) | LR: 0.000300 | Rev: 2/99999
Epoch 9964 | Cost: 0.016768 | Acc: 88.89% (Best: 94.44% @ Ep926) | LR: 0.000300 | Rev: 0/99999
Epoch 9965 | Cost: 0.018680 | Acc: 88.89% (Best: 94.44% @ Ep926) | LR: 0.000300 | Rev: 1/99999
Epoch 9966 | Cost: 0.032425 | Acc: 88.89% (Best: 94.44% @ Ep926) | LR: 0.000300 | Rev: 2/99999
Epoch 9967 | Cost: 0.027062 | Acc: 88.89% (Best: 94.44% @ Ep926) | LR: 0.000300 | Rev: 0/99999
Epoch 9968 | Cost: 0.022948 | Acc: 88.89% (Best: 94.44% @ Ep926) | LR: 0.000300 | Rev: 0/99999
Epoch 9969 | Cost: 0.012730 | Acc: 88.89% (Best: 94.44% @ Ep926) | LR: 0.000300 | Rev: 0/99999
Epoch 9970 | Cost: 0.016598 | Acc: 86.11% (Best: 94.44% @ Ep926) | LR: 0.000300 | Rev: 1/99999
Epoch 9971 | Cost: 0.019103 | Acc: 86.11% (Best: 94.44% @ Ep926) | LR: 0.000300 | Rev: 2/99999
Epoch 9972 | Cost: 0.011799 | Acc: 86.11% (Best: 94.44% @ Ep926) | LR: 0.000300 | Rev: 0/99999
Epoch 9973 | Cost: 0.021158 | Acc: 86.11% (Best: 94.44% @ Ep926) | LR: 0.000300 | Rev: 1/99999
Epoch 9974 | Cost: 0.020404 | Acc: 88.89% (Best: 94.44% @ Ep926) | LR: 0.000300 | Rev: 0/99999
Epoch 9975 | Cost: 0.015618 | Acc: 88.89% (Best: 94.44% @ Ep926) | LR: 0.000300 | Rev: 0/99999
Epoch 9976 | Cost: 0.022206 | Acc: 88.89% (Best: 94.44% @ Ep926) | LR: 0.000300 | Rev: 1/99999
Epoch 9977 | Cost: 0.034098 | Acc: 88.89% (Best: 94.44% @ Ep926) | LR: 0.000300 | Rev: 2/99999
Epoch 9978 | Cost: 0.024730 | Acc: 88.89% (Best: 94.44% @ Ep926) | LR: 0.000300 | Rev: 0/99999
Epoch 9979 | Cost: 0.035128 | Acc: 88.89% (Best: 94.44% @ Ep926) | LR: 0.000300 | Rev: 1/99999
Epoch 9980 | Cost: 0.012462 | Acc: 88.89% (Best: 94.44% @ Ep926) | LR: 0.000300 | Rev: 0/99999
Epoch 9981 | Cost: 0.023907 | Acc: 86.11% (Best: 94.44% @ Ep926) | LR: 0.000300 | Rev: 1/99999
Epoch 9982 | Cost: 0.016127 | Acc: 86.11% (Best: 94.44% @ Ep926) | LR: 0.000300 | Rev: 0/99999
Epoch 9983 | Cost: 0.025426 | Acc: 86.11% (Best: 94.44% @ Ep926) | LR: 0.000300 | Rev: 1/99999
Epoch 9984 | Cost: 0.032288 | Acc: 86.11% (Best: 94.44% @ Ep926) | LR: 0.000300 | Rev: 2/99999
Epoch 9985 | Cost: 0.015621 | Acc: 86.11% (Best: 94.44% @ Ep926) | LR: 0.000300 | Rev: 0/99999
Epoch 9986 | Cost: 0.041857 | Acc: 88.89% (Best: 94.44% @ Ep926) | LR: 0.000300 | Rev: 1/99999
Epoch 9987 | Cost: 0.024708 | Acc: 88.89% (Best: 94.44% @ Ep926) | LR: 0.000300 | Rev: 0/99999
Epoch 9988 | Cost: 0.033472 | Acc: 88.89% (Best: 94.44% @ Ep926) | LR: 0.000300 | Rev: 1/99999
Epoch 9989 | Cost: 0.022030 | Acc: 88.89% (Best: 94.44% @ Ep926) | LR: 0.000300 | Rev: 0/99999
Epoch 9990 | Cost: 0.027281 | Acc: 88.89% (Best: 94.44% @ Ep926) | LR: 0.000300 | Rev: 1/99999
Epoch 9991 | Cost: 0.018669 | Acc: 88.89% (Best: 94.44% @ Ep926) | LR: 0.000300 | Rev: 0/99999
Epoch 9992 | Cost: 0.015231 | Acc: 88.89% (Best: 94.44% @ Ep926) | LR: 0.000300 | Rev: 0/99999
Epoch 9993 | Cost: 0.025720 | Acc: 88.89% (Best: 94.44% @ Ep926) | LR: 0.000300 | Rev: 1/99999
Epoch 9994 | Cost: 0.020453 | Acc: 86.11% (Best: 94.44% @ Ep926) | LR: 0.000300 | Rev: 0/99999
Epoch 9995 | Cost: 0.023026 | Acc: 88.89% (Best: 94.44% @ Ep926) | LR: 0.000300 | Rev: 1/99999
Epoch 9996 | Cost: 0.029324 | Acc: 88.89% (Best: 94.44% @ Ep926) | LR: 0.000300 | Rev: 2/99999
Epoch 9997 | Cost: 0.025590 | Acc: 88.89% (Best: 94.44% @ Ep926) | LR: 0.000300 | Rev: 0/99999
Epoch 9998 | Cost: 0.022981 | Acc: 88.89% (Best: 94.44% @ Ep926) | LR: 0.000300 | Rev: 0/99999
Epoch 9999 | Cost: 0.028358 | Acc: 88.89% (Best: 94.44% @ Ep926) | LR: 0.000300 | Rev: 1/99999
Epoch 10000 | Cost: 0.021871 | Acc: 88.89% (Best: 94.44% @ Ep926) | LR: 0.000300 | Rev: 0/99999

======================================================
[FINISH] Best Acc: 94.44% (Epoch 926)
======================================================
