======================================================
 量子ハンター (永続キャッシュ・等差アクセル総力戦仕様) Step: 0.01
 Device: cuda | Seed: 42 | Base LR: 1e-05
======================================================

Epoch    1 | Cost: 2.143791 | Acc: 52.50% (Best: 52.50% @ Ep1) | LR: 0.000010 | Rev: 0/99999
Epoch    2 | Cost: 1.857836 | Acc: 54.17% (Best: 54.17% @ Ep2) | LR: 0.000010 | Rev: 0/99999
Epoch    3 | Cost: 1.663200 | Acc: 56.39% (Best: 56.39% @ Ep3) | LR: 0.000010 | Rev: 0/99999
Epoch    4 | Cost: 1.543469 | Acc: 61.39% (Best: 61.39% @ Ep4) | LR: 0.000010 | Rev: 0/99999
Epoch    5 | Cost: 1.448771 | Acc: 61.39% (Best: 61.39% @ Ep4) | LR: 0.000010 | Rev: 0/99999
Epoch    6 | Cost: 1.378685 | Acc: 61.67% (Best: 61.67% @ Ep6) | LR: 0.000010 | Rev: 0/99999
Epoch    7 | Cost: 1.322905 | Acc: 62.22% (Best: 62.22% @ Ep7) | LR: 0.000010 | Rev: 0/99999
Epoch    8 | Cost: 1.299117 | Acc: 61.11% (Best: 62.22% @ Ep7) | LR: 0.000010 | Rev: 0/99999
Epoch    9 | Cost: 1.249639 | Acc: 63.33% (Best: 63.33% @ Ep9) | LR: 0.000010 | Rev: 0/99999
Epoch   10 | Cost: 1.203443 | Acc: 63.89% (Best: 63.89% @ Ep10) | LR: 0.000010 | Rev: 0/99999
Epoch   11 | Cost: 1.184571 | Acc: 63.06% (Best: 63.89% @ Ep10) | LR: 0.000010 | Rev: 0/99999
Epoch   12 | Cost: 1.140259 | Acc: 65.00% (Best: 65.00% @ Ep12) | LR: 0.000010 | Rev: 0/99999
Epoch   13 | Cost: 1.141236 | Acc: 65.28% (Best: 65.28% @ Ep13) | LR: 0.000010 | Rev: 1/99999
Epoch   14 | Cost: 1.108830 | Acc: 64.44% (Best: 65.28% @ Ep13) | LR: 0.000010 | Rev: 0/99999
Epoch   15 | Cost: 1.126211 | Acc: 64.44% (Best: 65.28% @ Ep13) | LR: 0.000010 | Rev: 1/99999
Epoch   16 | Cost: 1.092949 | Acc: 65.28% (Best: 65.28% @ Ep13) | LR: 0.000010 | Rev: 0/99999
Epoch   17 | Cost: 1.077585 | Acc: 65.56% (Best: 65.56% @ Ep17) | LR: 0.000010 | Rev: 0/99999
Epoch   18 | Cost: 1.042665 | Acc: 65.28% (Best: 65.56% @ Ep17) | LR: 0.000010 | Rev: 0/99999
Epoch   19 | Cost: 1.052557 | Acc: 65.56% (Best: 65.56% @ Ep17) | LR: 0.000010 | Rev: 1/99999
Epoch   20 | Cost: 1.036528 | Acc: 66.11% (Best: 66.11% @ Ep20) | LR: 0.000010 | Rev: 0/99999
Epoch   21 | Cost: 1.032690 | Acc: 65.56% (Best: 66.11% @ Ep20) | LR: 0.000010 | Rev: 0/99999
Epoch   22 | Cost: 1.028928 | Acc: 66.11% (Best: 66.11% @ Ep20) | LR: 0.000010 | Rev: 0/99999
Epoch   23 | Cost: 0.985487 | Acc: 66.67% (Best: 66.67% @ Ep23) | LR: 0.000010 | Rev: 0/99999
Epoch   24 | Cost: 0.993314 | Acc: 65.83% (Best: 66.67% @ Ep23) | LR: 0.000010 | Rev: 1/99999
Epoch   25 | Cost: 0.978615 | Acc: 66.94% (Best: 66.94% @ Ep25) | LR: 0.000010 | Rev: 0/99999
Epoch   26 | Cost: 0.986905 | Acc: 65.83% (Best: 66.94% @ Ep25) | LR: 0.000010 | Rev: 1/99999
Epoch   27 | Cost: 0.984245 | Acc: 66.67% (Best: 66.94% @ Ep25) | LR: 0.000010 | Rev: 0/99999
Epoch   28 | Cost: 0.973226 | Acc: 66.39% (Best: 66.94% @ Ep25) | LR: 0.000010 | Rev: 0/99999
Epoch   29 | Cost: 0.965854 | Acc: 67.22% (Best: 67.22% @ Ep29) | LR: 0.000010 | Rev: 0/99999
Epoch   30 | Cost: 0.955874 | Acc: 66.94% (Best: 67.22% @ Ep29) | LR: 0.000010 | Rev: 0/99999
Epoch   31 | Cost: 0.928684 | Acc: 67.78% (Best: 67.78% @ Ep31) | LR: 0.000010 | Rev: 0/99999
Epoch   32 | Cost: 0.951915 | Acc: 66.67% (Best: 67.78% @ Ep31) | LR: 0.000010 | Rev: 1/99999
Epoch   33 | Cost: 0.950544 | Acc: 67.50% (Best: 67.78% @ Ep31) | LR: 0.000010 | Rev: 0/99999
Epoch   34 | Cost: 0.931621 | Acc: 69.17% (Best: 69.17% @ Ep34) | LR: 0.000010 | Rev: 0/99999
Epoch   35 | Cost: 0.927477 | Acc: 66.94% (Best: 69.17% @ Ep34) | LR: 0.000010 | Rev: 0/99999
Epoch   36 | Cost: 0.943177 | Acc: 68.89% (Best: 69.17% @ Ep34) | LR: 0.000010 | Rev: 1/99999
Epoch   37 | Cost: 0.909187 | Acc: 69.17% (Best: 69.17% @ Ep34) | LR: 0.000010 | Rev: 0/99999
Epoch   38 | Cost: 0.935115 | Acc: 68.61% (Best: 69.17% @ Ep34) | LR: 0.000010 | Rev: 1/99999
Epoch   39 | Cost: 0.946529 | Acc: 67.50% (Best: 69.17% @ Ep34) | LR: 0.000010 | Rev: 2/99999
Epoch   40 | Cost: 0.918478 | Acc: 67.78% (Best: 69.17% @ Ep34) | LR: 0.000010 | Rev: 0/99999
Epoch   41 | Cost: 0.920091 | Acc: 66.39% (Best: 69.17% @ Ep34) | LR: 0.000010 | Rev: 1/99999
Epoch   42 | Cost: 0.920097 | Acc: 69.44% (Best: 69.44% @ Ep42) | LR: 0.000010 | Rev: 2/99999
Epoch   43 | Cost: 0.923315 | Acc: 68.33% (Best: 69.44% @ Ep42) | LR: 0.000010 | Rev: 3/99999
Epoch   44 | Cost: 0.903531 | Acc: 66.39% (Best: 69.44% @ Ep42) | LR: 0.000010 | Rev: 0/99999
Epoch   45 | Cost: 0.898890 | Acc: 68.61% (Best: 69.44% @ Ep42) | LR: 0.000010 | Rev: 0/99999
Epoch   46 | Cost: 0.900153 | Acc: 66.94% (Best: 69.44% @ Ep42) | LR: 0.000010 | Rev: 1/99999
Epoch   47 | Cost: 0.910814 | Acc: 68.33% (Best: 69.44% @ Ep42) | LR: 0.000010 | Rev: 2/99999
Epoch   48 | Cost: 0.880820 | Acc: 67.78% (Best: 69.44% @ Ep42) | LR: 0.000010 | Rev: 0/99999
Epoch   49 | Cost: 0.889063 | Acc: 68.33% (Best: 69.44% @ Ep42) | LR: 0.000010 | Rev: 1/99999
Epoch   50 | Cost: 0.906428 | Acc: 66.94% (Best: 69.44% @ Ep42) | LR: 0.000010 | Rev: 2/99999
Epoch   51 | Cost: 0.873742 | Acc: 68.33% (Best: 69.44% @ Ep42) | LR: 0.000010 | Rev: 0/99999
Epoch   52 | Cost: 0.877629 | Acc: 68.06% (Best: 69.44% @ Ep42) | LR: 0.000010 | Rev: 1/99999
Epoch   53 | Cost: 0.864404 | Acc: 69.17% (Best: 69.44% @ Ep42) | LR: 0.000010 | Rev: 0/99999
Epoch   54 | Cost: 0.854694 | Acc: 69.17% (Best: 69.44% @ Ep42) | LR: 0.000010 | Rev: 0/99999
Epoch   55 | Cost: 0.872644 | Acc: 69.72% (Best: 69.72% @ Ep55) | LR: 0.000010 | Rev: 1/99999
Epoch   56 | Cost: 0.875938 | Acc: 69.44% (Best: 69.72% @ Ep55) | LR: 0.000010 | Rev: 2/99999
Epoch   57 | Cost: 0.875741 | Acc: 68.89% (Best: 69.72% @ Ep55) | LR: 0.000010 | Rev: 0/99999
Epoch   58 | Cost: 0.850259 | Acc: 68.33% (Best: 69.72% @ Ep55) | LR: 0.000010 | Rev: 0/99999
Epoch   59 | Cost: 0.871279 | Acc: 70.56% (Best: 70.56% @ Ep59) | LR: 0.000010 | Rev: 1/99999
Epoch   60 | Cost: 0.856980 | Acc: 69.44% (Best: 70.56% @ Ep59) | LR: 0.000010 | Rev: 0/99999
Epoch   61 | Cost: 0.859671 | Acc: 68.33% (Best: 70.56% @ Ep59) | LR: 0.000010 | Rev: 1/99999
Epoch   62 | Cost: 0.850135 | Acc: 68.89% (Best: 70.56% @ Ep59) | LR: 0.000010 | Rev: 0/99999
Epoch   63 | Cost: 0.854153 | Acc: 69.44% (Best: 70.56% @ Ep59) | LR: 0.000010 | Rev: 1/99999
Epoch   64 | Cost: 0.873935 | Acc: 69.17% (Best: 70.56% @ Ep59) | LR: 0.000010 | Rev: 2/99999
Epoch   65 | Cost: 0.854897 | Acc: 68.61% (Best: 70.56% @ Ep59) | LR: 0.000010 | Rev: 0/99999
Epoch   66 | Cost: 0.866353 | Acc: 68.61% (Best: 70.56% @ Ep59) | LR: 0.000010 | Rev: 1/99999
Epoch   67 | Cost: 0.867871 | Acc: 68.61% (Best: 70.56% @ Ep59) | LR: 0.000010 | Rev: 2/99999
Epoch   68 | Cost: 0.846189 | Acc: 69.72% (Best: 70.56% @ Ep59) | LR: 0.000010 | Rev: 0/99999
Epoch   69 | Cost: 0.868223 | Acc: 70.00% (Best: 70.56% @ Ep59) | LR: 0.000010 | Rev: 1/99999
Epoch   70 | Cost: 0.845293 | Acc: 68.89% (Best: 70.56% @ Ep59) | LR: 0.000010 | Rev: 0/99999
Epoch   71 | Cost: 0.846933 | Acc: 69.72% (Best: 70.56% @ Ep59) | LR: 0.000010 | Rev: 1/99999
Epoch   72 | Cost: 0.841282 | Acc: 69.72% (Best: 70.56% @ Ep59) | LR: 0.000010 | Rev: 0/99999
Epoch   73 | Cost: 0.826069 | Acc: 69.72% (Best: 70.56% @ Ep59) | LR: 0.000010 | Rev: 0/99999
Epoch   74 | Cost: 0.841878 | Acc: 69.72% (Best: 70.56% @ Ep59) | LR: 0.000010 | Rev: 1/99999
Epoch   75 | Cost: 0.826586 | Acc: 70.00% (Best: 70.56% @ Ep59) | LR: 0.000010 | Rev: 0/99999
Epoch   76 | Cost: 0.829653 | Acc: 69.44% (Best: 70.56% @ Ep59) | LR: 0.000010 | Rev: 1/99999
Epoch   77 | Cost: 0.843067 | Acc: 70.28% (Best: 70.56% @ Ep59) | LR: 0.000010 | Rev: 2/99999
Epoch   78 | Cost: 0.817633 | Acc: 70.56% (Best: 70.56% @ Ep59) | LR: 0.000010 | Rev: 0/99999
Epoch   79 | Cost: 0.834339 | Acc: 70.28% (Best: 70.56% @ Ep59) | LR: 0.000010 | Rev: 1/99999
Epoch   80 | Cost: 0.853852 | Acc: 70.00% (Best: 70.56% @ Ep59) | LR: 0.000010 | Rev: 2/99999
Epoch   81 | Cost: 0.823231 | Acc: 69.72% (Best: 70.56% @ Ep59) | LR: 0.000010 | Rev: 0/99999
Epoch   82 | Cost: 0.822189 | Acc: 70.00% (Best: 70.56% @ Ep59) | LR: 0.000010 | Rev: 0/99999
Epoch   83 | Cost: 0.840867 | Acc: 69.17% (Best: 70.56% @ Ep59) | LR: 0.000010 | Rev: 1/99999
Epoch   84 | Cost: 0.818297 | Acc: 69.72% (Best: 70.56% @ Ep59) | LR: 0.000010 | Rev: 0/99999
Epoch   85 | Cost: 0.810626 | Acc: 69.72% (Best: 70.56% @ Ep59) | LR: 0.000010 | Rev: 0/99999
Epoch   86 | Cost: 0.823294 | Acc: 70.56% (Best: 70.56% @ Ep59) | LR: 0.000010 | Rev: 1/99999
Epoch   87 | Cost: 0.842106 | Acc: 70.00% (Best: 70.56% @ Ep59) | LR: 0.000010 | Rev: 2/99999
Epoch   88 | Cost: 0.828005 | Acc: 68.89% (Best: 70.56% @ Ep59) | LR: 0.000010 | Rev: 0/99999
Epoch   89 | Cost: 0.808240 | Acc: 70.56% (Best: 70.56% @ Ep59) | LR: 0.000010 | Rev: 0/99999
Epoch   90 | Cost: 0.816030 | Acc: 70.00% (Best: 70.56% @ Ep59) | LR: 0.000010 | Rev: 1/99999
Epoch   91 | Cost: 0.823377 | Acc: 70.83% (Best: 70.83% @ Ep91) | LR: 0.000010 | Rev: 2/99999
Epoch   92 | Cost: 0.809262 | Acc: 70.00% (Best: 70.83% @ Ep91) | LR: 0.000010 | Rev: 0/99999
Epoch   93 | Cost: 0.818384 | Acc: 70.28% (Best: 70.83% @ Ep91) | LR: 0.000010 | Rev: 1/99999
Epoch   94 | Cost: 0.816625 | Acc: 68.61% (Best: 70.83% @ Ep91) | LR: 0.000010 | Rev: 0/99999
Epoch   95 | Cost: 0.815178 | Acc: 70.00% (Best: 70.83% @ Ep91) | LR: 0.000010 | Rev: 0/99999
Epoch   96 | Cost: 0.815220 | Acc: 70.00% (Best: 70.83% @ Ep91) | LR: 0.000010 | Rev: 1/99999
Epoch   97 | Cost: 0.808666 | Acc: 70.28% (Best: 70.83% @ Ep91) | LR: 0.000010 | Rev: 0/99999
Epoch   98 | Cost: 0.804204 | Acc: 69.72% (Best: 70.83% @ Ep91) | LR: 0.000010 | Rev: 0/99999
Epoch   99 | Cost: 0.823409 | Acc: 70.28% (Best: 70.83% @ Ep91) | LR: 0.000010 | Rev: 1/99999
Epoch  100 | Cost: 0.806504 | Acc: 70.00% (Best: 70.83% @ Ep91) | LR: 0.000010 | Rev: 0/99999
Epoch  101 | Cost: 0.812155 | Acc: 71.67% (Best: 71.67% @ Ep101) | LR: 0.000010 | Rev: 1/99999
Epoch  102 | Cost: 0.800369 | Acc: 69.17% (Best: 71.67% @ Ep101) | LR: 0.000010 | Rev: 0/99999
Epoch  103 | Cost: 0.799467 | Acc: 70.56% (Best: 71.67% @ Ep101) | LR: 0.000010 | Rev: 0/99999
Epoch  104 | Cost: 0.811684 | Acc: 71.11% (Best: 71.67% @ Ep101) | LR: 0.000010 | Rev: 1/99999
Epoch  105 | Cost: 0.791414 | Acc: 69.44% (Best: 71.67% @ Ep101) | LR: 0.000010 | Rev: 0/99999
Epoch  106 | Cost: 0.799759 | Acc: 70.83% (Best: 71.67% @ Ep101) | LR: 0.000010 | Rev: 1/99999
Epoch  107 | Cost: 0.820658 | Acc: 70.83% (Best: 71.67% @ Ep101) | LR: 0.000010 | Rev: 2/99999
Epoch  108 | Cost: 0.816897 | Acc: 70.28% (Best: 71.67% @ Ep101) | LR: 0.000010 | Rev: 0/99999
Epoch  109 | Cost: 0.809655 | Acc: 70.56% (Best: 71.67% @ Ep101) | LR: 0.000010 | Rev: 0/99999
Epoch  110 | Cost: 0.820258 | Acc: 70.56% (Best: 71.67% @ Ep101) | LR: 0.000010 | Rev: 1/99999
Epoch  111 | Cost: 0.803737 | Acc: 70.00% (Best: 71.67% @ Ep101) | LR: 0.000010 | Rev: 0/99999
Epoch  112 | Cost: 0.824121 | Acc: 70.28% (Best: 71.67% @ Ep101) | LR: 0.000010 | Rev: 1/99999
Epoch  113 | Cost: 0.812202 | Acc: 71.39% (Best: 71.67% @ Ep101) | LR: 0.000010 | Rev: 0/99999
Epoch  114 | Cost: 0.828190 | Acc: 70.28% (Best: 71.67% @ Ep101) | LR: 0.000010 | Rev: 1/99999
Epoch  115 | Cost: 0.795192 | Acc: 71.11% (Best: 71.67% @ Ep101) | LR: 0.000010 | Rev: 0/99999
Epoch  116 | Cost: 0.804296 | Acc: 70.83% (Best: 71.67% @ Ep101) | LR: 0.000010 | Rev: 1/99999
Epoch  117 | Cost: 0.794596 | Acc: 69.44% (Best: 71.67% @ Ep101) | LR: 0.000010 | Rev: 0/99999
Epoch  118 | Cost: 0.807819 | Acc: 70.56% (Best: 71.67% @ Ep101) | LR: 0.000010 | Rev: 1/99999
Epoch  119 | Cost: 0.793360 | Acc: 71.39% (Best: 71.67% @ Ep101) | LR: 0.000010 | Rev: 0/99999
Epoch  120 | Cost: 0.805371 | Acc: 71.11% (Best: 71.67% @ Ep101) | LR: 0.000010 | Rev: 1/99999
Epoch  121 | Cost: 0.815563 | Acc: 70.00% (Best: 71.67% @ Ep101) | LR: 0.000010 | Rev: 2/99999
Epoch  122 | Cost: 0.790216 | Acc: 70.56% (Best: 71.67% @ Ep101) | LR: 0.000010 | Rev: 0/99999
Epoch  123 | Cost: 0.800967 | Acc: 71.39% (Best: 71.67% @ Ep101) | LR: 0.000010 | Rev: 1/99999
Epoch  124 | Cost: 0.783964 | Acc: 70.56% (Best: 71.67% @ Ep101) | LR: 0.000010 | Rev: 0/99999
Epoch  125 | Cost: 0.775391 | Acc: 71.39% (Best: 71.67% @ Ep101) | LR: 0.000010 | Rev: 0/99999
Epoch  126 | Cost: 0.783625 | Acc: 70.28% (Best: 71.67% @ Ep101) | LR: 0.000010 | Rev: 1/99999
Epoch  127 | Cost: 0.795059 | Acc: 70.83% (Best: 71.67% @ Ep101) | LR: 0.000010 | Rev: 2/99999
Epoch  128 | Cost: 0.772671 | Acc: 70.56% (Best: 71.67% @ Ep101) | LR: 0.000010 | Rev: 0/99999
Epoch  129 | Cost: 0.806516 | Acc: 71.11% (Best: 71.67% @ Ep101) | LR: 0.000010 | Rev: 1/99999
Epoch  130 | Cost: 0.787021 | Acc: 70.00% (Best: 71.67% @ Ep101) | LR: 0.000010 | Rev: 0/99999
Epoch  131 | Cost: 0.771059 | Acc: 70.28% (Best: 71.67% @ Ep101) | LR: 0.000010 | Rev: 0/99999
Epoch  132 | Cost: 0.791099 | Acc: 70.56% (Best: 71.67% @ Ep101) | LR: 0.000010 | Rev: 1/99999
Epoch  133 | Cost: 0.766579 | Acc: 69.44% (Best: 71.67% @ Ep101) | LR: 0.000010 | Rev: 0/99999
Epoch  134 | Cost: 0.783675 | Acc: 70.56% (Best: 71.67% @ Ep101) | LR: 0.000010 | Rev: 1/99999
Epoch  135 | Cost: 0.791552 | Acc: 71.39% (Best: 71.67% @ Ep101) | LR: 0.000010 | Rev: 2/99999
Epoch  136 | Cost: 0.792031 | Acc: 70.83% (Best: 71.67% @ Ep101) | LR: 0.000010 | Rev: 3/99999
Epoch  137 | Cost: 0.789594 | Acc: 69.17% (Best: 71.67% @ Ep101) | LR: 0.000010 | Rev: 0/99999
Epoch  138 | Cost: 0.775171 | Acc: 70.56% (Best: 71.67% @ Ep101) | LR: 0.000010 | Rev: 0/99999
Epoch  139 | Cost: 0.783104 | Acc: 70.28% (Best: 71.67% @ Ep101) | LR: 0.000010 | Rev: 1/99999
Epoch  140 | Cost: 0.796749 | Acc: 71.67% (Best: 71.67% @ Ep101) | LR: 0.000010 | Rev: 2/99999
Epoch  141 | Cost: 0.813892 | Acc: 70.28% (Best: 71.67% @ Ep101) | LR: 0.000010 | Rev: 3/99999
Epoch  142 | Cost: 0.788320 | Acc: 70.00% (Best: 71.67% @ Ep101) | LR: 0.000010 | Rev: 0/99999
Epoch  143 | Cost: 0.800248 | Acc: 70.28% (Best: 71.67% @ Ep101) | LR: 0.000010 | Rev: 1/99999
Epoch  144 | Cost: 0.781798 | Acc: 71.39% (Best: 71.67% @ Ep101) | LR: 0.000010 | Rev: 0/99999
Epoch  145 | Cost: 0.808574 | Acc: 71.11% (Best: 71.67% @ Ep101) | LR: 0.000010 | Rev: 1/99999
Epoch  146 | Cost: 0.781572 | Acc: 70.00% (Best: 71.67% @ Ep101) | LR: 0.000010 | Rev: 0/99999
Epoch  147 | Cost: 0.797168 | Acc: 71.94% (Best: 71.94% @ Ep147) | LR: 0.000010 | Rev: 1/99999
Epoch  148 | Cost: 0.794673 | Acc: 71.11% (Best: 71.94% @ Ep147) | LR: 0.000010 | Rev: 0/99999
Epoch  149 | Cost: 0.824216 | Acc: 70.00% (Best: 71.94% @ Ep147) | LR: 0.000010 | Rev: 1/99999
Epoch  150 | Cost: 0.804880 | Acc: 70.00% (Best: 71.94% @ Ep147) | LR: 0.000010 | Rev: 0/99999
Epoch  151 | Cost: 0.796544 | Acc: 71.11% (Best: 71.94% @ Ep147) | LR: 0.000010 | Rev: 0/99999
Epoch  152 | Cost: 0.789195 | Acc: 70.28% (Best: 71.94% @ Ep147) | LR: 0.000010 | Rev: 0/99999
Epoch  153 | Cost: 0.771965 | Acc: 70.00% (Best: 71.94% @ Ep147) | LR: 0.000010 | Rev: 0/99999
Epoch  154 | Cost: 0.785279 | Acc: 70.56% (Best: 71.94% @ Ep147) | LR: 0.000010 | Rev: 1/99999
Epoch  155 | Cost: 0.791568 | Acc: 70.56% (Best: 71.94% @ Ep147) | LR: 0.000010 | Rev: 2/99999
Epoch  156 | Cost: 0.775381 | Acc: 70.83% (Best: 71.94% @ Ep147) | LR: 0.000010 | Rev: 0/99999
Epoch  157 | Cost: 0.777768 | Acc: 70.83% (Best: 71.94% @ Ep147) | LR: 0.000010 | Rev: 1/99999
Epoch  158 | Cost: 0.761804 | Acc: 70.56% (Best: 71.94% @ Ep147) | LR: 0.000010 | Rev: 0/99999
Epoch  159 | Cost: 0.760126 | Acc: 71.39% (Best: 71.94% @ Ep147) | LR: 0.000010 | Rev: 0/99999
Epoch  160 | Cost: 0.791235 | Acc: 71.39% (Best: 71.94% @ Ep147) | LR: 0.000010 | Rev: 1/99999
Epoch  161 | Cost: 0.762583 | Acc: 69.44% (Best: 71.94% @ Ep147) | LR: 0.000010 | Rev: 0/99999
Epoch  162 | Cost: 0.763622 | Acc: 69.17% (Best: 71.94% @ Ep147) | LR: 0.000010 | Rev: 1/99999
Epoch  163 | Cost: 0.773229 | Acc: 71.11% (Best: 71.94% @ Ep147) | LR: 0.000010 | Rev: 2/99999
Epoch  164 | Cost: 0.787460 | Acc: 70.28% (Best: 71.94% @ Ep147) | LR: 0.000010 | Rev: 3/99999
Epoch  165 | Cost: 0.765693 | Acc: 71.39% (Best: 71.94% @ Ep147) | LR: 0.000010 | Rev: 0/99999
Epoch  166 | Cost: 0.776927 | Acc: 69.72% (Best: 71.94% @ Ep147) | LR: 0.000010 | Rev: 1/99999
Epoch  167 | Cost: 0.763428 | Acc: 70.83% (Best: 71.94% @ Ep147) | LR: 0.000010 | Rev: 0/99999
Epoch  168 | Cost: 0.783322 | Acc: 72.22% (Best: 72.22% @ Ep168) | LR: 0.000010 | Rev: 1/99999
Epoch  169 | Cost: 0.791666 | Acc: 70.00% (Best: 72.22% @ Ep168) | LR: 0.000010 | Rev: 2/99999
Epoch  170 | Cost: 0.809391 | Acc: 71.67% (Best: 72.22% @ Ep168) | LR: 0.000010 | Rev: 3/99999
Epoch  171 | Cost: 0.781028 | Acc: 71.39% (Best: 72.22% @ Ep168) | LR: 0.000010 | Rev: 0/99999
Epoch  172 | Cost: 0.758237 | Acc: 70.56% (Best: 72.22% @ Ep168) | LR: 0.000010 | Rev: 0/99999
Epoch  173 | Cost: 0.786269 | Acc: 70.28% (Best: 72.22% @ Ep168) | LR: 0.000010 | Rev: 1/99999
Epoch  174 | Cost: 0.812330 | Acc: 70.56% (Best: 72.22% @ Ep168) | LR: 0.000010 | Rev: 2/99999
Epoch  175 | Cost: 0.770456 | Acc: 70.28% (Best: 72.22% @ Ep168) | LR: 0.000010 | Rev: 0/99999
Epoch  176 | Cost: 0.767176 | Acc: 70.83% (Best: 72.22% @ Ep168) | LR: 0.000010 | Rev: 0/99999
Epoch  177 | Cost: 0.778118 | Acc: 70.28% (Best: 72.22% @ Ep168) | LR: 0.000010 | Rev: 1/99999
Epoch  178 | Cost: 0.782293 | Acc: 71.94% (Best: 72.22% @ Ep168) | LR: 0.000010 | Rev: 2/99999
Epoch  179 | Cost: 0.768370 | Acc: 70.28% (Best: 72.22% @ Ep168) | LR: 0.000010 | Rev: 0/99999
Epoch  180 | Cost: 0.799472 | Acc: 70.83% (Best: 72.22% @ Ep168) | LR: 0.000010 | Rev: 1/99999
Epoch  181 | Cost: 0.774949 | Acc: 70.83% (Best: 72.22% @ Ep168) | LR: 0.000010 | Rev: 0/99999
Epoch  182 | Cost: 0.770060 | Acc: 71.11% (Best: 72.22% @ Ep168) | LR: 0.000010 | Rev: 0/99999
Epoch  183 | Cost: 0.761522 | Acc: 70.56% (Best: 72.22% @ Ep168) | LR: 0.000010 | Rev: 0/99999
Epoch  184 | Cost: 0.768973 | Acc: 71.11% (Best: 72.22% @ Ep168) | LR: 0.000010 | Rev: 1/99999
Epoch  185 | Cost: 0.795831 | Acc: 71.39% (Best: 72.22% @ Ep168) | LR: 0.000010 | Rev: 2/99999
Epoch  186 | Cost: 0.764564 | Acc: 71.67% (Best: 72.22% @ Ep168) | LR: 0.000010 | Rev: 0/99999
Epoch  187 | Cost: 0.764932 | Acc: 71.39% (Best: 72.22% @ Ep168) | LR: 0.000010 | Rev: 1/99999
Epoch  188 | Cost: 0.772531 | Acc: 71.39% (Best: 72.22% @ Ep168) | LR: 0.000010 | Rev: 2/99999
Epoch  189 | Cost: 0.793221 | Acc: 70.83% (Best: 72.22% @ Ep168) | LR: 0.000010 | Rev: 3/99999
Epoch  190 | Cost: 0.769703 | Acc: 70.83% (Best: 72.22% @ Ep168) | LR: 0.000010 | Rev: 0/99999
Epoch  191 | Cost: 0.767030 | Acc: 72.22% (Best: 72.22% @ Ep168) | LR: 0.000010 | Rev: 0/99999
Epoch  192 | Cost: 0.765450 | Acc: 71.67% (Best: 72.22% @ Ep168) | LR: 0.000010 | Rev: 0/99999
Epoch  193 | Cost: 0.770028 | Acc: 71.11% (Best: 72.22% @ Ep168) | LR: 0.000010 | Rev: 1/99999
Epoch  194 | Cost: 0.762436 | Acc: 71.67% (Best: 72.22% @ Ep168) | LR: 0.000010 | Rev: 0/99999
Epoch  195 | Cost: 0.758035 | Acc: 71.39% (Best: 72.22% @ Ep168) | LR: 0.000010 | Rev: 0/99999
Epoch  196 | Cost: 0.764136 | Acc: 71.94% (Best: 72.22% @ Ep168) | LR: 0.000010 | Rev: 1/99999
Epoch  197 | Cost: 0.756991 | Acc: 70.83% (Best: 72.22% @ Ep168) | LR: 0.000010 | Rev: 0/99999
Epoch  198 | Cost: 0.764157 | Acc: 72.22% (Best: 72.22% @ Ep168) | LR: 0.000010 | Rev: 1/99999
Epoch  199 | Cost: 0.768153 | Acc: 71.67% (Best: 72.22% @ Ep168) | LR: 0.000010 | Rev: 2/99999
Epoch  200 | Cost: 0.783533 | Acc: 71.39% (Best: 72.22% @ Ep168) | LR: 0.000010 | Rev: 3/99999
Epoch  201 | Cost: 0.773900 | Acc: 71.11% (Best: 72.22% @ Ep168) | LR: 0.000010 | Rev: 0/99999
Epoch  202 | Cost: 0.767088 | Acc: 71.67% (Best: 72.22% @ Ep168) | LR: 0.000010 | Rev: 0/99999
Epoch  203 | Cost: 0.762659 | Acc: 72.22% (Best: 72.22% @ Ep168) | LR: 0.000010 | Rev: 0/99999
Epoch  204 | Cost: 0.767937 | Acc: 71.39% (Best: 72.22% @ Ep168) | LR: 0.000010 | Rev: 1/99999
Epoch  205 | Cost: 0.736269 | Acc: 71.67% (Best: 72.22% @ Ep168) | LR: 0.000010 | Rev: 0/99999
Epoch  206 | Cost: 0.757254 | Acc: 71.39% (Best: 72.22% @ Ep168) | LR: 0.000010 | Rev: 1/99999
Epoch  207 | Cost: 0.768822 | Acc: 71.94% (Best: 72.22% @ Ep168) | LR: 0.000010 | Rev: 2/99999
Epoch  208 | Cost: 0.764742 | Acc: 71.11% (Best: 72.22% @ Ep168) | LR: 0.000010 | Rev: 0/99999
Epoch  209 | Cost: 0.775747 | Acc: 71.67% (Best: 72.22% @ Ep168) | LR: 0.000010 | Rev: 1/99999
Epoch  210 | Cost: 0.791179 | Acc: 71.11% (Best: 72.22% @ Ep168) | LR: 0.000010 | Rev: 2/99999
Epoch  211 | Cost: 0.787798 | Acc: 71.11% (Best: 72.22% @ Ep168) | LR: 0.000010 | Rev: 0/99999
Epoch  212 | Cost: 0.762169 | Acc: 72.22% (Best: 72.22% @ Ep168) | LR: 0.000010 | Rev: 0/99999
Epoch  213 | Cost: 0.777022 | Acc: 71.39% (Best: 72.22% @ Ep168) | LR: 0.000010 | Rev: 1/99999
Epoch  214 | Cost: 0.759962 | Acc: 71.11% (Best: 72.22% @ Ep168) | LR: 0.000010 | Rev: 0/99999
Epoch  215 | Cost: 0.750909 | Acc: 72.50% (Best: 72.50% @ Ep215) | LR: 0.000010 | Rev: 0/99999
Epoch  216 | Cost: 0.744657 | Acc: 71.67% (Best: 72.50% @ Ep215) | LR: 0.000010 | Rev: 0/99999
Epoch  217 | Cost: 0.751106 | Acc: 73.06% (Best: 73.06% @ Ep217) | LR: 0.000010 | Rev: 1/99999
Epoch  218 | Cost: 0.763838 | Acc: 71.67% (Best: 73.06% @ Ep217) | LR: 0.000010 | Rev: 2/99999
Epoch  219 | Cost: 0.755844 | Acc: 71.67% (Best: 73.06% @ Ep217) | LR: 0.000010 | Rev: 0/99999
Epoch  220 | Cost: 0.763227 | Acc: 71.67% (Best: 73.06% @ Ep217) | LR: 0.000010 | Rev: 1/99999
Epoch  221 | Cost: 0.766409 | Acc: 71.11% (Best: 73.06% @ Ep217) | LR: 0.000010 | Rev: 2/99999
Epoch  222 | Cost: 0.753342 | Acc: 71.94% (Best: 73.06% @ Ep217) | LR: 0.000010 | Rev: 0/99999
Epoch  223 | Cost: 0.759601 | Acc: 70.83% (Best: 73.06% @ Ep217) | LR: 0.000010 | Rev: 1/99999
Epoch  224 | Cost: 0.758422 | Acc: 70.83% (Best: 73.06% @ Ep217) | LR: 0.000010 | Rev: 0/99999
Epoch  225 | Cost: 0.747990 | Acc: 71.94% (Best: 73.06% @ Ep217) | LR: 0.000010 | Rev: 0/99999
Epoch  226 | Cost: 0.766083 | Acc: 71.67% (Best: 73.06% @ Ep217) | LR: 0.000010 | Rev: 1/99999
Epoch  227 | Cost: 0.766248 | Acc: 72.22% (Best: 73.06% @ Ep217) | LR: 0.000010 | Rev: 2/99999
Epoch  228 | Cost: 0.760772 | Acc: 71.67% (Best: 73.06% @ Ep217) | LR: 0.000010 | Rev: 0/99999
Epoch  229 | Cost: 0.754317 | Acc: 72.22% (Best: 73.06% @ Ep217) | LR: 0.000010 | Rev: 0/99999
Epoch  230 | Cost: 0.758802 | Acc: 72.50% (Best: 73.06% @ Ep217) | LR: 0.000010 | Rev: 1/99999
Epoch  231 | Cost: 0.770924 | Acc: 71.11% (Best: 73.06% @ Ep217) | LR: 0.000010 | Rev: 2/99999
Epoch  232 | Cost: 0.758548 | Acc: 70.83% (Best: 73.06% @ Ep217) | LR: 0.000010 | Rev: 0/99999
Epoch  233 | Cost: 0.766403 | Acc: 71.67% (Best: 73.06% @ Ep217) | LR: 0.000010 | Rev: 1/99999
Epoch  234 | Cost: 0.775008 | Acc: 71.94% (Best: 73.06% @ Ep217) | LR: 0.000010 | Rev: 2/99999
Epoch  235 | Cost: 0.756355 | Acc: 71.11% (Best: 73.06% @ Ep217) | LR: 0.000010 | Rev: 0/99999
Epoch  236 | Cost: 0.744337 | Acc: 71.39% (Best: 73.06% @ Ep217) | LR: 0.000010 | Rev: 0/99999
Epoch  237 | Cost: 0.750721 | Acc: 71.67% (Best: 73.06% @ Ep217) | LR: 0.000010 | Rev: 1/99999
Epoch  238 | Cost: 0.756964 | Acc: 71.67% (Best: 73.06% @ Ep217) | LR: 0.000010 | Rev: 2/99999
Epoch  239 | Cost: 0.760327 | Acc: 71.67% (Best: 73.06% @ Ep217) | LR: 0.000010 | Rev: 3/99999
Epoch  240 | Cost: 0.756139 | Acc: 71.94% (Best: 73.06% @ Ep217) | LR: 0.000010 | Rev: 0/99999
Epoch  241 | Cost: 0.738107 | Acc: 71.67% (Best: 73.06% @ Ep217) | LR: 0.000010 | Rev: 0/99999
Epoch  242 | Cost: 0.741803 | Acc: 72.22% (Best: 73.06% @ Ep217) | LR: 0.000010 | Rev: 1/99999
Epoch  243 | Cost: 0.757927 | Acc: 72.78% (Best: 73.06% @ Ep217) | LR: 0.000010 | Rev: 2/99999
Epoch  244 | Cost: 0.760435 | Acc: 71.39% (Best: 73.06% @ Ep217) | LR: 0.000010 | Rev: 3/99999
Epoch  245 | Cost: 0.749983 | Acc: 72.22% (Best: 73.06% @ Ep217) | LR: 0.000010 | Rev: 0/99999
Epoch  246 | Cost: 0.743795 | Acc: 71.11% (Best: 73.06% @ Ep217) | LR: 0.000010 | Rev: 0/99999
Epoch  247 | Cost: 0.764147 | Acc: 72.22% (Best: 73.06% @ Ep217) | LR: 0.000010 | Rev: 1/99999
Epoch  248 | Cost: 0.759140 | Acc: 72.22% (Best: 73.06% @ Ep217) | LR: 0.000010 | Rev: 0/99999
Epoch  249 | Cost: 0.774969 | Acc: 71.67% (Best: 73.06% @ Ep217) | LR: 0.000010 | Rev: 1/99999
Epoch  250 | Cost: 0.750623 | Acc: 72.22% (Best: 73.06% @ Ep217) | LR: 0.000010 | Rev: 0/99999
Epoch  251 | Cost: 0.750123 | Acc: 72.78% (Best: 73.06% @ Ep217) | LR: 0.000010 | Rev: 0/99999
Epoch  252 | Cost: 0.753003 | Acc: 72.78% (Best: 73.06% @ Ep217) | LR: 0.000010 | Rev: 1/99999
Epoch  253 | Cost: 0.732401 | Acc: 72.50% (Best: 73.06% @ Ep217) | LR: 0.000010 | Rev: 0/99999
Epoch  254 | Cost: 0.757883 | Acc: 71.94% (Best: 73.06% @ Ep217) | LR: 0.000010 | Rev: 1/99999
Epoch  255 | Cost: 0.740749 | Acc: 71.39% (Best: 73.06% @ Ep217) | LR: 0.000010 | Rev: 0/99999
Epoch  256 | Cost: 0.754548 | Acc: 71.94% (Best: 73.06% @ Ep217) | LR: 0.000010 | Rev: 1/99999
Epoch  257 | Cost: 0.745446 | Acc: 72.78% (Best: 73.06% @ Ep217) | LR: 0.000010 | Rev: 0/99999
Epoch  258 | Cost: 0.743414 | Acc: 72.22% (Best: 73.06% @ Ep217) | LR: 0.000010 | Rev: 0/99999
Epoch  259 | Cost: 0.750835 | Acc: 72.22% (Best: 73.06% @ Ep217) | LR: 0.000010 | Rev: 1/99999
Epoch  260 | Cost: 0.744975 | Acc: 71.94% (Best: 73.06% @ Ep217) | LR: 0.000010 | Rev: 0/99999
Epoch  261 | Cost: 0.739041 | Acc: 72.50% (Best: 73.06% @ Ep217) | LR: 0.000010 | Rev: 0/99999
Epoch  262 | Cost: 0.764561 | Acc: 72.22% (Best: 73.06% @ Ep217) | LR: 0.000010 | Rev: 1/99999
Epoch  263 | Cost: 0.782028 | Acc: 71.67% (Best: 73.06% @ Ep217) | LR: 0.000010 | Rev: 2/99999
Epoch  264 | Cost: 0.747172 | Acc: 71.67% (Best: 73.06% @ Ep217) | LR: 0.000010 | Rev: 0/99999
Epoch  265 | Cost: 0.762871 | Acc: 72.22% (Best: 73.06% @ Ep217) | LR: 0.000010 | Rev: 1/99999
Epoch  266 | Cost: 0.760713 | Acc: 71.11% (Best: 73.06% @ Ep217) | LR: 0.000010 | Rev: 0/99999
Epoch  267 | Cost: 0.755911 | Acc: 71.39% (Best: 73.06% @ Ep217) | LR: 0.000020 | Rev: 0/99999
Epoch  268 | Cost: 0.759623 | Acc: 71.67% (Best: 73.06% @ Ep217) | LR: 0.000020 | Rev: 1/99999
Epoch  269 | Cost: 0.754613 | Acc: 72.22% (Best: 73.06% @ Ep217) | LR: 0.000020 | Rev: 0/99999
Epoch  270 | Cost: 0.749026 | Acc: 72.22% (Best: 73.06% @ Ep217) | LR: 0.000020 | Rev: 0/99999
Epoch  271 | Cost: 0.771051 | Acc: 72.22% (Best: 73.06% @ Ep217) | LR: 0.000020 | Rev: 1/99999
Epoch  272 | Cost: 0.756603 | Acc: 71.67% (Best: 73.06% @ Ep217) | LR: 0.000020 | Rev: 0/99999
Epoch  273 | Cost: 0.731923 | Acc: 71.94% (Best: 73.06% @ Ep217) | LR: 0.000020 | Rev: 0/99999
Epoch  274 | Cost: 0.771970 | Acc: 72.22% (Best: 73.06% @ Ep217) | LR: 0.000020 | Rev: 1/99999
Epoch  275 | Cost: 0.764422 | Acc: 71.67% (Best: 73.06% @ Ep217) | LR: 0.000020 | Rev: 0/99999
Epoch  276 | Cost: 0.760182 | Acc: 71.11% (Best: 73.06% @ Ep217) | LR: 0.000020 | Rev: 0/99999
Epoch  277 | Cost: 0.744569 | Acc: 72.22% (Best: 73.06% @ Ep217) | LR: 0.000030 | Rev: 0/99999
Epoch  278 | Cost: 0.742884 | Acc: 71.11% (Best: 73.06% @ Ep217) | LR: 0.000030 | Rev: 0/99999
Epoch  279 | Cost: 0.776538 | Acc: 72.22% (Best: 73.06% @ Ep217) | LR: 0.000030 | Rev: 1/99999
Epoch  280 | Cost: 0.749403 | Acc: 71.94% (Best: 73.06% @ Ep217) | LR: 0.000030 | Rev: 0/99999
Epoch  281 | Cost: 0.748767 | Acc: 71.67% (Best: 73.06% @ Ep217) | LR: 0.000030 | Rev: 0/99999
Epoch  282 | Cost: 0.752214 | Acc: 72.22% (Best: 73.06% @ Ep217) | LR: 0.000030 | Rev: 1/99999
Epoch  283 | Cost: 0.767796 | Acc: 73.06% (Best: 73.06% @ Ep217) | LR: 0.000030 | Rev: 2/99999
Epoch  284 | Cost: 0.758414 | Acc: 71.67% (Best: 73.06% @ Ep217) | LR: 0.000030 | Rev: 0/99999
Epoch  285 | Cost: 0.760868 | Acc: 72.22% (Best: 73.06% @ Ep217) | LR: 0.000030 | Rev: 1/99999
Epoch  286 | Cost: 0.744889 | Acc: 71.94% (Best: 73.06% @ Ep217) | LR: 0.000030 | Rev: 0/99999
Epoch  287 | Cost: 0.741752 | Acc: 72.22% (Best: 73.06% @ Ep217) | LR: 0.000040 | Rev: 0/99999
Epoch  288 | Cost: 0.756246 | Acc: 73.33% (Best: 73.33% @ Ep288) | LR: 0.000010 | Rev: 1/99999
Epoch  289 | Cost: 0.781564 | Acc: 71.94% (Best: 73.33% @ Ep288) | LR: 0.000010 | Rev: 2/99999
Epoch  290 | Cost: 0.748562 | Acc: 71.94% (Best: 73.33% @ Ep288) | LR: 0.000010 | Rev: 0/99999
Epoch  291 | Cost: 0.741472 | Acc: 72.78% (Best: 73.33% @ Ep288) | LR: 0.000010 | Rev: 0/99999
Epoch  292 | Cost: 0.734720 | Acc: 72.22% (Best: 73.33% @ Ep288) | LR: 0.000010 | Rev: 0/99999
Epoch  293 | Cost: 0.738493 | Acc: 71.39% (Best: 73.33% @ Ep288) | LR: 0.000010 | Rev: 1/99999
Epoch  294 | Cost: 0.768486 | Acc: 71.67% (Best: 73.33% @ Ep288) | LR: 0.000010 | Rev: 2/99999
Epoch  295 | Cost: 0.745794 | Acc: 71.94% (Best: 73.33% @ Ep288) | LR: 0.000010 | Rev: 0/99999
Epoch  296 | Cost: 0.768496 | Acc: 72.22% (Best: 73.33% @ Ep288) | LR: 0.000010 | Rev: 1/99999
Epoch  297 | Cost: 0.765901 | Acc: 71.94% (Best: 73.33% @ Ep288) | LR: 0.000010 | Rev: 0/99999
Epoch  298 | Cost: 0.727343 | Acc: 71.11% (Best: 73.33% @ Ep288) | LR: 0.000010 | Rev: 0/99999
Epoch  299 | Cost: 0.740782 | Acc: 71.94% (Best: 73.33% @ Ep288) | LR: 0.000010 | Rev: 1/99999
Epoch  300 | Cost: 0.746030 | Acc: 71.39% (Best: 73.33% @ Ep288) | LR: 0.000010 | Rev: 2/99999
Epoch  301 | Cost: 0.728991 | Acc: 72.22% (Best: 73.33% @ Ep288) | LR: 0.000010 | Rev: 0/99999
Epoch  302 | Cost: 0.748812 | Acc: 71.94% (Best: 73.33% @ Ep288) | LR: 0.000010 | Rev: 1/99999
Epoch  303 | Cost: 0.749134 | Acc: 73.33% (Best: 73.33% @ Ep288) | LR: 0.000010 | Rev: 2/99999
Epoch  304 | Cost: 0.742906 | Acc: 71.94% (Best: 73.33% @ Ep288) | LR: 0.000010 | Rev: 0/99999
Epoch  305 | Cost: 0.738387 | Acc: 71.94% (Best: 73.33% @ Ep288) | LR: 0.000010 | Rev: 0/99999
Epoch  306 | Cost: 0.718574 | Acc: 72.22% (Best: 73.33% @ Ep288) | LR: 0.000010 | Rev: 0/99999
Epoch  307 | Cost: 0.737697 | Acc: 72.22% (Best: 73.33% @ Ep288) | LR: 0.000010 | Rev: 1/99999
Epoch  308 | Cost: 0.728774 | Acc: 71.67% (Best: 73.33% @ Ep288) | LR: 0.000010 | Rev: 0/99999
Epoch  309 | Cost: 0.741273 | Acc: 72.50% (Best: 73.33% @ Ep288) | LR: 0.000010 | Rev: 1/99999
Epoch  310 | Cost: 0.750859 | Acc: 72.50% (Best: 73.33% @ Ep288) | LR: 0.000010 | Rev: 2/99999
Epoch  311 | Cost: 0.750809 | Acc: 72.22% (Best: 73.33% @ Ep288) | LR: 0.000010 | Rev: 0/99999
Epoch  312 | Cost: 0.748904 | Acc: 72.50% (Best: 73.33% @ Ep288) | LR: 0.000010 | Rev: 0/99999
Epoch  313 | Cost: 0.746887 | Acc: 72.50% (Best: 73.33% @ Ep288) | LR: 0.000010 | Rev: 0/99999
Epoch  314 | Cost: 0.733820 | Acc: 71.94% (Best: 73.33% @ Ep288) | LR: 0.000010 | Rev: 0/99999
Epoch  315 | Cost: 0.726505 | Acc: 72.50% (Best: 73.33% @ Ep288) | LR: 0.000010 | Rev: 0/99999
Epoch  316 | Cost: 0.726861 | Acc: 73.33% (Best: 73.33% @ Ep288) | LR: 0.000010 | Rev: 1/99999
Epoch  317 | Cost: 0.742749 | Acc: 72.78% (Best: 73.33% @ Ep288) | LR: 0.000010 | Rev: 2/99999
Epoch  318 | Cost: 0.743212 | Acc: 71.67% (Best: 73.33% @ Ep288) | LR: 0.000010 | Rev: 3/99999
Epoch  319 | Cost: 0.758907 | Acc: 73.06% (Best: 73.33% @ Ep288) | LR: 0.000010 | Rev: 4/99999
Epoch  320 | Cost: 0.723442 | Acc: 71.94% (Best: 73.33% @ Ep288) | LR: 0.000010 | Rev: 0/99999
Epoch  321 | Cost: 0.714837 | Acc: 72.78% (Best: 73.33% @ Ep288) | LR: 0.000010 | Rev: 0/99999
Epoch  322 | Cost: 0.771890 | Acc: 71.94% (Best: 73.33% @ Ep288) | LR: 0.000010 | Rev: 1/99999
Epoch  323 | Cost: 0.730747 | Acc: 72.78% (Best: 73.33% @ Ep288) | LR: 0.000010 | Rev: 0/99999
Epoch  324 | Cost: 0.746793 | Acc: 72.22% (Best: 73.33% @ Ep288) | LR: 0.000010 | Rev: 1/99999
Epoch  325 | Cost: 0.737407 | Acc: 72.50% (Best: 73.33% @ Ep288) | LR: 0.000010 | Rev: 0/99999
Epoch  326 | Cost: 0.738959 | Acc: 72.78% (Best: 73.33% @ Ep288) | LR: 0.000010 | Rev: 1/99999
Epoch  327 | Cost: 0.727605 | Acc: 72.50% (Best: 73.33% @ Ep288) | LR: 0.000010 | Rev: 0/99999
Epoch  328 | Cost: 0.726923 | Acc: 73.33% (Best: 73.33% @ Ep288) | LR: 0.000010 | Rev: 0/99999
Epoch  329 | Cost: 0.730043 | Acc: 72.22% (Best: 73.33% @ Ep288) | LR: 0.000010 | Rev: 1/99999
Epoch  330 | Cost: 0.740363 | Acc: 73.06% (Best: 73.33% @ Ep288) | LR: 0.000010 | Rev: 2/99999
Epoch  331 | Cost: 0.751122 | Acc: 72.50% (Best: 73.33% @ Ep288) | LR: 0.000010 | Rev: 3/99999
Epoch  332 | Cost: 0.752474 | Acc: 72.78% (Best: 73.33% @ Ep288) | LR: 0.000010 | Rev: 4/99999
Epoch  333 | Cost: 0.743194 | Acc: 71.94% (Best: 73.33% @ Ep288) | LR: 0.000010 | Rev: 0/99999
Epoch  334 | Cost: 0.737326 | Acc: 71.39% (Best: 73.33% @ Ep288) | LR: 0.000010 | Rev: 0/99999
Epoch  335 | Cost: 0.749513 | Acc: 73.33% (Best: 73.33% @ Ep288) | LR: 0.000010 | Rev: 1/99999
Epoch  336 | Cost: 0.727778 | Acc: 72.78% (Best: 73.33% @ Ep288) | LR: 0.000010 | Rev: 0/99999
Epoch  337 | Cost: 0.749757 | Acc: 72.22% (Best: 73.33% @ Ep288) | LR: 0.000010 | Rev: 1/99999
Epoch  338 | Cost: 0.736499 | Acc: 72.78% (Best: 73.33% @ Ep288) | LR: 0.000020 | Rev: 0/99999
Epoch  339 | Cost: 0.747195 | Acc: 72.78% (Best: 73.33% @ Ep288) | LR: 0.000020 | Rev: 1/99999
Epoch  340 | Cost: 0.720867 | Acc: 72.50% (Best: 73.33% @ Ep288) | LR: 0.000020 | Rev: 0/99999
Epoch  341 | Cost: 0.759310 | Acc: 71.67% (Best: 73.33% @ Ep288) | LR: 0.000020 | Rev: 1/99999
Epoch  342 | Cost: 0.717503 | Acc: 72.22% (Best: 73.33% @ Ep288) | LR: 0.000020 | Rev: 0/99999
Epoch  343 | Cost: 0.750588 | Acc: 71.94% (Best: 73.33% @ Ep288) | LR: 0.000020 | Rev: 1/99999
Epoch  344 | Cost: 0.769164 | Acc: 71.94% (Best: 73.33% @ Ep288) | LR: 0.000020 | Rev: 2/99999
Epoch  345 | Cost: 0.749397 | Acc: 72.22% (Best: 73.33% @ Ep288) | LR: 0.000020 | Rev: 0/99999
Epoch  346 | Cost: 0.733960 | Acc: 72.22% (Best: 73.33% @ Ep288) | LR: 0.000020 | Rev: 0/99999
Epoch  347 | Cost: 0.746027 | Acc: 73.06% (Best: 73.33% @ Ep288) | LR: 0.000020 | Rev: 1/99999
Epoch  348 | Cost: 0.741762 | Acc: 71.67% (Best: 73.33% @ Ep288) | LR: 0.000030 | Rev: 0/99999
Epoch  349 | Cost: 0.771125 | Acc: 71.94% (Best: 73.33% @ Ep288) | LR: 0.000030 | Rev: 1/99999
Epoch  350 | Cost: 0.735669 | Acc: 72.22% (Best: 73.33% @ Ep288) | LR: 0.000030 | Rev: 0/99999
Epoch  351 | Cost: 0.732556 | Acc: 71.11% (Best: 73.33% @ Ep288) | LR: 0.000030 | Rev: 0/99999
Epoch  352 | Cost: 0.724250 | Acc: 72.50% (Best: 73.33% @ Ep288) | LR: 0.000030 | Rev: 0/99999
Epoch  353 | Cost: 0.743196 | Acc: 71.39% (Best: 73.33% @ Ep288) | LR: 0.000030 | Rev: 1/99999
Epoch  354 | Cost: 0.753057 | Acc: 72.78% (Best: 73.33% @ Ep288) | LR: 0.000030 | Rev: 2/99999
Epoch  355 | Cost: 0.771741 | Acc: 71.39% (Best: 73.33% @ Ep288) | LR: 0.000030 | Rev: 3/99999
Epoch  356 | Cost: 0.728566 | Acc: 72.78% (Best: 73.33% @ Ep288) | LR: 0.000030 | Rev: 0/99999
Epoch  357 | Cost: 0.768536 | Acc: 72.22% (Best: 73.33% @ Ep288) | LR: 0.000030 | Rev: 1/99999
Epoch  358 | Cost: 0.745472 | Acc: 71.67% (Best: 73.33% @ Ep288) | LR: 0.000040 | Rev: 0/99999
Epoch  359 | Cost: 0.731408 | Acc: 71.67% (Best: 73.33% @ Ep288) | LR: 0.000040 | Rev: 0/99999
Epoch  360 | Cost: 0.740359 | Acc: 72.50% (Best: 73.33% @ Ep288) | LR: 0.000040 | Rev: 1/99999
Epoch  361 | Cost: 0.747316 | Acc: 72.78% (Best: 73.33% @ Ep288) | LR: 0.000040 | Rev: 2/99999
Epoch  362 | Cost: 0.736945 | Acc: 72.50% (Best: 73.33% @ Ep288) | LR: 0.000040 | Rev: 0/99999
Epoch  363 | Cost: 0.734886 | Acc: 71.67% (Best: 73.33% @ Ep288) | LR: 0.000040 | Rev: 0/99999
Epoch  364 | Cost: 0.760488 | Acc: 73.06% (Best: 73.33% @ Ep288) | LR: 0.000040 | Rev: 1/99999
Epoch  365 | Cost: 0.719661 | Acc: 71.11% (Best: 73.33% @ Ep288) | LR: 0.000040 | Rev: 0/99999
Epoch  366 | Cost: 0.774887 | Acc: 71.67% (Best: 73.33% @ Ep288) | LR: 0.000040 | Rev: 1/99999
Epoch  367 | Cost: 0.750344 | Acc: 71.67% (Best: 73.33% @ Ep288) | LR: 0.000040 | Rev: 0/99999
Epoch  368 | Cost: 0.735784 | Acc: 71.11% (Best: 73.33% @ Ep288) | LR: 0.000050 | Rev: 0/99999
Epoch  369 | Cost: 0.743144 | Acc: 71.94% (Best: 73.33% @ Ep288) | LR: 0.000050 | Rev: 1/99999
Epoch  370 | Cost: 0.737902 | Acc: 71.11% (Best: 73.33% @ Ep288) | LR: 0.000050 | Rev: 0/99999
Epoch  371 | Cost: 0.741453 | Acc: 72.22% (Best: 73.33% @ Ep288) | LR: 0.000050 | Rev: 1/99999
Epoch  372 | Cost: 0.773091 | Acc: 70.83% (Best: 73.33% @ Ep288) | LR: 0.000050 | Rev: 2/99999
Epoch  373 | Cost: 0.767320 | Acc: 72.50% (Best: 73.33% @ Ep288) | LR: 0.000050 | Rev: 0/99999
Epoch  374 | Cost: 0.767336 | Acc: 72.50% (Best: 73.33% @ Ep288) | LR: 0.000050 | Rev: 1/99999
Epoch  375 | Cost: 0.741495 | Acc: 71.39% (Best: 73.33% @ Ep288) | LR: 0.000050 | Rev: 0/99999
Epoch  376 | Cost: 0.754238 | Acc: 71.94% (Best: 73.33% @ Ep288) | LR: 0.000050 | Rev: 1/99999
Epoch  377 | Cost: 0.758613 | Acc: 71.94% (Best: 73.33% @ Ep288) | LR: 0.000050 | Rev: 2/99999
Epoch  378 | Cost: 0.744006 | Acc: 70.83% (Best: 73.33% @ Ep288) | LR: 0.000060 | Rev: 0/99999
Epoch  379 | Cost: 0.759336 | Acc: 72.22% (Best: 73.33% @ Ep288) | LR: 0.000060 | Rev: 1/99999
Epoch  380 | Cost: 0.758756 | Acc: 68.89% (Best: 73.33% @ Ep288) | LR: 0.000060 | Rev: 0/99999
Epoch  381 | Cost: 0.764542 | Acc: 71.39% (Best: 73.33% @ Ep288) | LR: 0.000060 | Rev: 1/99999
Epoch  382 | Cost: 0.774359 | Acc: 72.22% (Best: 73.33% @ Ep288) | LR: 0.000060 | Rev: 2/99999
Epoch  383 | Cost: 0.763028 | Acc: 72.78% (Best: 73.33% @ Ep288) | LR: 0.000060 | Rev: 0/99999
Epoch  384 | Cost: 0.782969 | Acc: 69.44% (Best: 73.33% @ Ep288) | LR: 0.000060 | Rev: 1/99999
Epoch  385 | Cost: 0.756112 | Acc: 69.44% (Best: 73.33% @ Ep288) | LR: 0.000060 | Rev: 0/99999
Epoch  386 | Cost: 0.754241 | Acc: 71.94% (Best: 73.33% @ Ep288) | LR: 0.000060 | Rev: 0/99999
Epoch  387 | Cost: 0.774269 | Acc: 70.56% (Best: 73.33% @ Ep288) | LR: 0.000060 | Rev: 1/99999
Epoch  388 | Cost: 0.766801 | Acc: 70.83% (Best: 73.33% @ Ep288) | LR: 0.000070 | Rev: 0/99999
Epoch  389 | Cost: 0.755660 | Acc: 69.44% (Best: 73.33% @ Ep288) | LR: 0.000070 | Rev: 0/99999
Epoch  390 | Cost: 0.771053 | Acc: 71.11% (Best: 73.33% @ Ep288) | LR: 0.000070 | Rev: 1/99999
Epoch  391 | Cost: 0.777384 | Acc: 70.56% (Best: 73.33% @ Ep288) | LR: 0.000070 | Rev: 2/99999
Epoch  392 | Cost: 0.775487 | Acc: 70.28% (Best: 73.33% @ Ep288) | LR: 0.000070 | Rev: 0/99999
Epoch  393 | Cost: 0.767261 | Acc: 71.67% (Best: 73.33% @ Ep288) | LR: 0.000070 | Rev: 0/99999
Epoch  394 | Cost: 0.774848 | Acc: 69.72% (Best: 73.33% @ Ep288) | LR: 0.000070 | Rev: 1/99999
Epoch  395 | Cost: 0.796539 | Acc: 69.72% (Best: 73.33% @ Ep288) | LR: 0.000070 | Rev: 2/99999
Epoch  396 | Cost: 0.777231 | Acc: 70.83% (Best: 73.33% @ Ep288) | LR: 0.000070 | Rev: 0/99999
Epoch  397 | Cost: 0.778059 | Acc: 70.56% (Best: 73.33% @ Ep288) | LR: 0.000070 | Rev: 1/99999
Epoch  398 | Cost: 0.769905 | Acc: 68.61% (Best: 73.33% @ Ep288) | LR: 0.000080 | Rev: 0/99999
Epoch  399 | Cost: 0.804112 | Acc: 70.56% (Best: 73.33% @ Ep288) | LR: 0.000080 | Rev: 1/99999
Epoch  400 | Cost: 0.756500 | Acc: 70.83% (Best: 73.33% @ Ep288) | LR: 0.000080 | Rev: 0/99999
Epoch  401 | Cost: 0.737967 | Acc: 71.11% (Best: 73.33% @ Ep288) | LR: 0.000080 | Rev: 0/99999
Epoch  402 | Cost: 0.779606 | Acc: 68.89% (Best: 73.33% @ Ep288) | LR: 0.000080 | Rev: 1/99999
Epoch  403 | Cost: 0.786022 | Acc: 70.00% (Best: 73.33% @ Ep288) | LR: 0.000080 | Rev: 2/99999
Epoch  404 | Cost: 0.754093 | Acc: 72.50% (Best: 73.33% @ Ep288) | LR: 0.000080 | Rev: 0/99999
Epoch  405 | Cost: 0.753624 | Acc: 70.56% (Best: 73.33% @ Ep288) | LR: 0.000080 | Rev: 0/99999
Epoch  406 | Cost: 0.755821 | Acc: 73.89% (Best: 73.89% @ Ep406) | LR: 0.000010 | Rev: 1/99999
Epoch  407 | Cost: 0.728467 | Acc: 72.22% (Best: 73.89% @ Ep406) | LR: 0.000010 | Rev: 0/99999
Epoch  408 | Cost: 0.723614 | Acc: 72.50% (Best: 73.89% @ Ep406) | LR: 0.000010 | Rev: 0/99999
Epoch  409 | Cost: 0.748853 | Acc: 71.94% (Best: 73.89% @ Ep406) | LR: 0.000010 | Rev: 1/99999
Epoch  410 | Cost: 0.734491 | Acc: 71.94% (Best: 73.89% @ Ep406) | LR: 0.000010 | Rev: 0/99999
Epoch  411 | Cost: 0.723827 | Acc: 72.22% (Best: 73.89% @ Ep406) | LR: 0.000010 | Rev: 0/99999
Epoch  412 | Cost: 0.713098 | Acc: 72.22% (Best: 73.89% @ Ep406) | LR: 0.000010 | Rev: 0/99999
Epoch  413 | Cost: 0.730128 | Acc: 72.50% (Best: 73.89% @ Ep406) | LR: 0.000010 | Rev: 1/99999
Epoch  414 | Cost: 0.727151 | Acc: 72.22% (Best: 73.89% @ Ep406) | LR: 0.000010 | Rev: 0/99999
Epoch  415 | Cost: 0.705446 | Acc: 72.22% (Best: 73.89% @ Ep406) | LR: 0.000010 | Rev: 0/99999
Epoch  416 | Cost: 0.753220 | Acc: 72.78% (Best: 73.89% @ Ep406) | LR: 0.000010 | Rev: 1/99999
Epoch  417 | Cost: 0.740141 | Acc: 73.06% (Best: 73.89% @ Ep406) | LR: 0.000010 | Rev: 0/99999
Epoch  418 | Cost: 0.705780 | Acc: 72.50% (Best: 73.89% @ Ep406) | LR: 0.000010 | Rev: 0/99999
Epoch  419 | Cost: 0.781294 | Acc: 73.06% (Best: 73.89% @ Ep406) | LR: 0.000010 | Rev: 1/99999
Epoch  420 | Cost: 0.719371 | Acc: 72.50% (Best: 73.89% @ Ep406) | LR: 0.000010 | Rev: 0/99999
Epoch  421 | Cost: 0.714895 | Acc: 72.50% (Best: 73.89% @ Ep406) | LR: 0.000010 | Rev: 0/99999
Epoch  422 | Cost: 0.740141 | Acc: 72.50% (Best: 73.89% @ Ep406) | LR: 0.000010 | Rev: 1/99999
Epoch  423 | Cost: 0.746663 | Acc: 72.78% (Best: 73.89% @ Ep406) | LR: 0.000010 | Rev: 2/99999
Epoch  424 | Cost: 0.732385 | Acc: 72.50% (Best: 73.89% @ Ep406) | LR: 0.000010 | Rev: 0/99999
Epoch  425 | Cost: 0.732918 | Acc: 72.50% (Best: 73.89% @ Ep406) | LR: 0.000010 | Rev: 1/99999
Epoch  426 | Cost: 0.724983 | Acc: 72.78% (Best: 73.89% @ Ep406) | LR: 0.000010 | Rev: 0/99999
Epoch  427 | Cost: 0.724252 | Acc: 71.67% (Best: 73.89% @ Ep406) | LR: 0.000010 | Rev: 0/99999
Epoch  428 | Cost: 0.727785 | Acc: 72.22% (Best: 73.89% @ Ep406) | LR: 0.000010 | Rev: 1/99999
Epoch  429 | Cost: 0.718090 | Acc: 72.78% (Best: 73.89% @ Ep406) | LR: 0.000010 | Rev: 0/99999
Epoch  430 | Cost: 0.724677 | Acc: 71.94% (Best: 73.89% @ Ep406) | LR: 0.000010 | Rev: 1/99999
Epoch  431 | Cost: 0.728485 | Acc: 73.06% (Best: 73.89% @ Ep406) | LR: 0.000010 | Rev: 2/99999
Epoch  432 | Cost: 0.733212 | Acc: 72.50% (Best: 73.89% @ Ep406) | LR: 0.000010 | Rev: 3/99999
Epoch  433 | Cost: 0.716479 | Acc: 72.78% (Best: 73.89% @ Ep406) | LR: 0.000010 | Rev: 0/99999
Epoch  434 | Cost: 0.703327 | Acc: 71.94% (Best: 73.89% @ Ep406) | LR: 0.000010 | Rev: 0/99999
Epoch  435 | Cost: 0.714229 | Acc: 72.78% (Best: 73.89% @ Ep406) | LR: 0.000010 | Rev: 1/99999
Epoch  436 | Cost: 0.710877 | Acc: 73.33% (Best: 73.89% @ Ep406) | LR: 0.000010 | Rev: 0/99999
Epoch  437 | Cost: 0.741027 | Acc: 72.22% (Best: 73.89% @ Ep406) | LR: 0.000010 | Rev: 1/99999
Epoch  438 | Cost: 0.726015 | Acc: 72.50% (Best: 73.89% @ Ep406) | LR: 0.000010 | Rev: 0/99999
Epoch  439 | Cost: 0.722082 | Acc: 72.50% (Best: 73.89% @ Ep406) | LR: 0.000010 | Rev: 0/99999
Epoch  440 | Cost: 0.722091 | Acc: 72.22% (Best: 73.89% @ Ep406) | LR: 0.000010 | Rev: 1/99999
Epoch  441 | Cost: 0.747349 | Acc: 73.06% (Best: 73.89% @ Ep406) | LR: 0.000010 | Rev: 2/99999
Epoch  442 | Cost: 0.776916 | Acc: 73.33% (Best: 73.89% @ Ep406) | LR: 0.000010 | Rev: 3/99999
Epoch  443 | Cost: 0.724725 | Acc: 72.22% (Best: 73.89% @ Ep406) | LR: 0.000010 | Rev: 0/99999
Epoch  444 | Cost: 0.725230 | Acc: 71.94% (Best: 73.89% @ Ep406) | LR: 0.000010 | Rev: 1/99999
Epoch  445 | Cost: 0.741808 | Acc: 72.22% (Best: 73.89% @ Ep406) | LR: 0.000010 | Rev: 2/99999
Epoch  446 | Cost: 0.713671 | Acc: 72.50% (Best: 73.89% @ Ep406) | LR: 0.000010 | Rev: 0/99999
Epoch  447 | Cost: 0.733060 | Acc: 72.22% (Best: 73.89% @ Ep406) | LR: 0.000010 | Rev: 1/99999
Epoch  448 | Cost: 0.703738 | Acc: 72.50% (Best: 73.89% @ Ep406) | LR: 0.000010 | Rev: 0/99999
Epoch  449 | Cost: 0.732418 | Acc: 72.50% (Best: 73.89% @ Ep406) | LR: 0.000010 | Rev: 1/99999
Epoch  450 | Cost: 0.725822 | Acc: 73.33% (Best: 73.89% @ Ep406) | LR: 0.000010 | Rev: 0/99999
Epoch  451 | Cost: 0.698777 | Acc: 72.22% (Best: 73.89% @ Ep406) | LR: 0.000010 | Rev: 0/99999
Epoch  452 | Cost: 0.715738 | Acc: 72.22% (Best: 73.89% @ Ep406) | LR: 0.000010 | Rev: 1/99999
Epoch  453 | Cost: 0.720645 | Acc: 73.06% (Best: 73.89% @ Ep406) | LR: 0.000010 | Rev: 2/99999
Epoch  454 | Cost: 0.711155 | Acc: 72.22% (Best: 73.89% @ Ep406) | LR: 0.000010 | Rev: 0/99999
Epoch  455 | Cost: 0.730088 | Acc: 73.06% (Best: 73.89% @ Ep406) | LR: 0.000010 | Rev: 1/99999
Epoch  456 | Cost: 0.718167 | Acc: 72.22% (Best: 73.89% @ Ep406) | LR: 0.000020 | Rev: 0/99999
Epoch  457 | Cost: 0.732544 | Acc: 72.78% (Best: 73.89% @ Ep406) | LR: 0.000020 | Rev: 1/99999
Epoch  458 | Cost: 0.722950 | Acc: 71.39% (Best: 73.89% @ Ep406) | LR: 0.000020 | Rev: 0/99999
Epoch  459 | Cost: 0.721699 | Acc: 72.22% (Best: 73.89% @ Ep406) | LR: 0.000020 | Rev: 0/99999
Epoch  460 | Cost: 0.754772 | Acc: 72.50% (Best: 73.89% @ Ep406) | LR: 0.000020 | Rev: 1/99999
Epoch  461 | Cost: 0.728559 | Acc: 71.94% (Best: 73.89% @ Ep406) | LR: 0.000020 | Rev: 0/99999
Epoch  462 | Cost: 0.722957 | Acc: 71.94% (Best: 73.89% @ Ep406) | LR: 0.000020 | Rev: 0/99999
Epoch  463 | Cost: 0.713440 | Acc: 71.67% (Best: 73.89% @ Ep406) | LR: 0.000020 | Rev: 0/99999
Epoch  464 | Cost: 0.710823 | Acc: 73.06% (Best: 73.89% @ Ep406) | LR: 0.000020 | Rev: 0/99999
Epoch  465 | Cost: 0.733441 | Acc: 72.50% (Best: 73.89% @ Ep406) | LR: 0.000020 | Rev: 1/99999
Epoch  466 | Cost: 0.739467 | Acc: 73.33% (Best: 73.89% @ Ep406) | LR: 0.000030 | Rev: 2/99999
Epoch  467 | Cost: 0.717472 | Acc: 72.50% (Best: 73.89% @ Ep406) | LR: 0.000030 | Rev: 0/99999
Epoch  468 | Cost: 0.722167 | Acc: 71.67% (Best: 73.89% @ Ep406) | LR: 0.000030 | Rev: 1/99999
Epoch  469 | Cost: 0.730181 | Acc: 72.50% (Best: 73.89% @ Ep406) | LR: 0.000030 | Rev: 2/99999
Epoch  470 | Cost: 0.717363 | Acc: 71.39% (Best: 73.89% @ Ep406) | LR: 0.000030 | Rev: 0/99999
Epoch  471 | Cost: 0.730144 | Acc: 72.50% (Best: 73.89% @ Ep406) | LR: 0.000030 | Rev: 1/99999
Epoch  472 | Cost: 0.730180 | Acc: 71.67% (Best: 73.89% @ Ep406) | LR: 0.000030 | Rev: 2/99999
Epoch  473 | Cost: 0.738012 | Acc: 72.78% (Best: 73.89% @ Ep406) | LR: 0.000030 | Rev: 3/99999
Epoch  474 | Cost: 0.738959 | Acc: 72.50% (Best: 73.89% @ Ep406) | LR: 0.000030 | Rev: 4/99999
Epoch  475 | Cost: 0.744211 | Acc: 72.78% (Best: 73.89% @ Ep406) | LR: 0.000030 | Rev: 5/99999
Epoch  476 | Cost: 0.739841 | Acc: 71.67% (Best: 73.89% @ Ep406) | LR: 0.000040 | Rev: 0/99999
Epoch  477 | Cost: 0.721800 | Acc: 71.94% (Best: 73.89% @ Ep406) | LR: 0.000040 | Rev: 0/99999
Epoch  478 | Cost: 0.725716 | Acc: 70.28% (Best: 73.89% @ Ep406) | LR: 0.000040 | Rev: 1/99999
Epoch  479 | Cost: 0.737289 | Acc: 72.22% (Best: 73.89% @ Ep406) | LR: 0.000040 | Rev: 2/99999
Epoch  480 | Cost: 0.774188 | Acc: 71.67% (Best: 73.89% @ Ep406) | LR: 0.000040 | Rev: 3/99999
Epoch  481 | Cost: 0.752717 | Acc: 72.50% (Best: 73.89% @ Ep406) | LR: 0.000040 | Rev: 0/99999
Epoch  482 | Cost: 0.743452 | Acc: 72.22% (Best: 73.89% @ Ep406) | LR: 0.000040 | Rev: 0/99999
Epoch  483 | Cost: 0.763564 | Acc: 72.22% (Best: 73.89% @ Ep406) | LR: 0.000040 | Rev: 1/99999
Epoch  484 | Cost: 0.724528 | Acc: 72.22% (Best: 73.89% @ Ep406) | LR: 0.000040 | Rev: 0/99999
Epoch  485 | Cost: 0.744503 | Acc: 71.94% (Best: 73.89% @ Ep406) | LR: 0.000040 | Rev: 1/99999
Epoch  486 | Cost: 0.726155 | Acc: 71.39% (Best: 73.89% @ Ep406) | LR: 0.000050 | Rev: 0/99999
Epoch  487 | Cost: 0.708105 | Acc: 72.22% (Best: 73.89% @ Ep406) | LR: 0.000050 | Rev: 0/99999
Epoch  488 | Cost: 0.721124 | Acc: 72.50% (Best: 73.89% @ Ep406) | LR: 0.000050 | Rev: 1/99999
Epoch  489 | Cost: 0.742723 | Acc: 72.50% (Best: 73.89% @ Ep406) | LR: 0.000050 | Rev: 2/99999
Epoch  490 | Cost: 0.720802 | Acc: 71.39% (Best: 73.89% @ Ep406) | LR: 0.000050 | Rev: 0/99999
Epoch  491 | Cost: 0.749862 | Acc: 71.94% (Best: 73.89% @ Ep406) | LR: 0.000050 | Rev: 1/99999
Epoch  492 | Cost: 0.747687 | Acc: 70.83% (Best: 73.89% @ Ep406) | LR: 0.000050 | Rev: 0/99999
Epoch  493 | Cost: 0.754428 | Acc: 72.78% (Best: 73.89% @ Ep406) | LR: 0.000050 | Rev: 1/99999
Epoch  494 | Cost: 0.729213 | Acc: 71.11% (Best: 73.89% @ Ep406) | LR: 0.000050 | Rev: 0/99999
Epoch  495 | Cost: 0.742706 | Acc: 71.11% (Best: 73.89% @ Ep406) | LR: 0.000050 | Rev: 1/99999
Epoch  496 | Cost: 0.751039 | Acc: 71.67% (Best: 73.89% @ Ep406) | LR: 0.000060 | Rev: 2/99999
Epoch  497 | Cost: 0.737792 | Acc: 71.94% (Best: 73.89% @ Ep406) | LR: 0.000060 | Rev: 0/99999
Epoch  498 | Cost: 0.726460 | Acc: 72.50% (Best: 73.89% @ Ep406) | LR: 0.000060 | Rev: 0/99999
Epoch  499 | Cost: 0.724025 | Acc: 72.22% (Best: 73.89% @ Ep406) | LR: 0.000060 | Rev: 0/99999
Epoch  500 | Cost: 0.752910 | Acc: 71.94% (Best: 73.89% @ Ep406) | LR: 0.000060 | Rev: 1/99999
Epoch  501 | Cost: 0.742442 | Acc: 71.94% (Best: 73.89% @ Ep406) | LR: 0.000060 | Rev: 0/99999
Epoch  502 | Cost: 0.735262 | Acc: 70.56% (Best: 73.89% @ Ep406) | LR: 0.000060 | Rev: 0/99999
Epoch  503 | Cost: 0.729225 | Acc: 71.67% (Best: 73.89% @ Ep406) | LR: 0.000060 | Rev: 0/99999
Epoch  504 | Cost: 0.760704 | Acc: 71.94% (Best: 73.89% @ Ep406) | LR: 0.000060 | Rev: 1/99999
Epoch  505 | Cost: 0.725915 | Acc: 71.39% (Best: 73.89% @ Ep406) | LR: 0.000060 | Rev: 0/99999
Epoch  506 | Cost: 0.736065 | Acc: 70.28% (Best: 73.89% @ Ep406) | LR: 0.000070 | Rev: 1/99999
Epoch  507 | Cost: 0.761402 | Acc: 71.39% (Best: 73.89% @ Ep406) | LR: 0.000070 | Rev: 2/99999
Epoch  508 | Cost: 0.777632 | Acc: 70.56% (Best: 73.89% @ Ep406) | LR: 0.000070 | Rev: 3/99999
Epoch  509 | Cost: 0.747115 | Acc: 70.83% (Best: 73.89% @ Ep406) | LR: 0.000070 | Rev: 0/99999
Epoch  510 | Cost: 0.790919 | Acc: 71.94% (Best: 73.89% @ Ep406) | LR: 0.000070 | Rev: 1/99999
Epoch  511 | Cost: 0.747162 | Acc: 69.72% (Best: 73.89% @ Ep406) | LR: 0.000070 | Rev: 0/99999
Epoch  512 | Cost: 0.755424 | Acc: 71.39% (Best: 73.89% @ Ep406) | LR: 0.000070 | Rev: 1/99999
Epoch  513 | Cost: 0.772426 | Acc: 73.06% (Best: 73.89% @ Ep406) | LR: 0.000070 | Rev: 2/99999
Epoch  514 | Cost: 0.738664 | Acc: 71.94% (Best: 73.89% @ Ep406) | LR: 0.000070 | Rev: 0/99999
Epoch  515 | Cost: 0.778297 | Acc: 70.00% (Best: 73.89% @ Ep406) | LR: 0.000070 | Rev: 1/99999
Epoch  516 | Cost: 0.756355 | Acc: 71.39% (Best: 73.89% @ Ep406) | LR: 0.000080 | Rev: 0/99999
Epoch  517 | Cost: 0.767557 | Acc: 70.83% (Best: 73.89% @ Ep406) | LR: 0.000080 | Rev: 1/99999
Epoch  518 | Cost: 0.746367 | Acc: 72.50% (Best: 73.89% @ Ep406) | LR: 0.000080 | Rev: 0/99999
Epoch  519 | Cost: 0.763523 | Acc: 71.39% (Best: 73.89% @ Ep406) | LR: 0.000080 | Rev: 1/99999
Epoch  520 | Cost: 0.737166 | Acc: 71.94% (Best: 73.89% @ Ep406) | LR: 0.000080 | Rev: 0/99999
Epoch  521 | Cost: 0.759544 | Acc: 71.11% (Best: 73.89% @ Ep406) | LR: 0.000080 | Rev: 1/99999
Epoch  522 | Cost: 0.751217 | Acc: 72.22% (Best: 73.89% @ Ep406) | LR: 0.000080 | Rev: 0/99999
Epoch  523 | Cost: 0.739924 | Acc: 73.33% (Best: 73.89% @ Ep406) | LR: 0.000080 | Rev: 0/99999
Epoch  524 | Cost: 0.749223 | Acc: 71.67% (Best: 73.89% @ Ep406) | LR: 0.000080 | Rev: 1/99999
Epoch  525 | Cost: 0.724722 | Acc: 73.33% (Best: 73.89% @ Ep406) | LR: 0.000080 | Rev: 0/99999
Epoch  526 | Cost: 0.757062 | Acc: 72.22% (Best: 73.89% @ Ep406) | LR: 0.000090 | Rev: 1/99999
Epoch  527 | Cost: 0.751164 | Acc: 70.56% (Best: 73.89% @ Ep406) | LR: 0.000090 | Rev: 0/99999
Epoch  528 | Cost: 0.775694 | Acc: 69.44% (Best: 73.89% @ Ep406) | LR: 0.000090 | Rev: 1/99999
Epoch  529 | Cost: 0.737334 | Acc: 70.56% (Best: 73.89% @ Ep406) | LR: 0.000090 | Rev: 0/99999
Epoch  530 | Cost: 0.782224 | Acc: 71.39% (Best: 73.89% @ Ep406) | LR: 0.000090 | Rev: 1/99999
Epoch  531 | Cost: 0.787560 | Acc: 71.39% (Best: 73.89% @ Ep406) | LR: 0.000090 | Rev: 2/99999
Epoch  532 | Cost: 0.752834 | Acc: 71.11% (Best: 73.89% @ Ep406) | LR: 0.000090 | Rev: 0/99999
Epoch  533 | Cost: 0.743919 | Acc: 70.83% (Best: 73.89% @ Ep406) | LR: 0.000090 | Rev: 0/99999
Epoch  534 | Cost: 0.772422 | Acc: 71.94% (Best: 73.89% @ Ep406) | LR: 0.000090 | Rev: 1/99999
Epoch  535 | Cost: 0.761022 | Acc: 69.72% (Best: 73.89% @ Ep406) | LR: 0.000090 | Rev: 0/99999
Epoch  536 | Cost: 0.738720 | Acc: 72.22% (Best: 73.89% @ Ep406) | LR: 0.000100 | Rev: 0/99999
Epoch  537 | Cost: 0.741882 | Acc: 70.83% (Best: 73.89% @ Ep406) | LR: 0.000100 | Rev: 1/99999
Epoch  538 | Cost: 0.769608 | Acc: 71.11% (Best: 73.89% @ Ep406) | LR: 0.000100 | Rev: 2/99999
Epoch  539 | Cost: 0.775324 | Acc: 68.61% (Best: 73.89% @ Ep406) | LR: 0.000100 | Rev: 3/99999
Epoch  540 | Cost: 0.769978 | Acc: 67.78% (Best: 73.89% @ Ep406) | LR: 0.000100 | Rev: 0/99999
Epoch  541 | Cost: 0.746191 | Acc: 70.83% (Best: 73.89% @ Ep406) | LR: 0.000100 | Rev: 0/99999
Epoch  542 | Cost: 0.755399 | Acc: 71.67% (Best: 73.89% @ Ep406) | LR: 0.000100 | Rev: 1/99999
Epoch  543 | Cost: 0.742442 | Acc: 71.11% (Best: 73.89% @ Ep406) | LR: 0.000100 | Rev: 0/99999
Epoch  544 | Cost: 0.779579 | Acc: 71.67% (Best: 73.89% @ Ep406) | LR: 0.000100 | Rev: 1/99999
Epoch  545 | Cost: 0.752764 | Acc: 70.83% (Best: 73.89% @ Ep406) | LR: 0.000100 | Rev: 0/99999
Epoch  546 | Cost: 0.761400 | Acc: 70.28% (Best: 73.89% @ Ep406) | LR: 0.000110 | Rev: 1/99999
Epoch  547 | Cost: 0.743732 | Acc: 72.50% (Best: 73.89% @ Ep406) | LR: 0.000110 | Rev: 0/99999
Epoch  548 | Cost: 0.755687 | Acc: 71.39% (Best: 73.89% @ Ep406) | LR: 0.000110 | Rev: 1/99999
Epoch  549 | Cost: 0.765589 | Acc: 69.72% (Best: 73.89% @ Ep406) | LR: 0.000110 | Rev: 2/99999
Epoch  550 | Cost: 0.752483 | Acc: 70.83% (Best: 73.89% @ Ep406) | LR: 0.000110 | Rev: 0/99999
Epoch  551 | Cost: 0.783454 | Acc: 71.94% (Best: 73.89% @ Ep406) | LR: 0.000110 | Rev: 1/99999
Epoch  552 | Cost: 0.761983 | Acc: 71.94% (Best: 73.89% @ Ep406) | LR: 0.000110 | Rev: 0/99999
Epoch  553 | Cost: 0.740597 | Acc: 72.50% (Best: 73.89% @ Ep406) | LR: 0.000110 | Rev: 0/99999
Epoch  554 | Cost: 0.743881 | Acc: 71.39% (Best: 73.89% @ Ep406) | LR: 0.000110 | Rev: 1/99999
Epoch  555 | Cost: 0.759537 | Acc: 72.50% (Best: 73.89% @ Ep406) | LR: 0.000110 | Rev: 2/99999
Epoch  556 | Cost: 0.743380 | Acc: 70.56% (Best: 73.89% @ Ep406) | LR: 0.000120 | Rev: 0/99999
Epoch  557 | Cost: 0.773765 | Acc: 70.28% (Best: 73.89% @ Ep406) | LR: 0.000120 | Rev: 1/99999
Epoch  558 | Cost: 0.763636 | Acc: 69.72% (Best: 73.89% @ Ep406) | LR: 0.000120 | Rev: 0/99999
Epoch  559 | Cost: 0.739677 | Acc: 70.56% (Best: 73.89% @ Ep406) | LR: 0.000120 | Rev: 0/99999
Epoch  560 | Cost: 0.764941 | Acc: 71.94% (Best: 73.89% @ Ep406) | LR: 0.000120 | Rev: 1/99999
Epoch  561 | Cost: 0.755464 | Acc: 71.39% (Best: 73.89% @ Ep406) | LR: 0.000120 | Rev: 0/99999
Epoch  562 | Cost: 0.747420 | Acc: 67.50% (Best: 73.89% @ Ep406) | LR: 0.000120 | Rev: 0/99999
Epoch  563 | Cost: 0.754553 | Acc: 70.00% (Best: 73.89% @ Ep406) | LR: 0.000120 | Rev: 1/99999
Epoch  564 | Cost: 0.771187 | Acc: 72.22% (Best: 73.89% @ Ep406) | LR: 0.000120 | Rev: 2/99999
Epoch  565 | Cost: 0.761795 | Acc: 73.06% (Best: 73.89% @ Ep406) | LR: 0.000120 | Rev: 0/99999
Epoch  566 | Cost: 0.789016 | Acc: 70.56% (Best: 73.89% @ Ep406) | LR: 0.000130 | Rev: 1/99999
Epoch  567 | Cost: 0.758482 | Acc: 67.78% (Best: 73.89% @ Ep406) | LR: 0.000130 | Rev: 0/99999
Epoch  568 | Cost: 0.772426 | Acc: 70.83% (Best: 73.89% @ Ep406) | LR: 0.000130 | Rev: 1/99999
Epoch  569 | Cost: 0.777600 | Acc: 72.78% (Best: 73.89% @ Ep406) | LR: 0.000130 | Rev: 2/99999
Epoch  570 | Cost: 0.783341 | Acc: 70.56% (Best: 73.89% @ Ep406) | LR: 0.000130 | Rev: 3/99999
Epoch  571 | Cost: 0.745186 | Acc: 71.39% (Best: 73.89% @ Ep406) | LR: 0.000130 | Rev: 0/99999
Epoch  572 | Cost: 0.728375 | Acc: 72.78% (Best: 73.89% @ Ep406) | LR: 0.000130 | Rev: 0/99999
Epoch  573 | Cost: 0.739201 | Acc: 71.39% (Best: 73.89% @ Ep406) | LR: 0.000130 | Rev: 1/99999
Epoch  574 | Cost: 0.749894 | Acc: 69.17% (Best: 73.89% @ Ep406) | LR: 0.000130 | Rev: 2/99999
Epoch  575 | Cost: 0.774533 | Acc: 72.78% (Best: 73.89% @ Ep406) | LR: 0.000130 | Rev: 3/99999
Epoch  576 | Cost: 0.767356 | Acc: 70.83% (Best: 73.89% @ Ep406) | LR: 0.000140 | Rev: 0/99999
Epoch  577 | Cost: 0.742480 | Acc: 70.28% (Best: 73.89% @ Ep406) | LR: 0.000140 | Rev: 0/99999
Epoch  578 | Cost: 0.755443 | Acc: 70.56% (Best: 73.89% @ Ep406) | LR: 0.000140 | Rev: 1/99999
Epoch  579 | Cost: 0.739833 | Acc: 71.39% (Best: 73.89% @ Ep406) | LR: 0.000140 | Rev: 0/99999
Epoch  580 | Cost: 0.758275 | Acc: 72.78% (Best: 73.89% @ Ep406) | LR: 0.000140 | Rev: 1/99999
Epoch  581 | Cost: 0.767759 | Acc: 74.17% (Best: 74.17% @ Ep581) | LR: 0.000010 | Rev: 2/99999
Epoch  582 | Cost: 0.716189 | Acc: 73.89% (Best: 74.17% @ Ep581) | LR: 0.000010 | Rev: 0/99999
Epoch  583 | Cost: 0.688777 | Acc: 72.78% (Best: 74.17% @ Ep581) | LR: 0.000010 | Rev: 0/99999
Epoch  584 | Cost: 0.685678 | Acc: 72.78% (Best: 74.17% @ Ep581) | LR: 0.000010 | Rev: 0/99999
Epoch  585 | Cost: 0.692989 | Acc: 73.61% (Best: 74.17% @ Ep581) | LR: 0.000010 | Rev: 1/99999
Epoch  586 | Cost: 0.688068 | Acc: 73.33% (Best: 74.17% @ Ep581) | LR: 0.000010 | Rev: 0/99999
Epoch  587 | Cost: 0.701888 | Acc: 73.33% (Best: 74.17% @ Ep581) | LR: 0.000010 | Rev: 1/99999
Epoch  588 | Cost: 0.692183 | Acc: 73.33% (Best: 74.17% @ Ep581) | LR: 0.000010 | Rev: 0/99999
Epoch  589 | Cost: 0.680373 | Acc: 72.50% (Best: 74.17% @ Ep581) | LR: 0.000010 | Rev: 0/99999
Epoch  590 | Cost: 0.714507 | Acc: 73.89% (Best: 74.17% @ Ep581) | LR: 0.000010 | Rev: 1/99999
Epoch  591 | Cost: 0.703996 | Acc: 73.61% (Best: 74.17% @ Ep581) | LR: 0.000010 | Rev: 0/99999
Epoch  592 | Cost: 0.700345 | Acc: 72.22% (Best: 74.17% @ Ep581) | LR: 0.000010 | Rev: 0/99999
Epoch  593 | Cost: 0.704034 | Acc: 73.33% (Best: 74.17% @ Ep581) | LR: 0.000010 | Rev: 1/99999
Epoch  594 | Cost: 0.711878 | Acc: 73.06% (Best: 74.17% @ Ep581) | LR: 0.000010 | Rev: 2/99999
Epoch  595 | Cost: 0.702369 | Acc: 73.33% (Best: 74.17% @ Ep581) | LR: 0.000010 | Rev: 0/99999
Epoch  596 | Cost: 0.693172 | Acc: 73.89% (Best: 74.17% @ Ep581) | LR: 0.000010 | Rev: 0/99999
Epoch  597 | Cost: 0.712187 | Acc: 73.61% (Best: 74.17% @ Ep581) | LR: 0.000010 | Rev: 1/99999
Epoch  598 | Cost: 0.712885 | Acc: 73.89% (Best: 74.17% @ Ep581) | LR: 0.000010 | Rev: 2/99999
Epoch  599 | Cost: 0.692798 | Acc: 73.33% (Best: 74.17% @ Ep581) | LR: 0.000010 | Rev: 0/99999
Epoch  600 | Cost: 0.707581 | Acc: 73.61% (Best: 74.17% @ Ep581) | LR: 0.000010 | Rev: 1/99999
Epoch  601 | Cost: 0.708295 | Acc: 74.17% (Best: 74.17% @ Ep581) | LR: 0.000010 | Rev: 2/99999
Epoch  602 | Cost: 0.684491 | Acc: 73.06% (Best: 74.17% @ Ep581) | LR: 0.000010 | Rev: 0/99999
Epoch  603 | Cost: 0.693880 | Acc: 72.78% (Best: 74.17% @ Ep581) | LR: 0.000010 | Rev: 1/99999
Epoch  604 | Cost: 0.690370 | Acc: 73.33% (Best: 74.17% @ Ep581) | LR: 0.000010 | Rev: 0/99999
Epoch  605 | Cost: 0.688672 | Acc: 74.17% (Best: 74.17% @ Ep581) | LR: 0.000010 | Rev: 0/99999
Epoch  606 | Cost: 0.707769 | Acc: 73.61% (Best: 74.17% @ Ep581) | LR: 0.000010 | Rev: 1/99999
Epoch  607 | Cost: 0.714594 | Acc: 73.33% (Best: 74.17% @ Ep581) | LR: 0.000010 | Rev: 2/99999
Epoch  608 | Cost: 0.712542 | Acc: 73.61% (Best: 74.17% @ Ep581) | LR: 0.000010 | Rev: 0/99999
Epoch  609 | Cost: 0.706371 | Acc: 73.61% (Best: 74.17% @ Ep581) | LR: 0.000010 | Rev: 0/99999
Epoch  610 | Cost: 0.699026 | Acc: 73.33% (Best: 74.17% @ Ep581) | LR: 0.000010 | Rev: 0/99999
Epoch  611 | Cost: 0.694683 | Acc: 73.61% (Best: 74.17% @ Ep581) | LR: 0.000010 | Rev: 0/99999
Epoch  612 | Cost: 0.687444 | Acc: 72.78% (Best: 74.17% @ Ep581) | LR: 0.000010 | Rev: 0/99999
Epoch  613 | Cost: 0.700085 | Acc: 73.06% (Best: 74.17% @ Ep581) | LR: 0.000010 | Rev: 1/99999
Epoch  614 | Cost: 0.700537 | Acc: 73.33% (Best: 74.17% @ Ep581) | LR: 0.000010 | Rev: 2/99999
Epoch  615 | Cost: 0.698635 | Acc: 73.06% (Best: 74.17% @ Ep581) | LR: 0.000010 | Rev: 0/99999
Epoch  616 | Cost: 0.691858 | Acc: 73.33% (Best: 74.17% @ Ep581) | LR: 0.000010 | Rev: 0/99999
Epoch  617 | Cost: 0.703609 | Acc: 73.61% (Best: 74.17% @ Ep581) | LR: 0.000010 | Rev: 1/99999
Epoch  618 | Cost: 0.689443 | Acc: 73.33% (Best: 74.17% @ Ep581) | LR: 0.000010 | Rev: 0/99999
Epoch  619 | Cost: 0.683520 | Acc: 73.89% (Best: 74.17% @ Ep581) | LR: 0.000010 | Rev: 0/99999
Epoch  620 | Cost: 0.685244 | Acc: 73.89% (Best: 74.17% @ Ep581) | LR: 0.000010 | Rev: 1/99999
Epoch  621 | Cost: 0.689234 | Acc: 73.06% (Best: 74.17% @ Ep581) | LR: 0.000010 | Rev: 2/99999
Epoch  622 | Cost: 0.694016 | Acc: 73.33% (Best: 74.17% @ Ep581) | LR: 0.000010 | Rev: 3/99999
Epoch  623 | Cost: 0.712563 | Acc: 73.06% (Best: 74.17% @ Ep581) | LR: 0.000010 | Rev: 4/99999
Epoch  624 | Cost: 0.704478 | Acc: 73.33% (Best: 74.17% @ Ep581) | LR: 0.000010 | Rev: 0/99999
Epoch  625 | Cost: 0.699401 | Acc: 73.61% (Best: 74.17% @ Ep581) | LR: 0.000010 | Rev: 0/99999
Epoch  626 | Cost: 0.701225 | Acc: 73.33% (Best: 74.17% @ Ep581) | LR: 0.000010 | Rev: 1/99999
Epoch  627 | Cost: 0.685283 | Acc: 73.06% (Best: 74.17% @ Ep581) | LR: 0.000010 | Rev: 0/99999
Epoch  628 | Cost: 0.687829 | Acc: 73.33% (Best: 74.17% @ Ep581) | LR: 0.000010 | Rev: 1/99999
Epoch  629 | Cost: 0.708569 | Acc: 73.06% (Best: 74.17% @ Ep581) | LR: 0.000010 | Rev: 2/99999
Epoch  630 | Cost: 0.698224 | Acc: 73.06% (Best: 74.17% @ Ep581) | LR: 0.000010 | Rev: 0/99999
Epoch  631 | Cost: 0.713599 | Acc: 73.61% (Best: 74.17% @ Ep581) | LR: 0.000020 | Rev: 1/99999
Epoch  632 | Cost: 0.694402 | Acc: 73.06% (Best: 74.17% @ Ep581) | LR: 0.000020 | Rev: 0/99999
Epoch  633 | Cost: 0.717268 | Acc: 73.33% (Best: 74.17% @ Ep581) | LR: 0.000020 | Rev: 1/99999
Epoch  634 | Cost: 0.700064 | Acc: 73.61% (Best: 74.17% @ Ep581) | LR: 0.000020 | Rev: 0/99999
Epoch  635 | Cost: 0.694435 | Acc: 73.61% (Best: 74.17% @ Ep581) | LR: 0.000020 | Rev: 0/99999
Epoch  636 | Cost: 0.719535 | Acc: 73.61% (Best: 74.17% @ Ep581) | LR: 0.000020 | Rev: 1/99999
Epoch  637 | Cost: 0.715669 | Acc: 73.61% (Best: 74.17% @ Ep581) | LR: 0.000020 | Rev: 0/99999
Epoch  638 | Cost: 0.696797 | Acc: 72.50% (Best: 74.17% @ Ep581) | LR: 0.000020 | Rev: 0/99999
Epoch  639 | Cost: 0.719019 | Acc: 73.06% (Best: 74.17% @ Ep581) | LR: 0.000020 | Rev: 1/99999
Epoch  640 | Cost: 0.691903 | Acc: 73.33% (Best: 74.17% @ Ep581) | LR: 0.000020 | Rev: 0/99999
Epoch  641 | Cost: 0.717244 | Acc: 72.78% (Best: 74.17% @ Ep581) | LR: 0.000030 | Rev: 1/99999
Epoch  642 | Cost: 0.710165 | Acc: 73.61% (Best: 74.17% @ Ep581) | LR: 0.000030 | Rev: 0/99999
Epoch  643 | Cost: 0.690601 | Acc: 72.50% (Best: 74.17% @ Ep581) | LR: 0.000030 | Rev: 0/99999
Epoch  644 | Cost: 0.712487 | Acc: 73.06% (Best: 74.17% @ Ep581) | LR: 0.000030 | Rev: 1/99999
Epoch  645 | Cost: 0.717599 | Acc: 73.33% (Best: 74.17% @ Ep581) | LR: 0.000030 | Rev: 2/99999
Epoch  646 | Cost: 0.702864 | Acc: 73.06% (Best: 74.17% @ Ep581) | LR: 0.000030 | Rev: 0/99999
Epoch  647 | Cost: 0.708339 | Acc: 72.78% (Best: 74.17% @ Ep581) | LR: 0.000030 | Rev: 1/99999
Epoch  648 | Cost: 0.729104 | Acc: 71.94% (Best: 74.17% @ Ep581) | LR: 0.000030 | Rev: 2/99999
Epoch  649 | Cost: 0.706674 | Acc: 73.89% (Best: 74.17% @ Ep581) | LR: 0.000030 | Rev: 0/99999
Epoch  650 | Cost: 0.693566 | Acc: 73.06% (Best: 74.17% @ Ep581) | LR: 0.000030 | Rev: 0/99999
Epoch  651 | Cost: 0.738521 | Acc: 73.06% (Best: 74.17% @ Ep581) | LR: 0.000040 | Rev: 1/99999
Epoch  652 | Cost: 0.724741 | Acc: 72.50% (Best: 74.17% @ Ep581) | LR: 0.000040 | Rev: 0/99999
Epoch  653 | Cost: 0.722035 | Acc: 73.06% (Best: 74.17% @ Ep581) | LR: 0.000040 | Rev: 0/99999
Epoch  654 | Cost: 0.700008 | Acc: 73.06% (Best: 74.17% @ Ep581) | LR: 0.000040 | Rev: 0/99999
Epoch  655 | Cost: 0.730538 | Acc: 73.06% (Best: 74.17% @ Ep581) | LR: 0.000040 | Rev: 1/99999
Epoch  656 | Cost: 0.731633 | Acc: 72.50% (Best: 74.17% @ Ep581) | LR: 0.000040 | Rev: 2/99999
Epoch  657 | Cost: 0.719411 | Acc: 73.33% (Best: 74.17% @ Ep581) | LR: 0.000040 | Rev: 0/99999
Epoch  658 | Cost: 0.729094 | Acc: 72.78% (Best: 74.17% @ Ep581) | LR: 0.000040 | Rev: 1/99999
Epoch  659 | Cost: 0.704279 | Acc: 72.50% (Best: 74.17% @ Ep581) | LR: 0.000040 | Rev: 0/99999
Epoch  660 | Cost: 0.685815 | Acc: 72.22% (Best: 74.17% @ Ep581) | LR: 0.000040 | Rev: 0/99999
Epoch  661 | Cost: 0.718338 | Acc: 73.06% (Best: 74.17% @ Ep581) | LR: 0.000050 | Rev: 1/99999
Epoch  662 | Cost: 0.701755 | Acc: 72.50% (Best: 74.17% @ Ep581) | LR: 0.000050 | Rev: 0/99999
Epoch  663 | Cost: 0.723783 | Acc: 72.78% (Best: 74.17% @ Ep581) | LR: 0.000050 | Rev: 1/99999
Epoch  664 | Cost: 0.720270 | Acc: 73.61% (Best: 74.17% @ Ep581) | LR: 0.000050 | Rev: 0/99999
Epoch  665 | Cost: 0.713583 | Acc: 72.78% (Best: 74.17% @ Ep581) | LR: 0.000050 | Rev: 0/99999
Epoch  666 | Cost: 0.707027 | Acc: 72.78% (Best: 74.17% @ Ep581) | LR: 0.000050 | Rev: 0/99999
Epoch  667 | Cost: 0.703013 | Acc: 73.06% (Best: 74.17% @ Ep581) | LR: 0.000050 | Rev: 0/99999
Epoch  668 | Cost: 0.713524 | Acc: 73.33% (Best: 74.17% @ Ep581) | LR: 0.000050 | Rev: 1/99999
Epoch  669 | Cost: 0.726690 | Acc: 71.94% (Best: 74.17% @ Ep581) | LR: 0.000050 | Rev: 2/99999
Epoch  670 | Cost: 0.736992 | Acc: 72.22% (Best: 74.17% @ Ep581) | LR: 0.000050 | Rev: 3/99999
Epoch  671 | Cost: 0.752222 | Acc: 72.78% (Best: 74.17% @ Ep581) | LR: 0.000060 | Rev: 4/99999
Epoch  672 | Cost: 0.711253 | Acc: 73.33% (Best: 74.17% @ Ep581) | LR: 0.000060 | Rev: 0/99999
Epoch  673 | Cost: 0.721509 | Acc: 71.39% (Best: 74.17% @ Ep581) | LR: 0.000060 | Rev: 1/99999
Epoch  674 | Cost: 0.752042 | Acc: 71.67% (Best: 74.17% @ Ep581) | LR: 0.000060 | Rev: 2/99999
Epoch  675 | Cost: 0.707419 | Acc: 72.22% (Best: 74.17% @ Ep581) | LR: 0.000060 | Rev: 0/99999
Epoch  676 | Cost: 0.701980 | Acc: 72.22% (Best: 74.17% @ Ep581) | LR: 0.000060 | Rev: 0/99999
Epoch  677 | Cost: 0.720551 | Acc: 72.22% (Best: 74.17% @ Ep581) | LR: 0.000060 | Rev: 1/99999
Epoch  678 | Cost: 0.719580 | Acc: 73.89% (Best: 74.17% @ Ep581) | LR: 0.000060 | Rev: 0/99999
Epoch  679 | Cost: 0.697407 | Acc: 71.67% (Best: 74.17% @ Ep581) | LR: 0.000060 | Rev: 0/99999
Epoch  680 | Cost: 0.710270 | Acc: 73.89% (Best: 74.17% @ Ep581) | LR: 0.000060 | Rev: 1/99999
Epoch  681 | Cost: 0.714314 | Acc: 72.50% (Best: 74.17% @ Ep581) | LR: 0.000070 | Rev: 2/99999
Epoch  682 | Cost: 0.712034 | Acc: 71.39% (Best: 74.17% @ Ep581) | LR: 0.000070 | Rev: 0/99999
Epoch  683 | Cost: 0.695066 | Acc: 73.06% (Best: 74.17% @ Ep581) | LR: 0.000070 | Rev: 0/99999
Epoch  684 | Cost: 0.719547 | Acc: 73.06% (Best: 74.17% @ Ep581) | LR: 0.000070 | Rev: 1/99999
Epoch  685 | Cost: 0.698470 | Acc: 72.50% (Best: 74.17% @ Ep581) | LR: 0.000070 | Rev: 0/99999
Epoch  686 | Cost: 0.706824 | Acc: 70.83% (Best: 74.17% @ Ep581) | LR: 0.000070 | Rev: 1/99999
Epoch  687 | Cost: 0.711698 | Acc: 72.78% (Best: 74.17% @ Ep581) | LR: 0.000070 | Rev: 2/99999
Epoch  688 | Cost: 0.697414 | Acc: 72.50% (Best: 74.17% @ Ep581) | LR: 0.000070 | Rev: 0/99999
Epoch  689 | Cost: 0.718638 | Acc: 72.78% (Best: 74.17% @ Ep581) | LR: 0.000070 | Rev: 1/99999
Epoch  690 | Cost: 0.708410 | Acc: 72.50% (Best: 74.17% @ Ep581) | LR: 0.000070 | Rev: 0/99999
Epoch  691 | Cost: 0.721644 | Acc: 72.50% (Best: 74.17% @ Ep581) | LR: 0.000080 | Rev: 1/99999
Epoch  692 | Cost: 0.711579 | Acc: 71.94% (Best: 74.17% @ Ep581) | LR: 0.000080 | Rev: 0/99999
Epoch  693 | Cost: 0.709831 | Acc: 73.33% (Best: 74.17% @ Ep581) | LR: 0.000080 | Rev: 0/99999
Epoch  694 | Cost: 0.697625 | Acc: 70.83% (Best: 74.17% @ Ep581) | LR: 0.000080 | Rev: 0/99999
Epoch  695 | Cost: 0.719673 | Acc: 73.89% (Best: 74.17% @ Ep581) | LR: 0.000080 | Rev: 1/99999
Epoch  696 | Cost: 0.758703 | Acc: 71.94% (Best: 74.17% @ Ep581) | LR: 0.000080 | Rev: 2/99999
Epoch  697 | Cost: 0.716586 | Acc: 72.50% (Best: 74.17% @ Ep581) | LR: 0.000080 | Rev: 0/99999
Epoch  698 | Cost: 0.749853 | Acc: 72.50% (Best: 74.17% @ Ep581) | LR: 0.000080 | Rev: 1/99999
Epoch  699 | Cost: 0.695685 | Acc: 71.67% (Best: 74.17% @ Ep581) | LR: 0.000080 | Rev: 0/99999
Epoch  700 | Cost: 0.703346 | Acc: 72.50% (Best: 74.17% @ Ep581) | LR: 0.000080 | Rev: 1/99999
Epoch  701 | Cost: 0.701797 | Acc: 73.06% (Best: 74.17% @ Ep581) | LR: 0.000090 | Rev: 0/99999
Epoch  702 | Cost: 0.729245 | Acc: 72.22% (Best: 74.17% @ Ep581) | LR: 0.000090 | Rev: 1/99999
Epoch  703 | Cost: 0.735222 | Acc: 73.06% (Best: 74.17% @ Ep581) | LR: 0.000090 | Rev: 2/99999
Epoch  704 | Cost: 0.730177 | Acc: 73.33% (Best: 74.17% @ Ep581) | LR: 0.000090 | Rev: 0/99999
Epoch  705 | Cost: 0.746714 | Acc: 72.50% (Best: 74.17% @ Ep581) | LR: 0.000090 | Rev: 1/99999
Epoch  706 | Cost: 0.717168 | Acc: 72.50% (Best: 74.17% @ Ep581) | LR: 0.000090 | Rev: 0/99999
Epoch  707 | Cost: 0.712951 | Acc: 71.94% (Best: 74.17% @ Ep581) | LR: 0.000090 | Rev: 0/99999
Epoch  708 | Cost: 0.707204 | Acc: 73.06% (Best: 74.17% @ Ep581) | LR: 0.000090 | Rev: 0/99999
Epoch  709 | Cost: 0.735143 | Acc: 73.33% (Best: 74.17% @ Ep581) | LR: 0.000090 | Rev: 1/99999
Epoch  710 | Cost: 0.721055 | Acc: 71.67% (Best: 74.17% @ Ep581) | LR: 0.000090 | Rev: 0/99999
Epoch  711 | Cost: 0.716648 | Acc: 72.50% (Best: 74.17% @ Ep581) | LR: 0.000100 | Rev: 0/99999
Epoch  712 | Cost: 0.715750 | Acc: 71.67% (Best: 74.17% @ Ep581) | LR: 0.000100 | Rev: 0/99999
Epoch  713 | Cost: 0.748711 | Acc: 70.83% (Best: 74.17% @ Ep581) | LR: 0.000100 | Rev: 1/99999
Epoch  714 | Cost: 0.753041 | Acc: 71.67% (Best: 74.17% @ Ep581) | LR: 0.000100 | Rev: 2/99999
Epoch  715 | Cost: 0.723312 | Acc: 71.94% (Best: 74.17% @ Ep581) | LR: 0.000100 | Rev: 0/99999
Epoch  716 | Cost: 0.697548 | Acc: 69.44% (Best: 74.17% @ Ep581) | LR: 0.000100 | Rev: 0/99999
Epoch  717 | Cost: 0.735278 | Acc: 71.94% (Best: 74.17% @ Ep581) | LR: 0.000100 | Rev: 1/99999
Epoch  718 | Cost: 0.714540 | Acc: 70.00% (Best: 74.17% @ Ep581) | LR: 0.000100 | Rev: 0/99999
Epoch  719 | Cost: 0.721394 | Acc: 72.22% (Best: 74.17% @ Ep581) | LR: 0.000100 | Rev: 1/99999
Epoch  720 | Cost: 0.715271 | Acc: 71.94% (Best: 74.17% @ Ep581) | LR: 0.000100 | Rev: 0/99999
Epoch  721 | Cost: 0.745716 | Acc: 71.39% (Best: 74.17% @ Ep581) | LR: 0.000110 | Rev: 1/99999
Epoch  722 | Cost: 0.714628 | Acc: 71.11% (Best: 74.17% @ Ep581) | LR: 0.000110 | Rev: 0/99999
Epoch  723 | Cost: 0.730326 | Acc: 72.78% (Best: 74.17% @ Ep581) | LR: 0.000110 | Rev: 1/99999
Epoch  724 | Cost: 0.744951 | Acc: 67.50% (Best: 74.17% @ Ep581) | LR: 0.000110 | Rev: 2/99999
Epoch  725 | Cost: 0.758734 | Acc: 72.50% (Best: 74.17% @ Ep581) | LR: 0.000110 | Rev: 3/99999
Epoch  726 | Cost: 0.738885 | Acc: 73.33% (Best: 74.17% @ Ep581) | LR: 0.000110 | Rev: 0/99999
Epoch  727 | Cost: 0.744971 | Acc: 72.50% (Best: 74.17% @ Ep581) | LR: 0.000110 | Rev: 1/99999
Epoch  728 | Cost: 0.728586 | Acc: 72.78% (Best: 74.17% @ Ep581) | LR: 0.000110 | Rev: 0/99999
Epoch  729 | Cost: 0.723471 | Acc: 71.67% (Best: 74.17% @ Ep581) | LR: 0.000110 | Rev: 0/99999
Epoch  730 | Cost: 0.721377 | Acc: 71.67% (Best: 74.17% @ Ep581) | LR: 0.000110 | Rev: 0/99999
Epoch  731 | Cost: 0.709755 | Acc: 71.67% (Best: 74.17% @ Ep581) | LR: 0.000120 | Rev: 0/99999
Epoch  732 | Cost: 0.711177 | Acc: 72.22% (Best: 74.17% @ Ep581) | LR: 0.000120 | Rev: 1/99999
Epoch  733 | Cost: 0.715535 | Acc: 72.78% (Best: 74.17% @ Ep581) | LR: 0.000120 | Rev: 2/99999
Epoch  734 | Cost: 0.713949 | Acc: 73.06% (Best: 74.17% @ Ep581) | LR: 0.000120 | Rev: 0/99999
Epoch  735 | Cost: 0.786447 | Acc: 73.61% (Best: 74.17% @ Ep581) | LR: 0.000120 | Rev: 1/99999
Epoch  736 | Cost: 0.780561 | Acc: 68.33% (Best: 74.17% @ Ep581) | LR: 0.000120 | Rev: 0/99999
Epoch  737 | Cost: 0.736002 | Acc: 72.22% (Best: 74.17% @ Ep581) | LR: 0.000120 | Rev: 0/99999
Epoch  738 | Cost: 0.748803 | Acc: 72.78% (Best: 74.17% @ Ep581) | LR: 0.000120 | Rev: 1/99999
Epoch  739 | Cost: 0.710680 | Acc: 73.61% (Best: 74.17% @ Ep581) | LR: 0.000120 | Rev: 0/99999
Epoch  740 | Cost: 0.731528 | Acc: 71.39% (Best: 74.17% @ Ep581) | LR: 0.000120 | Rev: 1/99999
Epoch  741 | Cost: 0.736842 | Acc: 72.50% (Best: 74.17% @ Ep581) | LR: 0.000130 | Rev: 2/99999
Epoch  742 | Cost: 0.746896 | Acc: 70.56% (Best: 74.17% @ Ep581) | LR: 0.000130 | Rev: 3/99999
Epoch  743 | Cost: 0.742715 | Acc: 71.67% (Best: 74.17% @ Ep581) | LR: 0.000130 | Rev: 0/99999
Epoch  744 | Cost: 0.710279 | Acc: 72.22% (Best: 74.17% @ Ep581) | LR: 0.000130 | Rev: 0/99999
Epoch  745 | Cost: 0.714439 | Acc: 71.94% (Best: 74.17% @ Ep581) | LR: 0.000130 | Rev: 1/99999
Epoch  746 | Cost: 0.722525 | Acc: 71.94% (Best: 74.17% @ Ep581) | LR: 0.000130 | Rev: 2/99999
Epoch  747 | Cost: 0.721180 | Acc: 72.50% (Best: 74.17% @ Ep581) | LR: 0.000130 | Rev: 0/99999
Epoch  748 | Cost: 0.714525 | Acc: 74.17% (Best: 74.17% @ Ep581) | LR: 0.000130 | Rev: 0/99999
Epoch  749 | Cost: 0.697155 | Acc: 73.33% (Best: 74.17% @ Ep581) | LR: 0.000130 | Rev: 0/99999
Epoch  750 | Cost: 0.728783 | Acc: 70.83% (Best: 74.17% @ Ep581) | LR: 0.000130 | Rev: 1/99999
Epoch  751 | Cost: 0.759896 | Acc: 70.28% (Best: 74.17% @ Ep581) | LR: 0.000140 | Rev: 2/99999
Epoch  752 | Cost: 0.770027 | Acc: 72.22% (Best: 74.17% @ Ep581) | LR: 0.000140 | Rev: 3/99999
Epoch  753 | Cost: 0.762053 | Acc: 72.22% (Best: 74.17% @ Ep581) | LR: 0.000140 | Rev: 0/99999
Epoch  754 | Cost: 0.730968 | Acc: 70.83% (Best: 74.17% @ Ep581) | LR: 0.000140 | Rev: 0/99999
Epoch  755 | Cost: 0.757581 | Acc: 72.78% (Best: 74.17% @ Ep581) | LR: 0.000140 | Rev: 1/99999
Epoch  756 | Cost: 0.754981 | Acc: 70.56% (Best: 74.17% @ Ep581) | LR: 0.000140 | Rev: 0/99999
Epoch  757 | Cost: 0.720523 | Acc: 69.17% (Best: 74.17% @ Ep581) | LR: 0.000140 | Rev: 0/99999
Epoch  758 | Cost: 0.751880 | Acc: 73.61% (Best: 74.17% @ Ep581) | LR: 0.000140 | Rev: 1/99999
Epoch  759 | Cost: 0.724637 | Acc: 69.17% (Best: 74.17% @ Ep581) | LR: 0.000140 | Rev: 0/99999
Epoch  760 | Cost: 0.767866 | Acc: 71.94% (Best: 74.17% @ Ep581) | LR: 0.000140 | Rev: 1/99999
Epoch  761 | Cost: 0.744021 | Acc: 71.11% (Best: 74.17% @ Ep581) | LR: 0.000150 | Rev: 0/99999
Epoch  762 | Cost: 0.757129 | Acc: 69.17% (Best: 74.17% @ Ep581) | LR: 0.000150 | Rev: 1/99999
Epoch  763 | Cost: 0.756691 | Acc: 73.06% (Best: 74.17% @ Ep581) | LR: 0.000150 | Rev: 0/99999
Epoch  764 | Cost: 0.740174 | Acc: 71.94% (Best: 74.17% @ Ep581) | LR: 0.000150 | Rev: 0/99999
Epoch  765 | Cost: 0.754817 | Acc: 73.06% (Best: 74.17% @ Ep581) | LR: 0.000150 | Rev: 1/99999
Epoch  766 | Cost: 0.741458 | Acc: 71.67% (Best: 74.17% @ Ep581) | LR: 0.000150 | Rev: 0/99999
Epoch  767 | Cost: 0.718630 | Acc: 72.50% (Best: 74.17% @ Ep581) | LR: 0.000150 | Rev: 0/99999
Epoch  768 | Cost: 0.709077 | Acc: 72.50% (Best: 74.17% @ Ep581) | LR: 0.000150 | Rev: 0/99999
Epoch  769 | Cost: 0.731504 | Acc: 73.33% (Best: 74.17% @ Ep581) | LR: 0.000150 | Rev: 1/99999
Epoch  770 | Cost: 0.718196 | Acc: 73.06% (Best: 74.17% @ Ep581) | LR: 0.000150 | Rev: 0/99999
Epoch  771 | Cost: 0.709528 | Acc: 74.72% (Best: 74.72% @ Ep771) | LR: 0.000010 | Rev: 0/99999
Epoch  772 | Cost: 0.693362 | Acc: 75.28% (Best: 75.28% @ Ep772) | LR: 0.000010 | Rev: 0/99999
Epoch  773 | Cost: 0.674093 | Acc: 75.00% (Best: 75.28% @ Ep772) | LR: 0.000010 | Rev: 0/99999
Epoch  774 | Cost: 0.674440 | Acc: 74.44% (Best: 75.28% @ Ep772) | LR: 0.000010 | Rev: 1/99999
Epoch  775 | Cost: 0.681525 | Acc: 75.00% (Best: 75.28% @ Ep772) | LR: 0.000010 | Rev: 2/99999
Epoch  776 | Cost: 0.692277 | Acc: 73.89% (Best: 75.28% @ Ep772) | LR: 0.000010 | Rev: 3/99999
Epoch  777 | Cost: 0.675260 | Acc: 74.17% (Best: 75.28% @ Ep772) | LR: 0.000010 | Rev: 0/99999
Epoch  778 | Cost: 0.666708 | Acc: 74.17% (Best: 75.28% @ Ep772) | LR: 0.000010 | Rev: 0/99999
Epoch  779 | Cost: 0.680088 | Acc: 74.17% (Best: 75.28% @ Ep772) | LR: 0.000010 | Rev: 1/99999
Epoch  780 | Cost: 0.676100 | Acc: 74.17% (Best: 75.28% @ Ep772) | LR: 0.000010 | Rev: 0/99999
Epoch  781 | Cost: 0.668619 | Acc: 73.61% (Best: 75.28% @ Ep772) | LR: 0.000010 | Rev: 0/99999
Epoch  782 | Cost: 0.702883 | Acc: 74.44% (Best: 75.28% @ Ep772) | LR: 0.000010 | Rev: 1/99999
Epoch  783 | Cost: 0.700165 | Acc: 74.72% (Best: 75.28% @ Ep772) | LR: 0.000010 | Rev: 0/99999
Epoch  784 | Cost: 0.669515 | Acc: 74.17% (Best: 75.28% @ Ep772) | LR: 0.000010 | Rev: 0/99999
Epoch  785 | Cost: 0.678994 | Acc: 74.17% (Best: 75.28% @ Ep772) | LR: 0.000010 | Rev: 1/99999
Epoch  786 | Cost: 0.669710 | Acc: 74.17% (Best: 75.28% @ Ep772) | LR: 0.000010 | Rev: 0/99999
Epoch  787 | Cost: 0.687041 | Acc: 74.44% (Best: 75.28% @ Ep772) | LR: 0.000010 | Rev: 1/99999
Epoch  788 | Cost: 0.699239 | Acc: 73.89% (Best: 75.28% @ Ep772) | LR: 0.000010 | Rev: 2/99999
Epoch  789 | Cost: 0.694428 | Acc: 74.44% (Best: 75.28% @ Ep772) | LR: 0.000010 | Rev: 0/99999
Epoch  790 | Cost: 0.672984 | Acc: 74.44% (Best: 75.28% @ Ep772) | LR: 0.000010 | Rev: 0/99999
Epoch  791 | Cost: 0.675289 | Acc: 73.61% (Best: 75.28% @ Ep772) | LR: 0.000010 | Rev: 1/99999
Epoch  792 | Cost: 0.676838 | Acc: 74.17% (Best: 75.28% @ Ep772) | LR: 0.000010 | Rev: 2/99999
Epoch  793 | Cost: 0.678777 | Acc: 74.44% (Best: 75.28% @ Ep772) | LR: 0.000010 | Rev: 3/99999
Epoch  794 | Cost: 0.673583 | Acc: 74.44% (Best: 75.28% @ Ep772) | LR: 0.000010 | Rev: 0/99999
Epoch  795 | Cost: 0.659562 | Acc: 73.33% (Best: 75.28% @ Ep772) | LR: 0.000010 | Rev: 0/99999
Epoch  796 | Cost: 0.690215 | Acc: 74.44% (Best: 75.28% @ Ep772) | LR: 0.000010 | Rev: 1/99999
Epoch  797 | Cost: 0.675861 | Acc: 74.17% (Best: 75.28% @ Ep772) | LR: 0.000010 | Rev: 0/99999
Epoch  798 | Cost: 0.665970 | Acc: 73.89% (Best: 75.28% @ Ep772) | LR: 0.000010 | Rev: 0/99999
Epoch  799 | Cost: 0.657091 | Acc: 73.89% (Best: 75.28% @ Ep772) | LR: 0.000010 | Rev: 0/99999
Epoch  800 | Cost: 0.683828 | Acc: 73.61% (Best: 75.28% @ Ep772) | LR: 0.000010 | Rev: 1/99999
Epoch  801 | Cost: 0.676296 | Acc: 74.44% (Best: 75.28% @ Ep772) | LR: 0.000010 | Rev: 0/99999
Epoch  802 | Cost: 0.672799 | Acc: 73.89% (Best: 75.28% @ Ep772) | LR: 0.000010 | Rev: 0/99999
Epoch  803 | Cost: 0.693555 | Acc: 73.89% (Best: 75.28% @ Ep772) | LR: 0.000010 | Rev: 1/99999
Epoch  804 | Cost: 0.700506 | Acc: 73.89% (Best: 75.28% @ Ep772) | LR: 0.000010 | Rev: 2/99999
Epoch  805 | Cost: 0.676397 | Acc: 73.33% (Best: 75.28% @ Ep772) | LR: 0.000010 | Rev: 0/99999
Epoch  806 | Cost: 0.686750 | Acc: 74.44% (Best: 75.28% @ Ep772) | LR: 0.000010 | Rev: 1/99999
Epoch  807 | Cost: 0.675108 | Acc: 74.17% (Best: 75.28% @ Ep772) | LR: 0.000010 | Rev: 0/99999
Epoch  808 | Cost: 0.664505 | Acc: 73.33% (Best: 75.28% @ Ep772) | LR: 0.000010 | Rev: 0/99999
Epoch  809 | Cost: 0.684554 | Acc: 74.17% (Best: 75.28% @ Ep772) | LR: 0.000010 | Rev: 1/99999
Epoch  810 | Cost: 0.672918 | Acc: 74.17% (Best: 75.28% @ Ep772) | LR: 0.000010 | Rev: 0/99999
Epoch  811 | Cost: 0.674038 | Acc: 74.44% (Best: 75.28% @ Ep772) | LR: 0.000010 | Rev: 1/99999
Epoch  812 | Cost: 0.669739 | Acc: 73.33% (Best: 75.28% @ Ep772) | LR: 0.000010 | Rev: 0/99999
Epoch  813 | Cost: 0.680847 | Acc: 73.89% (Best: 75.28% @ Ep772) | LR: 0.000010 | Rev: 1/99999
Epoch  814 | Cost: 0.674801 | Acc: 73.89% (Best: 75.28% @ Ep772) | LR: 0.000010 | Rev: 0/99999
Epoch  815 | Cost: 0.660093 | Acc: 74.17% (Best: 75.28% @ Ep772) | LR: 0.000010 | Rev: 0/99999
Epoch  816 | Cost: 0.677535 | Acc: 73.33% (Best: 75.28% @ Ep772) | LR: 0.000010 | Rev: 1/99999
Epoch  817 | Cost: 0.676797 | Acc: 73.89% (Best: 75.28% @ Ep772) | LR: 0.000010 | Rev: 0/99999
Epoch  818 | Cost: 0.654922 | Acc: 73.89% (Best: 75.28% @ Ep772) | LR: 0.000010 | Rev: 0/99999
Epoch  819 | Cost: 0.668486 | Acc: 74.17% (Best: 75.28% @ Ep772) | LR: 0.000010 | Rev: 1/99999
Epoch  820 | Cost: 0.682567 | Acc: 74.17% (Best: 75.28% @ Ep772) | LR: 0.000010 | Rev: 2/99999
Epoch  821 | Cost: 0.674741 | Acc: 74.17% (Best: 75.28% @ Ep772) | LR: 0.000010 | Rev: 0/99999
Epoch  822 | Cost: 0.681706 | Acc: 74.17% (Best: 75.28% @ Ep772) | LR: 0.000020 | Rev: 1/99999
Epoch  823 | Cost: 0.665626 | Acc: 73.61% (Best: 75.28% @ Ep772) | LR: 0.000020 | Rev: 0/99999
Epoch  824 | Cost: 0.674021 | Acc: 73.61% (Best: 75.28% @ Ep772) | LR: 0.000020 | Rev: 1/99999
Epoch  825 | Cost: 0.668759 | Acc: 72.78% (Best: 75.28% @ Ep772) | LR: 0.000020 | Rev: 0/99999
Epoch  826 | Cost: 0.673417 | Acc: 74.72% (Best: 75.28% @ Ep772) | LR: 0.000020 | Rev: 1/99999
Epoch  827 | Cost: 0.686727 | Acc: 73.06% (Best: 75.28% @ Ep772) | LR: 0.000020 | Rev: 2/99999
Epoch  828 | Cost: 0.668393 | Acc: 73.89% (Best: 75.28% @ Ep772) | LR: 0.000020 | Rev: 0/99999
Epoch  829 | Cost: 0.703391 | Acc: 72.22% (Best: 75.28% @ Ep772) | LR: 0.000020 | Rev: 1/99999
Epoch  830 | Cost: 0.671773 | Acc: 74.17% (Best: 75.28% @ Ep772) | LR: 0.000020 | Rev: 0/99999
Epoch  831 | Cost: 0.667814 | Acc: 73.33% (Best: 75.28% @ Ep772) | LR: 0.000020 | Rev: 0/99999
Epoch  832 | Cost: 0.694928 | Acc: 74.17% (Best: 75.28% @ Ep772) | LR: 0.000030 | Rev: 1/99999
Epoch  833 | Cost: 0.676767 | Acc: 73.61% (Best: 75.28% @ Ep772) | LR: 0.000030 | Rev: 0/99999
Epoch  834 | Cost: 0.681555 | Acc: 75.00% (Best: 75.28% @ Ep772) | LR: 0.000030 | Rev: 1/99999
Epoch  835 | Cost: 0.677413 | Acc: 73.06% (Best: 75.28% @ Ep772) | LR: 0.000030 | Rev: 0/99999
Epoch  836 | Cost: 0.682798 | Acc: 73.89% (Best: 75.28% @ Ep772) | LR: 0.000030 | Rev: 1/99999
Epoch  837 | Cost: 0.698217 | Acc: 74.44% (Best: 75.28% @ Ep772) | LR: 0.000030 | Rev: 2/99999
Epoch  838 | Cost: 0.672524 | Acc: 73.06% (Best: 75.28% @ Ep772) | LR: 0.000030 | Rev: 0/99999
Epoch  839 | Cost: 0.688557 | Acc: 74.44% (Best: 75.28% @ Ep772) | LR: 0.000030 | Rev: 1/99999
Epoch  840 | Cost: 0.701463 | Acc: 73.89% (Best: 75.28% @ Ep772) | LR: 0.000030 | Rev: 2/99999
Epoch  841 | Cost: 0.714071 | Acc: 74.17% (Best: 75.28% @ Ep772) | LR: 0.000030 | Rev: 3/99999
Epoch  842 | Cost: 0.690709 | Acc: 72.78% (Best: 75.28% @ Ep772) | LR: 0.000040 | Rev: 0/99999
Epoch  843 | Cost: 0.700859 | Acc: 74.17% (Best: 75.28% @ Ep772) | LR: 0.000040 | Rev: 1/99999
Epoch  844 | Cost: 0.669755 | Acc: 73.89% (Best: 75.28% @ Ep772) | LR: 0.000040 | Rev: 0/99999
Epoch  845 | Cost: 0.675412 | Acc: 73.89% (Best: 75.28% @ Ep772) | LR: 0.000040 | Rev: 1/99999
Epoch  846 | Cost: 0.676899 | Acc: 72.22% (Best: 75.28% @ Ep772) | LR: 0.000040 | Rev: 2/99999
Epoch  847 | Cost: 0.702392 | Acc: 73.89% (Best: 75.28% @ Ep772) | LR: 0.000040 | Rev: 3/99999
Epoch  848 | Cost: 0.693747 | Acc: 73.06% (Best: 75.28% @ Ep772) | LR: 0.000040 | Rev: 0/99999
Epoch  849 | Cost: 0.695177 | Acc: 73.89% (Best: 75.28% @ Ep772) | LR: 0.000040 | Rev: 1/99999
Epoch  850 | Cost: 0.679691 | Acc: 72.78% (Best: 75.28% @ Ep772) | LR: 0.000040 | Rev: 0/99999
Epoch  851 | Cost: 0.707909 | Acc: 74.17% (Best: 75.28% @ Ep772) | LR: 0.000040 | Rev: 1/99999
Epoch  852 | Cost: 0.682070 | Acc: 72.78% (Best: 75.28% @ Ep772) | LR: 0.000050 | Rev: 0/99999
Epoch  853 | Cost: 0.694626 | Acc: 73.06% (Best: 75.28% @ Ep772) | LR: 0.000050 | Rev: 1/99999
Epoch  854 | Cost: 0.688045 | Acc: 73.06% (Best: 75.28% @ Ep772) | LR: 0.000050 | Rev: 0/99999
Epoch  855 | Cost: 0.682429 | Acc: 73.61% (Best: 75.28% @ Ep772) | LR: 0.000050 | Rev: 0/99999
Epoch  856 | Cost: 0.684353 | Acc: 73.33% (Best: 75.28% @ Ep772) | LR: 0.000050 | Rev: 1/99999
Epoch  857 | Cost: 0.672572 | Acc: 74.44% (Best: 75.28% @ Ep772) | LR: 0.000050 | Rev: 0/99999
Epoch  858 | Cost: 0.692083 | Acc: 72.22% (Best: 75.28% @ Ep772) | LR: 0.000050 | Rev: 1/99999
Epoch  859 | Cost: 0.709336 | Acc: 73.33% (Best: 75.28% @ Ep772) | LR: 0.000050 | Rev: 2/99999
Epoch  860 | Cost: 0.663704 | Acc: 73.33% (Best: 75.28% @ Ep772) | LR: 0.000050 | Rev: 0/99999
Epoch  861 | Cost: 0.701533 | Acc: 73.06% (Best: 75.28% @ Ep772) | LR: 0.000050 | Rev: 1/99999
Epoch  862 | Cost: 0.678116 | Acc: 73.06% (Best: 75.28% @ Ep772) | LR: 0.000060 | Rev: 0/99999
Epoch  863 | Cost: 0.669581 | Acc: 73.06% (Best: 75.28% @ Ep772) | LR: 0.000060 | Rev: 0/99999
Epoch  864 | Cost: 0.694707 | Acc: 72.78% (Best: 75.28% @ Ep772) | LR: 0.000060 | Rev: 1/99999
Epoch  865 | Cost: 0.718706 | Acc: 73.33% (Best: 75.28% @ Ep772) | LR: 0.000060 | Rev: 2/99999
Epoch  866 | Cost: 0.689583 | Acc: 72.78% (Best: 75.28% @ Ep772) | LR: 0.000060 | Rev: 0/99999
Epoch  867 | Cost: 0.700956 | Acc: 71.67% (Best: 75.28% @ Ep772) | LR: 0.000060 | Rev: 1/99999
Epoch  868 | Cost: 0.686217 | Acc: 74.44% (Best: 75.28% @ Ep772) | LR: 0.000060 | Rev: 0/99999
Epoch  869 | Cost: 0.679395 | Acc: 72.50% (Best: 75.28% @ Ep772) | LR: 0.000060 | Rev: 0/99999
Epoch  870 | Cost: 0.692054 | Acc: 74.44% (Best: 75.28% @ Ep772) | LR: 0.000060 | Rev: 1/99999
Epoch  871 | Cost: 0.681239 | Acc: 74.44% (Best: 75.28% @ Ep772) | LR: 0.000060 | Rev: 0/99999
Epoch  872 | Cost: 0.688810 | Acc: 73.33% (Best: 75.28% @ Ep772) | LR: 0.000070 | Rev: 1/99999
Epoch  873 | Cost: 0.683142 | Acc: 73.06% (Best: 75.28% @ Ep772) | LR: 0.000070 | Rev: 0/99999
Epoch  874 | Cost: 0.698885 | Acc: 72.50% (Best: 75.28% @ Ep772) | LR: 0.000070 | Rev: 1/99999
Epoch  875 | Cost: 0.687966 | Acc: 73.61% (Best: 75.28% @ Ep772) | LR: 0.000070 | Rev: 0/99999
Epoch  876 | Cost: 0.714454 | Acc: 73.06% (Best: 75.28% @ Ep772) | LR: 0.000070 | Rev: 1/99999
Epoch  877 | Cost: 0.669810 | Acc: 72.78% (Best: 75.28% @ Ep772) | LR: 0.000070 | Rev: 0/99999
Epoch  878 | Cost: 0.682830 | Acc: 73.89% (Best: 75.28% @ Ep772) | LR: 0.000070 | Rev: 1/99999
Epoch  879 | Cost: 0.688143 | Acc: 70.28% (Best: 75.28% @ Ep772) | LR: 0.000070 | Rev: 2/99999
Epoch  880 | Cost: 0.709918 | Acc: 71.94% (Best: 75.28% @ Ep772) | LR: 0.000070 | Rev: 3/99999
Epoch  881 | Cost: 0.718295 | Acc: 71.67% (Best: 75.28% @ Ep772) | LR: 0.000070 | Rev: 4/99999
Epoch  882 | Cost: 0.695182 | Acc: 73.33% (Best: 75.28% @ Ep772) | LR: 0.000080 | Rev: 0/99999
Epoch  883 | Cost: 0.695970 | Acc: 72.78% (Best: 75.28% @ Ep772) | LR: 0.000080 | Rev: 1/99999
Epoch  884 | Cost: 0.684558 | Acc: 72.50% (Best: 75.28% @ Ep772) | LR: 0.000080 | Rev: 0/99999
Epoch  885 | Cost: 0.702538 | Acc: 70.83% (Best: 75.28% @ Ep772) | LR: 0.000080 | Rev: 1/99999
Epoch  886 | Cost: 0.708868 | Acc: 74.17% (Best: 75.28% @ Ep772) | LR: 0.000080 | Rev: 2/99999
Epoch  887 | Cost: 0.689634 | Acc: 72.78% (Best: 75.28% @ Ep772) | LR: 0.000080 | Rev: 0/99999
Epoch  888 | Cost: 0.689165 | Acc: 74.44% (Best: 75.28% @ Ep772) | LR: 0.000080 | Rev: 0/99999
Epoch  889 | Cost: 0.680450 | Acc: 73.33% (Best: 75.28% @ Ep772) | LR: 0.000080 | Rev: 0/99999
Epoch  890 | Cost: 0.675884 | Acc: 73.06% (Best: 75.28% @ Ep772) | LR: 0.000080 | Rev: 0/99999
Epoch  891 | Cost: 0.717794 | Acc: 71.39% (Best: 75.28% @ Ep772) | LR: 0.000080 | Rev: 1/99999
Epoch  892 | Cost: 0.700885 | Acc: 70.56% (Best: 75.28% @ Ep772) | LR: 0.000090 | Rev: 0/99999
Epoch  893 | Cost: 0.675803 | Acc: 73.06% (Best: 75.28% @ Ep772) | LR: 0.000090 | Rev: 0/99999
Epoch  894 | Cost: 0.697361 | Acc: 71.11% (Best: 75.28% @ Ep772) | LR: 0.000090 | Rev: 1/99999
Epoch  895 | Cost: 0.691528 | Acc: 73.89% (Best: 75.28% @ Ep772) | LR: 0.000090 | Rev: 0/99999
Epoch  896 | Cost: 0.686137 | Acc: 71.67% (Best: 75.28% @ Ep772) | LR: 0.000090 | Rev: 0/99999
Epoch  897 | Cost: 0.713032 | Acc: 73.33% (Best: 75.28% @ Ep772) | LR: 0.000090 | Rev: 1/99999
Epoch  898 | Cost: 0.715210 | Acc: 72.50% (Best: 75.28% @ Ep772) | LR: 0.000090 | Rev: 2/99999
Epoch  899 | Cost: 0.693373 | Acc: 73.61% (Best: 75.28% @ Ep772) | LR: 0.000090 | Rev: 0/99999
Epoch  900 | Cost: 0.718295 | Acc: 73.06% (Best: 75.28% @ Ep772) | LR: 0.000090 | Rev: 1/99999
Epoch  901 | Cost: 0.710950 | Acc: 71.67% (Best: 75.28% @ Ep772) | LR: 0.000090 | Rev: 0/99999
Epoch  902 | Cost: 0.699405 | Acc: 73.06% (Best: 75.28% @ Ep772) | LR: 0.000100 | Rev: 0/99999
Epoch  903 | Cost: 0.697427 | Acc: 71.67% (Best: 75.28% @ Ep772) | LR: 0.000100 | Rev: 0/99999
Epoch  904 | Cost: 0.706206 | Acc: 71.67% (Best: 75.28% @ Ep772) | LR: 0.000100 | Rev: 1/99999
Epoch  905 | Cost: 0.725891 | Acc: 72.50% (Best: 75.28% @ Ep772) | LR: 0.000100 | Rev: 2/99999
Epoch  906 | Cost: 0.719355 | Acc: 71.11% (Best: 75.28% @ Ep772) | LR: 0.000100 | Rev: 0/99999
Epoch  907 | Cost: 0.742582 | Acc: 71.11% (Best: 75.28% @ Ep772) | LR: 0.000100 | Rev: 1/99999
Epoch  908 | Cost: 0.714825 | Acc: 73.33% (Best: 75.28% @ Ep772) | LR: 0.000100 | Rev: 0/99999
Epoch  909 | Cost: 0.707912 | Acc: 73.06% (Best: 75.28% @ Ep772) | LR: 0.000100 | Rev: 0/99999
Epoch  910 | Cost: 0.720579 | Acc: 71.67% (Best: 75.28% @ Ep772) | LR: 0.000100 | Rev: 1/99999
Epoch  911 | Cost: 0.706840 | Acc: 73.06% (Best: 75.28% @ Ep772) | LR: 0.000100 | Rev: 0/99999
Epoch  912 | Cost: 0.700112 | Acc: 70.56% (Best: 75.28% @ Ep772) | LR: 0.000110 | Rev: 0/99999
Epoch  913 | Cost: 0.702188 | Acc: 70.83% (Best: 75.28% @ Ep772) | LR: 0.000110 | Rev: 1/99999
Epoch  914 | Cost: 0.704078 | Acc: 72.78% (Best: 75.28% @ Ep772) | LR: 0.000110 | Rev: 2/99999
Epoch  915 | Cost: 0.697259 | Acc: 73.89% (Best: 75.28% @ Ep772) | LR: 0.000110 | Rev: 0/99999
Epoch  916 | Cost: 0.704890 | Acc: 74.17% (Best: 75.28% @ Ep772) | LR: 0.000110 | Rev: 1/99999
Epoch  917 | Cost: 0.701817 | Acc: 73.61% (Best: 75.28% @ Ep772) | LR: 0.000110 | Rev: 0/99999
Epoch  918 | Cost: 0.698525 | Acc: 73.89% (Best: 75.28% @ Ep772) | LR: 0.000110 | Rev: 0/99999
Epoch  919 | Cost: 0.683685 | Acc: 73.33% (Best: 75.28% @ Ep772) | LR: 0.000110 | Rev: 0/99999
Epoch  920 | Cost: 0.696545 | Acc: 72.78% (Best: 75.28% @ Ep772) | LR: 0.000110 | Rev: 1/99999
Epoch  921 | Cost: 0.672768 | Acc: 72.22% (Best: 75.28% @ Ep772) | LR: 0.000110 | Rev: 0/99999
Epoch  922 | Cost: 0.711397 | Acc: 73.61% (Best: 75.28% @ Ep772) | LR: 0.000120 | Rev: 1/99999
Epoch  923 | Cost: 0.692882 | Acc: 73.33% (Best: 75.28% @ Ep772) | LR: 0.000120 | Rev: 0/99999
Epoch  924 | Cost: 0.704056 | Acc: 72.22% (Best: 75.28% @ Ep772) | LR: 0.000120 | Rev: 1/99999
Epoch  925 | Cost: 0.708873 | Acc: 72.22% (Best: 75.28% @ Ep772) | LR: 0.000120 | Rev: 2/99999
Epoch  926 | Cost: 0.707152 | Acc: 72.50% (Best: 75.28% @ Ep772) | LR: 0.000120 | Rev: 0/99999
Epoch  927 | Cost: 0.717592 | Acc: 71.39% (Best: 75.28% @ Ep772) | LR: 0.000120 | Rev: 1/99999
Epoch  928 | Cost: 0.672834 | Acc: 71.39% (Best: 75.28% @ Ep772) | LR: 0.000120 | Rev: 0/99999
Epoch  929 | Cost: 0.697062 | Acc: 72.50% (Best: 75.28% @ Ep772) | LR: 0.000120 | Rev: 1/99999
Epoch  930 | Cost: 0.720619 | Acc: 71.67% (Best: 75.28% @ Ep772) | LR: 0.000120 | Rev: 2/99999
Epoch  931 | Cost: 0.736393 | Acc: 71.11% (Best: 75.28% @ Ep772) | LR: 0.000120 | Rev: 3/99999
Epoch  932 | Cost: 0.731450 | Acc: 72.22% (Best: 75.28% @ Ep772) | LR: 0.000130 | Rev: 0/99999
Epoch  933 | Cost: 0.726513 | Acc: 72.50% (Best: 75.28% @ Ep772) | LR: 0.000130 | Rev: 0/99999
Epoch  934 | Cost: 0.733971 | Acc: 70.56% (Best: 75.28% @ Ep772) | LR: 0.000130 | Rev: 1/99999
Epoch  935 | Cost: 0.729503 | Acc: 72.22% (Best: 75.28% @ Ep772) | LR: 0.000130 | Rev: 0/99999
Epoch  936 | Cost: 0.743893 | Acc: 72.78% (Best: 75.28% @ Ep772) | LR: 0.000130 | Rev: 1/99999
Epoch  937 | Cost: 0.712611 | Acc: 72.22% (Best: 75.28% @ Ep772) | LR: 0.000130 | Rev: 0/99999
Epoch  938 | Cost: 0.731044 | Acc: 72.78% (Best: 75.28% @ Ep772) | LR: 0.000130 | Rev: 1/99999
Epoch  939 | Cost: 0.720540 | Acc: 74.44% (Best: 75.28% @ Ep772) | LR: 0.000130 | Rev: 0/99999
Epoch  940 | Cost: 0.728895 | Acc: 71.94% (Best: 75.28% @ Ep772) | LR: 0.000130 | Rev: 1/99999
Epoch  941 | Cost: 0.718993 | Acc: 73.06% (Best: 75.28% @ Ep772) | LR: 0.000130 | Rev: 0/99999
Epoch  942 | Cost: 0.731241 | Acc: 72.22% (Best: 75.28% @ Ep772) | LR: 0.000140 | Rev: 1/99999
Epoch  943 | Cost: 0.698721 | Acc: 71.39% (Best: 75.28% @ Ep772) | LR: 0.000140 | Rev: 0/99999
Epoch  944 | Cost: 0.747099 | Acc: 72.78% (Best: 75.28% @ Ep772) | LR: 0.000140 | Rev: 1/99999
Epoch  945 | Cost: 0.722767 | Acc: 73.33% (Best: 75.28% @ Ep772) | LR: 0.000140 | Rev: 0/99999
Epoch  946 | Cost: 0.701271 | Acc: 71.94% (Best: 75.28% @ Ep772) | LR: 0.000140 | Rev: 0/99999
Epoch  947 | Cost: 0.736583 | Acc: 70.00% (Best: 75.28% @ Ep772) | LR: 0.000140 | Rev: 1/99999
Epoch  948 | Cost: 0.709701 | Acc: 72.78% (Best: 75.28% @ Ep772) | LR: 0.000140 | Rev: 0/99999
Epoch  949 | Cost: 0.683584 | Acc: 73.33% (Best: 75.28% @ Ep772) | LR: 0.000140 | Rev: 0/99999
Epoch  950 | Cost: 0.716052 | Acc: 71.11% (Best: 75.28% @ Ep772) | LR: 0.000140 | Rev: 1/99999
Epoch  951 | Cost: 0.708967 | Acc: 71.11% (Best: 75.28% @ Ep772) | LR: 0.000140 | Rev: 0/99999
Epoch  952 | Cost: 0.719654 | Acc: 71.94% (Best: 75.28% @ Ep772) | LR: 0.000150 | Rev: 1/99999
Epoch  953 | Cost: 0.728447 | Acc: 72.78% (Best: 75.28% @ Ep772) | LR: 0.000150 | Rev: 2/99999
Epoch  954 | Cost: 0.697738 | Acc: 73.06% (Best: 75.28% @ Ep772) | LR: 0.000150 | Rev: 0/99999
Epoch  955 | Cost: 0.689110 | Acc: 70.56% (Best: 75.28% @ Ep772) | LR: 0.000150 | Rev: 0/99999
Epoch  956 | Cost: 0.674849 | Acc: 73.33% (Best: 75.28% @ Ep772) | LR: 0.000150 | Rev: 0/99999
Epoch  957 | Cost: 0.724281 | Acc: 73.61% (Best: 75.28% @ Ep772) | LR: 0.000150 | Rev: 1/99999
Epoch  958 | Cost: 0.724480 | Acc: 73.33% (Best: 75.28% @ Ep772) | LR: 0.000150 | Rev: 2/99999
Epoch  959 | Cost: 0.694266 | Acc: 71.94% (Best: 75.28% @ Ep772) | LR: 0.000150 | Rev: 0/99999
Epoch  960 | Cost: 0.691644 | Acc: 72.22% (Best: 75.28% @ Ep772) | LR: 0.000150 | Rev: 0/99999
Epoch  961 | Cost: 0.719781 | Acc: 69.44% (Best: 75.28% @ Ep772) | LR: 0.000150 | Rev: 1/99999
Epoch  962 | Cost: 0.745826 | Acc: 70.00% (Best: 75.28% @ Ep772) | LR: 0.000160 | Rev: 2/99999
Epoch  963 | Cost: 0.703646 | Acc: 72.78% (Best: 75.28% @ Ep772) | LR: 0.000160 | Rev: 0/99999
Epoch  964 | Cost: 0.702662 | Acc: 72.78% (Best: 75.28% @ Ep772) | LR: 0.000160 | Rev: 0/99999
Epoch  965 | Cost: 0.750705 | Acc: 73.89% (Best: 75.28% @ Ep772) | LR: 0.000160 | Rev: 1/99999
Epoch  966 | Cost: 0.737508 | Acc: 70.83% (Best: 75.28% @ Ep772) | LR: 0.000160 | Rev: 0/99999
Epoch  967 | Cost: 0.773722 | Acc: 69.17% (Best: 75.28% @ Ep772) | LR: 0.000160 | Rev: 1/99999
Epoch  968 | Cost: 0.729925 | Acc: 73.61% (Best: 75.28% @ Ep772) | LR: 0.000160 | Rev: 0/99999
Epoch  969 | Cost: 0.727807 | Acc: 72.50% (Best: 75.28% @ Ep772) | LR: 0.000160 | Rev: 0/99999
Epoch  970 | Cost: 0.725163 | Acc: 71.94% (Best: 75.28% @ Ep772) | LR: 0.000160 | Rev: 0/99999
Epoch  971 | Cost: 0.747340 | Acc: 71.94% (Best: 75.28% @ Ep772) | LR: 0.000160 | Rev: 1/99999
Epoch  972 | Cost: 0.695106 | Acc: 70.00% (Best: 75.28% @ Ep772) | LR: 0.000170 | Rev: 0/99999
Epoch  973 | Cost: 0.679817 | Acc: 70.28% (Best: 75.28% @ Ep772) | LR: 0.000170 | Rev: 0/99999
Epoch  974 | Cost: 0.716235 | Acc: 72.50% (Best: 75.28% @ Ep772) | LR: 0.000170 | Rev: 1/99999
Epoch  975 | Cost: 0.695381 | Acc: 71.67% (Best: 75.28% @ Ep772) | LR: 0.000170 | Rev: 0/99999
Epoch  976 | Cost: 0.685592 | Acc: 71.39% (Best: 75.28% @ Ep772) | LR: 0.000170 | Rev: 0/99999
Epoch  977 | Cost: 0.722878 | Acc: 71.39% (Best: 75.28% @ Ep772) | LR: 0.000170 | Rev: 1/99999
Epoch  978 | Cost: 0.726191 | Acc: 70.83% (Best: 75.28% @ Ep772) | LR: 0.000170 | Rev: 2/99999
Epoch  979 | Cost: 0.715916 | Acc: 73.33% (Best: 75.28% @ Ep772) | LR: 0.000170 | Rev: 0/99999
Epoch  980 | Cost: 0.703996 | Acc: 72.22% (Best: 75.28% @ Ep772) | LR: 0.000170 | Rev: 0/99999
Epoch  981 | Cost: 0.709388 | Acc: 74.44% (Best: 75.28% @ Ep772) | LR: 0.000170 | Rev: 1/99999
Epoch  982 | Cost: 0.693129 | Acc: 73.06% (Best: 75.28% @ Ep772) | LR: 0.000180 | Rev: 0/99999
Epoch  983 | Cost: 0.736416 | Acc: 70.56% (Best: 75.28% @ Ep772) | LR: 0.000180 | Rev: 1/99999
Epoch  984 | Cost: 0.722077 | Acc: 73.33% (Best: 75.28% @ Ep772) | LR: 0.000180 | Rev: 0/99999
Epoch  985 | Cost: 0.699751 | Acc: 71.94% (Best: 75.28% @ Ep772) | LR: 0.000180 | Rev: 0/99999
Epoch  986 | Cost: 0.729693 | Acc: 74.44% (Best: 75.28% @ Ep772) | LR: 0.000180 | Rev: 1/99999
Epoch  987 | Cost: 0.716523 | Acc: 71.11% (Best: 75.28% @ Ep772) | LR: 0.000180 | Rev: 0/99999
Epoch  988 | Cost: 0.734700 | Acc: 71.67% (Best: 75.28% @ Ep772) | LR: 0.000180 | Rev: 1/99999
Epoch  989 | Cost: 0.729320 | Acc: 72.78% (Best: 75.28% @ Ep772) | LR: 0.000180 | Rev: 0/99999
Epoch  990 | Cost: 0.710125 | Acc: 72.22% (Best: 75.28% @ Ep772) | LR: 0.000180 | Rev: 0/99999
Epoch  991 | Cost: 0.720928 | Acc: 73.61% (Best: 75.28% @ Ep772) | LR: 0.000180 | Rev: 1/99999
Epoch  992 | Cost: 0.705505 | Acc: 73.33% (Best: 75.28% @ Ep772) | LR: 0.000190 | Rev: 0/99999
Epoch  993 | Cost: 0.718792 | Acc: 73.06% (Best: 75.28% @ Ep772) | LR: 0.000190 | Rev: 1/99999
Epoch  994 | Cost: 0.717612 | Acc: 69.44% (Best: 75.28% @ Ep772) | LR: 0.000190 | Rev: 0/99999
Epoch  995 | Cost: 0.762726 | Acc: 70.28% (Best: 75.28% @ Ep772) | LR: 0.000190 | Rev: 1/99999
Epoch  996 | Cost: 0.771303 | Acc: 70.00% (Best: 75.28% @ Ep772) | LR: 0.000190 | Rev: 2/99999
Epoch  997 | Cost: 0.695212 | Acc: 71.94% (Best: 75.28% @ Ep772) | LR: 0.000190 | Rev: 0/99999
Epoch  998 | Cost: 0.708961 | Acc: 71.67% (Best: 75.28% @ Ep772) | LR: 0.000190 | Rev: 1/99999
Epoch  999 | Cost: 0.794153 | Acc: 70.56% (Best: 75.28% @ Ep772) | LR: 0.000190 | Rev: 2/99999
Epoch 1000 | Cost: 0.735932 | Acc: 70.56% (Best: 75.28% @ Ep772) | LR: 0.000190 | Rev: 0/99999
Epoch 1001 | Cost: 0.708177 | Acc: 73.33% (Best: 75.28% @ Ep772) | LR: 0.000190 | Rev: 0/99999
Epoch 1002 | Cost: 0.731071 | Acc: 71.39% (Best: 75.28% @ Ep772) | LR: 0.000200 | Rev: 1/99999
Epoch 1003 | Cost: 0.759203 | Acc: 69.72% (Best: 75.28% @ Ep772) | LR: 0.000200 | Rev: 2/99999
Epoch 1004 | Cost: 0.756379 | Acc: 71.39% (Best: 75.28% @ Ep772) | LR: 0.000200 | Rev: 0/99999
Epoch 1005 | Cost: 0.735231 | Acc: 72.50% (Best: 75.28% @ Ep772) | LR: 0.000200 | Rev: 0/99999
Epoch 1006 | Cost: 0.708715 | Acc: 71.11% (Best: 75.28% @ Ep772) | LR: 0.000200 | Rev: 0/99999
Epoch 1007 | Cost: 0.703239 | Acc: 71.11% (Best: 75.28% @ Ep772) | LR: 0.000200 | Rev: 0/99999
Epoch 1008 | Cost: 0.717246 | Acc: 71.94% (Best: 75.28% @ Ep772) | LR: 0.000200 | Rev: 1/99999
Epoch 1009 | Cost: 0.698455 | Acc: 72.78% (Best: 75.28% @ Ep772) | LR: 0.000200 | Rev: 0/99999
Epoch 1010 | Cost: 0.728433 | Acc: 73.89% (Best: 75.28% @ Ep772) | LR: 0.000200 | Rev: 1/99999
Epoch 1011 | Cost: 0.719202 | Acc: 73.89% (Best: 75.28% @ Ep772) | LR: 0.000200 | Rev: 0/99999
Epoch 1012 | Cost: 0.696825 | Acc: 71.94% (Best: 75.28% @ Ep772) | LR: 0.000210 | Rev: 0/99999
Epoch 1013 | Cost: 0.749186 | Acc: 71.67% (Best: 75.28% @ Ep772) | LR: 0.000210 | Rev: 1/99999
Epoch 1014 | Cost: 0.773057 | Acc: 73.33% (Best: 75.28% @ Ep772) | LR: 0.000210 | Rev: 2/99999
Epoch 1015 | Cost: 0.701352 | Acc: 70.83% (Best: 75.28% @ Ep772) | LR: 0.000210 | Rev: 0/99999
Epoch 1016 | Cost: 0.694785 | Acc: 72.50% (Best: 75.28% @ Ep772) | LR: 0.000210 | Rev: 0/99999
Epoch 1017 | Cost: 0.706585 | Acc: 73.33% (Best: 75.28% @ Ep772) | LR: 0.000210 | Rev: 1/99999
Epoch 1018 | Cost: 0.744665 | Acc: 73.89% (Best: 75.28% @ Ep772) | LR: 0.000210 | Rev: 2/99999
Epoch 1019 | Cost: 0.715414 | Acc: 75.00% (Best: 75.28% @ Ep772) | LR: 0.000210 | Rev: 0/99999
Epoch 1020 | Cost: 0.702873 | Acc: 73.06% (Best: 75.28% @ Ep772) | LR: 0.000210 | Rev: 0/99999
Epoch 1021 | Cost: 0.701986 | Acc: 72.22% (Best: 75.28% @ Ep772) | LR: 0.000210 | Rev: 0/99999
Epoch 1022 | Cost: 0.689766 | Acc: 73.89% (Best: 75.28% @ Ep772) | LR: 0.000220 | Rev: 0/99999
Epoch 1023 | Cost: 0.683833 | Acc: 71.67% (Best: 75.28% @ Ep772) | LR: 0.000220 | Rev: 0/99999
Epoch 1024 | Cost: 0.706020 | Acc: 72.78% (Best: 75.28% @ Ep772) | LR: 0.000220 | Rev: 1/99999
Epoch 1025 | Cost: 0.708678 | Acc: 71.39% (Best: 75.28% @ Ep772) | LR: 0.000220 | Rev: 2/99999
Epoch 1026 | Cost: 0.691955 | Acc: 75.56% (Best: 75.56% @ Ep1026) | LR: 0.000010 | Rev: 0/99999
Epoch 1027 | Cost: 0.652938 | Acc: 75.00% (Best: 75.56% @ Ep1026) | LR: 0.000010 | Rev: 0/99999
Epoch 1028 | Cost: 0.653097 | Acc: 74.17% (Best: 75.56% @ Ep1026) | LR: 0.000010 | Rev: 1/99999
Epoch 1029 | Cost: 0.635498 | Acc: 73.89% (Best: 75.56% @ Ep1026) | LR: 0.000010 | Rev: 0/99999
Epoch 1030 | Cost: 0.638972 | Acc: 73.89% (Best: 75.56% @ Ep1026) | LR: 0.000010 | Rev: 1/99999
Epoch 1031 | Cost: 0.663736 | Acc: 73.89% (Best: 75.56% @ Ep1026) | LR: 0.000010 | Rev: 2/99999
Epoch 1032 | Cost: 0.639548 | Acc: 73.89% (Best: 75.56% @ Ep1026) | LR: 0.000010 | Rev: 0/99999
Epoch 1033 | Cost: 0.629234 | Acc: 73.61% (Best: 75.56% @ Ep1026) | LR: 0.000010 | Rev: 0/99999
Epoch 1034 | Cost: 0.647518 | Acc: 74.17% (Best: 75.56% @ Ep1026) | LR: 0.000010 | Rev: 1/99999
Epoch 1035 | Cost: 0.643271 | Acc: 74.44% (Best: 75.56% @ Ep1026) | LR: 0.000010 | Rev: 0/99999
Epoch 1036 | Cost: 0.654862 | Acc: 73.61% (Best: 75.56% @ Ep1026) | LR: 0.000010 | Rev: 1/99999
Epoch 1037 | Cost: 0.639835 | Acc: 73.61% (Best: 75.56% @ Ep1026) | LR: 0.000010 | Rev: 0/99999
Epoch 1038 | Cost: 0.646938 | Acc: 73.89% (Best: 75.56% @ Ep1026) | LR: 0.000010 | Rev: 1/99999
Epoch 1039 | Cost: 0.657956 | Acc: 73.89% (Best: 75.56% @ Ep1026) | LR: 0.000010 | Rev: 2/99999
Epoch 1040 | Cost: 0.652298 | Acc: 74.44% (Best: 75.56% @ Ep1026) | LR: 0.000010 | Rev: 0/99999
Epoch 1041 | Cost: 0.653389 | Acc: 74.17% (Best: 75.56% @ Ep1026) | LR: 0.000010 | Rev: 1/99999
Epoch 1042 | Cost: 0.677632 | Acc: 74.17% (Best: 75.56% @ Ep1026) | LR: 0.000010 | Rev: 2/99999
Epoch 1043 | Cost: 0.677073 | Acc: 73.61% (Best: 75.56% @ Ep1026) | LR: 0.000010 | Rev: 0/99999
Epoch 1044 | Cost: 0.647194 | Acc: 74.17% (Best: 75.56% @ Ep1026) | LR: 0.000010 | Rev: 0/99999
Epoch 1045 | Cost: 0.661606 | Acc: 73.89% (Best: 75.56% @ Ep1026) | LR: 0.000010 | Rev: 1/99999
Epoch 1046 | Cost: 0.648379 | Acc: 74.17% (Best: 75.56% @ Ep1026) | LR: 0.000010 | Rev: 0/99999
Epoch 1047 | Cost: 0.643066 | Acc: 74.44% (Best: 75.56% @ Ep1026) | LR: 0.000010 | Rev: 0/99999
Epoch 1048 | Cost: 0.663006 | Acc: 73.89% (Best: 75.56% @ Ep1026) | LR: 0.000010 | Rev: 1/99999
Epoch 1049 | Cost: 0.642045 | Acc: 73.61% (Best: 75.56% @ Ep1026) | LR: 0.000010 | Rev: 0/99999
Epoch 1050 | Cost: 0.632643 | Acc: 74.17% (Best: 75.56% @ Ep1026) | LR: 0.000010 | Rev: 0/99999
Epoch 1051 | Cost: 0.646568 | Acc: 73.61% (Best: 75.56% @ Ep1026) | LR: 0.000010 | Rev: 1/99999
Epoch 1052 | Cost: 0.639826 | Acc: 74.17% (Best: 75.56% @ Ep1026) | LR: 0.000010 | Rev: 0/99999
Epoch 1053 | Cost: 0.637828 | Acc: 74.44% (Best: 75.56% @ Ep1026) | LR: 0.000010 | Rev: 0/99999
Epoch 1054 | Cost: 0.659551 | Acc: 74.44% (Best: 75.56% @ Ep1026) | LR: 0.000010 | Rev: 1/99999
Epoch 1055 | Cost: 0.664550 | Acc: 73.89% (Best: 75.56% @ Ep1026) | LR: 0.000010 | Rev: 2/99999
Epoch 1056 | Cost: 0.660661 | Acc: 74.44% (Best: 75.56% @ Ep1026) | LR: 0.000010 | Rev: 0/99999
Epoch 1057 | Cost: 0.670063 | Acc: 74.17% (Best: 75.56% @ Ep1026) | LR: 0.000010 | Rev: 1/99999
Epoch 1058 | Cost: 0.633910 | Acc: 74.17% (Best: 75.56% @ Ep1026) | LR: 0.000010 | Rev: 0/99999
Epoch 1059 | Cost: 0.653414 | Acc: 74.17% (Best: 75.56% @ Ep1026) | LR: 0.000010 | Rev: 1/99999
Epoch 1060 | Cost: 0.639501 | Acc: 73.61% (Best: 75.56% @ Ep1026) | LR: 0.000010 | Rev: 0/99999
Epoch 1061 | Cost: 0.652624 | Acc: 73.89% (Best: 75.56% @ Ep1026) | LR: 0.000010 | Rev: 1/99999
Epoch 1062 | Cost: 0.631608 | Acc: 74.44% (Best: 75.56% @ Ep1026) | LR: 0.000010 | Rev: 0/99999
Epoch 1063 | Cost: 0.646716 | Acc: 74.17% (Best: 75.56% @ Ep1026) | LR: 0.000010 | Rev: 1/99999
Epoch 1064 | Cost: 0.658963 | Acc: 74.17% (Best: 75.56% @ Ep1026) | LR: 0.000010 | Rev: 2/99999
Epoch 1065 | Cost: 0.647956 | Acc: 74.17% (Best: 75.56% @ Ep1026) | LR: 0.000010 | Rev: 0/99999
Epoch 1066 | Cost: 0.647632 | Acc: 74.44% (Best: 75.56% @ Ep1026) | LR: 0.000010 | Rev: 0/99999
Epoch 1067 | Cost: 0.670568 | Acc: 74.17% (Best: 75.56% @ Ep1026) | LR: 0.000010 | Rev: 1/99999
Epoch 1068 | Cost: 0.649395 | Acc: 73.61% (Best: 75.56% @ Ep1026) | LR: 0.000010 | Rev: 0/99999
Epoch 1069 | Cost: 0.644844 | Acc: 73.61% (Best: 75.56% @ Ep1026) | LR: 0.000010 | Rev: 0/99999
Epoch 1070 | Cost: 0.649631 | Acc: 74.44% (Best: 75.56% @ Ep1026) | LR: 0.000010 | Rev: 1/99999
Epoch 1071 | Cost: 0.668028 | Acc: 74.17% (Best: 75.56% @ Ep1026) | LR: 0.000010 | Rev: 2/99999
Epoch 1072 | Cost: 0.651775 | Acc: 74.17% (Best: 75.56% @ Ep1026) | LR: 0.000010 | Rev: 0/99999
Epoch 1073 | Cost: 0.665669 | Acc: 74.44% (Best: 75.56% @ Ep1026) | LR: 0.000010 | Rev: 1/99999
Epoch 1074 | Cost: 0.638825 | Acc: 74.44% (Best: 75.56% @ Ep1026) | LR: 0.000010 | Rev: 0/99999
Epoch 1075 | Cost: 0.648271 | Acc: 74.44% (Best: 75.56% @ Ep1026) | LR: 0.000010 | Rev: 1/99999
Epoch 1076 | Cost: 0.655515 | Acc: 74.44% (Best: 75.56% @ Ep1026) | LR: 0.000020 | Rev: 2/99999
Epoch 1077 | Cost: 0.647021 | Acc: 73.33% (Best: 75.56% @ Ep1026) | LR: 0.000020 | Rev: 0/99999
Epoch 1078 | Cost: 0.648488 | Acc: 74.44% (Best: 75.56% @ Ep1026) | LR: 0.000020 | Rev: 1/99999
Epoch 1079 | Cost: 0.654426 | Acc: 74.17% (Best: 75.56% @ Ep1026) | LR: 0.000020 | Rev: 2/99999
Epoch 1080 | Cost: 0.639124 | Acc: 73.06% (Best: 75.56% @ Ep1026) | LR: 0.000020 | Rev: 0/99999
Epoch 1081 | Cost: 0.646746 | Acc: 74.17% (Best: 75.56% @ Ep1026) | LR: 0.000020 | Rev: 1/99999
Epoch 1082 | Cost: 0.645546 | Acc: 74.44% (Best: 75.56% @ Ep1026) | LR: 0.000020 | Rev: 0/99999
Epoch 1083 | Cost: 0.633981 | Acc: 73.33% (Best: 75.56% @ Ep1026) | LR: 0.000020 | Rev: 0/99999
Epoch 1084 | Cost: 0.650152 | Acc: 74.17% (Best: 75.56% @ Ep1026) | LR: 0.000020 | Rev: 1/99999
Epoch 1085 | Cost: 0.657423 | Acc: 73.61% (Best: 75.56% @ Ep1026) | LR: 0.000020 | Rev: 2/99999
Epoch 1086 | Cost: 0.645880 | Acc: 74.72% (Best: 75.56% @ Ep1026) | LR: 0.000030 | Rev: 0/99999
Epoch 1087 | Cost: 0.646789 | Acc: 73.33% (Best: 75.56% @ Ep1026) | LR: 0.000030 | Rev: 1/99999
Epoch 1088 | Cost: 0.637810 | Acc: 74.17% (Best: 75.56% @ Ep1026) | LR: 0.000030 | Rev: 0/99999
Epoch 1089 | Cost: 0.639270 | Acc: 75.00% (Best: 75.56% @ Ep1026) | LR: 0.000030 | Rev: 1/99999
Epoch 1090 | Cost: 0.677885 | Acc: 73.61% (Best: 75.56% @ Ep1026) | LR: 0.000030 | Rev: 2/99999
Epoch 1091 | Cost: 0.655619 | Acc: 74.17% (Best: 75.56% @ Ep1026) | LR: 0.000030 | Rev: 0/99999
Epoch 1092 | Cost: 0.649652 | Acc: 74.17% (Best: 75.56% @ Ep1026) | LR: 0.000030 | Rev: 0/99999
Epoch 1093 | Cost: 0.658999 | Acc: 73.61% (Best: 75.56% @ Ep1026) | LR: 0.000030 | Rev: 1/99999
Epoch 1094 | Cost: 0.650102 | Acc: 73.89% (Best: 75.56% @ Ep1026) | LR: 0.000030 | Rev: 0/99999
Epoch 1095 | Cost: 0.641754 | Acc: 74.44% (Best: 75.56% @ Ep1026) | LR: 0.000030 | Rev: 0/99999
Epoch 1096 | Cost: 0.658429 | Acc: 73.89% (Best: 75.56% @ Ep1026) | LR: 0.000040 | Rev: 1/99999
Epoch 1097 | Cost: 0.648750 | Acc: 75.00% (Best: 75.56% @ Ep1026) | LR: 0.000040 | Rev: 0/99999
Epoch 1098 | Cost: 0.647025 | Acc: 74.17% (Best: 75.56% @ Ep1026) | LR: 0.000040 | Rev: 0/99999
Epoch 1099 | Cost: 0.655529 | Acc: 74.44% (Best: 75.56% @ Ep1026) | LR: 0.000040 | Rev: 1/99999
Epoch 1100 | Cost: 0.658990 | Acc: 73.61% (Best: 75.56% @ Ep1026) | LR: 0.000040 | Rev: 2/99999
Epoch 1101 | Cost: 0.640628 | Acc: 74.72% (Best: 75.56% @ Ep1026) | LR: 0.000040 | Rev: 0/99999
Epoch 1102 | Cost: 0.645824 | Acc: 73.89% (Best: 75.56% @ Ep1026) | LR: 0.000040 | Rev: 1/99999
Epoch 1103 | Cost: 0.644253 | Acc: 74.44% (Best: 75.56% @ Ep1026) | LR: 0.000040 | Rev: 0/99999
Epoch 1104 | Cost: 0.639226 | Acc: 74.17% (Best: 75.56% @ Ep1026) | LR: 0.000040 | Rev: 0/99999
Epoch 1105 | Cost: 0.663547 | Acc: 74.17% (Best: 75.56% @ Ep1026) | LR: 0.000040 | Rev: 1/99999
Epoch 1106 | Cost: 0.658426 | Acc: 74.44% (Best: 75.56% @ Ep1026) | LR: 0.000050 | Rev: 0/99999
Epoch 1107 | Cost: 0.666943 | Acc: 74.17% (Best: 75.56% @ Ep1026) | LR: 0.000050 | Rev: 1/99999
Epoch 1108 | Cost: 0.653882 | Acc: 73.33% (Best: 75.56% @ Ep1026) | LR: 0.000050 | Rev: 0/99999
Epoch 1109 | Cost: 0.641287 | Acc: 73.33% (Best: 75.56% @ Ep1026) | LR: 0.000050 | Rev: 0/99999
Epoch 1110 | Cost: 0.654251 | Acc: 73.89% (Best: 75.56% @ Ep1026) | LR: 0.000050 | Rev: 1/99999
Epoch 1111 | Cost: 0.656594 | Acc: 74.44% (Best: 75.56% @ Ep1026) | LR: 0.000050 | Rev: 2/99999
Epoch 1112 | Cost: 0.647288 | Acc: 74.44% (Best: 75.56% @ Ep1026) | LR: 0.000050 | Rev: 0/99999
Epoch 1113 | Cost: 0.665961 | Acc: 74.72% (Best: 75.56% @ Ep1026) | LR: 0.000050 | Rev: 1/99999
Epoch 1114 | Cost: 0.648182 | Acc: 73.89% (Best: 75.56% @ Ep1026) | LR: 0.000050 | Rev: 0/99999
Epoch 1115 | Cost: 0.661650 | Acc: 74.17% (Best: 75.56% @ Ep1026) | LR: 0.000050 | Rev: 1/99999
Epoch 1116 | Cost: 0.689814 | Acc: 74.44% (Best: 75.56% @ Ep1026) | LR: 0.000060 | Rev: 2/99999
Epoch 1117 | Cost: 0.655106 | Acc: 74.17% (Best: 75.56% @ Ep1026) | LR: 0.000060 | Rev: 0/99999
Epoch 1118 | Cost: 0.674481 | Acc: 72.22% (Best: 75.56% @ Ep1026) | LR: 0.000060 | Rev: 1/99999
Epoch 1119 | Cost: 0.694084 | Acc: 74.44% (Best: 75.56% @ Ep1026) | LR: 0.000060 | Rev: 2/99999
Epoch 1120 | Cost: 0.666662 | Acc: 73.33% (Best: 75.56% @ Ep1026) | LR: 0.000060 | Rev: 0/99999
Epoch 1121 | Cost: 0.679433 | Acc: 74.72% (Best: 75.56% @ Ep1026) | LR: 0.000060 | Rev: 1/99999
Epoch 1122 | Cost: 0.663934 | Acc: 72.50% (Best: 75.56% @ Ep1026) | LR: 0.000060 | Rev: 0/99999
Epoch 1123 | Cost: 0.668318 | Acc: 74.17% (Best: 75.56% @ Ep1026) | LR: 0.000060 | Rev: 1/99999
Epoch 1124 | Cost: 0.665076 | Acc: 74.72% (Best: 75.56% @ Ep1026) | LR: 0.000060 | Rev: 0/99999
Epoch 1125 | Cost: 0.683472 | Acc: 74.17% (Best: 75.56% @ Ep1026) | LR: 0.000060 | Rev: 1/99999
Epoch 1126 | Cost: 0.648411 | Acc: 75.00% (Best: 75.56% @ Ep1026) | LR: 0.000070 | Rev: 0/99999
Epoch 1127 | Cost: 0.653767 | Acc: 74.44% (Best: 75.56% @ Ep1026) | LR: 0.000070 | Rev: 1/99999
Epoch 1128 | Cost: 0.645551 | Acc: 74.17% (Best: 75.56% @ Ep1026) | LR: 0.000070 | Rev: 0/99999
Epoch 1129 | Cost: 0.657985 | Acc: 75.28% (Best: 75.56% @ Ep1026) | LR: 0.000070 | Rev: 1/99999
Epoch 1130 | Cost: 0.655170 | Acc: 73.61% (Best: 75.56% @ Ep1026) | LR: 0.000070 | Rev: 0/99999
Epoch 1131 | Cost: 0.677758 | Acc: 73.89% (Best: 75.56% @ Ep1026) | LR: 0.000070 | Rev: 1/99999
Epoch 1132 | Cost: 0.689432 | Acc: 73.61% (Best: 75.56% @ Ep1026) | LR: 0.000070 | Rev: 2/99999
Epoch 1133 | Cost: 0.658821 | Acc: 73.61% (Best: 75.56% @ Ep1026) | LR: 0.000070 | Rev: 0/99999
Epoch 1134 | Cost: 0.652726 | Acc: 75.00% (Best: 75.56% @ Ep1026) | LR: 0.000070 | Rev: 0/99999
Epoch 1135 | Cost: 0.666126 | Acc: 73.89% (Best: 75.56% @ Ep1026) | LR: 0.000070 | Rev: 1/99999
Epoch 1136 | Cost: 0.683551 | Acc: 73.89% (Best: 75.56% @ Ep1026) | LR: 0.000080 | Rev: 2/99999
Epoch 1137 | Cost: 0.702716 | Acc: 74.44% (Best: 75.56% @ Ep1026) | LR: 0.000080 | Rev: 3/99999
Epoch 1138 | Cost: 0.655369 | Acc: 73.33% (Best: 75.56% @ Ep1026) | LR: 0.000080 | Rev: 0/99999
Epoch 1139 | Cost: 0.702469 | Acc: 72.78% (Best: 75.56% @ Ep1026) | LR: 0.000080 | Rev: 1/99999
Epoch 1140 | Cost: 0.701644 | Acc: 74.17% (Best: 75.56% @ Ep1026) | LR: 0.000080 | Rev: 0/99999
Epoch 1141 | Cost: 0.672096 | Acc: 74.44% (Best: 75.56% @ Ep1026) | LR: 0.000080 | Rev: 0/99999
Epoch 1142 | Cost: 0.691240 | Acc: 74.17% (Best: 75.56% @ Ep1026) | LR: 0.000080 | Rev: 1/99999
Epoch 1143 | Cost: 0.647333 | Acc: 74.44% (Best: 75.56% @ Ep1026) | LR: 0.000080 | Rev: 0/99999
Epoch 1144 | Cost: 0.684312 | Acc: 72.50% (Best: 75.56% @ Ep1026) | LR: 0.000080 | Rev: 1/99999
Epoch 1145 | Cost: 0.654420 | Acc: 73.33% (Best: 75.56% @ Ep1026) | LR: 0.000080 | Rev: 0/99999
Epoch 1146 | Cost: 0.660900 | Acc: 73.61% (Best: 75.56% @ Ep1026) | LR: 0.000090 | Rev: 1/99999
Epoch 1147 | Cost: 0.651054 | Acc: 73.61% (Best: 75.56% @ Ep1026) | LR: 0.000090 | Rev: 0/99999
Epoch 1148 | Cost: 0.702763 | Acc: 72.78% (Best: 75.56% @ Ep1026) | LR: 0.000090 | Rev: 1/99999
Epoch 1149 | Cost: 0.650363 | Acc: 75.56% (Best: 75.56% @ Ep1026) | LR: 0.000090 | Rev: 0/99999
Epoch 1150 | Cost: 0.654868 | Acc: 75.00% (Best: 75.56% @ Ep1026) | LR: 0.000090 | Rev: 1/99999
Epoch 1151 | Cost: 0.675826 | Acc: 73.33% (Best: 75.56% @ Ep1026) | LR: 0.000090 | Rev: 2/99999
Epoch 1152 | Cost: 0.646351 | Acc: 71.67% (Best: 75.56% @ Ep1026) | LR: 0.000090 | Rev: 0/99999
Epoch 1153 | Cost: 0.664276 | Acc: 73.33% (Best: 75.56% @ Ep1026) | LR: 0.000090 | Rev: 1/99999
Epoch 1154 | Cost: 0.653372 | Acc: 72.50% (Best: 75.56% @ Ep1026) | LR: 0.000090 | Rev: 0/99999
Epoch 1155 | Cost: 0.660995 | Acc: 74.17% (Best: 75.56% @ Ep1026) | LR: 0.000090 | Rev: 1/99999
Epoch 1156 | Cost: 0.667339 | Acc: 73.33% (Best: 75.56% @ Ep1026) | LR: 0.000100 | Rev: 2/99999
Epoch 1157 | Cost: 0.677357 | Acc: 72.78% (Best: 75.56% @ Ep1026) | LR: 0.000100 | Rev: 3/99999
Epoch 1158 | Cost: 0.660152 | Acc: 74.17% (Best: 75.56% @ Ep1026) | LR: 0.000100 | Rev: 0/99999
Epoch 1159 | Cost: 0.690182 | Acc: 74.17% (Best: 75.56% @ Ep1026) | LR: 0.000100 | Rev: 1/99999
Epoch 1160 | Cost: 0.667768 | Acc: 73.06% (Best: 75.56% @ Ep1026) | LR: 0.000100 | Rev: 0/99999
Epoch 1161 | Cost: 0.677106 | Acc: 74.17% (Best: 75.56% @ Ep1026) | LR: 0.000100 | Rev: 1/99999
Epoch 1162 | Cost: 0.720176 | Acc: 71.67% (Best: 75.56% @ Ep1026) | LR: 0.000100 | Rev: 2/99999
Epoch 1163 | Cost: 0.672247 | Acc: 71.39% (Best: 75.56% @ Ep1026) | LR: 0.000100 | Rev: 0/99999
Epoch 1164 | Cost: 0.692990 | Acc: 71.67% (Best: 75.56% @ Ep1026) | LR: 0.000100 | Rev: 1/99999
Epoch 1165 | Cost: 0.684434 | Acc: 73.06% (Best: 75.56% @ Ep1026) | LR: 0.000100 | Rev: 0/99999
Epoch 1166 | Cost: 0.672389 | Acc: 71.39% (Best: 75.56% @ Ep1026) | LR: 0.000110 | Rev: 0/99999
Epoch 1167 | Cost: 0.702847 | Acc: 75.56% (Best: 75.56% @ Ep1026) | LR: 0.000110 | Rev: 1/99999
Epoch 1168 | Cost: 0.683163 | Acc: 74.17% (Best: 75.56% @ Ep1026) | LR: 0.000110 | Rev: 0/99999
Epoch 1169 | Cost: 0.696892 | Acc: 72.50% (Best: 75.56% @ Ep1026) | LR: 0.000110 | Rev: 1/99999
Epoch 1170 | Cost: 0.669391 | Acc: 72.50% (Best: 75.56% @ Ep1026) | LR: 0.000110 | Rev: 0/99999
Epoch 1171 | Cost: 0.684905 | Acc: 72.22% (Best: 75.56% @ Ep1026) | LR: 0.000110 | Rev: 1/99999
Epoch 1172 | Cost: 0.675876 | Acc: 74.44% (Best: 75.56% @ Ep1026) | LR: 0.000110 | Rev: 0/99999
Epoch 1173 | Cost: 0.681542 | Acc: 71.39% (Best: 75.56% @ Ep1026) | LR: 0.000110 | Rev: 1/99999
Epoch 1174 | Cost: 0.686520 | Acc: 74.17% (Best: 75.56% @ Ep1026) | LR: 0.000110 | Rev: 2/99999
Epoch 1175 | Cost: 0.665811 | Acc: 71.11% (Best: 75.56% @ Ep1026) | LR: 0.000110 | Rev: 0/99999
Epoch 1176 | Cost: 0.668797 | Acc: 73.33% (Best: 75.56% @ Ep1026) | LR: 0.000120 | Rev: 1/99999
Epoch 1177 | Cost: 0.688165 | Acc: 73.33% (Best: 75.56% @ Ep1026) | LR: 0.000120 | Rev: 2/99999
Epoch 1178 | Cost: 0.697632 | Acc: 73.61% (Best: 75.56% @ Ep1026) | LR: 0.000120 | Rev: 3/99999
Epoch 1179 | Cost: 0.676985 | Acc: 71.94% (Best: 75.56% @ Ep1026) | LR: 0.000120 | Rev: 0/99999
Epoch 1180 | Cost: 0.721992 | Acc: 75.28% (Best: 75.56% @ Ep1026) | LR: 0.000120 | Rev: 1/99999
Epoch 1181 | Cost: 0.684715 | Acc: 72.78% (Best: 75.56% @ Ep1026) | LR: 0.000120 | Rev: 0/99999
Epoch 1182 | Cost: 0.695702 | Acc: 72.22% (Best: 75.56% @ Ep1026) | LR: 0.000120 | Rev: 1/99999
Epoch 1183 | Cost: 0.709076 | Acc: 73.61% (Best: 75.56% @ Ep1026) | LR: 0.000120 | Rev: 2/99999
Epoch 1184 | Cost: 0.704957 | Acc: 72.50% (Best: 75.56% @ Ep1026) | LR: 0.000120 | Rev: 0/99999
Epoch 1185 | Cost: 0.683693 | Acc: 71.11% (Best: 75.56% @ Ep1026) | LR: 0.000120 | Rev: 0/99999
Epoch 1186 | Cost: 0.678723 | Acc: 73.89% (Best: 75.56% @ Ep1026) | LR: 0.000130 | Rev: 0/99999
Epoch 1187 | Cost: 0.660410 | Acc: 73.61% (Best: 75.56% @ Ep1026) | LR: 0.000130 | Rev: 0/99999
Epoch 1188 | Cost: 0.656828 | Acc: 71.39% (Best: 75.56% @ Ep1026) | LR: 0.000130 | Rev: 0/99999
Epoch 1189 | Cost: 0.682584 | Acc: 73.06% (Best: 75.56% @ Ep1026) | LR: 0.000130 | Rev: 1/99999
Epoch 1190 | Cost: 0.661838 | Acc: 73.61% (Best: 75.56% @ Ep1026) | LR: 0.000130 | Rev: 0/99999
Epoch 1191 | Cost: 0.693287 | Acc: 73.33% (Best: 75.56% @ Ep1026) | LR: 0.000130 | Rev: 1/99999
Epoch 1192 | Cost: 0.655182 | Acc: 72.22% (Best: 75.56% @ Ep1026) | LR: 0.000130 | Rev: 0/99999
Epoch 1193 | Cost: 0.671725 | Acc: 72.78% (Best: 75.56% @ Ep1026) | LR: 0.000130 | Rev: 1/99999
Epoch 1194 | Cost: 0.684573 | Acc: 73.61% (Best: 75.56% @ Ep1026) | LR: 0.000130 | Rev: 2/99999
Epoch 1195 | Cost: 0.701805 | Acc: 73.89% (Best: 75.56% @ Ep1026) | LR: 0.000130 | Rev: 3/99999
Epoch 1196 | Cost: 0.676330 | Acc: 72.78% (Best: 75.56% @ Ep1026) | LR: 0.000140 | Rev: 0/99999
Epoch 1197 | Cost: 0.650331 | Acc: 71.39% (Best: 75.56% @ Ep1026) | LR: 0.000140 | Rev: 0/99999
Epoch 1198 | Cost: 0.686215 | Acc: 74.17% (Best: 75.56% @ Ep1026) | LR: 0.000140 | Rev: 1/99999
Epoch 1199 | Cost: 0.697022 | Acc: 74.44% (Best: 75.56% @ Ep1026) | LR: 0.000140 | Rev: 2/99999
Epoch 1200 | Cost: 0.656422 | Acc: 73.89% (Best: 75.56% @ Ep1026) | LR: 0.000140 | Rev: 0/99999
Epoch 1201 | Cost: 0.683085 | Acc: 71.67% (Best: 75.56% @ Ep1026) | LR: 0.000140 | Rev: 1/99999
Epoch 1202 | Cost: 0.670600 | Acc: 74.17% (Best: 75.56% @ Ep1026) | LR: 0.000140 | Rev: 0/99999
Epoch 1203 | Cost: 0.687476 | Acc: 73.89% (Best: 75.56% @ Ep1026) | LR: 0.000140 | Rev: 1/99999
Epoch 1204 | Cost: 0.665802 | Acc: 74.17% (Best: 75.56% @ Ep1026) | LR: 0.000140 | Rev: 0/99999
Epoch 1205 | Cost: 0.676660 | Acc: 72.78% (Best: 75.56% @ Ep1026) | LR: 0.000140 | Rev: 1/99999
Epoch 1206 | Cost: 0.673229 | Acc: 72.78% (Best: 75.56% @ Ep1026) | LR: 0.000150 | Rev: 0/99999
Epoch 1207 | Cost: 0.678657 | Acc: 74.17% (Best: 75.56% @ Ep1026) | LR: 0.000150 | Rev: 1/99999
Epoch 1208 | Cost: 0.688656 | Acc: 72.78% (Best: 75.56% @ Ep1026) | LR: 0.000150 | Rev: 2/99999
Epoch 1209 | Cost: 0.693680 | Acc: 73.89% (Best: 75.56% @ Ep1026) | LR: 0.000150 | Rev: 3/99999
Epoch 1210 | Cost: 0.686761 | Acc: 73.06% (Best: 75.56% @ Ep1026) | LR: 0.000150 | Rev: 0/99999
Epoch 1211 | Cost: 0.677524 | Acc: 73.33% (Best: 75.56% @ Ep1026) | LR: 0.000150 | Rev: 0/99999
Epoch 1212 | Cost: 0.670438 | Acc: 72.78% (Best: 75.56% @ Ep1026) | LR: 0.000150 | Rev: 0/99999
Epoch 1213 | Cost: 0.652668 | Acc: 72.22% (Best: 75.56% @ Ep1026) | LR: 0.000150 | Rev: 0/99999
Epoch 1214 | Cost: 0.694970 | Acc: 71.11% (Best: 75.56% @ Ep1026) | LR: 0.000150 | Rev: 1/99999
Epoch 1215 | Cost: 0.670516 | Acc: 71.67% (Best: 75.56% @ Ep1026) | LR: 0.000150 | Rev: 0/99999
Epoch 1216 | Cost: 0.670082 | Acc: 71.11% (Best: 75.56% @ Ep1026) | LR: 0.000160 | Rev: 0/99999
Epoch 1217 | Cost: 0.681897 | Acc: 73.89% (Best: 75.56% @ Ep1026) | LR: 0.000160 | Rev: 1/99999
Epoch 1218 | Cost: 0.673604 | Acc: 72.78% (Best: 75.56% @ Ep1026) | LR: 0.000160 | Rev: 0/99999
Epoch 1219 | Cost: 0.667054 | Acc: 74.72% (Best: 75.56% @ Ep1026) | LR: 0.000160 | Rev: 0/99999
Epoch 1220 | Cost: 0.707918 | Acc: 72.78% (Best: 75.56% @ Ep1026) | LR: 0.000160 | Rev: 1/99999
Epoch 1221 | Cost: 0.700793 | Acc: 74.44% (Best: 75.56% @ Ep1026) | LR: 0.000160 | Rev: 0/99999
Epoch 1222 | Cost: 0.694484 | Acc: 72.78% (Best: 75.56% @ Ep1026) | LR: 0.000160 | Rev: 0/99999
Epoch 1223 | Cost: 0.687542 | Acc: 71.11% (Best: 75.56% @ Ep1026) | LR: 0.000160 | Rev: 0/99999
Epoch 1224 | Cost: 0.681921 | Acc: 73.89% (Best: 75.56% @ Ep1026) | LR: 0.000160 | Rev: 0/99999
Epoch 1225 | Cost: 0.660550 | Acc: 73.89% (Best: 75.56% @ Ep1026) | LR: 0.000160 | Rev: 0/99999
Epoch 1226 | Cost: 0.699817 | Acc: 74.17% (Best: 75.56% @ Ep1026) | LR: 0.000170 | Rev: 1/99999
Epoch 1227 | Cost: 0.702703 | Acc: 73.61% (Best: 75.56% @ Ep1026) | LR: 0.000170 | Rev: 2/99999
Epoch 1228 | Cost: 0.707415 | Acc: 71.94% (Best: 75.56% @ Ep1026) | LR: 0.000170 | Rev: 3/99999
Epoch 1229 | Cost: 0.701641 | Acc: 71.67% (Best: 75.56% @ Ep1026) | LR: 0.000170 | Rev: 0/99999
Epoch 1230 | Cost: 0.705938 | Acc: 73.06% (Best: 75.56% @ Ep1026) | LR: 0.000170 | Rev: 1/99999
Epoch 1231 | Cost: 0.670236 | Acc: 72.22% (Best: 75.56% @ Ep1026) | LR: 0.000170 | Rev: 0/99999
Epoch 1232 | Cost: 0.676916 | Acc: 72.22% (Best: 75.56% @ Ep1026) | LR: 0.000170 | Rev: 1/99999
Epoch 1233 | Cost: 0.742001 | Acc: 73.33% (Best: 75.56% @ Ep1026) | LR: 0.000170 | Rev: 2/99999
Epoch 1234 | Cost: 0.718416 | Acc: 72.78% (Best: 75.56% @ Ep1026) | LR: 0.000170 | Rev: 0/99999
Epoch 1235 | Cost: 0.677559 | Acc: 70.83% (Best: 75.56% @ Ep1026) | LR: 0.000170 | Rev: 0/99999
Epoch 1236 | Cost: 0.682320 | Acc: 74.17% (Best: 75.56% @ Ep1026) | LR: 0.000180 | Rev: 1/99999
Epoch 1237 | Cost: 0.661076 | Acc: 73.61% (Best: 75.56% @ Ep1026) | LR: 0.000180 | Rev: 0/99999
Epoch 1238 | Cost: 0.673051 | Acc: 72.22% (Best: 75.56% @ Ep1026) | LR: 0.000180 | Rev: 1/99999
Epoch 1239 | Cost: 0.697874 | Acc: 73.06% (Best: 75.56% @ Ep1026) | LR: 0.000180 | Rev: 2/99999
Epoch 1240 | Cost: 0.684974 | Acc: 72.22% (Best: 75.56% @ Ep1026) | LR: 0.000180 | Rev: 0/99999
Epoch 1241 | Cost: 0.654587 | Acc: 73.33% (Best: 75.56% @ Ep1026) | LR: 0.000180 | Rev: 0/99999
Epoch 1242 | Cost: 0.653307 | Acc: 75.28% (Best: 75.56% @ Ep1026) | LR: 0.000180 | Rev: 0/99999
Epoch 1243 | Cost: 0.686974 | Acc: 72.22% (Best: 75.56% @ Ep1026) | LR: 0.000180 | Rev: 1/99999
Epoch 1244 | Cost: 0.685597 | Acc: 72.22% (Best: 75.56% @ Ep1026) | LR: 0.000180 | Rev: 0/99999
Epoch 1245 | Cost: 0.678659 | Acc: 72.22% (Best: 75.56% @ Ep1026) | LR: 0.000180 | Rev: 0/99999
Epoch 1246 | Cost: 0.661927 | Acc: 71.94% (Best: 75.56% @ Ep1026) | LR: 0.000190 | Rev: 0/99999
Epoch 1247 | Cost: 0.667714 | Acc: 72.22% (Best: 75.56% @ Ep1026) | LR: 0.000190 | Rev: 1/99999
Epoch 1248 | Cost: 0.665470 | Acc: 72.22% (Best: 75.56% @ Ep1026) | LR: 0.000190 | Rev: 0/99999
Epoch 1249 | Cost: 0.683934 | Acc: 72.78% (Best: 75.56% @ Ep1026) | LR: 0.000190 | Rev: 1/99999
Epoch 1250 | Cost: 0.689090 | Acc: 71.67% (Best: 75.56% @ Ep1026) | LR: 0.000190 | Rev: 2/99999
Epoch 1251 | Cost: 0.692380 | Acc: 72.50% (Best: 75.56% @ Ep1026) | LR: 0.000190 | Rev: 3/99999
Epoch 1252 | Cost: 0.686388 | Acc: 74.17% (Best: 75.56% @ Ep1026) | LR: 0.000190 | Rev: 0/99999
Epoch 1253 | Cost: 0.687260 | Acc: 73.06% (Best: 75.56% @ Ep1026) | LR: 0.000190 | Rev: 1/99999
Epoch 1254 | Cost: 0.672741 | Acc: 73.33% (Best: 75.56% @ Ep1026) | LR: 0.000190 | Rev: 0/99999
Epoch 1255 | Cost: 0.708726 | Acc: 72.22% (Best: 75.56% @ Ep1026) | LR: 0.000190 | Rev: 1/99999
Epoch 1256 | Cost: 0.669510 | Acc: 73.06% (Best: 75.56% @ Ep1026) | LR: 0.000200 | Rev: 0/99999
Epoch 1257 | Cost: 0.720460 | Acc: 73.33% (Best: 75.56% @ Ep1026) | LR: 0.000200 | Rev: 1/99999
Epoch 1258 | Cost: 0.733759 | Acc: 71.39% (Best: 75.56% @ Ep1026) | LR: 0.000200 | Rev: 2/99999
Epoch 1259 | Cost: 0.674048 | Acc: 69.44% (Best: 75.56% @ Ep1026) | LR: 0.000200 | Rev: 0/99999
Epoch 1260 | Cost: 0.683965 | Acc: 71.39% (Best: 75.56% @ Ep1026) | LR: 0.000200 | Rev: 1/99999
Epoch 1261 | Cost: 0.722103 | Acc: 73.61% (Best: 75.56% @ Ep1026) | LR: 0.000200 | Rev: 2/99999
Epoch 1262 | Cost: 0.706811 | Acc: 73.33% (Best: 75.56% @ Ep1026) | LR: 0.000200 | Rev: 0/99999
Epoch 1263 | Cost: 0.705129 | Acc: 71.67% (Best: 75.56% @ Ep1026) | LR: 0.000200 | Rev: 0/99999
Epoch 1264 | Cost: 0.672454 | Acc: 73.33% (Best: 75.56% @ Ep1026) | LR: 0.000200 | Rev: 0/99999
Epoch 1265 | Cost: 0.673780 | Acc: 72.78% (Best: 75.56% @ Ep1026) | LR: 0.000200 | Rev: 1/99999
Epoch 1266 | Cost: 0.692155 | Acc: 72.78% (Best: 75.56% @ Ep1026) | LR: 0.000210 | Rev: 2/99999
Epoch 1267 | Cost: 0.669189 | Acc: 70.56% (Best: 75.56% @ Ep1026) | LR: 0.000210 | Rev: 0/99999
Epoch 1268 | Cost: 0.687162 | Acc: 71.11% (Best: 75.56% @ Ep1026) | LR: 0.000210 | Rev: 1/99999
Epoch 1269 | Cost: 0.658098 | Acc: 75.56% (Best: 75.56% @ Ep1026) | LR: 0.000210 | Rev: 0/99999
Epoch 1270 | Cost: 0.656410 | Acc: 75.56% (Best: 75.56% @ Ep1026) | LR: 0.000210 | Rev: 0/99999
Epoch 1271 | Cost: 0.699073 | Acc: 72.50% (Best: 75.56% @ Ep1026) | LR: 0.000210 | Rev: 1/99999
Epoch 1272 | Cost: 0.698847 | Acc: 73.33% (Best: 75.56% @ Ep1026) | LR: 0.000210 | Rev: 0/99999
Epoch 1273 | Cost: 0.658321 | Acc: 72.78% (Best: 75.56% @ Ep1026) | LR: 0.000210 | Rev: 0/99999
Epoch 1274 | Cost: 0.691412 | Acc: 73.06% (Best: 75.56% @ Ep1026) | LR: 0.000210 | Rev: 1/99999
Epoch 1275 | Cost: 0.688376 | Acc: 71.39% (Best: 75.56% @ Ep1026) | LR: 0.000210 | Rev: 0/99999
Epoch 1276 | Cost: 0.659221 | Acc: 72.22% (Best: 75.56% @ Ep1026) | LR: 0.000220 | Rev: 0/99999
Epoch 1277 | Cost: 0.719378 | Acc: 70.56% (Best: 75.56% @ Ep1026) | LR: 0.000220 | Rev: 1/99999
Epoch 1278 | Cost: 0.667277 | Acc: 70.00% (Best: 75.56% @ Ep1026) | LR: 0.000220 | Rev: 0/99999
Epoch 1279 | Cost: 0.699760 | Acc: 71.39% (Best: 75.56% @ Ep1026) | LR: 0.000220 | Rev: 1/99999
Epoch 1280 | Cost: 0.690301 | Acc: 71.39% (Best: 75.56% @ Ep1026) | LR: 0.000220 | Rev: 0/99999
Epoch 1281 | Cost: 0.688191 | Acc: 72.78% (Best: 75.56% @ Ep1026) | LR: 0.000220 | Rev: 0/99999
Epoch 1282 | Cost: 0.699601 | Acc: 73.06% (Best: 75.56% @ Ep1026) | LR: 0.000220 | Rev: 1/99999
Epoch 1283 | Cost: 0.673091 | Acc: 73.33% (Best: 75.56% @ Ep1026) | LR: 0.000220 | Rev: 0/99999
Epoch 1284 | Cost: 0.685285 | Acc: 71.67% (Best: 75.56% @ Ep1026) | LR: 0.000220 | Rev: 1/99999
Epoch 1285 | Cost: 0.698616 | Acc: 73.06% (Best: 75.56% @ Ep1026) | LR: 0.000220 | Rev: 2/99999
Epoch 1286 | Cost: 0.695126 | Acc: 72.22% (Best: 75.56% @ Ep1026) | LR: 0.000230 | Rev: 0/99999
Epoch 1287 | Cost: 0.670969 | Acc: 71.39% (Best: 75.56% @ Ep1026) | LR: 0.000230 | Rev: 0/99999
Epoch 1288 | Cost: 0.690462 | Acc: 73.33% (Best: 75.56% @ Ep1026) | LR: 0.000230 | Rev: 1/99999
Epoch 1289 | Cost: 0.731084 | Acc: 72.22% (Best: 75.56% @ Ep1026) | LR: 0.000230 | Rev: 2/99999
Epoch 1290 | Cost: 0.675199 | Acc: 72.50% (Best: 75.56% @ Ep1026) | LR: 0.000230 | Rev: 0/99999
Epoch 1291 | Cost: 0.711354 | Acc: 75.00% (Best: 75.56% @ Ep1026) | LR: 0.000230 | Rev: 1/99999
Epoch 1292 | Cost: 0.669759 | Acc: 72.78% (Best: 75.56% @ Ep1026) | LR: 0.000230 | Rev: 0/99999
Epoch 1293 | Cost: 0.671219 | Acc: 73.61% (Best: 75.56% @ Ep1026) | LR: 0.000230 | Rev: 1/99999
Epoch 1294 | Cost: 0.700518 | Acc: 74.44% (Best: 75.56% @ Ep1026) | LR: 0.000230 | Rev: 2/99999
Epoch 1295 | Cost: 0.678671 | Acc: 74.44% (Best: 75.56% @ Ep1026) | LR: 0.000230 | Rev: 0/99999
Epoch 1296 | Cost: 0.665492 | Acc: 73.33% (Best: 75.56% @ Ep1026) | LR: 0.000240 | Rev: 0/99999
Epoch 1297 | Cost: 0.688241 | Acc: 73.33% (Best: 75.56% @ Ep1026) | LR: 0.000240 | Rev: 1/99999
Epoch 1298 | Cost: 0.691170 | Acc: 73.33% (Best: 75.56% @ Ep1026) | LR: 0.000240 | Rev: 2/99999
Epoch 1299 | Cost: 0.695151 | Acc: 72.22% (Best: 75.56% @ Ep1026) | LR: 0.000240 | Rev: 3/99999
Epoch 1300 | Cost: 0.719193 | Acc: 72.78% (Best: 75.56% @ Ep1026) | LR: 0.000240 | Rev: 4/99999
Epoch 1301 | Cost: 0.736913 | Acc: 72.22% (Best: 75.56% @ Ep1026) | LR: 0.000240 | Rev: 5/99999
Epoch 1302 | Cost: 0.679978 | Acc: 72.78% (Best: 75.56% @ Ep1026) | LR: 0.000240 | Rev: 0/99999
Epoch 1303 | Cost: 0.712145 | Acc: 71.94% (Best: 75.56% @ Ep1026) | LR: 0.000240 | Rev: 1/99999
Epoch 1304 | Cost: 0.687473 | Acc: 74.72% (Best: 75.56% @ Ep1026) | LR: 0.000240 | Rev: 0/99999
Epoch 1305 | Cost: 0.697098 | Acc: 75.28% (Best: 75.56% @ Ep1026) | LR: 0.000240 | Rev: 1/99999
Epoch 1306 | Cost: 0.735276 | Acc: 72.78% (Best: 75.56% @ Ep1026) | LR: 0.000250 | Rev: 2/99999
Epoch 1307 | Cost: 0.694226 | Acc: 74.44% (Best: 75.56% @ Ep1026) | LR: 0.000250 | Rev: 0/99999
Epoch 1308 | Cost: 0.723487 | Acc: 72.22% (Best: 75.56% @ Ep1026) | LR: 0.000250 | Rev: 1/99999
Epoch 1309 | Cost: 0.699780 | Acc: 73.89% (Best: 75.56% @ Ep1026) | LR: 0.000250 | Rev: 0/99999
Epoch 1310 | Cost: 0.697187 | Acc: 72.50% (Best: 75.56% @ Ep1026) | LR: 0.000250 | Rev: 0/99999
Epoch 1311 | Cost: 0.678931 | Acc: 70.83% (Best: 75.56% @ Ep1026) | LR: 0.000250 | Rev: 0/99999
Epoch 1312 | Cost: 0.708904 | Acc: 74.17% (Best: 75.56% @ Ep1026) | LR: 0.000250 | Rev: 1/99999
Epoch 1313 | Cost: 0.704631 | Acc: 72.78% (Best: 75.56% @ Ep1026) | LR: 0.000250 | Rev: 0/99999
Epoch 1314 | Cost: 0.710100 | Acc: 71.94% (Best: 75.56% @ Ep1026) | LR: 0.000250 | Rev: 1/99999
Epoch 1315 | Cost: 0.723281 | Acc: 69.44% (Best: 75.56% @ Ep1026) | LR: 0.000250 | Rev: 2/99999
Epoch 1316 | Cost: 0.699541 | Acc: 72.78% (Best: 75.56% @ Ep1026) | LR: 0.000260 | Rev: 0/99999
Epoch 1317 | Cost: 0.688534 | Acc: 72.22% (Best: 75.56% @ Ep1026) | LR: 0.000260 | Rev: 0/99999
Epoch 1318 | Cost: 0.669906 | Acc: 73.33% (Best: 75.56% @ Ep1026) | LR: 0.000260 | Rev: 0/99999
Epoch 1319 | Cost: 0.676086 | Acc: 73.06% (Best: 75.56% @ Ep1026) | LR: 0.000260 | Rev: 1/99999
Epoch 1320 | Cost: 0.682609 | Acc: 70.28% (Best: 75.56% @ Ep1026) | LR: 0.000260 | Rev: 2/99999
Epoch 1321 | Cost: 0.693289 | Acc: 73.06% (Best: 75.56% @ Ep1026) | LR: 0.000260 | Rev: 3/99999
Epoch 1322 | Cost: 0.672688 | Acc: 74.17% (Best: 75.56% @ Ep1026) | LR: 0.000260 | Rev: 0/99999
Epoch 1323 | Cost: 0.680625 | Acc: 74.44% (Best: 75.56% @ Ep1026) | LR: 0.000260 | Rev: 1/99999
Epoch 1324 | Cost: 0.696468 | Acc: 72.22% (Best: 75.56% @ Ep1026) | LR: 0.000260 | Rev: 2/99999
Epoch 1325 | Cost: 0.699900 | Acc: 72.78% (Best: 75.56% @ Ep1026) | LR: 0.000260 | Rev: 3/99999
Epoch 1326 | Cost: 0.742043 | Acc: 73.33% (Best: 75.56% @ Ep1026) | LR: 0.000270 | Rev: 4/99999
Epoch 1327 | Cost: 0.662170 | Acc: 71.11% (Best: 75.56% @ Ep1026) | LR: 0.000270 | Rev: 0/99999
Epoch 1328 | Cost: 0.678200 | Acc: 73.89% (Best: 75.56% @ Ep1026) | LR: 0.000270 | Rev: 1/99999
Epoch 1329 | Cost: 0.711394 | Acc: 73.06% (Best: 75.56% @ Ep1026) | LR: 0.000270 | Rev: 2/99999
Epoch 1330 | Cost: 0.684531 | Acc: 70.56% (Best: 75.56% @ Ep1026) | LR: 0.000270 | Rev: 0/99999
Epoch 1331 | Cost: 0.692896 | Acc: 75.28% (Best: 75.56% @ Ep1026) | LR: 0.000270 | Rev: 1/99999
Epoch 1332 | Cost: 0.697703 | Acc: 73.33% (Best: 75.56% @ Ep1026) | LR: 0.000270 | Rev: 2/99999
Epoch 1333 | Cost: 0.679731 | Acc: 74.72% (Best: 75.56% @ Ep1026) | LR: 0.000270 | Rev: 0/99999
Epoch 1334 | Cost: 0.661933 | Acc: 73.06% (Best: 75.56% @ Ep1026) | LR: 0.000270 | Rev: 0/99999
Epoch 1335 | Cost: 0.671690 | Acc: 73.61% (Best: 75.56% @ Ep1026) | LR: 0.000270 | Rev: 1/99999
Epoch 1336 | Cost: 0.684482 | Acc: 72.22% (Best: 75.56% @ Ep1026) | LR: 0.000280 | Rev: 2/99999
Epoch 1337 | Cost: 0.673736 | Acc: 73.06% (Best: 75.56% @ Ep1026) | LR: 0.000280 | Rev: 0/99999
Epoch 1338 | Cost: 0.680777 | Acc: 72.78% (Best: 75.56% @ Ep1026) | LR: 0.000280 | Rev: 1/99999
Epoch 1339 | Cost: 0.709098 | Acc: 72.50% (Best: 75.56% @ Ep1026) | LR: 0.000280 | Rev: 2/99999
Epoch 1340 | Cost: 0.708787 | Acc: 72.78% (Best: 75.56% @ Ep1026) | LR: 0.000280 | Rev: 0/99999
Epoch 1341 | Cost: 0.687164 | Acc: 74.72% (Best: 75.56% @ Ep1026) | LR: 0.000280 | Rev: 0/99999
Epoch 1342 | Cost: 0.691239 | Acc: 74.44% (Best: 75.56% @ Ep1026) | LR: 0.000280 | Rev: 1/99999
Epoch 1343 | Cost: 0.684466 | Acc: 73.89% (Best: 75.56% @ Ep1026) | LR: 0.000280 | Rev: 0/99999
Epoch 1344 | Cost: 0.702533 | Acc: 71.94% (Best: 75.56% @ Ep1026) | LR: 0.000280 | Rev: 1/99999
Epoch 1345 | Cost: 0.681491 | Acc: 71.94% (Best: 75.56% @ Ep1026) | LR: 0.000280 | Rev: 0/99999
Epoch 1346 | Cost: 0.709672 | Acc: 67.50% (Best: 75.56% @ Ep1026) | LR: 0.000290 | Rev: 1/99999
Epoch 1347 | Cost: 0.740946 | Acc: 72.22% (Best: 75.56% @ Ep1026) | LR: 0.000290 | Rev: 2/99999
Epoch 1348 | Cost: 0.720332 | Acc: 73.06% (Best: 75.56% @ Ep1026) | LR: 0.000290 | Rev: 0/99999
Epoch 1349 | Cost: 0.693633 | Acc: 74.17% (Best: 75.56% @ Ep1026) | LR: 0.000290 | Rev: 0/99999
Epoch 1350 | Cost: 0.723240 | Acc: 73.89% (Best: 75.56% @ Ep1026) | LR: 0.000290 | Rev: 1/99999
Epoch 1351 | Cost: 0.723416 | Acc: 72.50% (Best: 75.56% @ Ep1026) | LR: 0.000290 | Rev: 2/99999
Epoch 1352 | Cost: 0.695320 | Acc: 73.89% (Best: 75.56% @ Ep1026) | LR: 0.000290 | Rev: 0/99999
Epoch 1353 | Cost: 0.676768 | Acc: 73.89% (Best: 75.56% @ Ep1026) | LR: 0.000290 | Rev: 0/99999
Epoch 1354 | Cost: 0.699235 | Acc: 71.11% (Best: 75.56% @ Ep1026) | LR: 0.000290 | Rev: 1/99999
Epoch 1355 | Cost: 0.686762 | Acc: 71.67% (Best: 75.56% @ Ep1026) | LR: 0.000290 | Rev: 0/99999
Epoch 1356 | Cost: 0.704255 | Acc: 71.94% (Best: 75.56% @ Ep1026) | LR: 0.000300 | Rev: 1/99999
Epoch 1357 | Cost: 0.695612 | Acc: 71.11% (Best: 75.56% @ Ep1026) | LR: 0.000300 | Rev: 0/99999
Epoch 1358 | Cost: 0.664422 | Acc: 73.06% (Best: 75.56% @ Ep1026) | LR: 0.000300 | Rev: 0/99999
Epoch 1359 | Cost: 0.659654 | Acc: 73.89% (Best: 75.56% @ Ep1026) | LR: 0.000300 | Rev: 0/99999
Epoch 1360 | Cost: 0.717174 | Acc: 72.22% (Best: 75.56% @ Ep1026) | LR: 0.000300 | Rev: 1/99999
Epoch 1361 | Cost: 0.685753 | Acc: 71.94% (Best: 75.56% @ Ep1026) | LR: 0.000300 | Rev: 0/99999
Epoch 1362 | Cost: 0.706870 | Acc: 71.67% (Best: 75.56% @ Ep1026) | LR: 0.000300 | Rev: 1/99999
Epoch 1363 | Cost: 0.697242 | Acc: 73.33% (Best: 75.56% @ Ep1026) | LR: 0.000300 | Rev: 0/99999
Epoch 1364 | Cost: 0.695432 | Acc: 72.22% (Best: 75.56% @ Ep1026) | LR: 0.000300 | Rev: 0/99999
Epoch 1365 | Cost: 0.704611 | Acc: 72.22% (Best: 75.56% @ Ep1026) | LR: 0.000300 | Rev: 1/99999
Epoch 1366 | Cost: 0.681018 | Acc: 73.33% (Best: 75.56% @ Ep1026) | LR: 0.000300 | Rev: 0/99999
Epoch 1367 | Cost: 0.721098 | Acc: 73.89% (Best: 75.56% @ Ep1026) | LR: 0.000300 | Rev: 1/99999
Epoch 1368 | Cost: 0.724449 | Acc: 74.17% (Best: 75.56% @ Ep1026) | LR: 0.000300 | Rev: 2/99999
Epoch 1369 | Cost: 0.669424 | Acc: 72.50% (Best: 75.56% @ Ep1026) | LR: 0.000300 | Rev: 0/99999
Epoch 1370 | Cost: 0.687325 | Acc: 73.89% (Best: 75.56% @ Ep1026) | LR: 0.000300 | Rev: 1/99999
Epoch 1371 | Cost: 0.712135 | Acc: 74.72% (Best: 75.56% @ Ep1026) | LR: 0.000300 | Rev: 2/99999
Epoch 1372 | Cost: 0.691147 | Acc: 75.00% (Best: 75.56% @ Ep1026) | LR: 0.000300 | Rev: 0/99999
Epoch 1373 | Cost: 0.680206 | Acc: 73.61% (Best: 75.56% @ Ep1026) | LR: 0.000300 | Rev: 0/99999
Epoch 1374 | Cost: 0.694743 | Acc: 73.61% (Best: 75.56% @ Ep1026) | LR: 0.000300 | Rev: 1/99999
Epoch 1375 | Cost: 0.679149 | Acc: 75.00% (Best: 75.56% @ Ep1026) | LR: 0.000300 | Rev: 0/99999
Epoch 1376 | Cost: 0.665521 | Acc: 72.50% (Best: 75.56% @ Ep1026) | LR: 0.000300 | Rev: 0/99999
Epoch 1377 | Cost: 0.689660 | Acc: 75.00% (Best: 75.56% @ Ep1026) | LR: 0.000300 | Rev: 1/99999
Epoch 1378 | Cost: 0.671126 | Acc: 73.61% (Best: 75.56% @ Ep1026) | LR: 0.000300 | Rev: 0/99999
Epoch 1379 | Cost: 0.699588 | Acc: 74.72% (Best: 75.56% @ Ep1026) | LR: 0.000300 | Rev: 1/99999
Epoch 1380 | Cost: 0.701400 | Acc: 72.50% (Best: 75.56% @ Ep1026) | LR: 0.000300 | Rev: 2/99999
Epoch 1381 | Cost: 0.694729 | Acc: 74.72% (Best: 75.56% @ Ep1026) | LR: 0.000300 | Rev: 0/99999
Epoch 1382 | Cost: 0.652766 | Acc: 74.72% (Best: 75.56% @ Ep1026) | LR: 0.000300 | Rev: 0/99999
Epoch 1383 | Cost: 0.678492 | Acc: 74.72% (Best: 75.56% @ Ep1026) | LR: 0.000300 | Rev: 1/99999
Epoch 1384 | Cost: 0.691134 | Acc: 72.22% (Best: 75.56% @ Ep1026) | LR: 0.000300 | Rev: 2/99999
Epoch 1385 | Cost: 0.732920 | Acc: 73.33% (Best: 75.56% @ Ep1026) | LR: 0.000300 | Rev: 3/99999
Epoch 1386 | Cost: 0.726892 | Acc: 68.89% (Best: 75.56% @ Ep1026) | LR: 0.000300 | Rev: 0/99999
Epoch 1387 | Cost: 0.671792 | Acc: 72.50% (Best: 75.56% @ Ep1026) | LR: 0.000300 | Rev: 0/99999
Epoch 1388 | Cost: 0.683161 | Acc: 73.33% (Best: 75.56% @ Ep1026) | LR: 0.000300 | Rev: 1/99999
Epoch 1389 | Cost: 0.705165 | Acc: 70.28% (Best: 75.56% @ Ep1026) | LR: 0.000300 | Rev: 2/99999
Epoch 1390 | Cost: 0.698791 | Acc: 69.72% (Best: 75.56% @ Ep1026) | LR: 0.000300 | Rev: 0/99999
Epoch 1391 | Cost: 0.730234 | Acc: 73.33% (Best: 75.56% @ Ep1026) | LR: 0.000300 | Rev: 1/99999
Epoch 1392 | Cost: 0.711164 | Acc: 70.28% (Best: 75.56% @ Ep1026) | LR: 0.000300 | Rev: 0/99999
Epoch 1393 | Cost: 0.729932 | Acc: 74.72% (Best: 75.56% @ Ep1026) | LR: 0.000300 | Rev: 1/99999
Epoch 1394 | Cost: 0.710392 | Acc: 73.33% (Best: 75.56% @ Ep1026) | LR: 0.000300 | Rev: 0/99999
Epoch 1395 | Cost: 0.718854 | Acc: 75.00% (Best: 75.56% @ Ep1026) | LR: 0.000300 | Rev: 1/99999
Epoch 1396 | Cost: 0.686262 | Acc: 71.39% (Best: 75.56% @ Ep1026) | LR: 0.000300 | Rev: 0/99999
Epoch 1397 | Cost: 0.695551 | Acc: 72.50% (Best: 75.56% @ Ep1026) | LR: 0.000300 | Rev: 1/99999
Epoch 1398 | Cost: 0.656393 | Acc: 73.33% (Best: 75.56% @ Ep1026) | LR: 0.000300 | Rev: 0/99999
Epoch 1399 | Cost: 0.644237 | Acc: 74.17% (Best: 75.56% @ Ep1026) | LR: 0.000300 | Rev: 0/99999
Epoch 1400 | Cost: 0.671487 | Acc: 74.72% (Best: 75.56% @ Ep1026) | LR: 0.000300 | Rev: 1/99999
Epoch 1401 | Cost: 0.644269 | Acc: 73.61% (Best: 75.56% @ Ep1026) | LR: 0.000300 | Rev: 0/99999
Epoch 1402 | Cost: 0.713428 | Acc: 73.06% (Best: 75.56% @ Ep1026) | LR: 0.000300 | Rev: 1/99999
Epoch 1403 | Cost: 0.718328 | Acc: 73.61% (Best: 75.56% @ Ep1026) | LR: 0.000300 | Rev: 2/99999
Epoch 1404 | Cost: 0.691233 | Acc: 72.78% (Best: 75.56% @ Ep1026) | LR: 0.000300 | Rev: 0/99999
Epoch 1405 | Cost: 0.706362 | Acc: 74.17% (Best: 75.56% @ Ep1026) | LR: 0.000300 | Rev: 1/99999
Epoch 1406 | Cost: 0.672233 | Acc: 74.17% (Best: 75.56% @ Ep1026) | LR: 0.000300 | Rev: 0/99999
Epoch 1407 | Cost: 0.671704 | Acc: 73.61% (Best: 75.56% @ Ep1026) | LR: 0.000300 | Rev: 0/99999
Epoch 1408 | Cost: 0.687413 | Acc: 73.61% (Best: 75.56% @ Ep1026) | LR: 0.000300 | Rev: 1/99999
Epoch 1409 | Cost: 0.733063 | Acc: 73.61% (Best: 75.56% @ Ep1026) | LR: 0.000300 | Rev: 2/99999
Epoch 1410 | Cost: 0.755452 | Acc: 75.00% (Best: 75.56% @ Ep1026) | LR: 0.000300 | Rev: 3/99999
Epoch 1411 | Cost: 0.665912 | Acc: 71.94% (Best: 75.56% @ Ep1026) | LR: 0.000300 | Rev: 0/99999
Epoch 1412 | Cost: 0.682555 | Acc: 71.67% (Best: 75.56% @ Ep1026) | LR: 0.000300 | Rev: 1/99999
Epoch 1413 | Cost: 0.702347 | Acc: 72.50% (Best: 75.56% @ Ep1026) | LR: 0.000300 | Rev: 2/99999
Epoch 1414 | Cost: 0.724665 | Acc: 72.22% (Best: 75.56% @ Ep1026) | LR: 0.000300 | Rev: 3/99999
Epoch 1415 | Cost: 0.708194 | Acc: 72.22% (Best: 75.56% @ Ep1026) | LR: 0.000300 | Rev: 0/99999
Epoch 1416 | Cost: 0.699144 | Acc: 74.17% (Best: 75.56% @ Ep1026) | LR: 0.000300 | Rev: 0/99999
Epoch 1417 | Cost: 0.635064 | Acc: 74.17% (Best: 75.56% @ Ep1026) | LR: 0.000300 | Rev: 0/99999
Epoch 1418 | Cost: 0.664630 | Acc: 73.89% (Best: 75.56% @ Ep1026) | LR: 0.000300 | Rev: 1/99999
Epoch 1419 | Cost: 0.667069 | Acc: 74.17% (Best: 75.56% @ Ep1026) | LR: 0.000300 | Rev: 2/99999
Epoch 1420 | Cost: 0.673615 | Acc: 73.89% (Best: 75.56% @ Ep1026) | LR: 0.000300 | Rev: 3/99999
Epoch 1421 | Cost: 0.653470 | Acc: 73.06% (Best: 75.56% @ Ep1026) | LR: 0.000300 | Rev: 0/99999
Epoch 1422 | Cost: 0.674096 | Acc: 72.50% (Best: 75.56% @ Ep1026) | LR: 0.000300 | Rev: 1/99999
Epoch 1423 | Cost: 0.693251 | Acc: 72.50% (Best: 75.56% @ Ep1026) | LR: 0.000300 | Rev: 2/99999
Epoch 1424 | Cost: 0.674271 | Acc: 74.17% (Best: 75.56% @ Ep1026) | LR: 0.000300 | Rev: 0/99999
Epoch 1425 | Cost: 0.667856 | Acc: 74.72% (Best: 75.56% @ Ep1026) | LR: 0.000300 | Rev: 0/99999
Epoch 1426 | Cost: 0.675038 | Acc: 72.78% (Best: 75.56% @ Ep1026) | LR: 0.000300 | Rev: 1/99999
Epoch 1427 | Cost: 0.685704 | Acc: 74.44% (Best: 75.56% @ Ep1026) | LR: 0.000300 | Rev: 2/99999
Epoch 1428 | Cost: 0.672416 | Acc: 75.28% (Best: 75.56% @ Ep1026) | LR: 0.000300 | Rev: 0/99999
Epoch 1429 | Cost: 0.661093 | Acc: 72.22% (Best: 75.56% @ Ep1026) | LR: 0.000300 | Rev: 0/99999
Epoch 1430 | Cost: 0.671030 | Acc: 74.72% (Best: 75.56% @ Ep1026) | LR: 0.000300 | Rev: 1/99999
Epoch 1431 | Cost: 0.671532 | Acc: 72.50% (Best: 75.56% @ Ep1026) | LR: 0.000300 | Rev: 2/99999
Epoch 1432 | Cost: 0.663386 | Acc: 74.17% (Best: 75.56% @ Ep1026) | LR: 0.000300 | Rev: 0/99999
Epoch 1433 | Cost: 0.677666 | Acc: 74.72% (Best: 75.56% @ Ep1026) | LR: 0.000300 | Rev: 1/99999
Epoch 1434 | Cost: 0.673360 | Acc: 73.33% (Best: 75.56% @ Ep1026) | LR: 0.000300 | Rev: 0/99999
Epoch 1435 | Cost: 0.667920 | Acc: 73.06% (Best: 75.56% @ Ep1026) | LR: 0.000300 | Rev: 0/99999
Epoch 1436 | Cost: 0.652772 | Acc: 73.33% (Best: 75.56% @ Ep1026) | LR: 0.000300 | Rev: 0/99999
Epoch 1437 | Cost: 0.661699 | Acc: 75.00% (Best: 75.56% @ Ep1026) | LR: 0.000300 | Rev: 1/99999
Epoch 1438 | Cost: 0.644317 | Acc: 73.89% (Best: 75.56% @ Ep1026) | LR: 0.000300 | Rev: 0/99999
Epoch 1439 | Cost: 0.668497 | Acc: 74.44% (Best: 75.56% @ Ep1026) | LR: 0.000300 | Rev: 1/99999
Epoch 1440 | Cost: 0.640620 | Acc: 71.94% (Best: 75.56% @ Ep1026) | LR: 0.000300 | Rev: 0/99999
Epoch 1441 | Cost: 0.644866 | Acc: 72.50% (Best: 75.56% @ Ep1026) | LR: 0.000300 | Rev: 1/99999
Epoch 1442 | Cost: 0.655840 | Acc: 75.00% (Best: 75.56% @ Ep1026) | LR: 0.000300 | Rev: 2/99999
Epoch 1443 | Cost: 0.671631 | Acc: 73.06% (Best: 75.56% @ Ep1026) | LR: 0.000300 | Rev: 3/99999
Epoch 1444 | Cost: 0.692931 | Acc: 70.28% (Best: 75.56% @ Ep1026) | LR: 0.000300 | Rev: 4/99999
Epoch 1445 | Cost: 0.672687 | Acc: 73.33% (Best: 75.56% @ Ep1026) | LR: 0.000300 | Rev: 0/99999
Epoch 1446 | Cost: 0.645851 | Acc: 73.33% (Best: 75.56% @ Ep1026) | LR: 0.000300 | Rev: 0/99999
Epoch 1447 | Cost: 0.641519 | Acc: 72.78% (Best: 75.56% @ Ep1026) | LR: 0.000300 | Rev: 0/99999
Epoch 1448 | Cost: 0.672432 | Acc: 74.17% (Best: 75.56% @ Ep1026) | LR: 0.000300 | Rev: 1/99999
Epoch 1449 | Cost: 0.666893 | Acc: 74.44% (Best: 75.56% @ Ep1026) | LR: 0.000300 | Rev: 0/99999
Epoch 1450 | Cost: 0.657603 | Acc: 75.83% (Best: 75.83% @ Ep1450) | LR: 0.000010 | Rev: 0/99999
Epoch 1451 | Cost: 0.622433 | Acc: 75.56% (Best: 75.83% @ Ep1450) | LR: 0.000010 | Rev: 0/99999
Epoch 1452 | Cost: 0.627677 | Acc: 75.83% (Best: 75.83% @ Ep1450) | LR: 0.000010 | Rev: 1/99999
Epoch 1453 | Cost: 0.601305 | Acc: 76.11% (Best: 76.11% @ Ep1453) | LR: 0.000010 | Rev: 0/99999
Epoch 1454 | Cost: 0.604553 | Acc: 76.11% (Best: 76.11% @ Ep1453) | LR: 0.000010 | Rev: 1/99999
Epoch 1455 | Cost: 0.618659 | Acc: 75.83% (Best: 76.11% @ Ep1453) | LR: 0.000010 | Rev: 2/99999
Epoch 1456 | Cost: 0.592502 | Acc: 75.28% (Best: 76.11% @ Ep1453) | LR: 0.000010 | Rev: 0/99999
Epoch 1457 | Cost: 0.604056 | Acc: 75.28% (Best: 76.11% @ Ep1453) | LR: 0.000010 | Rev: 1/99999
Epoch 1458 | Cost: 0.586907 | Acc: 75.28% (Best: 76.11% @ Ep1453) | LR: 0.000010 | Rev: 0/99999
Epoch 1459 | Cost: 0.603001 | Acc: 75.28% (Best: 76.11% @ Ep1453) | LR: 0.000010 | Rev: 1/99999
Epoch 1460 | Cost: 0.611025 | Acc: 75.56% (Best: 76.11% @ Ep1453) | LR: 0.000010 | Rev: 2/99999
Epoch 1461 | Cost: 0.597839 | Acc: 75.56% (Best: 76.11% @ Ep1453) | LR: 0.000010 | Rev: 0/99999
Epoch 1462 | Cost: 0.609269 | Acc: 75.28% (Best: 76.11% @ Ep1453) | LR: 0.000010 | Rev: 1/99999
Epoch 1463 | Cost: 0.604063 | Acc: 75.56% (Best: 76.11% @ Ep1453) | LR: 0.000010 | Rev: 0/99999
Epoch 1464 | Cost: 0.614442 | Acc: 74.72% (Best: 76.11% @ Ep1453) | LR: 0.000010 | Rev: 1/99999
Epoch 1465 | Cost: 0.599407 | Acc: 74.72% (Best: 76.11% @ Ep1453) | LR: 0.000010 | Rev: 0/99999
Epoch 1466 | Cost: 0.621919 | Acc: 75.28% (Best: 76.11% @ Ep1453) | LR: 0.000010 | Rev: 1/99999
Epoch 1467 | Cost: 0.605323 | Acc: 75.28% (Best: 76.11% @ Ep1453) | LR: 0.000010 | Rev: 0/99999
Epoch 1468 | Cost: 0.624558 | Acc: 75.56% (Best: 76.11% @ Ep1453) | LR: 0.000010 | Rev: 1/99999
Epoch 1469 | Cost: 0.587724 | Acc: 75.00% (Best: 76.11% @ Ep1453) | LR: 0.000010 | Rev: 0/99999
Epoch 1470 | Cost: 0.585989 | Acc: 75.00% (Best: 76.11% @ Ep1453) | LR: 0.000010 | Rev: 0/99999
Epoch 1471 | Cost: 0.602050 | Acc: 75.00% (Best: 76.11% @ Ep1453) | LR: 0.000010 | Rev: 1/99999
Epoch 1472 | Cost: 0.590165 | Acc: 75.56% (Best: 76.11% @ Ep1453) | LR: 0.000010 | Rev: 0/99999
Epoch 1473 | Cost: 0.591525 | Acc: 75.56% (Best: 76.11% @ Ep1453) | LR: 0.000010 | Rev: 1/99999
Epoch 1474 | Cost: 0.575313 | Acc: 75.56% (Best: 76.11% @ Ep1453) | LR: 0.000010 | Rev: 0/99999
Epoch 1475 | Cost: 0.619172 | Acc: 75.56% (Best: 76.11% @ Ep1453) | LR: 0.000010 | Rev: 1/99999
Epoch 1476 | Cost: 0.608960 | Acc: 75.56% (Best: 76.11% @ Ep1453) | LR: 0.000010 | Rev: 0/99999
Epoch 1477 | Cost: 0.613230 | Acc: 75.56% (Best: 76.11% @ Ep1453) | LR: 0.000010 | Rev: 1/99999
Epoch 1478 | Cost: 0.631931 | Acc: 75.56% (Best: 76.11% @ Ep1453) | LR: 0.000010 | Rev: 2/99999
Epoch 1479 | Cost: 0.574292 | Acc: 75.56% (Best: 76.11% @ Ep1453) | LR: 0.000010 | Rev: 0/99999
Epoch 1480 | Cost: 0.589460 | Acc: 75.56% (Best: 76.11% @ Ep1453) | LR: 0.000010 | Rev: 1/99999
Epoch 1481 | Cost: 0.606176 | Acc: 75.56% (Best: 76.11% @ Ep1453) | LR: 0.000010 | Rev: 2/99999
Epoch 1482 | Cost: 0.609544 | Acc: 75.83% (Best: 76.11% @ Ep1453) | LR: 0.000010 | Rev: 3/99999
Epoch 1483 | Cost: 0.607602 | Acc: 75.56% (Best: 76.11% @ Ep1453) | LR: 0.000010 | Rev: 0/99999
Epoch 1484 | Cost: 0.585871 | Acc: 75.28% (Best: 76.11% @ Ep1453) | LR: 0.000010 | Rev: 0/99999
Epoch 1485 | Cost: 0.588994 | Acc: 75.56% (Best: 76.11% @ Ep1453) | LR: 0.000010 | Rev: 1/99999
Epoch 1486 | Cost: 0.624685 | Acc: 75.00% (Best: 76.11% @ Ep1453) | LR: 0.000010 | Rev: 2/99999
Epoch 1487 | Cost: 0.595310 | Acc: 75.00% (Best: 76.11% @ Ep1453) | LR: 0.000010 | Rev: 0/99999
Epoch 1488 | Cost: 0.590629 | Acc: 75.00% (Best: 76.11% @ Ep1453) | LR: 0.000010 | Rev: 0/99999
Epoch 1489 | Cost: 0.588721 | Acc: 75.28% (Best: 76.11% @ Ep1453) | LR: 0.000010 | Rev: 0/99999
Epoch 1490 | Cost: 0.581064 | Acc: 74.72% (Best: 76.11% @ Ep1453) | LR: 0.000010 | Rev: 0/99999
Epoch 1491 | Cost: 0.588594 | Acc: 75.00% (Best: 76.11% @ Ep1453) | LR: 0.000010 | Rev: 1/99999
Epoch 1492 | Cost: 0.599115 | Acc: 74.72% (Best: 76.11% @ Ep1453) | LR: 0.000010 | Rev: 2/99999
Epoch 1493 | Cost: 0.602253 | Acc: 75.28% (Best: 76.11% @ Ep1453) | LR: 0.000010 | Rev: 3/99999
Epoch 1494 | Cost: 0.584269 | Acc: 75.28% (Best: 76.11% @ Ep1453) | LR: 0.000010 | Rev: 0/99999
Epoch 1495 | Cost: 0.582861 | Acc: 75.56% (Best: 76.11% @ Ep1453) | LR: 0.000010 | Rev: 0/99999
Epoch 1496 | Cost: 0.576168 | Acc: 74.72% (Best: 76.11% @ Ep1453) | LR: 0.000010 | Rev: 0/99999
Epoch 1497 | Cost: 0.593427 | Acc: 75.00% (Best: 76.11% @ Ep1453) | LR: 0.000010 | Rev: 1/99999
Epoch 1498 | Cost: 0.632897 | Acc: 75.00% (Best: 76.11% @ Ep1453) | LR: 0.000010 | Rev: 2/99999
Epoch 1499 | Cost: 0.599038 | Acc: 75.00% (Best: 76.11% @ Ep1453) | LR: 0.000010 | Rev: 0/99999
Epoch 1500 | Cost: 0.584158 | Acc: 75.28% (Best: 76.11% @ Ep1453) | LR: 0.000010 | Rev: 0/99999
Epoch 1501 | Cost: 0.628854 | Acc: 75.00% (Best: 76.11% @ Ep1453) | LR: 0.000010 | Rev: 1/99999
Epoch 1502 | Cost: 0.583302 | Acc: 75.00% (Best: 76.11% @ Ep1453) | LR: 0.000010 | Rev: 0/99999
Epoch 1503 | Cost: 0.597394 | Acc: 75.00% (Best: 76.11% @ Ep1453) | LR: 0.000020 | Rev: 1/99999
Epoch 1504 | Cost: 0.581527 | Acc: 74.72% (Best: 76.11% @ Ep1453) | LR: 0.000020 | Rev: 0/99999
Epoch 1505 | Cost: 0.621360 | Acc: 75.28% (Best: 76.11% @ Ep1453) | LR: 0.000020 | Rev: 1/99999
Epoch 1506 | Cost: 0.600164 | Acc: 75.00% (Best: 76.11% @ Ep1453) | LR: 0.000020 | Rev: 0/99999
Epoch 1507 | Cost: 0.608411 | Acc: 75.00% (Best: 76.11% @ Ep1453) | LR: 0.000020 | Rev: 1/99999
Epoch 1508 | Cost: 0.605590 | Acc: 74.72% (Best: 76.11% @ Ep1453) | LR: 0.000020 | Rev: 0/99999
Epoch 1509 | Cost: 0.595523 | Acc: 75.28% (Best: 76.11% @ Ep1453) | LR: 0.000020 | Rev: 0/99999
Epoch 1510 | Cost: 0.610087 | Acc: 74.72% (Best: 76.11% @ Ep1453) | LR: 0.000020 | Rev: 1/99999
Epoch 1511 | Cost: 0.605327 | Acc: 75.56% (Best: 76.11% @ Ep1453) | LR: 0.000020 | Rev: 0/99999
Epoch 1512 | Cost: 0.599039 | Acc: 74.72% (Best: 76.11% @ Ep1453) | LR: 0.000020 | Rev: 0/99999
Epoch 1513 | Cost: 0.612282 | Acc: 75.00% (Best: 76.11% @ Ep1453) | LR: 0.000030 | Rev: 1/99999
Epoch 1514 | Cost: 0.617601 | Acc: 74.72% (Best: 76.11% @ Ep1453) | LR: 0.000030 | Rev: 2/99999
Epoch 1515 | Cost: 0.593512 | Acc: 75.00% (Best: 76.11% @ Ep1453) | LR: 0.000030 | Rev: 0/99999
Epoch 1516 | Cost: 0.592813 | Acc: 75.00% (Best: 76.11% @ Ep1453) | LR: 0.000030 | Rev: 0/99999
Epoch 1517 | Cost: 0.593068 | Acc: 74.72% (Best: 76.11% @ Ep1453) | LR: 0.000030 | Rev: 1/99999
Epoch 1518 | Cost: 0.587863 | Acc: 75.28% (Best: 76.11% @ Ep1453) | LR: 0.000030 | Rev: 0/99999
Epoch 1519 | Cost: 0.592477 | Acc: 75.00% (Best: 76.11% @ Ep1453) | LR: 0.000030 | Rev: 1/99999
Epoch 1520 | Cost: 0.609345 | Acc: 75.28% (Best: 76.11% @ Ep1453) | LR: 0.000030 | Rev: 2/99999
Epoch 1521 | Cost: 0.584400 | Acc: 75.00% (Best: 76.11% @ Ep1453) | LR: 0.000030 | Rev: 0/99999
Epoch 1522 | Cost: 0.598026 | Acc: 74.72% (Best: 76.11% @ Ep1453) | LR: 0.000030 | Rev: 1/99999
Epoch 1523 | Cost: 0.592775 | Acc: 75.56% (Best: 76.11% @ Ep1453) | LR: 0.000040 | Rev: 0/99999
Epoch 1524 | Cost: 0.613624 | Acc: 75.28% (Best: 76.11% @ Ep1453) | LR: 0.000040 | Rev: 1/99999
Epoch 1525 | Cost: 0.611709 | Acc: 75.00% (Best: 76.11% @ Ep1453) | LR: 0.000040 | Rev: 0/99999
Epoch 1526 | Cost: 0.604514 | Acc: 75.83% (Best: 76.11% @ Ep1453) | LR: 0.000040 | Rev: 0/99999
Epoch 1527 | Cost: 0.588475 | Acc: 74.72% (Best: 76.11% @ Ep1453) | LR: 0.000040 | Rev: 0/99999
Epoch 1528 | Cost: 0.588640 | Acc: 75.56% (Best: 76.11% @ Ep1453) | LR: 0.000040 | Rev: 1/99999
Epoch 1529 | Cost: 0.603216 | Acc: 75.00% (Best: 76.11% @ Ep1453) | LR: 0.000040 | Rev: 2/99999
Epoch 1530 | Cost: 0.603777 | Acc: 76.11% (Best: 76.11% @ Ep1453) | LR: 0.000040 | Rev: 3/99999
Epoch 1531 | Cost: 0.597753 | Acc: 75.56% (Best: 76.11% @ Ep1453) | LR: 0.000040 | Rev: 0/99999
Epoch 1532 | Cost: 0.613119 | Acc: 75.00% (Best: 76.11% @ Ep1453) | LR: 0.000040 | Rev: 1/99999
Epoch 1533 | Cost: 0.606631 | Acc: 75.56% (Best: 76.11% @ Ep1453) | LR: 0.000050 | Rev: 0/99999
Epoch 1534 | Cost: 0.604700 | Acc: 75.00% (Best: 76.11% @ Ep1453) | LR: 0.000050 | Rev: 0/99999
Epoch 1535 | Cost: 0.620666 | Acc: 75.28% (Best: 76.11% @ Ep1453) | LR: 0.000050 | Rev: 1/99999
Epoch 1536 | Cost: 0.595966 | Acc: 75.28% (Best: 76.11% @ Ep1453) | LR: 0.000050 | Rev: 0/99999
Epoch 1537 | Cost: 0.616771 | Acc: 74.72% (Best: 76.11% @ Ep1453) | LR: 0.000050 | Rev: 1/99999
Epoch 1538 | Cost: 0.601630 | Acc: 75.56% (Best: 76.11% @ Ep1453) | LR: 0.000050 | Rev: 0/99999
Epoch 1539 | Cost: 0.619959 | Acc: 75.00% (Best: 76.11% @ Ep1453) | LR: 0.000050 | Rev: 1/99999
Epoch 1540 | Cost: 0.596499 | Acc: 75.00% (Best: 76.11% @ Ep1453) | LR: 0.000050 | Rev: 0/99999
Epoch 1541 | Cost: 0.608581 | Acc: 75.56% (Best: 76.11% @ Ep1453) | LR: 0.000050 | Rev: 1/99999
Epoch 1542 | Cost: 0.601866 | Acc: 74.72% (Best: 76.11% @ Ep1453) | LR: 0.000050 | Rev: 0/99999
Epoch 1543 | Cost: 0.603141 | Acc: 74.72% (Best: 76.11% @ Ep1453) | LR: 0.000060 | Rev: 1/99999
Epoch 1544 | Cost: 0.602381 | Acc: 74.72% (Best: 76.11% @ Ep1453) | LR: 0.000060 | Rev: 0/99999
Epoch 1545 | Cost: 0.600125 | Acc: 74.72% (Best: 76.11% @ Ep1453) | LR: 0.000060 | Rev: 0/99999
Epoch 1546 | Cost: 0.599907 | Acc: 74.72% (Best: 76.11% @ Ep1453) | LR: 0.000060 | Rev: 0/99999
Epoch 1547 | Cost: 0.608326 | Acc: 75.28% (Best: 76.11% @ Ep1453) | LR: 0.000060 | Rev: 1/99999
Epoch 1548 | Cost: 0.592388 | Acc: 75.00% (Best: 76.11% @ Ep1453) | LR: 0.000060 | Rev: 0/99999
Epoch 1549 | Cost: 0.599728 | Acc: 75.56% (Best: 76.11% @ Ep1453) | LR: 0.000060 | Rev: 1/99999
Epoch 1550 | Cost: 0.605415 | Acc: 75.28% (Best: 76.11% @ Ep1453) | LR: 0.000060 | Rev: 2/99999
Epoch 1551 | Cost: 0.609991 | Acc: 75.00% (Best: 76.11% @ Ep1453) | LR: 0.000060 | Rev: 3/99999
Epoch 1552 | Cost: 0.602100 | Acc: 75.28% (Best: 76.11% @ Ep1453) | LR: 0.000060 | Rev: 0/99999
Epoch 1553 | Cost: 0.616535 | Acc: 75.28% (Best: 76.11% @ Ep1453) | LR: 0.000070 | Rev: 1/99999
Epoch 1554 | Cost: 0.617933 | Acc: 75.28% (Best: 76.11% @ Ep1453) | LR: 0.000070 | Rev: 2/99999
Epoch 1555 | Cost: 0.620607 | Acc: 75.00% (Best: 76.11% @ Ep1453) | LR: 0.000070 | Rev: 3/99999
Epoch 1556 | Cost: 0.615110 | Acc: 75.00% (Best: 76.11% @ Ep1453) | LR: 0.000070 | Rev: 0/99999
Epoch 1557 | Cost: 0.611217 | Acc: 76.11% (Best: 76.11% @ Ep1453) | LR: 0.000070 | Rev: 0/99999
Epoch 1558 | Cost: 0.605080 | Acc: 75.28% (Best: 76.11% @ Ep1453) | LR: 0.000070 | Rev: 0/99999
Epoch 1559 | Cost: 0.599899 | Acc: 76.11% (Best: 76.11% @ Ep1453) | LR: 0.000070 | Rev: 0/99999
Epoch 1560 | Cost: 0.630354 | Acc: 75.56% (Best: 76.11% @ Ep1453) | LR: 0.000070 | Rev: 1/99999
Epoch 1561 | Cost: 0.610868 | Acc: 76.11% (Best: 76.11% @ Ep1453) | LR: 0.000070 | Rev: 0/99999
Epoch 1562 | Cost: 0.611227 | Acc: 75.28% (Best: 76.11% @ Ep1453) | LR: 0.000070 | Rev: 1/99999
Epoch 1563 | Cost: 0.639750 | Acc: 75.00% (Best: 76.11% @ Ep1453) | LR: 0.000080 | Rev: 2/99999
Epoch 1564 | Cost: 0.602081 | Acc: 75.28% (Best: 76.11% @ Ep1453) | LR: 0.000080 | Rev: 0/99999
Epoch 1565 | Cost: 0.620846 | Acc: 75.00% (Best: 76.11% @ Ep1453) | LR: 0.000080 | Rev: 1/99999
Epoch 1566 | Cost: 0.610322 | Acc: 75.56% (Best: 76.11% @ Ep1453) | LR: 0.000080 | Rev: 0/99999
Epoch 1567 | Cost: 0.598236 | Acc: 75.00% (Best: 76.11% @ Ep1453) | LR: 0.000080 | Rev: 0/99999
Epoch 1568 | Cost: 0.603304 | Acc: 75.28% (Best: 76.11% @ Ep1453) | LR: 0.000080 | Rev: 1/99999
Epoch 1569 | Cost: 0.629989 | Acc: 74.17% (Best: 76.11% @ Ep1453) | LR: 0.000080 | Rev: 2/99999
Epoch 1570 | Cost: 0.606359 | Acc: 74.17% (Best: 76.11% @ Ep1453) | LR: 0.000080 | Rev: 0/99999
Epoch 1571 | Cost: 0.602700 | Acc: 75.00% (Best: 76.11% @ Ep1453) | LR: 0.000080 | Rev: 0/99999
Epoch 1572 | Cost: 0.614957 | Acc: 74.72% (Best: 76.11% @ Ep1453) | LR: 0.000080 | Rev: 1/99999
Epoch 1573 | Cost: 0.601685 | Acc: 75.28% (Best: 76.11% @ Ep1453) | LR: 0.000090 | Rev: 0/99999
Epoch 1574 | Cost: 0.644533 | Acc: 75.56% (Best: 76.11% @ Ep1453) | LR: 0.000090 | Rev: 1/99999
Epoch 1575 | Cost: 0.618219 | Acc: 74.72% (Best: 76.11% @ Ep1453) | LR: 0.000090 | Rev: 0/99999
Epoch 1576 | Cost: 0.645235 | Acc: 75.00% (Best: 76.11% @ Ep1453) | LR: 0.000090 | Rev: 1/99999
Epoch 1577 | Cost: 0.610123 | Acc: 74.44% (Best: 76.11% @ Ep1453) | LR: 0.000090 | Rev: 0/99999
Epoch 1578 | Cost: 0.619770 | Acc: 75.83% (Best: 76.11% @ Ep1453) | LR: 0.000090 | Rev: 1/99999
Epoch 1579 | Cost: 0.614107 | Acc: 74.17% (Best: 76.11% @ Ep1453) | LR: 0.000090 | Rev: 0/99999
Epoch 1580 | Cost: 0.620833 | Acc: 75.56% (Best: 76.11% @ Ep1453) | LR: 0.000090 | Rev: 1/99999
Epoch 1581 | Cost: 0.602186 | Acc: 75.56% (Best: 76.11% @ Ep1453) | LR: 0.000090 | Rev: 0/99999
Epoch 1582 | Cost: 0.596697 | Acc: 75.28% (Best: 76.11% @ Ep1453) | LR: 0.000090 | Rev: 0/99999
Epoch 1583 | Cost: 0.617613 | Acc: 75.28% (Best: 76.11% @ Ep1453) | LR: 0.000100 | Rev: 1/99999
Epoch 1584 | Cost: 0.612399 | Acc: 73.89% (Best: 76.11% @ Ep1453) | LR: 0.000100 | Rev: 0/99999
Epoch 1585 | Cost: 0.628792 | Acc: 75.83% (Best: 76.11% @ Ep1453) | LR: 0.000100 | Rev: 1/99999
Epoch 1586 | Cost: 0.627596 | Acc: 75.00% (Best: 76.11% @ Ep1453) | LR: 0.000100 | Rev: 0/99999
Epoch 1587 | Cost: 0.600902 | Acc: 76.39% (Best: 76.39% @ Ep1587) | LR: 0.000010 | Rev: 0/99999
Epoch 1588 | Cost: 0.607146 | Acc: 75.56% (Best: 76.39% @ Ep1587) | LR: 0.000010 | Rev: 1/99999
Epoch 1589 | Cost: 0.614524 | Acc: 76.11% (Best: 76.39% @ Ep1587) | LR: 0.000010 | Rev: 2/99999
Epoch 1590 | Cost: 0.592511 | Acc: 75.83% (Best: 76.39% @ Ep1587) | LR: 0.000010 | Rev: 0/99999
Epoch 1591 | Cost: 0.594877 | Acc: 75.56% (Best: 76.39% @ Ep1587) | LR: 0.000010 | Rev: 1/99999
Epoch 1592 | Cost: 0.596473 | Acc: 75.56% (Best: 76.39% @ Ep1587) | LR: 0.000010 | Rev: 2/99999
Epoch 1593 | Cost: 0.587027 | Acc: 76.11% (Best: 76.39% @ Ep1587) | LR: 0.000010 | Rev: 0/99999
Epoch 1594 | Cost: 0.605012 | Acc: 76.11% (Best: 76.39% @ Ep1587) | LR: 0.000010 | Rev: 1/99999
Epoch 1595 | Cost: 0.588493 | Acc: 75.83% (Best: 76.39% @ Ep1587) | LR: 0.000010 | Rev: 0/99999
Epoch 1596 | Cost: 0.590072 | Acc: 75.83% (Best: 76.39% @ Ep1587) | LR: 0.000010 | Rev: 1/99999
Epoch 1597 | Cost: 0.581301 | Acc: 75.56% (Best: 76.39% @ Ep1587) | LR: 0.000010 | Rev: 0/99999
Epoch 1598 | Cost: 0.587554 | Acc: 75.56% (Best: 76.39% @ Ep1587) | LR: 0.000010 | Rev: 1/99999
Epoch 1599 | Cost: 0.590579 | Acc: 75.83% (Best: 76.39% @ Ep1587) | LR: 0.000010 | Rev: 2/99999
Epoch 1600 | Cost: 0.588932 | Acc: 75.83% (Best: 76.39% @ Ep1587) | LR: 0.000010 | Rev: 0/99999
Epoch 1601 | Cost: 0.612397 | Acc: 75.83% (Best: 76.39% @ Ep1587) | LR: 0.000010 | Rev: 1/99999
Epoch 1602 | Cost: 0.614812 | Acc: 75.83% (Best: 76.39% @ Ep1587) | LR: 0.000010 | Rev: 2/99999
Epoch 1603 | Cost: 0.598962 | Acc: 75.83% (Best: 76.39% @ Ep1587) | LR: 0.000010 | Rev: 0/99999
Epoch 1604 | Cost: 0.598790 | Acc: 75.83% (Best: 76.39% @ Ep1587) | LR: 0.000010 | Rev: 0/99999
Epoch 1605 | Cost: 0.604243 | Acc: 76.11% (Best: 76.39% @ Ep1587) | LR: 0.000010 | Rev: 1/99999
Epoch 1606 | Cost: 0.600493 | Acc: 76.11% (Best: 76.39% @ Ep1587) | LR: 0.000010 | Rev: 0/99999
Epoch 1607 | Cost: 0.613339 | Acc: 75.83% (Best: 76.39% @ Ep1587) | LR: 0.000010 | Rev: 1/99999
Epoch 1608 | Cost: 0.587129 | Acc: 75.83% (Best: 76.39% @ Ep1587) | LR: 0.000010 | Rev: 0/99999
Epoch 1609 | Cost: 0.595767 | Acc: 76.11% (Best: 76.39% @ Ep1587) | LR: 0.000010 | Rev: 1/99999
Epoch 1610 | Cost: 0.585624 | Acc: 76.11% (Best: 76.39% @ Ep1587) | LR: 0.000010 | Rev: 0/99999
Epoch 1611 | Cost: 0.594654 | Acc: 76.11% (Best: 76.39% @ Ep1587) | LR: 0.000010 | Rev: 1/99999
Epoch 1612 | Cost: 0.585248 | Acc: 76.11% (Best: 76.39% @ Ep1587) | LR: 0.000010 | Rev: 0/99999
Epoch 1613 | Cost: 0.609145 | Acc: 76.11% (Best: 76.39% @ Ep1587) | LR: 0.000010 | Rev: 1/99999
Epoch 1614 | Cost: 0.597900 | Acc: 75.83% (Best: 76.39% @ Ep1587) | LR: 0.000010 | Rev: 0/99999
Epoch 1615 | Cost: 0.585118 | Acc: 76.11% (Best: 76.39% @ Ep1587) | LR: 0.000010 | Rev: 0/99999
Epoch 1616 | Cost: 0.591197 | Acc: 76.11% (Best: 76.39% @ Ep1587) | LR: 0.000010 | Rev: 1/99999
Epoch 1617 | Cost: 0.586423 | Acc: 75.83% (Best: 76.39% @ Ep1587) | LR: 0.000010 | Rev: 0/99999
Epoch 1618 | Cost: 0.591097 | Acc: 75.83% (Best: 76.39% @ Ep1587) | LR: 0.000010 | Rev: 1/99999
Epoch 1619 | Cost: 0.594284 | Acc: 75.56% (Best: 76.39% @ Ep1587) | LR: 0.000010 | Rev: 2/99999
Epoch 1620 | Cost: 0.589482 | Acc: 75.83% (Best: 76.39% @ Ep1587) | LR: 0.000010 | Rev: 0/99999
Epoch 1621 | Cost: 0.597236 | Acc: 75.56% (Best: 76.39% @ Ep1587) | LR: 0.000010 | Rev: 1/99999
Epoch 1622 | Cost: 0.639426 | Acc: 75.56% (Best: 76.39% @ Ep1587) | LR: 0.000010 | Rev: 2/99999
Epoch 1623 | Cost: 0.596842 | Acc: 76.11% (Best: 76.39% @ Ep1587) | LR: 0.000010 | Rev: 0/99999
Epoch 1624 | Cost: 0.595591 | Acc: 75.83% (Best: 76.39% @ Ep1587) | LR: 0.000010 | Rev: 0/99999
Epoch 1625 | Cost: 0.587180 | Acc: 75.83% (Best: 76.39% @ Ep1587) | LR: 0.000010 | Rev: 0/99999
Epoch 1626 | Cost: 0.597285 | Acc: 75.00% (Best: 76.39% @ Ep1587) | LR: 0.000010 | Rev: 1/99999
Epoch 1627 | Cost: 0.597767 | Acc: 75.56% (Best: 76.39% @ Ep1587) | LR: 0.000010 | Rev: 2/99999
Epoch 1628 | Cost: 0.589191 | Acc: 76.11% (Best: 76.39% @ Ep1587) | LR: 0.000010 | Rev: 0/99999
Epoch 1629 | Cost: 0.600583 | Acc: 75.83% (Best: 76.39% @ Ep1587) | LR: 0.000010 | Rev: 1/99999
Epoch 1630 | Cost: 0.598896 | Acc: 75.56% (Best: 76.39% @ Ep1587) | LR: 0.000010 | Rev: 0/99999
Epoch 1631 | Cost: 0.604823 | Acc: 75.28% (Best: 76.39% @ Ep1587) | LR: 0.000010 | Rev: 1/99999
Epoch 1632 | Cost: 0.595231 | Acc: 75.00% (Best: 76.39% @ Ep1587) | LR: 0.000010 | Rev: 0/99999
Epoch 1633 | Cost: 0.599354 | Acc: 75.00% (Best: 76.39% @ Ep1587) | LR: 0.000010 | Rev: 1/99999
Epoch 1634 | Cost: 0.598706 | Acc: 75.83% (Best: 76.39% @ Ep1587) | LR: 0.000010 | Rev: 0/99999
Epoch 1635 | Cost: 0.584177 | Acc: 75.83% (Best: 76.39% @ Ep1587) | LR: 0.000010 | Rev: 0/99999
Epoch 1636 | Cost: 0.618190 | Acc: 75.56% (Best: 76.39% @ Ep1587) | LR: 0.000010 | Rev: 1/99999
Epoch 1637 | Cost: 0.604100 | Acc: 75.00% (Best: 76.39% @ Ep1587) | LR: 0.000020 | Rev: 0/99999
Epoch 1638 | Cost: 0.600405 | Acc: 74.44% (Best: 76.39% @ Ep1587) | LR: 0.000020 | Rev: 0/99999
Epoch 1639 | Cost: 0.598699 | Acc: 75.00% (Best: 76.39% @ Ep1587) | LR: 0.000020 | Rev: 0/99999
Epoch 1640 | Cost: 0.606758 | Acc: 75.56% (Best: 76.39% @ Ep1587) | LR: 0.000020 | Rev: 1/99999
Epoch 1641 | Cost: 0.602770 | Acc: 75.56% (Best: 76.39% @ Ep1587) | LR: 0.000020 | Rev: 0/99999
Epoch 1642 | Cost: 0.587747 | Acc: 74.72% (Best: 76.39% @ Ep1587) | LR: 0.000020 | Rev: 0/99999
Epoch 1643 | Cost: 0.595307 | Acc: 74.72% (Best: 76.39% @ Ep1587) | LR: 0.000020 | Rev: 1/99999
Epoch 1644 | Cost: 0.591992 | Acc: 75.28% (Best: 76.39% @ Ep1587) | LR: 0.000020 | Rev: 0/99999
Epoch 1645 | Cost: 0.596709 | Acc: 75.00% (Best: 76.39% @ Ep1587) | LR: 0.000020 | Rev: 1/99999
Epoch 1646 | Cost: 0.592094 | Acc: 75.56% (Best: 76.39% @ Ep1587) | LR: 0.000020 | Rev: 0/99999
Epoch 1647 | Cost: 0.582111 | Acc: 75.83% (Best: 76.39% @ Ep1587) | LR: 0.000030 | Rev: 0/99999
Epoch 1648 | Cost: 0.604249 | Acc: 74.72% (Best: 76.39% @ Ep1587) | LR: 0.000030 | Rev: 1/99999
Epoch 1649 | Cost: 0.597156 | Acc: 75.28% (Best: 76.39% @ Ep1587) | LR: 0.000030 | Rev: 0/99999
Epoch 1650 | Cost: 0.587059 | Acc: 75.00% (Best: 76.39% @ Ep1587) | LR: 0.000030 | Rev: 0/99999
Epoch 1651 | Cost: 0.608534 | Acc: 76.11% (Best: 76.39% @ Ep1587) | LR: 0.000030 | Rev: 1/99999
Epoch 1652 | Cost: 0.619600 | Acc: 75.28% (Best: 76.39% @ Ep1587) | LR: 0.000030 | Rev: 2/99999
Epoch 1653 | Cost: 0.597874 | Acc: 75.56% (Best: 76.39% @ Ep1587) | LR: 0.000030 | Rev: 0/99999
Epoch 1654 | Cost: 0.606939 | Acc: 75.28% (Best: 76.39% @ Ep1587) | LR: 0.000030 | Rev: 1/99999
Epoch 1655 | Cost: 0.586649 | Acc: 75.28% (Best: 76.39% @ Ep1587) | LR: 0.000030 | Rev: 0/99999
Epoch 1656 | Cost: 0.617850 | Acc: 75.00% (Best: 76.39% @ Ep1587) | LR: 0.000030 | Rev: 1/99999
Epoch 1657 | Cost: 0.607286 | Acc: 75.00% (Best: 76.39% @ Ep1587) | LR: 0.000040 | Rev: 0/99999
Epoch 1658 | Cost: 0.631394 | Acc: 75.28% (Best: 76.39% @ Ep1587) | LR: 0.000040 | Rev: 1/99999
Epoch 1659 | Cost: 0.615390 | Acc: 75.56% (Best: 76.39% @ Ep1587) | LR: 0.000040 | Rev: 0/99999
Epoch 1660 | Cost: 0.603110 | Acc: 75.28% (Best: 76.39% @ Ep1587) | LR: 0.000040 | Rev: 0/99999
Epoch 1661 | Cost: 0.634062 | Acc: 74.72% (Best: 76.39% @ Ep1587) | LR: 0.000040 | Rev: 1/99999
Epoch 1662 | Cost: 0.597327 | Acc: 74.72% (Best: 76.39% @ Ep1587) | LR: 0.000040 | Rev: 0/99999
Epoch 1663 | Cost: 0.587602 | Acc: 75.28% (Best: 76.39% @ Ep1587) | LR: 0.000040 | Rev: 0/99999
Epoch 1664 | Cost: 0.598811 | Acc: 75.00% (Best: 76.39% @ Ep1587) | LR: 0.000040 | Rev: 1/99999
Epoch 1665 | Cost: 0.603662 | Acc: 75.28% (Best: 76.39% @ Ep1587) | LR: 0.000040 | Rev: 2/99999
Epoch 1666 | Cost: 0.608425 | Acc: 75.56% (Best: 76.39% @ Ep1587) | LR: 0.000040 | Rev: 3/99999
Epoch 1667 | Cost: 0.601558 | Acc: 74.72% (Best: 76.39% @ Ep1587) | LR: 0.000050 | Rev: 0/99999
Epoch 1668 | Cost: 0.612643 | Acc: 75.83% (Best: 76.39% @ Ep1587) | LR: 0.000050 | Rev: 1/99999
Epoch 1669 | Cost: 0.584009 | Acc: 75.00% (Best: 76.39% @ Ep1587) | LR: 0.000050 | Rev: 0/99999
Epoch 1670 | Cost: 0.615938 | Acc: 74.72% (Best: 76.39% @ Ep1587) | LR: 0.000050 | Rev: 1/99999
Epoch 1671 | Cost: 0.596370 | Acc: 75.56% (Best: 76.39% @ Ep1587) | LR: 0.000050 | Rev: 0/99999
Epoch 1672 | Cost: 0.592506 | Acc: 75.28% (Best: 76.39% @ Ep1587) | LR: 0.000050 | Rev: 0/99999
Epoch 1673 | Cost: 0.619352 | Acc: 74.17% (Best: 76.39% @ Ep1587) | LR: 0.000050 | Rev: 1/99999
Epoch 1674 | Cost: 0.593996 | Acc: 74.72% (Best: 76.39% @ Ep1587) | LR: 0.000050 | Rev: 0/99999
Epoch 1675 | Cost: 0.605086 | Acc: 73.89% (Best: 76.39% @ Ep1587) | LR: 0.000050 | Rev: 1/99999
Epoch 1676 | Cost: 0.620796 | Acc: 75.28% (Best: 76.39% @ Ep1587) | LR: 0.000050 | Rev: 2/99999
Epoch 1677 | Cost: 0.592676 | Acc: 75.00% (Best: 76.39% @ Ep1587) | LR: 0.000060 | Rev: 0/99999
Epoch 1678 | Cost: 0.584873 | Acc: 75.28% (Best: 76.39% @ Ep1587) | LR: 0.000060 | Rev: 0/99999
Epoch 1679 | Cost: 0.592149 | Acc: 75.28% (Best: 76.39% @ Ep1587) | LR: 0.000060 | Rev: 1/99999
Epoch 1680 | Cost: 0.618004 | Acc: 75.56% (Best: 76.39% @ Ep1587) | LR: 0.000060 | Rev: 2/99999
Epoch 1681 | Cost: 0.601338 | Acc: 75.83% (Best: 76.39% @ Ep1587) | LR: 0.000060 | Rev: 0/99999
Epoch 1682 | Cost: 0.596158 | Acc: 76.11% (Best: 76.39% @ Ep1587) | LR: 0.000060 | Rev: 0/99999
Epoch 1683 | Cost: 0.603783 | Acc: 74.72% (Best: 76.39% @ Ep1587) | LR: 0.000060 | Rev: 1/99999
Epoch 1684 | Cost: 0.600097 | Acc: 75.00% (Best: 76.39% @ Ep1587) | LR: 0.000060 | Rev: 0/99999
Epoch 1685 | Cost: 0.605968 | Acc: 74.72% (Best: 76.39% @ Ep1587) | LR: 0.000060 | Rev: 1/99999
Epoch 1686 | Cost: 0.591352 | Acc: 74.72% (Best: 76.39% @ Ep1587) | LR: 0.000060 | Rev: 0/99999
Epoch 1687 | Cost: 0.597172 | Acc: 75.28% (Best: 76.39% @ Ep1587) | LR: 0.000070 | Rev: 1/99999
Epoch 1688 | Cost: 0.610495 | Acc: 75.28% (Best: 76.39% @ Ep1587) | LR: 0.000070 | Rev: 2/99999
Epoch 1689 | Cost: 0.601825 | Acc: 76.11% (Best: 76.39% @ Ep1587) | LR: 0.000070 | Rev: 0/99999
Epoch 1690 | Cost: 0.612998 | Acc: 75.56% (Best: 76.39% @ Ep1587) | LR: 0.000070 | Rev: 1/99999
Epoch 1691 | Cost: 0.613879 | Acc: 75.28% (Best: 76.39% @ Ep1587) | LR: 0.000070 | Rev: 2/99999
Epoch 1692 | Cost: 0.599136 | Acc: 75.00% (Best: 76.39% @ Ep1587) | LR: 0.000070 | Rev: 0/99999
Epoch 1693 | Cost: 0.605637 | Acc: 75.83% (Best: 76.39% @ Ep1587) | LR: 0.000070 | Rev: 1/99999
Epoch 1694 | Cost: 0.606047 | Acc: 75.00% (Best: 76.39% @ Ep1587) | LR: 0.000070 | Rev: 2/99999
Epoch 1695 | Cost: 0.600252 | Acc: 74.44% (Best: 76.39% @ Ep1587) | LR: 0.000070 | Rev: 0/99999
Epoch 1696 | Cost: 0.603787 | Acc: 75.56% (Best: 76.39% @ Ep1587) | LR: 0.000070 | Rev: 1/99999
Epoch 1697 | Cost: 0.601765 | Acc: 74.72% (Best: 76.39% @ Ep1587) | LR: 0.000080 | Rev: 0/99999
Epoch 1698 | Cost: 0.600627 | Acc: 74.44% (Best: 76.39% @ Ep1587) | LR: 0.000080 | Rev: 0/99999
Epoch 1699 | Cost: 0.641112 | Acc: 75.00% (Best: 76.39% @ Ep1587) | LR: 0.000080 | Rev: 1/99999
Epoch 1700 | Cost: 0.622583 | Acc: 74.44% (Best: 76.39% @ Ep1587) | LR: 0.000080 | Rev: 0/99999
Epoch 1701 | Cost: 0.607370 | Acc: 76.39% (Best: 76.39% @ Ep1587) | LR: 0.000080 | Rev: 0/99999
Epoch 1702 | Cost: 0.590278 | Acc: 75.28% (Best: 76.39% @ Ep1587) | LR: 0.000080 | Rev: 0/99999
Epoch 1703 | Cost: 0.608035 | Acc: 75.56% (Best: 76.39% @ Ep1587) | LR: 0.000080 | Rev: 1/99999
Epoch 1704 | Cost: 0.641270 | Acc: 75.00% (Best: 76.39% @ Ep1587) | LR: 0.000080 | Rev: 2/99999
Epoch 1705 | Cost: 0.599195 | Acc: 74.44% (Best: 76.39% @ Ep1587) | LR: 0.000080 | Rev: 0/99999
Epoch 1706 | Cost: 0.597673 | Acc: 75.00% (Best: 76.39% @ Ep1587) | LR: 0.000080 | Rev: 0/99999
Epoch 1707 | Cost: 0.601338 | Acc: 75.28% (Best: 76.39% @ Ep1587) | LR: 0.000090 | Rev: 1/99999
Epoch 1708 | Cost: 0.595388 | Acc: 75.28% (Best: 76.39% @ Ep1587) | LR: 0.000090 | Rev: 0/99999
Epoch 1709 | Cost: 0.591348 | Acc: 75.83% (Best: 76.39% @ Ep1587) | LR: 0.000090 | Rev: 0/99999
Epoch 1710 | Cost: 0.615230 | Acc: 75.28% (Best: 76.39% @ Ep1587) | LR: 0.000090 | Rev: 1/99999
Epoch 1711 | Cost: 0.602376 | Acc: 74.44% (Best: 76.39% @ Ep1587) | LR: 0.000090 | Rev: 0/99999
Epoch 1712 | Cost: 0.598326 | Acc: 75.56% (Best: 76.39% @ Ep1587) | LR: 0.000090 | Rev: 0/99999
Epoch 1713 | Cost: 0.619354 | Acc: 76.39% (Best: 76.39% @ Ep1587) | LR: 0.000090 | Rev: 1/99999
Epoch 1714 | Cost: 0.608920 | Acc: 75.28% (Best: 76.39% @ Ep1587) | LR: 0.000090 | Rev: 0/99999
Epoch 1715 | Cost: 0.611573 | Acc: 74.72% (Best: 76.39% @ Ep1587) | LR: 0.000090 | Rev: 1/99999
Epoch 1716 | Cost: 0.598676 | Acc: 74.44% (Best: 76.39% @ Ep1587) | LR: 0.000090 | Rev: 0/99999
Epoch 1717 | Cost: 0.618297 | Acc: 75.28% (Best: 76.39% @ Ep1587) | LR: 0.000100 | Rev: 1/99999
Epoch 1718 | Cost: 0.604961 | Acc: 73.33% (Best: 76.39% @ Ep1587) | LR: 0.000100 | Rev: 0/99999
Epoch 1719 | Cost: 0.610572 | Acc: 76.11% (Best: 76.39% @ Ep1587) | LR: 0.000100 | Rev: 1/99999
Epoch 1720 | Cost: 0.621613 | Acc: 75.28% (Best: 76.39% @ Ep1587) | LR: 0.000100 | Rev: 2/99999
Epoch 1721 | Cost: 0.621066 | Acc: 74.72% (Best: 76.39% @ Ep1587) | LR: 0.000100 | Rev: 0/99999
Epoch 1722 | Cost: 0.616048 | Acc: 75.83% (Best: 76.39% @ Ep1587) | LR: 0.000100 | Rev: 0/99999
Epoch 1723 | Cost: 0.612290 | Acc: 73.89% (Best: 76.39% @ Ep1587) | LR: 0.000100 | Rev: 0/99999
Epoch 1724 | Cost: 0.630882 | Acc: 75.56% (Best: 76.39% @ Ep1587) | LR: 0.000100 | Rev: 1/99999
Epoch 1725 | Cost: 0.609006 | Acc: 75.00% (Best: 76.39% @ Ep1587) | LR: 0.000100 | Rev: 0/99999
Epoch 1726 | Cost: 0.605085 | Acc: 75.83% (Best: 76.39% @ Ep1587) | LR: 0.000100 | Rev: 0/99999
Epoch 1727 | Cost: 0.609302 | Acc: 75.28% (Best: 76.39% @ Ep1587) | LR: 0.000110 | Rev: 1/99999
Epoch 1728 | Cost: 0.644625 | Acc: 75.00% (Best: 76.39% @ Ep1587) | LR: 0.000110 | Rev: 2/99999
Epoch 1729 | Cost: 0.613582 | Acc: 73.61% (Best: 76.39% @ Ep1587) | LR: 0.000110 | Rev: 0/99999
Epoch 1730 | Cost: 0.598032 | Acc: 74.44% (Best: 76.39% @ Ep1587) | LR: 0.000110 | Rev: 0/99999
Epoch 1731 | Cost: 0.609314 | Acc: 73.89% (Best: 76.39% @ Ep1587) | LR: 0.000110 | Rev: 1/99999
Epoch 1732 | Cost: 0.628288 | Acc: 75.56% (Best: 76.39% @ Ep1587) | LR: 0.000110 | Rev: 2/99999
Epoch 1733 | Cost: 0.646038 | Acc: 74.44% (Best: 76.39% @ Ep1587) | LR: 0.000110 | Rev: 3/99999
Epoch 1734 | Cost: 0.624055 | Acc: 75.28% (Best: 76.39% @ Ep1587) | LR: 0.000110 | Rev: 0/99999
Epoch 1735 | Cost: 0.641037 | Acc: 74.17% (Best: 76.39% @ Ep1587) | LR: 0.000110 | Rev: 1/99999
Epoch 1736 | Cost: 0.635909 | Acc: 74.17% (Best: 76.39% @ Ep1587) | LR: 0.000110 | Rev: 0/99999
Epoch 1737 | Cost: 0.632044 | Acc: 75.00% (Best: 76.39% @ Ep1587) | LR: 0.000120 | Rev: 0/99999
Epoch 1738 | Cost: 0.645381 | Acc: 74.17% (Best: 76.39% @ Ep1587) | LR: 0.000120 | Rev: 1/99999
Epoch 1739 | Cost: 0.609433 | Acc: 74.44% (Best: 76.39% @ Ep1587) | LR: 0.000120 | Rev: 0/99999
Epoch 1740 | Cost: 0.614760 | Acc: 75.28% (Best: 76.39% @ Ep1587) | LR: 0.000120 | Rev: 1/99999
Epoch 1741 | Cost: 0.607438 | Acc: 75.28% (Best: 76.39% @ Ep1587) | LR: 0.000120 | Rev: 0/99999
Epoch 1742 | Cost: 0.617104 | Acc: 74.72% (Best: 76.39% @ Ep1587) | LR: 0.000120 | Rev: 1/99999
Epoch 1743 | Cost: 0.606566 | Acc: 75.56% (Best: 76.39% @ Ep1587) | LR: 0.000120 | Rev: 0/99999
Epoch 1744 | Cost: 0.607826 | Acc: 76.39% (Best: 76.39% @ Ep1587) | LR: 0.000120 | Rev: 1/99999
Epoch 1745 | Cost: 0.617799 | Acc: 74.72% (Best: 76.39% @ Ep1587) | LR: 0.000120 | Rev: 2/99999
Epoch 1746 | Cost: 0.646893 | Acc: 75.00% (Best: 76.39% @ Ep1587) | LR: 0.000120 | Rev: 3/99999
Epoch 1747 | Cost: 0.626120 | Acc: 75.83% (Best: 76.39% @ Ep1587) | LR: 0.000130 | Rev: 0/99999
Epoch 1748 | Cost: 0.635161 | Acc: 75.56% (Best: 76.39% @ Ep1587) | LR: 0.000130 | Rev: 1/99999
Epoch 1749 | Cost: 0.608503 | Acc: 74.44% (Best: 76.39% @ Ep1587) | LR: 0.000130 | Rev: 0/99999
Epoch 1750 | Cost: 0.628687 | Acc: 75.28% (Best: 76.39% @ Ep1587) | LR: 0.000130 | Rev: 1/99999
Epoch 1751 | Cost: 0.603757 | Acc: 73.61% (Best: 76.39% @ Ep1587) | LR: 0.000130 | Rev: 0/99999
Epoch 1752 | Cost: 0.641496 | Acc: 74.72% (Best: 76.39% @ Ep1587) | LR: 0.000130 | Rev: 1/99999
Epoch 1753 | Cost: 0.644405 | Acc: 73.06% (Best: 76.39% @ Ep1587) | LR: 0.000130 | Rev: 2/99999
Epoch 1754 | Cost: 0.590362 | Acc: 74.72% (Best: 76.39% @ Ep1587) | LR: 0.000130 | Rev: 0/99999
Epoch 1755 | Cost: 0.637344 | Acc: 74.17% (Best: 76.39% @ Ep1587) | LR: 0.000130 | Rev: 1/99999
Epoch 1756 | Cost: 0.599189 | Acc: 73.89% (Best: 76.39% @ Ep1587) | LR: 0.000130 | Rev: 0/99999
Epoch 1757 | Cost: 0.614194 | Acc: 75.28% (Best: 76.39% @ Ep1587) | LR: 0.000140 | Rev: 1/99999
Epoch 1758 | Cost: 0.614946 | Acc: 76.11% (Best: 76.39% @ Ep1587) | LR: 0.000140 | Rev: 2/99999
Epoch 1759 | Cost: 0.613397 | Acc: 74.72% (Best: 76.39% @ Ep1587) | LR: 0.000140 | Rev: 0/99999
Epoch 1760 | Cost: 0.628504 | Acc: 76.39% (Best: 76.39% @ Ep1587) | LR: 0.000140 | Rev: 1/99999
Epoch 1761 | Cost: 0.637037 | Acc: 75.56% (Best: 76.39% @ Ep1587) | LR: 0.000140 | Rev: 2/99999
Epoch 1762 | Cost: 0.605831 | Acc: 75.83% (Best: 76.39% @ Ep1587) | LR: 0.000140 | Rev: 0/99999
Epoch 1763 | Cost: 0.610989 | Acc: 75.28% (Best: 76.39% @ Ep1587) | LR: 0.000140 | Rev: 1/99999
Epoch 1764 | Cost: 0.630871 | Acc: 74.17% (Best: 76.39% @ Ep1587) | LR: 0.000140 | Rev: 2/99999
Epoch 1765 | Cost: 0.598478 | Acc: 76.11% (Best: 76.39% @ Ep1587) | LR: 0.000140 | Rev: 0/99999
Epoch 1766 | Cost: 0.631174 | Acc: 75.83% (Best: 76.39% @ Ep1587) | LR: 0.000140 | Rev: 1/99999
Epoch 1767 | Cost: 0.617929 | Acc: 74.72% (Best: 76.39% @ Ep1587) | LR: 0.000150 | Rev: 0/99999
Epoch 1768 | Cost: 0.605582 | Acc: 75.00% (Best: 76.39% @ Ep1587) | LR: 0.000150 | Rev: 0/99999
Epoch 1769 | Cost: 0.595631 | Acc: 74.72% (Best: 76.39% @ Ep1587) | LR: 0.000150 | Rev: 0/99999
Epoch 1770 | Cost: 0.596759 | Acc: 75.00% (Best: 76.39% @ Ep1587) | LR: 0.000150 | Rev: 1/99999
Epoch 1771 | Cost: 0.619109 | Acc: 75.83% (Best: 76.39% @ Ep1587) | LR: 0.000150 | Rev: 2/99999
Epoch 1772 | Cost: 0.636985 | Acc: 75.00% (Best: 76.39% @ Ep1587) | LR: 0.000150 | Rev: 3/99999
Epoch 1773 | Cost: 0.635670 | Acc: 75.28% (Best: 76.39% @ Ep1587) | LR: 0.000150 | Rev: 0/99999
Epoch 1774 | Cost: 0.617813 | Acc: 75.28% (Best: 76.39% @ Ep1587) | LR: 0.000150 | Rev: 0/99999
Epoch 1775 | Cost: 0.600893 | Acc: 73.61% (Best: 76.39% @ Ep1587) | LR: 0.000150 | Rev: 0/99999
Epoch 1776 | Cost: 0.614684 | Acc: 75.56% (Best: 76.39% @ Ep1587) | LR: 0.000150 | Rev: 1/99999
Epoch 1777 | Cost: 0.634395 | Acc: 75.83% (Best: 76.39% @ Ep1587) | LR: 0.000160 | Rev: 2/99999
Epoch 1778 | Cost: 0.612911 | Acc: 73.61% (Best: 76.39% @ Ep1587) | LR: 0.000160 | Rev: 0/99999
Epoch 1779 | Cost: 0.629044 | Acc: 75.83% (Best: 76.39% @ Ep1587) | LR: 0.000160 | Rev: 1/99999
Epoch 1780 | Cost: 0.610268 | Acc: 75.28% (Best: 76.39% @ Ep1587) | LR: 0.000160 | Rev: 0/99999
Epoch 1781 | Cost: 0.628148 | Acc: 73.06% (Best: 76.39% @ Ep1587) | LR: 0.000160 | Rev: 1/99999
Epoch 1782 | Cost: 0.624159 | Acc: 75.83% (Best: 76.39% @ Ep1587) | LR: 0.000160 | Rev: 0/99999
Epoch 1783 | Cost: 0.649665 | Acc: 75.83% (Best: 76.39% @ Ep1587) | LR: 0.000160 | Rev: 1/99999
Epoch 1784 | Cost: 0.616961 | Acc: 75.28% (Best: 76.39% @ Ep1587) | LR: 0.000160 | Rev: 0/99999
Epoch 1785 | Cost: 0.617830 | Acc: 73.89% (Best: 76.39% @ Ep1587) | LR: 0.000160 | Rev: 1/99999
Epoch 1786 | Cost: 0.614840 | Acc: 75.56% (Best: 76.39% @ Ep1587) | LR: 0.000160 | Rev: 0/99999
Epoch 1787 | Cost: 0.620608 | Acc: 74.72% (Best: 76.39% @ Ep1587) | LR: 0.000170 | Rev: 1/99999
Epoch 1788 | Cost: 0.622370 | Acc: 75.83% (Best: 76.39% @ Ep1587) | LR: 0.000170 | Rev: 2/99999
Epoch 1789 | Cost: 0.623741 | Acc: 75.28% (Best: 76.39% @ Ep1587) | LR: 0.000170 | Rev: 3/99999
Epoch 1790 | Cost: 0.613979 | Acc: 75.83% (Best: 76.39% @ Ep1587) | LR: 0.000170 | Rev: 0/99999
Epoch 1791 | Cost: 0.653864 | Acc: 74.17% (Best: 76.39% @ Ep1587) | LR: 0.000170 | Rev: 1/99999
Epoch 1792 | Cost: 0.611896 | Acc: 74.17% (Best: 76.39% @ Ep1587) | LR: 0.000170 | Rev: 0/99999
Epoch 1793 | Cost: 0.616176 | Acc: 75.00% (Best: 76.39% @ Ep1587) | LR: 0.000170 | Rev: 1/99999
Epoch 1794 | Cost: 0.608969 | Acc: 75.00% (Best: 76.39% @ Ep1587) | LR: 0.000170 | Rev: 0/99999
Epoch 1795 | Cost: 0.609827 | Acc: 74.44% (Best: 76.39% @ Ep1587) | LR: 0.000170 | Rev: 1/99999
Epoch 1796 | Cost: 0.603512 | Acc: 75.56% (Best: 76.39% @ Ep1587) | LR: 0.000170 | Rev: 0/99999
Epoch 1797 | Cost: 0.617977 | Acc: 75.56% (Best: 76.39% @ Ep1587) | LR: 0.000180 | Rev: 1/99999
Epoch 1798 | Cost: 0.620494 | Acc: 72.50% (Best: 76.39% @ Ep1587) | LR: 0.000180 | Rev: 2/99999
Epoch 1799 | Cost: 0.626429 | Acc: 75.56% (Best: 76.39% @ Ep1587) | LR: 0.000180 | Rev: 3/99999
Epoch 1800 | Cost: 0.665177 | Acc: 75.00% (Best: 76.39% @ Ep1587) | LR: 0.000180 | Rev: 4/99999
Epoch 1801 | Cost: 0.627056 | Acc: 74.72% (Best: 76.39% @ Ep1587) | LR: 0.000180 | Rev: 0/99999
Epoch 1802 | Cost: 0.638084 | Acc: 73.61% (Best: 76.39% @ Ep1587) | LR: 0.000180 | Rev: 1/99999
Epoch 1803 | Cost: 0.625941 | Acc: 75.83% (Best: 76.39% @ Ep1587) | LR: 0.000180 | Rev: 0/99999
Epoch 1804 | Cost: 0.634594 | Acc: 76.11% (Best: 76.39% @ Ep1587) | LR: 0.000180 | Rev: 1/99999
Epoch 1805 | Cost: 0.643635 | Acc: 73.89% (Best: 76.39% @ Ep1587) | LR: 0.000180 | Rev: 2/99999
Epoch 1806 | Cost: 0.629271 | Acc: 73.89% (Best: 76.39% @ Ep1587) | LR: 0.000180 | Rev: 0/99999
Epoch 1807 | Cost: 0.660727 | Acc: 73.33% (Best: 76.39% @ Ep1587) | LR: 0.000190 | Rev: 1/99999
Epoch 1808 | Cost: 0.637916 | Acc: 75.00% (Best: 76.39% @ Ep1587) | LR: 0.000190 | Rev: 0/99999
Epoch 1809 | Cost: 0.625446 | Acc: 75.00% (Best: 76.39% @ Ep1587) | LR: 0.000190 | Rev: 0/99999
Epoch 1810 | Cost: 0.618115 | Acc: 73.61% (Best: 76.39% @ Ep1587) | LR: 0.000190 | Rev: 0/99999
Epoch 1811 | Cost: 0.624750 | Acc: 73.06% (Best: 76.39% @ Ep1587) | LR: 0.000190 | Rev: 1/99999
Epoch 1812 | Cost: 0.635726 | Acc: 73.89% (Best: 76.39% @ Ep1587) | LR: 0.000190 | Rev: 2/99999
Epoch 1813 | Cost: 0.654029 | Acc: 74.17% (Best: 76.39% @ Ep1587) | LR: 0.000190 | Rev: 3/99999
Epoch 1814 | Cost: 0.643203 | Acc: 76.11% (Best: 76.39% @ Ep1587) | LR: 0.000190 | Rev: 0/99999
Epoch 1815 | Cost: 0.604916 | Acc: 75.83% (Best: 76.39% @ Ep1587) | LR: 0.000190 | Rev: 0/99999
Epoch 1816 | Cost: 0.605448 | Acc: 74.44% (Best: 76.39% @ Ep1587) | LR: 0.000190 | Rev: 1/99999
Epoch 1817 | Cost: 0.601528 | Acc: 75.56% (Best: 76.39% @ Ep1587) | LR: 0.000200 | Rev: 0/99999
Epoch 1818 | Cost: 0.626483 | Acc: 75.28% (Best: 76.39% @ Ep1587) | LR: 0.000200 | Rev: 1/99999
Epoch 1819 | Cost: 0.623722 | Acc: 74.72% (Best: 76.39% @ Ep1587) | LR: 0.000200 | Rev: 0/99999
Epoch 1820 | Cost: 0.630447 | Acc: 73.89% (Best: 76.39% @ Ep1587) | LR: 0.000200 | Rev: 1/99999
Epoch 1821 | Cost: 0.649437 | Acc: 75.56% (Best: 76.39% @ Ep1587) | LR: 0.000200 | Rev: 2/99999
Epoch 1822 | Cost: 0.637577 | Acc: 72.50% (Best: 76.39% @ Ep1587) | LR: 0.000200 | Rev: 0/99999
Epoch 1823 | Cost: 0.624427 | Acc: 75.00% (Best: 76.39% @ Ep1587) | LR: 0.000200 | Rev: 0/99999
Epoch 1824 | Cost: 0.617583 | Acc: 73.33% (Best: 76.39% @ Ep1587) | LR: 0.000200 | Rev: 0/99999
Epoch 1825 | Cost: 0.614067 | Acc: 74.17% (Best: 76.39% @ Ep1587) | LR: 0.000200 | Rev: 0/99999
Epoch 1826 | Cost: 0.617155 | Acc: 76.11% (Best: 76.39% @ Ep1587) | LR: 0.000200 | Rev: 1/99999
Epoch 1827 | Cost: 0.621333 | Acc: 73.33% (Best: 76.39% @ Ep1587) | LR: 0.000210 | Rev: 2/99999
Epoch 1828 | Cost: 0.620711 | Acc: 76.39% (Best: 76.39% @ Ep1587) | LR: 0.000210 | Rev: 0/99999
Epoch 1829 | Cost: 0.616339 | Acc: 74.44% (Best: 76.39% @ Ep1587) | LR: 0.000210 | Rev: 0/99999
Epoch 1830 | Cost: 0.607805 | Acc: 75.00% (Best: 76.39% @ Ep1587) | LR: 0.000210 | Rev: 0/99999
Epoch 1831 | Cost: 0.604483 | Acc: 74.44% (Best: 76.39% @ Ep1587) | LR: 0.000210 | Rev: 0/99999
Epoch 1832 | Cost: 0.607401 | Acc: 74.72% (Best: 76.39% @ Ep1587) | LR: 0.000210 | Rev: 1/99999
Epoch 1833 | Cost: 0.653019 | Acc: 74.17% (Best: 76.39% @ Ep1587) | LR: 0.000210 | Rev: 2/99999
Epoch 1834 | Cost: 0.652507 | Acc: 75.83% (Best: 76.39% @ Ep1587) | LR: 0.000210 | Rev: 0/99999
Epoch 1835 | Cost: 0.640041 | Acc: 76.11% (Best: 76.39% @ Ep1587) | LR: 0.000210 | Rev: 0/99999
Epoch 1836 | Cost: 0.627444 | Acc: 75.28% (Best: 76.39% @ Ep1587) | LR: 0.000210 | Rev: 0/99999
Epoch 1837 | Cost: 0.605125 | Acc: 75.56% (Best: 76.39% @ Ep1587) | LR: 0.000220 | Rev: 0/99999
Epoch 1838 | Cost: 0.607117 | Acc: 73.89% (Best: 76.39% @ Ep1587) | LR: 0.000220 | Rev: 1/99999
Epoch 1839 | Cost: 0.628885 | Acc: 76.11% (Best: 76.39% @ Ep1587) | LR: 0.000220 | Rev: 2/99999
Epoch 1840 | Cost: 0.634988 | Acc: 75.28% (Best: 76.39% @ Ep1587) | LR: 0.000220 | Rev: 3/99999
Epoch 1841 | Cost: 0.645566 | Acc: 73.61% (Best: 76.39% @ Ep1587) | LR: 0.000220 | Rev: 4/99999
Epoch 1842 | Cost: 0.650050 | Acc: 76.39% (Best: 76.39% @ Ep1587) | LR: 0.000220 | Rev: 5/99999
Epoch 1843 | Cost: 0.630419 | Acc: 75.56% (Best: 76.39% @ Ep1587) | LR: 0.000220 | Rev: 0/99999
Epoch 1844 | Cost: 0.621670 | Acc: 75.00% (Best: 76.39% @ Ep1587) | LR: 0.000220 | Rev: 0/99999
Epoch 1845 | Cost: 0.602003 | Acc: 73.61% (Best: 76.39% @ Ep1587) | LR: 0.000220 | Rev: 0/99999
Epoch 1846 | Cost: 0.624712 | Acc: 75.00% (Best: 76.39% @ Ep1587) | LR: 0.000220 | Rev: 1/99999
Epoch 1847 | Cost: 0.628251 | Acc: 74.44% (Best: 76.39% @ Ep1587) | LR: 0.000230 | Rev: 2/99999
Epoch 1848 | Cost: 0.600267 | Acc: 73.61% (Best: 76.39% @ Ep1587) | LR: 0.000230 | Rev: 0/99999
Epoch 1849 | Cost: 0.643567 | Acc: 75.00% (Best: 76.39% @ Ep1587) | LR: 0.000230 | Rev: 1/99999
Epoch 1850 | Cost: 0.639365 | Acc: 75.00% (Best: 76.39% @ Ep1587) | LR: 0.000230 | Rev: 0/99999
Epoch 1851 | Cost: 0.631995 | Acc: 75.56% (Best: 76.39% @ Ep1587) | LR: 0.000230 | Rev: 0/99999
Epoch 1852 | Cost: 0.641431 | Acc: 74.17% (Best: 76.39% @ Ep1587) | LR: 0.000230 | Rev: 1/99999
Epoch 1853 | Cost: 0.612779 | Acc: 74.44% (Best: 76.39% @ Ep1587) | LR: 0.000230 | Rev: 0/99999
Epoch 1854 | Cost: 0.629920 | Acc: 75.00% (Best: 76.39% @ Ep1587) | LR: 0.000230 | Rev: 1/99999
Epoch 1855 | Cost: 0.648986 | Acc: 74.72% (Best: 76.39% @ Ep1587) | LR: 0.000230 | Rev: 2/99999
Epoch 1856 | Cost: 0.660654 | Acc: 74.72% (Best: 76.39% @ Ep1587) | LR: 0.000230 | Rev: 3/99999
Epoch 1857 | Cost: 0.628895 | Acc: 74.17% (Best: 76.39% @ Ep1587) | LR: 0.000240 | Rev: 0/99999
Epoch 1858 | Cost: 0.624751 | Acc: 72.78% (Best: 76.39% @ Ep1587) | LR: 0.000240 | Rev: 0/99999
Epoch 1859 | Cost: 0.632552 | Acc: 75.00% (Best: 76.39% @ Ep1587) | LR: 0.000240 | Rev: 1/99999
Epoch 1860 | Cost: 0.678513 | Acc: 76.11% (Best: 76.39% @ Ep1587) | LR: 0.000240 | Rev: 2/99999
Epoch 1861 | Cost: 0.630865 | Acc: 73.33% (Best: 76.39% @ Ep1587) | LR: 0.000240 | Rev: 0/99999
Epoch 1862 | Cost: 0.644475 | Acc: 73.06% (Best: 76.39% @ Ep1587) | LR: 0.000240 | Rev: 1/99999
Epoch 1863 | Cost: 0.619362 | Acc: 73.33% (Best: 76.39% @ Ep1587) | LR: 0.000240 | Rev: 0/99999
Epoch 1864 | Cost: 0.667063 | Acc: 73.33% (Best: 76.39% @ Ep1587) | LR: 0.000240 | Rev: 1/99999
Epoch 1865 | Cost: 0.609182 | Acc: 75.56% (Best: 76.39% @ Ep1587) | LR: 0.000240 | Rev: 0/99999
Epoch 1866 | Cost: 0.626733 | Acc: 75.00% (Best: 76.39% @ Ep1587) | LR: 0.000240 | Rev: 1/99999
Epoch 1867 | Cost: 0.613602 | Acc: 73.06% (Best: 76.39% @ Ep1587) | LR: 0.000250 | Rev: 0/99999
Epoch 1868 | Cost: 0.612881 | Acc: 75.00% (Best: 76.39% @ Ep1587) | LR: 0.000250 | Rev: 0/99999
Epoch 1869 | Cost: 0.636538 | Acc: 75.00% (Best: 76.39% @ Ep1587) | LR: 0.000250 | Rev: 1/99999
Epoch 1870 | Cost: 0.612541 | Acc: 73.89% (Best: 76.39% @ Ep1587) | LR: 0.000250 | Rev: 0/99999
Epoch 1871 | Cost: 0.623644 | Acc: 76.67% (Best: 76.67% @ Ep1871) | LR: 0.000010 | Rev: 1/99999
Epoch 1872 | Cost: 0.593630 | Acc: 75.56% (Best: 76.67% @ Ep1871) | LR: 0.000010 | Rev: 0/99999
Epoch 1873 | Cost: 0.575480 | Acc: 76.11% (Best: 76.67% @ Ep1871) | LR: 0.000010 | Rev: 0/99999
Epoch 1874 | Cost: 0.600346 | Acc: 75.56% (Best: 76.67% @ Ep1871) | LR: 0.000010 | Rev: 1/99999
Epoch 1875 | Cost: 0.572116 | Acc: 75.83% (Best: 76.67% @ Ep1871) | LR: 0.000010 | Rev: 0/99999
Epoch 1876 | Cost: 0.569109 | Acc: 76.11% (Best: 76.67% @ Ep1871) | LR: 0.000010 | Rev: 0/99999
Epoch 1877 | Cost: 0.570705 | Acc: 76.11% (Best: 76.67% @ Ep1871) | LR: 0.000010 | Rev: 1/99999
Epoch 1878 | Cost: 0.584436 | Acc: 75.56% (Best: 76.67% @ Ep1871) | LR: 0.000010 | Rev: 2/99999
Epoch 1879 | Cost: 0.612031 | Acc: 75.83% (Best: 76.67% @ Ep1871) | LR: 0.000010 | Rev: 3/99999
Epoch 1880 | Cost: 0.594297 | Acc: 75.28% (Best: 76.67% @ Ep1871) | LR: 0.000010 | Rev: 0/99999
Epoch 1881 | Cost: 0.566227 | Acc: 75.83% (Best: 76.67% @ Ep1871) | LR: 0.000010 | Rev: 0/99999
Epoch 1882 | Cost: 0.595776 | Acc: 75.56% (Best: 76.67% @ Ep1871) | LR: 0.000010 | Rev: 1/99999
Epoch 1883 | Cost: 0.605718 | Acc: 75.83% (Best: 76.67% @ Ep1871) | LR: 0.000010 | Rev: 2/99999
Epoch 1884 | Cost: 0.561715 | Acc: 75.56% (Best: 76.67% @ Ep1871) | LR: 0.000010 | Rev: 0/99999
Epoch 1885 | Cost: 0.592919 | Acc: 75.83% (Best: 76.67% @ Ep1871) | LR: 0.000010 | Rev: 1/99999
Epoch 1886 | Cost: 0.584954 | Acc: 75.83% (Best: 76.67% @ Ep1871) | LR: 0.000010 | Rev: 0/99999
Epoch 1887 | Cost: 0.564062 | Acc: 75.56% (Best: 76.67% @ Ep1871) | LR: 0.000010 | Rev: 0/99999
Epoch 1888 | Cost: 0.571120 | Acc: 75.28% (Best: 76.67% @ Ep1871) | LR: 0.000010 | Rev: 1/99999
Epoch 1889 | Cost: 0.577139 | Acc: 75.28% (Best: 76.67% @ Ep1871) | LR: 0.000010 | Rev: 2/99999
Epoch 1890 | Cost: 0.580194 | Acc: 75.56% (Best: 76.67% @ Ep1871) | LR: 0.000010 | Rev: 3/99999
Epoch 1891 | Cost: 0.573677 | Acc: 75.56% (Best: 76.67% @ Ep1871) | LR: 0.000010 | Rev: 0/99999
Epoch 1892 | Cost: 0.575771 | Acc: 75.83% (Best: 76.67% @ Ep1871) | LR: 0.000010 | Rev: 1/99999
Epoch 1893 | Cost: 0.581758 | Acc: 75.83% (Best: 76.67% @ Ep1871) | LR: 0.000010 | Rev: 2/99999
Epoch 1894 | Cost: 0.568380 | Acc: 75.83% (Best: 76.67% @ Ep1871) | LR: 0.000010 | Rev: 0/99999
Epoch 1895 | Cost: 0.570871 | Acc: 75.56% (Best: 76.67% @ Ep1871) | LR: 0.000010 | Rev: 1/99999
Epoch 1896 | Cost: 0.579641 | Acc: 75.56% (Best: 76.67% @ Ep1871) | LR: 0.000010 | Rev: 2/99999
Epoch 1897 | Cost: 0.583584 | Acc: 75.56% (Best: 76.67% @ Ep1871) | LR: 0.000010 | Rev: 3/99999
Epoch 1898 | Cost: 0.583138 | Acc: 75.83% (Best: 76.67% @ Ep1871) | LR: 0.000010 | Rev: 0/99999
Epoch 1899 | Cost: 0.578956 | Acc: 75.83% (Best: 76.67% @ Ep1871) | LR: 0.000010 | Rev: 0/99999
Epoch 1900 | Cost: 0.578621 | Acc: 75.83% (Best: 76.67% @ Ep1871) | LR: 0.000010 | Rev: 0/99999
Epoch 1901 | Cost: 0.561179 | Acc: 76.11% (Best: 76.67% @ Ep1871) | LR: 0.000010 | Rev: 0/99999
Epoch 1902 | Cost: 0.599646 | Acc: 75.83% (Best: 76.67% @ Ep1871) | LR: 0.000010 | Rev: 1/99999
Epoch 1903 | Cost: 0.566374 | Acc: 76.11% (Best: 76.67% @ Ep1871) | LR: 0.000010 | Rev: 0/99999
Epoch 1904 | Cost: 0.586123 | Acc: 76.11% (Best: 76.67% @ Ep1871) | LR: 0.000010 | Rev: 1/99999
Epoch 1905 | Cost: 0.571541 | Acc: 76.11% (Best: 76.67% @ Ep1871) | LR: 0.000010 | Rev: 0/99999
Epoch 1906 | Cost: 0.567550 | Acc: 75.83% (Best: 76.67% @ Ep1871) | LR: 0.000010 | Rev: 0/99999
Epoch 1907 | Cost: 0.595548 | Acc: 76.11% (Best: 76.67% @ Ep1871) | LR: 0.000010 | Rev: 1/99999
Epoch 1908 | Cost: 0.571214 | Acc: 76.11% (Best: 76.67% @ Ep1871) | LR: 0.000010 | Rev: 0/99999
Epoch 1909 | Cost: 0.585956 | Acc: 75.56% (Best: 76.67% @ Ep1871) | LR: 0.000010 | Rev: 1/99999
Epoch 1910 | Cost: 0.556822 | Acc: 75.83% (Best: 76.67% @ Ep1871) | LR: 0.000010 | Rev: 0/99999
Epoch 1911 | Cost: 0.578800 | Acc: 75.56% (Best: 76.67% @ Ep1871) | LR: 0.000010 | Rev: 1/99999
Epoch 1912 | Cost: 0.582641 | Acc: 75.83% (Best: 76.67% @ Ep1871) | LR: 0.000010 | Rev: 2/99999
Epoch 1913 | Cost: 0.589616 | Acc: 75.83% (Best: 76.67% @ Ep1871) | LR: 0.000010 | Rev: 3/99999
Epoch 1914 | Cost: 0.564373 | Acc: 75.56% (Best: 76.67% @ Ep1871) | LR: 0.000010 | Rev: 0/99999
Epoch 1915 | Cost: 0.573106 | Acc: 75.28% (Best: 76.67% @ Ep1871) | LR: 0.000010 | Rev: 1/99999
Epoch 1916 | Cost: 0.571074 | Acc: 75.56% (Best: 76.67% @ Ep1871) | LR: 0.000010 | Rev: 0/99999
Epoch 1917 | Cost: 0.581570 | Acc: 75.83% (Best: 76.67% @ Ep1871) | LR: 0.000010 | Rev: 1/99999
Epoch 1918 | Cost: 0.570904 | Acc: 76.11% (Best: 76.67% @ Ep1871) | LR: 0.000010 | Rev: 0/99999
Epoch 1919 | Cost: 0.567711 | Acc: 76.11% (Best: 76.67% @ Ep1871) | LR: 0.000010 | Rev: 0/99999
Epoch 1920 | Cost: 0.563950 | Acc: 76.11% (Best: 76.67% @ Ep1871) | LR: 0.000010 | Rev: 0/99999
Epoch 1921 | Cost: 0.561747 | Acc: 75.28% (Best: 76.67% @ Ep1871) | LR: 0.000020 | Rev: 0/99999
Epoch 1922 | Cost: 0.579218 | Acc: 75.83% (Best: 76.67% @ Ep1871) | LR: 0.000020 | Rev: 1/99999
Epoch 1923 | Cost: 0.574432 | Acc: 75.83% (Best: 76.67% @ Ep1871) | LR: 0.000020 | Rev: 0/99999
Epoch 1924 | Cost: 0.584970 | Acc: 75.28% (Best: 76.67% @ Ep1871) | LR: 0.000020 | Rev: 1/99999
Epoch 1925 | Cost: 0.583374 | Acc: 75.28% (Best: 76.67% @ Ep1871) | LR: 0.000020 | Rev: 0/99999
Epoch 1926 | Cost: 0.580417 | Acc: 75.56% (Best: 76.67% @ Ep1871) | LR: 0.000020 | Rev: 0/99999
Epoch 1927 | Cost: 0.568743 | Acc: 75.28% (Best: 76.67% @ Ep1871) | LR: 0.000020 | Rev: 0/99999
Epoch 1928 | Cost: 0.577898 | Acc: 76.11% (Best: 76.67% @ Ep1871) | LR: 0.000020 | Rev: 1/99999
Epoch 1929 | Cost: 0.578557 | Acc: 75.83% (Best: 76.67% @ Ep1871) | LR: 0.000020 | Rev: 2/99999
Epoch 1930 | Cost: 0.592305 | Acc: 76.11% (Best: 76.67% @ Ep1871) | LR: 0.000020 | Rev: 3/99999
Epoch 1931 | Cost: 0.586728 | Acc: 75.83% (Best: 76.67% @ Ep1871) | LR: 0.000030 | Rev: 0/99999
Epoch 1932 | Cost: 0.569985 | Acc: 76.11% (Best: 76.67% @ Ep1871) | LR: 0.000030 | Rev: 0/99999
Epoch 1933 | Cost: 0.570522 | Acc: 75.83% (Best: 76.67% @ Ep1871) | LR: 0.000030 | Rev: 1/99999
Epoch 1934 | Cost: 0.565549 | Acc: 75.56% (Best: 76.67% @ Ep1871) | LR: 0.000030 | Rev: 0/99999
Epoch 1935 | Cost: 0.579756 | Acc: 76.39% (Best: 76.67% @ Ep1871) | LR: 0.000030 | Rev: 1/99999
Epoch 1936 | Cost: 0.569301 | Acc: 75.00% (Best: 76.67% @ Ep1871) | LR: 0.000030 | Rev: 0/99999
Epoch 1937 | Cost: 0.557822 | Acc: 75.00% (Best: 76.67% @ Ep1871) | LR: 0.000030 | Rev: 0/99999
Epoch 1938 | Cost: 0.588984 | Acc: 75.00% (Best: 76.67% @ Ep1871) | LR: 0.000030 | Rev: 1/99999
Epoch 1939 | Cost: 0.593542 | Acc: 75.00% (Best: 76.67% @ Ep1871) | LR: 0.000030 | Rev: 2/99999
Epoch 1940 | Cost: 0.581747 | Acc: 75.83% (Best: 76.67% @ Ep1871) | LR: 0.000030 | Rev: 0/99999
Epoch 1941 | Cost: 0.580447 | Acc: 75.28% (Best: 76.67% @ Ep1871) | LR: 0.000040 | Rev: 0/99999
Epoch 1942 | Cost: 0.623064 | Acc: 75.56% (Best: 76.67% @ Ep1871) | LR: 0.000040 | Rev: 1/99999
Epoch 1943 | Cost: 0.588357 | Acc: 74.72% (Best: 76.67% @ Ep1871) | LR: 0.000040 | Rev: 0/99999
Epoch 1944 | Cost: 0.568947 | Acc: 75.00% (Best: 76.67% @ Ep1871) | LR: 0.000040 | Rev: 0/99999
Epoch 1945 | Cost: 0.564872 | Acc: 76.11% (Best: 76.67% @ Ep1871) | LR: 0.000040 | Rev: 0/99999
Epoch 1946 | Cost: 0.578431 | Acc: 74.72% (Best: 76.67% @ Ep1871) | LR: 0.000040 | Rev: 1/99999
Epoch 1947 | Cost: 0.576521 | Acc: 75.00% (Best: 76.67% @ Ep1871) | LR: 0.000040 | Rev: 0/99999
Epoch 1948 | Cost: 0.561957 | Acc: 75.56% (Best: 76.67% @ Ep1871) | LR: 0.000040 | Rev: 0/99999
Epoch 1949 | Cost: 0.588523 | Acc: 75.00% (Best: 76.67% @ Ep1871) | LR: 0.000040 | Rev: 1/99999
Epoch 1950 | Cost: 0.581504 | Acc: 75.00% (Best: 76.67% @ Ep1871) | LR: 0.000040 | Rev: 0/99999
Epoch 1951 | Cost: 0.587541 | Acc: 75.83% (Best: 76.67% @ Ep1871) | LR: 0.000050 | Rev: 1/99999
Epoch 1952 | Cost: 0.572796 | Acc: 75.00% (Best: 76.67% @ Ep1871) | LR: 0.000050 | Rev: 0/99999
Epoch 1953 | Cost: 0.573301 | Acc: 74.44% (Best: 76.67% @ Ep1871) | LR: 0.000050 | Rev: 1/99999
Epoch 1954 | Cost: 0.572802 | Acc: 75.00% (Best: 76.67% @ Ep1871) | LR: 0.000050 | Rev: 0/99999
Epoch 1955 | Cost: 0.597744 | Acc: 75.28% (Best: 76.67% @ Ep1871) | LR: 0.000050 | Rev: 1/99999
Epoch 1956 | Cost: 0.568307 | Acc: 75.83% (Best: 76.67% @ Ep1871) | LR: 0.000050 | Rev: 0/99999
Epoch 1957 | Cost: 0.574287 | Acc: 75.00% (Best: 76.67% @ Ep1871) | LR: 0.000050 | Rev: 1/99999
Epoch 1958 | Cost: 0.592402 | Acc: 75.28% (Best: 76.67% @ Ep1871) | LR: 0.000050 | Rev: 2/99999
Epoch 1959 | Cost: 0.595200 | Acc: 75.83% (Best: 76.67% @ Ep1871) | LR: 0.000050 | Rev: 3/99999
Epoch 1960 | Cost: 0.581529 | Acc: 75.83% (Best: 76.67% @ Ep1871) | LR: 0.000050 | Rev: 0/99999
Epoch 1961 | Cost: 0.580864 | Acc: 75.00% (Best: 76.67% @ Ep1871) | LR: 0.000060 | Rev: 0/99999
Epoch 1962 | Cost: 0.577733 | Acc: 75.56% (Best: 76.67% @ Ep1871) | LR: 0.000060 | Rev: 0/99999
Epoch 1963 | Cost: 0.592908 | Acc: 74.44% (Best: 76.67% @ Ep1871) | LR: 0.000060 | Rev: 1/99999
Epoch 1964 | Cost: 0.603601 | Acc: 75.83% (Best: 76.67% @ Ep1871) | LR: 0.000060 | Rev: 2/99999
Epoch 1965 | Cost: 0.594512 | Acc: 75.00% (Best: 76.67% @ Ep1871) | LR: 0.000060 | Rev: 0/99999
Epoch 1966 | Cost: 0.585923 | Acc: 75.28% (Best: 76.67% @ Ep1871) | LR: 0.000060 | Rev: 0/99999
Epoch 1967 | Cost: 0.595295 | Acc: 75.00% (Best: 76.67% @ Ep1871) | LR: 0.000060 | Rev: 1/99999
Epoch 1968 | Cost: 0.569736 | Acc: 75.56% (Best: 76.67% @ Ep1871) | LR: 0.000060 | Rev: 0/99999
Epoch 1969 | Cost: 0.583935 | Acc: 75.00% (Best: 76.67% @ Ep1871) | LR: 0.000060 | Rev: 1/99999
Epoch 1970 | Cost: 0.577144 | Acc: 75.83% (Best: 76.67% @ Ep1871) | LR: 0.000060 | Rev: 0/99999
Epoch 1971 | Cost: 0.573325 | Acc: 74.72% (Best: 76.67% @ Ep1871) | LR: 0.000070 | Rev: 0/99999
Epoch 1972 | Cost: 0.594285 | Acc: 75.00% (Best: 76.67% @ Ep1871) | LR: 0.000070 | Rev: 1/99999
Epoch 1973 | Cost: 0.582684 | Acc: 75.00% (Best: 76.67% @ Ep1871) | LR: 0.000070 | Rev: 0/99999
Epoch 1974 | Cost: 0.581841 | Acc: 74.44% (Best: 76.67% @ Ep1871) | LR: 0.000070 | Rev: 0/99999
Epoch 1975 | Cost: 0.573920 | Acc: 75.83% (Best: 76.67% @ Ep1871) | LR: 0.000070 | Rev: 0/99999
Epoch 1976 | Cost: 0.590590 | Acc: 75.56% (Best: 76.67% @ Ep1871) | LR: 0.000070 | Rev: 1/99999
Epoch 1977 | Cost: 0.594956 | Acc: 75.28% (Best: 76.67% @ Ep1871) | LR: 0.000070 | Rev: 2/99999
Epoch 1978 | Cost: 0.569389 | Acc: 75.56% (Best: 76.67% @ Ep1871) | LR: 0.000070 | Rev: 0/99999
Epoch 1979 | Cost: 0.599484 | Acc: 75.28% (Best: 76.67% @ Ep1871) | LR: 0.000070 | Rev: 1/99999
Epoch 1980 | Cost: 0.589490 | Acc: 75.56% (Best: 76.67% @ Ep1871) | LR: 0.000070 | Rev: 0/99999
Epoch 1981 | Cost: 0.590612 | Acc: 74.17% (Best: 76.67% @ Ep1871) | LR: 0.000080 | Rev: 1/99999
Epoch 1982 | Cost: 0.581795 | Acc: 75.00% (Best: 76.67% @ Ep1871) | LR: 0.000080 | Rev: 0/99999
Epoch 1983 | Cost: 0.580773 | Acc: 76.39% (Best: 76.67% @ Ep1871) | LR: 0.000080 | Rev: 0/99999
Epoch 1984 | Cost: 0.588142 | Acc: 75.56% (Best: 76.67% @ Ep1871) | LR: 0.000080 | Rev: 1/99999
Epoch 1985 | Cost: 0.594855 | Acc: 76.67% (Best: 76.67% @ Ep1871) | LR: 0.000080 | Rev: 2/99999
Epoch 1986 | Cost: 0.599203 | Acc: 75.28% (Best: 76.67% @ Ep1871) | LR: 0.000080 | Rev: 3/99999
Epoch 1987 | Cost: 0.589717 | Acc: 74.72% (Best: 76.67% @ Ep1871) | LR: 0.000080 | Rev: 0/99999
Epoch 1988 | Cost: 0.586344 | Acc: 75.83% (Best: 76.67% @ Ep1871) | LR: 0.000080 | Rev: 0/99999
Epoch 1989 | Cost: 0.605904 | Acc: 74.72% (Best: 76.67% @ Ep1871) | LR: 0.000080 | Rev: 1/99999
Epoch 1990 | Cost: 0.576918 | Acc: 76.11% (Best: 76.67% @ Ep1871) | LR: 0.000080 | Rev: 0/99999
Epoch 1991 | Cost: 0.597990 | Acc: 75.83% (Best: 76.67% @ Ep1871) | LR: 0.000090 | Rev: 1/99999
Epoch 1992 | Cost: 0.594214 | Acc: 75.56% (Best: 76.67% @ Ep1871) | LR: 0.000090 | Rev: 0/99999
Epoch 1993 | Cost: 0.594383 | Acc: 75.00% (Best: 76.67% @ Ep1871) | LR: 0.000090 | Rev: 1/99999
Epoch 1994 | Cost: 0.594487 | Acc: 75.00% (Best: 76.67% @ Ep1871) | LR: 0.000090 | Rev: 2/99999
Epoch 1995 | Cost: 0.579593 | Acc: 75.56% (Best: 76.67% @ Ep1871) | LR: 0.000090 | Rev: 0/99999
Epoch 1996 | Cost: 0.601243 | Acc: 75.00% (Best: 76.67% @ Ep1871) | LR: 0.000090 | Rev: 1/99999
Epoch 1997 | Cost: 0.576671 | Acc: 75.83% (Best: 76.67% @ Ep1871) | LR: 0.000090 | Rev: 0/99999
Epoch 1998 | Cost: 0.570005 | Acc: 76.11% (Best: 76.67% @ Ep1871) | LR: 0.000090 | Rev: 0/99999
Epoch 1999 | Cost: 0.578858 | Acc: 75.83% (Best: 76.67% @ Ep1871) | LR: 0.000090 | Rev: 1/99999
Epoch 2000 | Cost: 0.586055 | Acc: 76.11% (Best: 76.67% @ Ep1871) | LR: 0.000090 | Rev: 2/99999
Epoch 2001 | Cost: 0.626066 | Acc: 75.83% (Best: 76.67% @ Ep1871) | LR: 0.000100 | Rev: 3/99999
Epoch 2002 | Cost: 0.594560 | Acc: 74.72% (Best: 76.67% @ Ep1871) | LR: 0.000100 | Rev: 0/99999
Epoch 2003 | Cost: 0.584714 | Acc: 75.56% (Best: 76.67% @ Ep1871) | LR: 0.000100 | Rev: 0/99999
Epoch 2004 | Cost: 0.592958 | Acc: 76.39% (Best: 76.67% @ Ep1871) | LR: 0.000100 | Rev: 1/99999
Epoch 2005 | Cost: 0.588401 | Acc: 75.56% (Best: 76.67% @ Ep1871) | LR: 0.000100 | Rev: 0/99999
Epoch 2006 | Cost: 0.579448 | Acc: 75.56% (Best: 76.67% @ Ep1871) | LR: 0.000100 | Rev: 0/99999
Epoch 2007 | Cost: 0.591091 | Acc: 75.28% (Best: 76.67% @ Ep1871) | LR: 0.000100 | Rev: 1/99999
Epoch 2008 | Cost: 0.584900 | Acc: 75.83% (Best: 76.67% @ Ep1871) | LR: 0.000100 | Rev: 0/99999
Epoch 2009 | Cost: 0.576986 | Acc: 75.28% (Best: 76.67% @ Ep1871) | LR: 0.000100 | Rev: 0/99999
Epoch 2010 | Cost: 0.580956 | Acc: 75.28% (Best: 76.67% @ Ep1871) | LR: 0.000100 | Rev: 1/99999
Epoch 2011 | Cost: 0.606734 | Acc: 75.00% (Best: 76.67% @ Ep1871) | LR: 0.000110 | Rev: 2/99999
Epoch 2012 | Cost: 0.615631 | Acc: 75.83% (Best: 76.67% @ Ep1871) | LR: 0.000110 | Rev: 3/99999
Epoch 2013 | Cost: 0.580696 | Acc: 75.28% (Best: 76.67% @ Ep1871) | LR: 0.000110 | Rev: 0/99999
Epoch 2014 | Cost: 0.588227 | Acc: 74.44% (Best: 76.67% @ Ep1871) | LR: 0.000110 | Rev: 1/99999
Epoch 2015 | Cost: 0.592011 | Acc: 75.28% (Best: 76.67% @ Ep1871) | LR: 0.000110 | Rev: 2/99999
Epoch 2016 | Cost: 0.585666 | Acc: 75.56% (Best: 76.67% @ Ep1871) | LR: 0.000110 | Rev: 0/99999
Epoch 2017 | Cost: 0.592502 | Acc: 75.28% (Best: 76.67% @ Ep1871) | LR: 0.000110 | Rev: 1/99999
Epoch 2018 | Cost: 0.574555 | Acc: 74.72% (Best: 76.67% @ Ep1871) | LR: 0.000110 | Rev: 0/99999
Epoch 2019 | Cost: 0.581805 | Acc: 75.28% (Best: 76.67% @ Ep1871) | LR: 0.000110 | Rev: 1/99999
Epoch 2020 | Cost: 0.577637 | Acc: 75.00% (Best: 76.67% @ Ep1871) | LR: 0.000110 | Rev: 0/99999
Epoch 2021 | Cost: 0.590593 | Acc: 75.00% (Best: 76.67% @ Ep1871) | LR: 0.000120 | Rev: 1/99999
Epoch 2022 | Cost: 0.608825 | Acc: 75.56% (Best: 76.67% @ Ep1871) | LR: 0.000120 | Rev: 2/99999
Epoch 2023 | Cost: 0.588402 | Acc: 76.11% (Best: 76.67% @ Ep1871) | LR: 0.000120 | Rev: 0/99999
Epoch 2024 | Cost: 0.585147 | Acc: 75.56% (Best: 76.67% @ Ep1871) | LR: 0.000120 | Rev: 0/99999
Epoch 2025 | Cost: 0.590471 | Acc: 75.28% (Best: 76.67% @ Ep1871) | LR: 0.000120 | Rev: 1/99999
Epoch 2026 | Cost: 0.607532 | Acc: 75.28% (Best: 76.67% @ Ep1871) | LR: 0.000120 | Rev: 2/99999
Epoch 2027 | Cost: 0.581806 | Acc: 75.28% (Best: 76.67% @ Ep1871) | LR: 0.000120 | Rev: 0/99999
Epoch 2028 | Cost: 0.586177 | Acc: 75.83% (Best: 76.67% @ Ep1871) | LR: 0.000120 | Rev: 1/99999
Epoch 2029 | Cost: 0.589219 | Acc: 76.11% (Best: 76.67% @ Ep1871) | LR: 0.000120 | Rev: 2/99999
Epoch 2030 | Cost: 0.588302 | Acc: 76.39% (Best: 76.67% @ Ep1871) | LR: 0.000120 | Rev: 0/99999
Epoch 2031 | Cost: 0.604386 | Acc: 76.39% (Best: 76.67% @ Ep1871) | LR: 0.000130 | Rev: 1/99999
Epoch 2032 | Cost: 0.593444 | Acc: 75.83% (Best: 76.67% @ Ep1871) | LR: 0.000130 | Rev: 0/99999
Epoch 2033 | Cost: 0.578697 | Acc: 76.94% (Best: 76.94% @ Ep2033) | LR: 0.000010 | Rev: 0/99999
Epoch 2034 | Cost: 0.588269 | Acc: 76.67% (Best: 76.94% @ Ep2033) | LR: 0.000010 | Rev: 1/99999
Epoch 2035 | Cost: 0.568756 | Acc: 76.11% (Best: 76.94% @ Ep2033) | LR: 0.000010 | Rev: 0/99999
Epoch 2036 | Cost: 0.565279 | Acc: 76.11% (Best: 76.94% @ Ep2033) | LR: 0.000010 | Rev: 0/99999
Epoch 2037 | Cost: 0.567891 | Acc: 76.39% (Best: 76.94% @ Ep2033) | LR: 0.000010 | Rev: 1/99999
Epoch 2038 | Cost: 0.567080 | Acc: 75.28% (Best: 76.94% @ Ep2033) | LR: 0.000010 | Rev: 0/99999
Epoch 2039 | Cost: 0.575678 | Acc: 75.83% (Best: 76.94% @ Ep2033) | LR: 0.000010 | Rev: 1/99999
Epoch 2040 | Cost: 0.581089 | Acc: 75.56% (Best: 76.94% @ Ep2033) | LR: 0.000010 | Rev: 2/99999
Epoch 2041 | Cost: 0.567443 | Acc: 75.83% (Best: 76.94% @ Ep2033) | LR: 0.000010 | Rev: 0/99999
Epoch 2042 | Cost: 0.577994 | Acc: 75.56% (Best: 76.94% @ Ep2033) | LR: 0.000010 | Rev: 1/99999
Epoch 2043 | Cost: 0.566281 | Acc: 75.00% (Best: 76.94% @ Ep2033) | LR: 0.000010 | Rev: 0/99999
Epoch 2044 | Cost: 0.558963 | Acc: 75.56% (Best: 76.94% @ Ep2033) | LR: 0.000010 | Rev: 0/99999
Epoch 2045 | Cost: 0.588013 | Acc: 75.83% (Best: 76.94% @ Ep2033) | LR: 0.000010 | Rev: 1/99999
Epoch 2046 | Cost: 0.576712 | Acc: 75.28% (Best: 76.94% @ Ep2033) | LR: 0.000010 | Rev: 0/99999
Epoch 2047 | Cost: 0.569446 | Acc: 75.56% (Best: 76.94% @ Ep2033) | LR: 0.000010 | Rev: 0/99999
Epoch 2048 | Cost: 0.568884 | Acc: 75.56% (Best: 76.94% @ Ep2033) | LR: 0.000010 | Rev: 0/99999
Epoch 2049 | Cost: 0.574290 | Acc: 75.83% (Best: 76.94% @ Ep2033) | LR: 0.000010 | Rev: 1/99999
Epoch 2050 | Cost: 0.569680 | Acc: 75.83% (Best: 76.94% @ Ep2033) | LR: 0.000010 | Rev: 0/99999
Epoch 2051 | Cost: 0.572932 | Acc: 75.56% (Best: 76.94% @ Ep2033) | LR: 0.000010 | Rev: 1/99999
Epoch 2052 | Cost: 0.577173 | Acc: 75.56% (Best: 76.94% @ Ep2033) | LR: 0.000010 | Rev: 2/99999
Epoch 2053 | Cost: 0.588352 | Acc: 75.00% (Best: 76.94% @ Ep2033) | LR: 0.000010 | Rev: 3/99999
Epoch 2054 | Cost: 0.576167 | Acc: 75.00% (Best: 76.94% @ Ep2033) | LR: 0.000010 | Rev: 0/99999
Epoch 2055 | Cost: 0.576652 | Acc: 75.28% (Best: 76.94% @ Ep2033) | LR: 0.000010 | Rev: 1/99999
Epoch 2056 | Cost: 0.575797 | Acc: 75.56% (Best: 76.94% @ Ep2033) | LR: 0.000010 | Rev: 0/99999
Epoch 2057 | Cost: 0.583503 | Acc: 74.72% (Best: 76.94% @ Ep2033) | LR: 0.000010 | Rev: 1/99999
Epoch 2058 | Cost: 0.577578 | Acc: 75.00% (Best: 76.94% @ Ep2033) | LR: 0.000010 | Rev: 0/99999
Epoch 2059 | Cost: 0.563006 | Acc: 75.00% (Best: 76.94% @ Ep2033) | LR: 0.000010 | Rev: 0/99999
Epoch 2060 | Cost: 0.582860 | Acc: 75.00% (Best: 76.94% @ Ep2033) | LR: 0.000010 | Rev: 1/99999
Epoch 2061 | Cost: 0.589976 | Acc: 74.72% (Best: 76.94% @ Ep2033) | LR: 0.000010 | Rev: 2/99999
Epoch 2062 | Cost: 0.590881 | Acc: 75.00% (Best: 76.94% @ Ep2033) | LR: 0.000010 | Rev: 3/99999
Epoch 2063 | Cost: 0.572430 | Acc: 75.00% (Best: 76.94% @ Ep2033) | LR: 0.000010 | Rev: 0/99999
Epoch 2064 | Cost: 0.589049 | Acc: 75.56% (Best: 76.94% @ Ep2033) | LR: 0.000010 | Rev: 1/99999
Epoch 2065 | Cost: 0.570955 | Acc: 75.56% (Best: 76.94% @ Ep2033) | LR: 0.000010 | Rev: 0/99999
Epoch 2066 | Cost: 0.557429 | Acc: 75.28% (Best: 76.94% @ Ep2033) | LR: 0.000010 | Rev: 0/99999
Epoch 2067 | Cost: 0.576720 | Acc: 75.28% (Best: 76.94% @ Ep2033) | LR: 0.000010 | Rev: 1/99999
Epoch 2068 | Cost: 0.568199 | Acc: 75.83% (Best: 76.94% @ Ep2033) | LR: 0.000010 | Rev: 0/99999
Epoch 2069 | Cost: 0.572553 | Acc: 75.83% (Best: 76.94% @ Ep2033) | LR: 0.000010 | Rev: 1/99999
Epoch 2070 | Cost: 0.580428 | Acc: 75.56% (Best: 76.94% @ Ep2033) | LR: 0.000010 | Rev: 2/99999
Epoch 2071 | Cost: 0.631183 | Acc: 75.56% (Best: 76.94% @ Ep2033) | LR: 0.000010 | Rev: 3/99999
Epoch 2072 | Cost: 0.571173 | Acc: 75.28% (Best: 76.94% @ Ep2033) | LR: 0.000010 | Rev: 0/99999
Epoch 2073 | Cost: 0.573115 | Acc: 75.00% (Best: 76.94% @ Ep2033) | LR: 0.000010 | Rev: 1/99999
Epoch 2074 | Cost: 0.573689 | Acc: 75.00% (Best: 76.94% @ Ep2033) | LR: 0.000010 | Rev: 2/99999
Epoch 2075 | Cost: 0.553294 | Acc: 76.11% (Best: 76.94% @ Ep2033) | LR: 0.000010 | Rev: 0/99999
Epoch 2076 | Cost: 0.577321 | Acc: 76.11% (Best: 76.94% @ Ep2033) | LR: 0.000010 | Rev: 1/99999
Epoch 2077 | Cost: 0.559215 | Acc: 75.56% (Best: 76.94% @ Ep2033) | LR: 0.000010 | Rev: 0/99999
Epoch 2078 | Cost: 0.574024 | Acc: 75.56% (Best: 76.94% @ Ep2033) | LR: 0.000010 | Rev: 1/99999
Epoch 2079 | Cost: 0.575701 | Acc: 75.83% (Best: 76.94% @ Ep2033) | LR: 0.000010 | Rev: 2/99999
Epoch 2080 | Cost: 0.568381 | Acc: 76.39% (Best: 76.94% @ Ep2033) | LR: 0.000010 | Rev: 0/99999
Epoch 2081 | Cost: 0.583356 | Acc: 76.39% (Best: 76.94% @ Ep2033) | LR: 0.000010 | Rev: 1/99999
Epoch 2082 | Cost: 0.562311 | Acc: 75.56% (Best: 76.94% @ Ep2033) | LR: 0.000010 | Rev: 0/99999
Epoch 2083 | Cost: 0.582684 | Acc: 76.39% (Best: 76.94% @ Ep2033) | LR: 0.000020 | Rev: 1/99999
Epoch 2084 | Cost: 0.559664 | Acc: 75.83% (Best: 76.94% @ Ep2033) | LR: 0.000020 | Rev: 0/99999
Epoch 2085 | Cost: 0.559227 | Acc: 75.56% (Best: 76.94% @ Ep2033) | LR: 0.000020 | Rev: 0/99999
Epoch 2086 | Cost: 0.568846 | Acc: 76.39% (Best: 76.94% @ Ep2033) | LR: 0.000020 | Rev: 1/99999
Epoch 2087 | Cost: 0.582735 | Acc: 75.83% (Best: 76.94% @ Ep2033) | LR: 0.000020 | Rev: 2/99999
Epoch 2088 | Cost: 0.571332 | Acc: 75.56% (Best: 76.94% @ Ep2033) | LR: 0.000020 | Rev: 0/99999
Epoch 2089 | Cost: 0.585213 | Acc: 74.72% (Best: 76.94% @ Ep2033) | LR: 0.000020 | Rev: 1/99999
Epoch 2090 | Cost: 0.579620 | Acc: 75.00% (Best: 76.94% @ Ep2033) | LR: 0.000020 | Rev: 0/99999
Epoch 2091 | Cost: 0.564236 | Acc: 76.67% (Best: 76.94% @ Ep2033) | LR: 0.000020 | Rev: 0/99999
Epoch 2092 | Cost: 0.577365 | Acc: 75.83% (Best: 76.94% @ Ep2033) | LR: 0.000020 | Rev: 1/99999
Epoch 2093 | Cost: 0.571117 | Acc: 75.28% (Best: 76.94% @ Ep2033) | LR: 0.000030 | Rev: 0/99999
Epoch 2094 | Cost: 0.584457 | Acc: 76.11% (Best: 76.94% @ Ep2033) | LR: 0.000030 | Rev: 1/99999
Epoch 2095 | Cost: 0.583284 | Acc: 74.72% (Best: 76.94% @ Ep2033) | LR: 0.000030 | Rev: 0/99999
Epoch 2096 | Cost: 0.559691 | Acc: 76.11% (Best: 76.94% @ Ep2033) | LR: 0.000030 | Rev: 0/99999
Epoch 2097 | Cost: 0.571737 | Acc: 75.56% (Best: 76.94% @ Ep2033) | LR: 0.000030 | Rev: 1/99999
Epoch 2098 | Cost: 0.557560 | Acc: 74.72% (Best: 76.94% @ Ep2033) | LR: 0.000030 | Rev: 0/99999
Epoch 2099 | Cost: 0.570983 | Acc: 75.83% (Best: 76.94% @ Ep2033) | LR: 0.000030 | Rev: 1/99999
Epoch 2100 | Cost: 0.568393 | Acc: 75.28% (Best: 76.94% @ Ep2033) | LR: 0.000030 | Rev: 0/99999
Epoch 2101 | Cost: 0.587584 | Acc: 76.11% (Best: 76.94% @ Ep2033) | LR: 0.000030 | Rev: 1/99999
Epoch 2102 | Cost: 0.604308 | Acc: 75.56% (Best: 76.94% @ Ep2033) | LR: 0.000030 | Rev: 2/99999
Epoch 2103 | Cost: 0.566562 | Acc: 75.00% (Best: 76.94% @ Ep2033) | LR: 0.000040 | Rev: 0/99999
Epoch 2104 | Cost: 0.600630 | Acc: 75.83% (Best: 76.94% @ Ep2033) | LR: 0.000040 | Rev: 1/99999
Epoch 2105 | Cost: 0.584236 | Acc: 75.56% (Best: 76.94% @ Ep2033) | LR: 0.000040 | Rev: 0/99999
Epoch 2106 | Cost: 0.586437 | Acc: 75.00% (Best: 76.94% @ Ep2033) | LR: 0.000040 | Rev: 1/99999
Epoch 2107 | Cost: 0.584745 | Acc: 75.28% (Best: 76.94% @ Ep2033) | LR: 0.000040 | Rev: 0/99999
Epoch 2108 | Cost: 0.557340 | Acc: 74.44% (Best: 76.94% @ Ep2033) | LR: 0.000040 | Rev: 0/99999
Epoch 2109 | Cost: 0.576547 | Acc: 75.83% (Best: 76.94% @ Ep2033) | LR: 0.000040 | Rev: 1/99999
Epoch 2110 | Cost: 0.575388 | Acc: 74.72% (Best: 76.94% @ Ep2033) | LR: 0.000040 | Rev: 0/99999
Epoch 2111 | Cost: 0.565282 | Acc: 75.28% (Best: 76.94% @ Ep2033) | LR: 0.000040 | Rev: 0/99999
Epoch 2112 | Cost: 0.570106 | Acc: 76.39% (Best: 76.94% @ Ep2033) | LR: 0.000040 | Rev: 1/99999
Epoch 2113 | Cost: 0.575884 | Acc: 75.00% (Best: 76.94% @ Ep2033) | LR: 0.000050 | Rev: 2/99999
Epoch 2114 | Cost: 0.569213 | Acc: 75.56% (Best: 76.94% @ Ep2033) | LR: 0.000050 | Rev: 0/99999
Epoch 2115 | Cost: 0.580248 | Acc: 75.28% (Best: 76.94% @ Ep2033) | LR: 0.000050 | Rev: 1/99999
Epoch 2116 | Cost: 0.568633 | Acc: 75.83% (Best: 76.94% @ Ep2033) | LR: 0.000050 | Rev: 0/99999
Epoch 2117 | Cost: 0.577811 | Acc: 75.83% (Best: 76.94% @ Ep2033) | LR: 0.000050 | Rev: 1/99999
Epoch 2118 | Cost: 0.566999 | Acc: 75.56% (Best: 76.94% @ Ep2033) | LR: 0.000050 | Rev: 0/99999
Epoch 2119 | Cost: 0.578946 | Acc: 75.83% (Best: 76.94% @ Ep2033) | LR: 0.000050 | Rev: 1/99999
Epoch 2120 | Cost: 0.569525 | Acc: 75.00% (Best: 76.94% @ Ep2033) | LR: 0.000050 | Rev: 0/99999
Epoch 2121 | Cost: 0.567469 | Acc: 75.56% (Best: 76.94% @ Ep2033) | LR: 0.000050 | Rev: 0/99999
Epoch 2122 | Cost: 0.574962 | Acc: 75.28% (Best: 76.94% @ Ep2033) | LR: 0.000050 | Rev: 1/99999
Epoch 2123 | Cost: 0.602220 | Acc: 75.28% (Best: 76.94% @ Ep2033) | LR: 0.000060 | Rev: 2/99999
Epoch 2124 | Cost: 0.594205 | Acc: 76.67% (Best: 76.94% @ Ep2033) | LR: 0.000060 | Rev: 0/99999
Epoch 2125 | Cost: 0.564052 | Acc: 75.83% (Best: 76.94% @ Ep2033) | LR: 0.000060 | Rev: 0/99999
Epoch 2126 | Cost: 0.584960 | Acc: 76.11% (Best: 76.94% @ Ep2033) | LR: 0.000060 | Rev: 1/99999
Epoch 2127 | Cost: 0.582989 | Acc: 75.28% (Best: 76.94% @ Ep2033) | LR: 0.000060 | Rev: 0/99999
Epoch 2128 | Cost: 0.581526 | Acc: 76.39% (Best: 76.94% @ Ep2033) | LR: 0.000060 | Rev: 0/99999
Epoch 2129 | Cost: 0.597990 | Acc: 75.56% (Best: 76.94% @ Ep2033) | LR: 0.000060 | Rev: 1/99999
Epoch 2130 | Cost: 0.572611 | Acc: 75.56% (Best: 76.94% @ Ep2033) | LR: 0.000060 | Rev: 0/99999
Epoch 2131 | Cost: 0.633609 | Acc: 75.83% (Best: 76.94% @ Ep2033) | LR: 0.000060 | Rev: 1/99999
Epoch 2132 | Cost: 0.599977 | Acc: 75.00% (Best: 76.94% @ Ep2033) | LR: 0.000060 | Rev: 0/99999
Epoch 2133 | Cost: 0.596325 | Acc: 76.39% (Best: 76.94% @ Ep2033) | LR: 0.000070 | Rev: 0/99999
Epoch 2134 | Cost: 0.590155 | Acc: 75.28% (Best: 76.94% @ Ep2033) | LR: 0.000070 | Rev: 0/99999
Epoch 2135 | Cost: 0.583403 | Acc: 75.28% (Best: 76.94% @ Ep2033) | LR: 0.000070 | Rev: 0/99999
Epoch 2136 | Cost: 0.578421 | Acc: 75.56% (Best: 76.94% @ Ep2033) | LR: 0.000070 | Rev: 0/99999
Epoch 2137 | Cost: 0.586586 | Acc: 75.83% (Best: 76.94% @ Ep2033) | LR: 0.000070 | Rev: 1/99999
Epoch 2138 | Cost: 0.585631 | Acc: 75.28% (Best: 76.94% @ Ep2033) | LR: 0.000070 | Rev: 0/99999
Epoch 2139 | Cost: 0.594575 | Acc: 75.56% (Best: 76.94% @ Ep2033) | LR: 0.000070 | Rev: 1/99999
Epoch 2140 | Cost: 0.600741 | Acc: 75.56% (Best: 76.94% @ Ep2033) | LR: 0.000070 | Rev: 2/99999
Epoch 2141 | Cost: 0.566173 | Acc: 76.67% (Best: 76.94% @ Ep2033) | LR: 0.000070 | Rev: 0/99999
Epoch 2142 | Cost: 0.585074 | Acc: 75.56% (Best: 76.94% @ Ep2033) | LR: 0.000070 | Rev: 1/99999
Epoch 2143 | Cost: 0.571485 | Acc: 75.56% (Best: 76.94% @ Ep2033) | LR: 0.000080 | Rev: 0/99999
Epoch 2144 | Cost: 0.616796 | Acc: 75.83% (Best: 76.94% @ Ep2033) | LR: 0.000080 | Rev: 1/99999
Epoch 2145 | Cost: 0.576236 | Acc: 75.56% (Best: 76.94% @ Ep2033) | LR: 0.000080 | Rev: 0/99999
Epoch 2146 | Cost: 0.573961 | Acc: 76.39% (Best: 76.94% @ Ep2033) | LR: 0.000080 | Rev: 0/99999
Epoch 2147 | Cost: 0.643580 | Acc: 75.28% (Best: 76.94% @ Ep2033) | LR: 0.000080 | Rev: 1/99999
Epoch 2148 | Cost: 0.575881 | Acc: 76.11% (Best: 76.94% @ Ep2033) | LR: 0.000080 | Rev: 0/99999
Epoch 2149 | Cost: 0.599572 | Acc: 75.00% (Best: 76.94% @ Ep2033) | LR: 0.000080 | Rev: 1/99999
Epoch 2150 | Cost: 0.582271 | Acc: 74.72% (Best: 76.94% @ Ep2033) | LR: 0.000080 | Rev: 0/99999
Epoch 2151 | Cost: 0.572228 | Acc: 75.56% (Best: 76.94% @ Ep2033) | LR: 0.000080 | Rev: 0/99999
Epoch 2152 | Cost: 0.596598 | Acc: 76.39% (Best: 76.94% @ Ep2033) | LR: 0.000080 | Rev: 1/99999
Epoch 2153 | Cost: 0.577246 | Acc: 75.56% (Best: 76.94% @ Ep2033) | LR: 0.000090 | Rev: 0/99999
Epoch 2154 | Cost: 0.589956 | Acc: 76.11% (Best: 76.94% @ Ep2033) | LR: 0.000090 | Rev: 1/99999
Epoch 2155 | Cost: 0.581064 | Acc: 76.39% (Best: 76.94% @ Ep2033) | LR: 0.000090 | Rev: 0/99999
Epoch 2156 | Cost: 0.581946 | Acc: 76.11% (Best: 76.94% @ Ep2033) | LR: 0.000090 | Rev: 1/99999
Epoch 2157 | Cost: 0.593949 | Acc: 76.67% (Best: 76.94% @ Ep2033) | LR: 0.000090 | Rev: 2/99999
Epoch 2158 | Cost: 0.590346 | Acc: 75.83% (Best: 76.94% @ Ep2033) | LR: 0.000090 | Rev: 0/99999
Epoch 2159 | Cost: 0.580513 | Acc: 74.44% (Best: 76.94% @ Ep2033) | LR: 0.000090 | Rev: 0/99999
Epoch 2160 | Cost: 0.585958 | Acc: 75.56% (Best: 76.94% @ Ep2033) | LR: 0.000090 | Rev: 1/99999
Epoch 2161 | Cost: 0.614934 | Acc: 75.83% (Best: 76.94% @ Ep2033) | LR: 0.000090 | Rev: 2/99999
Epoch 2162 | Cost: 0.604643 | Acc: 75.28% (Best: 76.94% @ Ep2033) | LR: 0.000090 | Rev: 0/99999
Epoch 2163 | Cost: 0.580354 | Acc: 74.72% (Best: 76.94% @ Ep2033) | LR: 0.000100 | Rev: 0/99999
Epoch 2164 | Cost: 0.592564 | Acc: 75.00% (Best: 76.94% @ Ep2033) | LR: 0.000100 | Rev: 1/99999
Epoch 2165 | Cost: 0.574583 | Acc: 74.44% (Best: 76.94% @ Ep2033) | LR: 0.000100 | Rev: 0/99999
Epoch 2166 | Cost: 0.588251 | Acc: 74.44% (Best: 76.94% @ Ep2033) | LR: 0.000100 | Rev: 1/99999
Epoch 2167 | Cost: 0.587012 | Acc: 75.56% (Best: 76.94% @ Ep2033) | LR: 0.000100 | Rev: 0/99999
Epoch 2168 | Cost: 0.570069 | Acc: 77.22% (Best: 77.22% @ Ep2168) | LR: 0.000010 | Rev: 0/99999
Epoch 2169 | Cost: 0.569962 | Acc: 76.39% (Best: 77.22% @ Ep2168) | LR: 0.000010 | Rev: 0/99999
Epoch 2170 | Cost: 0.554211 | Acc: 76.11% (Best: 77.22% @ Ep2168) | LR: 0.000010 | Rev: 0/99999
Epoch 2171 | Cost: 0.556218 | Acc: 76.39% (Best: 77.22% @ Ep2168) | LR: 0.000010 | Rev: 1/99999
Epoch 2172 | Cost: 0.601142 | Acc: 75.83% (Best: 77.22% @ Ep2168) | LR: 0.000010 | Rev: 2/99999
Epoch 2173 | Cost: 0.572137 | Acc: 76.11% (Best: 77.22% @ Ep2168) | LR: 0.000010 | Rev: 0/99999
Epoch 2174 | Cost: 0.552817 | Acc: 76.39% (Best: 77.22% @ Ep2168) | LR: 0.000010 | Rev: 0/99999
Epoch 2175 | Cost: 0.574363 | Acc: 75.83% (Best: 77.22% @ Ep2168) | LR: 0.000010 | Rev: 1/99999
Epoch 2176 | Cost: 0.569021 | Acc: 75.83% (Best: 77.22% @ Ep2168) | LR: 0.000010 | Rev: 0/99999
Epoch 2177 | Cost: 0.560522 | Acc: 75.00% (Best: 77.22% @ Ep2168) | LR: 0.000010 | Rev: 0/99999
Epoch 2178 | Cost: 0.568738 | Acc: 75.83% (Best: 77.22% @ Ep2168) | LR: 0.000010 | Rev: 1/99999
Epoch 2179 | Cost: 0.568496 | Acc: 76.39% (Best: 77.22% @ Ep2168) | LR: 0.000010 | Rev: 0/99999
Epoch 2180 | Cost: 0.572617 | Acc: 76.39% (Best: 77.22% @ Ep2168) | LR: 0.000010 | Rev: 1/99999
Epoch 2181 | Cost: 0.580911 | Acc: 76.11% (Best: 77.22% @ Ep2168) | LR: 0.000010 | Rev: 2/99999
Epoch 2182 | Cost: 0.593619 | Acc: 76.11% (Best: 77.22% @ Ep2168) | LR: 0.000010 | Rev: 3/99999
Epoch 2183 | Cost: 0.554339 | Acc: 75.56% (Best: 77.22% @ Ep2168) | LR: 0.000010 | Rev: 0/99999
Epoch 2184 | Cost: 0.585836 | Acc: 76.11% (Best: 77.22% @ Ep2168) | LR: 0.000010 | Rev: 1/99999
Epoch 2185 | Cost: 0.560394 | Acc: 75.83% (Best: 77.22% @ Ep2168) | LR: 0.000010 | Rev: 0/99999
Epoch 2186 | Cost: 0.547627 | Acc: 75.00% (Best: 77.22% @ Ep2168) | LR: 0.000010 | Rev: 0/99999
Epoch 2187 | Cost: 0.598436 | Acc: 75.83% (Best: 77.22% @ Ep2168) | LR: 0.000010 | Rev: 1/99999
Epoch 2188 | Cost: 0.571588 | Acc: 75.83% (Best: 77.22% @ Ep2168) | LR: 0.000010 | Rev: 0/99999
Epoch 2189 | Cost: 0.582594 | Acc: 75.56% (Best: 77.22% @ Ep2168) | LR: 0.000010 | Rev: 1/99999
Epoch 2190 | Cost: 0.566525 | Acc: 75.56% (Best: 77.22% @ Ep2168) | LR: 0.000010 | Rev: 0/99999
Epoch 2191 | Cost: 0.574650 | Acc: 75.00% (Best: 77.22% @ Ep2168) | LR: 0.000010 | Rev: 1/99999
Epoch 2192 | Cost: 0.559315 | Acc: 75.28% (Best: 77.22% @ Ep2168) | LR: 0.000010 | Rev: 0/99999
Epoch 2193 | Cost: 0.557484 | Acc: 75.56% (Best: 77.22% @ Ep2168) | LR: 0.000010 | Rev: 0/99999
Epoch 2194 | Cost: 0.565487 | Acc: 75.83% (Best: 77.22% @ Ep2168) | LR: 0.000010 | Rev: 1/99999
Epoch 2195 | Cost: 0.578003 | Acc: 75.56% (Best: 77.22% @ Ep2168) | LR: 0.000010 | Rev: 2/99999
Epoch 2196 | Cost: 0.559371 | Acc: 75.56% (Best: 77.22% @ Ep2168) | LR: 0.000010 | Rev: 0/99999
Epoch 2197 | Cost: 0.567097 | Acc: 75.56% (Best: 77.22% @ Ep2168) | LR: 0.000010 | Rev: 1/99999
Epoch 2198 | Cost: 0.555551 | Acc: 75.28% (Best: 77.22% @ Ep2168) | LR: 0.000010 | Rev: 0/99999
Epoch 2199 | Cost: 0.573342 | Acc: 75.56% (Best: 77.22% @ Ep2168) | LR: 0.000010 | Rev: 1/99999
Epoch 2200 | Cost: 0.548135 | Acc: 75.56% (Best: 77.22% @ Ep2168) | LR: 0.000010 | Rev: 0/99999
Epoch 2201 | Cost: 0.557396 | Acc: 75.00% (Best: 77.22% @ Ep2168) | LR: 0.000010 | Rev: 1/99999
Epoch 2202 | Cost: 0.552639 | Acc: 75.28% (Best: 77.22% @ Ep2168) | LR: 0.000010 | Rev: 0/99999
Epoch 2203 | Cost: 0.548403 | Acc: 75.00% (Best: 77.22% @ Ep2168) | LR: 0.000010 | Rev: 0/99999
Epoch 2204 | Cost: 0.574311 | Acc: 74.72% (Best: 77.22% @ Ep2168) | LR: 0.000010 | Rev: 1/99999
Epoch 2205 | Cost: 0.571494 | Acc: 75.28% (Best: 77.22% @ Ep2168) | LR: 0.000010 | Rev: 0/99999
Epoch 2206 | Cost: 0.571905 | Acc: 75.28% (Best: 77.22% @ Ep2168) | LR: 0.000010 | Rev: 1/99999
Epoch 2207 | Cost: 0.559178 | Acc: 75.00% (Best: 77.22% @ Ep2168) | LR: 0.000010 | Rev: 0/99999
Epoch 2208 | Cost: 0.560184 | Acc: 75.28% (Best: 77.22% @ Ep2168) | LR: 0.000010 | Rev: 1/99999
Epoch 2209 | Cost: 0.567754 | Acc: 75.00% (Best: 77.22% @ Ep2168) | LR: 0.000010 | Rev: 2/99999
Epoch 2210 | Cost: 0.550925 | Acc: 75.56% (Best: 77.22% @ Ep2168) | LR: 0.000010 | Rev: 0/99999
Epoch 2211 | Cost: 0.611241 | Acc: 75.00% (Best: 77.22% @ Ep2168) | LR: 0.000010 | Rev: 1/99999
Epoch 2212 | Cost: 0.574209 | Acc: 74.72% (Best: 77.22% @ Ep2168) | LR: 0.000010 | Rev: 0/99999
Epoch 2213 | Cost: 0.570386 | Acc: 75.00% (Best: 77.22% @ Ep2168) | LR: 0.000010 | Rev: 0/99999
Epoch 2214 | Cost: 0.574104 | Acc: 75.28% (Best: 77.22% @ Ep2168) | LR: 0.000010 | Rev: 1/99999
Epoch 2215 | Cost: 0.565628 | Acc: 75.00% (Best: 77.22% @ Ep2168) | LR: 0.000010 | Rev: 0/99999
Epoch 2216 | Cost: 0.571676 | Acc: 75.28% (Best: 77.22% @ Ep2168) | LR: 0.000010 | Rev: 1/99999
Epoch 2217 | Cost: 0.566091 | Acc: 75.00% (Best: 77.22% @ Ep2168) | LR: 0.000010 | Rev: 0/99999
Epoch 2218 | Cost: 0.571946 | Acc: 75.00% (Best: 77.22% @ Ep2168) | LR: 0.000020 | Rev: 1/99999
Epoch 2219 | Cost: 0.563093 | Acc: 75.00% (Best: 77.22% @ Ep2168) | LR: 0.000020 | Rev: 0/99999
Epoch 2220 | Cost: 0.565112 | Acc: 74.72% (Best: 77.22% @ Ep2168) | LR: 0.000020 | Rev: 1/99999
Epoch 2221 | Cost: 0.551923 | Acc: 75.28% (Best: 77.22% @ Ep2168) | LR: 0.000020 | Rev: 0/99999
Epoch 2222 | Cost: 0.553190 | Acc: 75.83% (Best: 77.22% @ Ep2168) | LR: 0.000020 | Rev: 1/99999
Epoch 2223 | Cost: 0.583266 | Acc: 74.72% (Best: 77.22% @ Ep2168) | LR: 0.000020 | Rev: 2/99999
Epoch 2224 | Cost: 0.584799 | Acc: 75.28% (Best: 77.22% @ Ep2168) | LR: 0.000020 | Rev: 3/99999
Epoch 2225 | Cost: 0.580532 | Acc: 75.00% (Best: 77.22% @ Ep2168) | LR: 0.000020 | Rev: 0/99999
Epoch 2226 | Cost: 0.564920 | Acc: 75.28% (Best: 77.22% @ Ep2168) | LR: 0.000020 | Rev: 0/99999
Epoch 2227 | Cost: 0.571112 | Acc: 75.00% (Best: 77.22% @ Ep2168) | LR: 0.000020 | Rev: 1/99999
Epoch 2228 | Cost: 0.567490 | Acc: 75.28% (Best: 77.22% @ Ep2168) | LR: 0.000030 | Rev: 0/99999
Epoch 2229 | Cost: 0.580153 | Acc: 76.11% (Best: 77.22% @ Ep2168) | LR: 0.000030 | Rev: 1/99999
Epoch 2230 | Cost: 0.579852 | Acc: 75.56% (Best: 77.22% @ Ep2168) | LR: 0.000030 | Rev: 0/99999
Epoch 2231 | Cost: 0.559261 | Acc: 75.00% (Best: 77.22% @ Ep2168) | LR: 0.000030 | Rev: 0/99999
Epoch 2232 | Cost: 0.583361 | Acc: 74.72% (Best: 77.22% @ Ep2168) | LR: 0.000030 | Rev: 1/99999
Epoch 2233 | Cost: 0.582202 | Acc: 75.00% (Best: 77.22% @ Ep2168) | LR: 0.000030 | Rev: 0/99999
Epoch 2234 | Cost: 0.567891 | Acc: 75.00% (Best: 77.22% @ Ep2168) | LR: 0.000030 | Rev: 0/99999
Epoch 2235 | Cost: 0.567905 | Acc: 75.00% (Best: 77.22% @ Ep2168) | LR: 0.000030 | Rev: 1/99999
Epoch 2236 | Cost: 0.566386 | Acc: 75.28% (Best: 77.22% @ Ep2168) | LR: 0.000030 | Rev: 0/99999
Epoch 2237 | Cost: 0.549372 | Acc: 75.28% (Best: 77.22% @ Ep2168) | LR: 0.000030 | Rev: 0/99999
Epoch 2238 | Cost: 0.574645 | Acc: 75.00% (Best: 77.22% @ Ep2168) | LR: 0.000040 | Rev: 1/99999
Epoch 2239 | Cost: 0.573363 | Acc: 75.56% (Best: 77.22% @ Ep2168) | LR: 0.000040 | Rev: 0/99999
Epoch 2240 | Cost: 0.578972 | Acc: 75.00% (Best: 77.22% @ Ep2168) | LR: 0.000040 | Rev: 1/99999
Epoch 2241 | Cost: 0.586028 | Acc: 74.72% (Best: 77.22% @ Ep2168) | LR: 0.000040 | Rev: 2/99999
Epoch 2242 | Cost: 0.562576 | Acc: 75.56% (Best: 77.22% @ Ep2168) | LR: 0.000040 | Rev: 0/99999
Epoch 2243 | Cost: 0.571454 | Acc: 74.72% (Best: 77.22% @ Ep2168) | LR: 0.000040 | Rev: 1/99999
Epoch 2244 | Cost: 0.602002 | Acc: 75.28% (Best: 77.22% @ Ep2168) | LR: 0.000040 | Rev: 2/99999
Epoch 2245 | Cost: 0.598050 | Acc: 75.00% (Best: 77.22% @ Ep2168) | LR: 0.000040 | Rev: 0/99999
Epoch 2246 | Cost: 0.581560 | Acc: 75.00% (Best: 77.22% @ Ep2168) | LR: 0.000040 | Rev: 0/99999
Epoch 2247 | Cost: 0.605093 | Acc: 75.83% (Best: 77.22% @ Ep2168) | LR: 0.000040 | Rev: 1/99999
Epoch 2248 | Cost: 0.567055 | Acc: 75.00% (Best: 77.22% @ Ep2168) | LR: 0.000050 | Rev: 0/99999
Epoch 2249 | Cost: 0.573255 | Acc: 75.56% (Best: 77.22% @ Ep2168) | LR: 0.000050 | Rev: 1/99999
Epoch 2250 | Cost: 0.566926 | Acc: 75.56% (Best: 77.22% @ Ep2168) | LR: 0.000050 | Rev: 0/99999
Epoch 2251 | Cost: 0.580187 | Acc: 75.83% (Best: 77.22% @ Ep2168) | LR: 0.000050 | Rev: 1/99999
Epoch 2252 | Cost: 0.595932 | Acc: 75.56% (Best: 77.22% @ Ep2168) | LR: 0.000050 | Rev: 2/99999
Epoch 2253 | Cost: 0.578719 | Acc: 75.56% (Best: 77.22% @ Ep2168) | LR: 0.000050 | Rev: 0/99999
Epoch 2254 | Cost: 0.582379 | Acc: 75.28% (Best: 77.22% @ Ep2168) | LR: 0.000050 | Rev: 1/99999
Epoch 2255 | Cost: 0.585316 | Acc: 75.83% (Best: 77.22% @ Ep2168) | LR: 0.000050 | Rev: 2/99999
Epoch 2256 | Cost: 0.568239 | Acc: 75.00% (Best: 77.22% @ Ep2168) | LR: 0.000050 | Rev: 0/99999
Epoch 2257 | Cost: 0.572574 | Acc: 75.28% (Best: 77.22% @ Ep2168) | LR: 0.000050 | Rev: 1/99999
Epoch 2258 | Cost: 0.602460 | Acc: 75.56% (Best: 77.22% @ Ep2168) | LR: 0.000060 | Rev: 2/99999
Epoch 2259 | Cost: 0.558647 | Acc: 76.11% (Best: 77.22% @ Ep2168) | LR: 0.000060 | Rev: 0/99999
Epoch 2260 | Cost: 0.570539 | Acc: 75.28% (Best: 77.22% @ Ep2168) | LR: 0.000060 | Rev: 1/99999
Epoch 2261 | Cost: 0.595854 | Acc: 75.83% (Best: 77.22% @ Ep2168) | LR: 0.000060 | Rev: 2/99999
Epoch 2262 | Cost: 0.595223 | Acc: 74.72% (Best: 77.22% @ Ep2168) | LR: 0.000060 | Rev: 0/99999
Epoch 2263 | Cost: 0.592131 | Acc: 75.56% (Best: 77.22% @ Ep2168) | LR: 0.000060 | Rev: 0/99999
Epoch 2264 | Cost: 0.577575 | Acc: 75.56% (Best: 77.22% @ Ep2168) | LR: 0.000060 | Rev: 0/99999
Epoch 2265 | Cost: 0.586281 | Acc: 75.56% (Best: 77.22% @ Ep2168) | LR: 0.000060 | Rev: 1/99999
Epoch 2266 | Cost: 0.581261 | Acc: 74.72% (Best: 77.22% @ Ep2168) | LR: 0.000060 | Rev: 0/99999
Epoch 2267 | Cost: 0.574556 | Acc: 75.83% (Best: 77.22% @ Ep2168) | LR: 0.000060 | Rev: 0/99999
Epoch 2268 | Cost: 0.595591 | Acc: 75.56% (Best: 77.22% @ Ep2168) | LR: 0.000070 | Rev: 1/99999
Epoch 2269 | Cost: 0.567012 | Acc: 74.44% (Best: 77.22% @ Ep2168) | LR: 0.000070 | Rev: 0/99999
Epoch 2270 | Cost: 0.585380 | Acc: 75.00% (Best: 77.22% @ Ep2168) | LR: 0.000070 | Rev: 1/99999
Epoch 2271 | Cost: 0.567612 | Acc: 75.00% (Best: 77.22% @ Ep2168) | LR: 0.000070 | Rev: 0/99999
Epoch 2272 | Cost: 0.583754 | Acc: 76.11% (Best: 77.22% @ Ep2168) | LR: 0.000070 | Rev: 1/99999
Epoch 2273 | Cost: 0.578330 | Acc: 75.83% (Best: 77.22% @ Ep2168) | LR: 0.000070 | Rev: 0/99999
Epoch 2274 | Cost: 0.558951 | Acc: 75.28% (Best: 77.22% @ Ep2168) | LR: 0.000070 | Rev: 0/99999
Epoch 2275 | Cost: 0.577292 | Acc: 76.67% (Best: 77.22% @ Ep2168) | LR: 0.000070 | Rev: 1/99999
Epoch 2276 | Cost: 0.565180 | Acc: 75.00% (Best: 77.22% @ Ep2168) | LR: 0.000070 | Rev: 0/99999
Epoch 2277 | Cost: 0.573245 | Acc: 75.00% (Best: 77.22% @ Ep2168) | LR: 0.000070 | Rev: 1/99999
Epoch 2278 | Cost: 0.589559 | Acc: 74.72% (Best: 77.22% @ Ep2168) | LR: 0.000080 | Rev: 2/99999
Epoch 2279 | Cost: 0.594846 | Acc: 75.83% (Best: 77.22% @ Ep2168) | LR: 0.000080 | Rev: 3/99999
Epoch 2280 | Cost: 0.597866 | Acc: 75.56% (Best: 77.22% @ Ep2168) | LR: 0.000080 | Rev: 4/99999
Epoch 2281 | Cost: 0.579457 | Acc: 75.56% (Best: 77.22% @ Ep2168) | LR: 0.000080 | Rev: 0/99999
Epoch 2282 | Cost: 0.576949 | Acc: 75.56% (Best: 77.22% @ Ep2168) | LR: 0.000080 | Rev: 0/99999
Epoch 2283 | Cost: 0.586878 | Acc: 75.83% (Best: 77.22% @ Ep2168) | LR: 0.000080 | Rev: 1/99999
Epoch 2284 | Cost: 0.578053 | Acc: 75.00% (Best: 77.22% @ Ep2168) | LR: 0.000080 | Rev: 0/99999
Epoch 2285 | Cost: 0.581224 | Acc: 75.56% (Best: 77.22% @ Ep2168) | LR: 0.000080 | Rev: 1/99999
Epoch 2286 | Cost: 0.590769 | Acc: 75.56% (Best: 77.22% @ Ep2168) | LR: 0.000080 | Rev: 2/99999
Epoch 2287 | Cost: 0.575511 | Acc: 75.83% (Best: 77.22% @ Ep2168) | LR: 0.000080 | Rev: 0/99999
Epoch 2288 | Cost: 0.571624 | Acc: 75.28% (Best: 77.22% @ Ep2168) | LR: 0.000090 | Rev: 0/99999
Epoch 2289 | Cost: 0.570342 | Acc: 74.44% (Best: 77.22% @ Ep2168) | LR: 0.000090 | Rev: 0/99999
Epoch 2290 | Cost: 0.581669 | Acc: 75.83% (Best: 77.22% @ Ep2168) | LR: 0.000090 | Rev: 1/99999
Epoch 2291 | Cost: 0.584448 | Acc: 75.56% (Best: 77.22% @ Ep2168) | LR: 0.000090 | Rev: 2/99999
Epoch 2292 | Cost: 0.566741 | Acc: 76.11% (Best: 77.22% @ Ep2168) | LR: 0.000090 | Rev: 0/99999
Epoch 2293 | Cost: 0.570835 | Acc: 75.28% (Best: 77.22% @ Ep2168) | LR: 0.000090 | Rev: 1/99999
Epoch 2294 | Cost: 0.570204 | Acc: 74.72% (Best: 77.22% @ Ep2168) | LR: 0.000090 | Rev: 0/99999
Epoch 2295 | Cost: 0.579794 | Acc: 75.28% (Best: 77.22% @ Ep2168) | LR: 0.000090 | Rev: 1/99999
Epoch 2296 | Cost: 0.576221 | Acc: 75.56% (Best: 77.22% @ Ep2168) | LR: 0.000090 | Rev: 0/99999
Epoch 2297 | Cost: 0.581551 | Acc: 75.28% (Best: 77.22% @ Ep2168) | LR: 0.000090 | Rev: 1/99999
Epoch 2298 | Cost: 0.587828 | Acc: 75.28% (Best: 77.22% @ Ep2168) | LR: 0.000100 | Rev: 2/99999
Epoch 2299 | Cost: 0.596664 | Acc: 75.28% (Best: 77.22% @ Ep2168) | LR: 0.000100 | Rev: 3/99999
Epoch 2300 | Cost: 0.577210 | Acc: 76.67% (Best: 77.22% @ Ep2168) | LR: 0.000100 | Rev: 0/99999
Epoch 2301 | Cost: 0.572573 | Acc: 75.00% (Best: 77.22% @ Ep2168) | LR: 0.000100 | Rev: 0/99999
Epoch 2302 | Cost: 0.565772 | Acc: 75.83% (Best: 77.22% @ Ep2168) | LR: 0.000100 | Rev: 0/99999
Epoch 2303 | Cost: 0.569651 | Acc: 74.44% (Best: 77.22% @ Ep2168) | LR: 0.000100 | Rev: 1/99999
Epoch 2304 | Cost: 0.575533 | Acc: 76.11% (Best: 77.22% @ Ep2168) | LR: 0.000100 | Rev: 2/99999
Epoch 2305 | Cost: 0.575052 | Acc: 75.56% (Best: 77.22% @ Ep2168) | LR: 0.000100 | Rev: 0/99999
Epoch 2306 | Cost: 0.567265 | Acc: 75.00% (Best: 77.22% @ Ep2168) | LR: 0.000100 | Rev: 0/99999
Epoch 2307 | Cost: 0.594406 | Acc: 75.83% (Best: 77.22% @ Ep2168) | LR: 0.000100 | Rev: 1/99999
Epoch 2308 | Cost: 0.575713 | Acc: 75.83% (Best: 77.22% @ Ep2168) | LR: 0.000110 | Rev: 0/99999
Epoch 2309 | Cost: 0.604269 | Acc: 75.28% (Best: 77.22% @ Ep2168) | LR: 0.000110 | Rev: 1/99999
Epoch 2310 | Cost: 0.601814 | Acc: 75.28% (Best: 77.22% @ Ep2168) | LR: 0.000110 | Rev: 0/99999
Epoch 2311 | Cost: 0.590293 | Acc: 75.56% (Best: 77.22% @ Ep2168) | LR: 0.000110 | Rev: 0/99999
Epoch 2312 | Cost: 0.582965 | Acc: 75.56% (Best: 77.22% @ Ep2168) | LR: 0.000110 | Rev: 0/99999
Epoch 2313 | Cost: 0.569269 | Acc: 75.00% (Best: 77.22% @ Ep2168) | LR: 0.000110 | Rev: 0/99999
Epoch 2314 | Cost: 0.580152 | Acc: 75.56% (Best: 77.22% @ Ep2168) | LR: 0.000110 | Rev: 1/99999
Epoch 2315 | Cost: 0.584102 | Acc: 75.83% (Best: 77.22% @ Ep2168) | LR: 0.000110 | Rev: 2/99999
Epoch 2316 | Cost: 0.585788 | Acc: 74.72% (Best: 77.22% @ Ep2168) | LR: 0.000110 | Rev: 3/99999
Epoch 2317 | Cost: 0.603610 | Acc: 76.11% (Best: 77.22% @ Ep2168) | LR: 0.000110 | Rev: 4/99999
Epoch 2318 | Cost: 0.568318 | Acc: 75.00% (Best: 77.22% @ Ep2168) | LR: 0.000120 | Rev: 0/99999
Epoch 2319 | Cost: 0.589168 | Acc: 76.94% (Best: 77.22% @ Ep2168) | LR: 0.000120 | Rev: 1/99999
Epoch 2320 | Cost: 0.570776 | Acc: 75.00% (Best: 77.22% @ Ep2168) | LR: 0.000120 | Rev: 0/99999
Epoch 2321 | Cost: 0.593170 | Acc: 75.83% (Best: 77.22% @ Ep2168) | LR: 0.000120 | Rev: 1/99999
Epoch 2322 | Cost: 0.575756 | Acc: 75.83% (Best: 77.22% @ Ep2168) | LR: 0.000120 | Rev: 0/99999
Epoch 2323 | Cost: 0.577439 | Acc: 75.56% (Best: 77.22% @ Ep2168) | LR: 0.000120 | Rev: 1/99999
Epoch 2324 | Cost: 0.589983 | Acc: 75.56% (Best: 77.22% @ Ep2168) | LR: 0.000120 | Rev: 2/99999
Epoch 2325 | Cost: 0.575146 | Acc: 75.00% (Best: 77.22% @ Ep2168) | LR: 0.000120 | Rev: 0/99999
Epoch 2326 | Cost: 0.592262 | Acc: 74.17% (Best: 77.22% @ Ep2168) | LR: 0.000120 | Rev: 1/99999
Epoch 2327 | Cost: 0.583820 | Acc: 76.11% (Best: 77.22% @ Ep2168) | LR: 0.000120 | Rev: 0/99999
Epoch 2328 | Cost: 0.594140 | Acc: 76.11% (Best: 77.22% @ Ep2168) | LR: 0.000130 | Rev: 1/99999
Epoch 2329 | Cost: 0.583791 | Acc: 75.28% (Best: 77.22% @ Ep2168) | LR: 0.000130 | Rev: 0/99999
Epoch 2330 | Cost: 0.594426 | Acc: 75.83% (Best: 77.22% @ Ep2168) | LR: 0.000130 | Rev: 1/99999
Epoch 2331 | Cost: 0.595695 | Acc: 76.11% (Best: 77.22% @ Ep2168) | LR: 0.000130 | Rev: 2/99999
Epoch 2332 | Cost: 0.591089 | Acc: 75.56% (Best: 77.22% @ Ep2168) | LR: 0.000130 | Rev: 0/99999
Epoch 2333 | Cost: 0.590402 | Acc: 75.56% (Best: 77.22% @ Ep2168) | LR: 0.000130 | Rev: 0/99999
Epoch 2334 | Cost: 0.571499 | Acc: 75.56% (Best: 77.22% @ Ep2168) | LR: 0.000130 | Rev: 0/99999
Epoch 2335 | Cost: 0.597976 | Acc: 73.06% (Best: 77.22% @ Ep2168) | LR: 0.000130 | Rev: 1/99999
Epoch 2336 | Cost: 0.571547 | Acc: 74.44% (Best: 77.22% @ Ep2168) | LR: 0.000130 | Rev: 0/99999
Epoch 2337 | Cost: 0.593260 | Acc: 75.00% (Best: 77.22% @ Ep2168) | LR: 0.000130 | Rev: 1/99999
Epoch 2338 | Cost: 0.588621 | Acc: 75.56% (Best: 77.22% @ Ep2168) | LR: 0.000140 | Rev: 0/99999
Epoch 2339 | Cost: 0.580652 | Acc: 75.56% (Best: 77.22% @ Ep2168) | LR: 0.000140 | Rev: 0/99999
Epoch 2340 | Cost: 0.587919 | Acc: 76.11% (Best: 77.22% @ Ep2168) | LR: 0.000140 | Rev: 1/99999
Epoch 2341 | Cost: 0.585875 | Acc: 75.28% (Best: 77.22% @ Ep2168) | LR: 0.000140 | Rev: 0/99999
Epoch 2342 | Cost: 0.585872 | Acc: 74.72% (Best: 77.22% @ Ep2168) | LR: 0.000140 | Rev: 0/99999
Epoch 2343 | Cost: 0.571420 | Acc: 74.72% (Best: 77.22% @ Ep2168) | LR: 0.000140 | Rev: 0/99999
Epoch 2344 | Cost: 0.607673 | Acc: 75.28% (Best: 77.22% @ Ep2168) | LR: 0.000140 | Rev: 1/99999
Epoch 2345 | Cost: 0.581623 | Acc: 74.72% (Best: 77.22% @ Ep2168) | LR: 0.000140 | Rev: 0/99999
Epoch 2346 | Cost: 0.588350 | Acc: 74.44% (Best: 77.22% @ Ep2168) | LR: 0.000140 | Rev: 1/99999
Epoch 2347 | Cost: 0.572548 | Acc: 74.72% (Best: 77.22% @ Ep2168) | LR: 0.000140 | Rev: 0/99999
Epoch 2348 | Cost: 0.581521 | Acc: 75.28% (Best: 77.22% @ Ep2168) | LR: 0.000150 | Rev: 1/99999
Epoch 2349 | Cost: 0.595008 | Acc: 75.00% (Best: 77.22% @ Ep2168) | LR: 0.000150 | Rev: 2/99999
Epoch 2350 | Cost: 0.591846 | Acc: 76.39% (Best: 77.22% @ Ep2168) | LR: 0.000150 | Rev: 0/99999
Epoch 2351 | Cost: 0.590036 | Acc: 75.83% (Best: 77.22% @ Ep2168) | LR: 0.000150 | Rev: 0/99999
Epoch 2352 | Cost: 0.600272 | Acc: 76.67% (Best: 77.22% @ Ep2168) | LR: 0.000150 | Rev: 1/99999
Epoch 2353 | Cost: 0.602910 | Acc: 75.83% (Best: 77.22% @ Ep2168) | LR: 0.000150 | Rev: 2/99999
Epoch 2354 | Cost: 0.582942 | Acc: 75.00% (Best: 77.22% @ Ep2168) | LR: 0.000150 | Rev: 0/99999
Epoch 2355 | Cost: 0.564774 | Acc: 76.67% (Best: 77.22% @ Ep2168) | LR: 0.000150 | Rev: 0/99999
Epoch 2356 | Cost: 0.600916 | Acc: 75.83% (Best: 77.22% @ Ep2168) | LR: 0.000150 | Rev: 1/99999
Epoch 2357 | Cost: 0.590013 | Acc: 76.94% (Best: 77.22% @ Ep2168) | LR: 0.000150 | Rev: 0/99999
Epoch 2358 | Cost: 0.588417 | Acc: 75.83% (Best: 77.22% @ Ep2168) | LR: 0.000160 | Rev: 0/99999
Epoch 2359 | Cost: 0.592133 | Acc: 76.39% (Best: 77.22% @ Ep2168) | LR: 0.000160 | Rev: 1/99999
Epoch 2360 | Cost: 0.588374 | Acc: 75.00% (Best: 77.22% @ Ep2168) | LR: 0.000160 | Rev: 0/99999
Epoch 2361 | Cost: 0.585299 | Acc: 76.39% (Best: 77.22% @ Ep2168) | LR: 0.000160 | Rev: 0/99999
Epoch 2362 | Cost: 0.602866 | Acc: 74.17% (Best: 77.22% @ Ep2168) | LR: 0.000160 | Rev: 1/99999
Epoch 2363 | Cost: 0.582408 | Acc: 75.28% (Best: 77.22% @ Ep2168) | LR: 0.000160 | Rev: 0/99999
Epoch 2364 | Cost: 0.565974 | Acc: 75.83% (Best: 77.22% @ Ep2168) | LR: 0.000160 | Rev: 0/99999
Epoch 2365 | Cost: 0.573084 | Acc: 76.94% (Best: 77.22% @ Ep2168) | LR: 0.000160 | Rev: 1/99999
Epoch 2366 | Cost: 0.600164 | Acc: 75.56% (Best: 77.22% @ Ep2168) | LR: 0.000160 | Rev: 2/99999
Epoch 2367 | Cost: 0.596605 | Acc: 75.00% (Best: 77.22% @ Ep2168) | LR: 0.000160 | Rev: 0/99999
Epoch 2368 | Cost: 0.589858 | Acc: 75.83% (Best: 77.22% @ Ep2168) | LR: 0.000170 | Rev: 0/99999
Epoch 2369 | Cost: 0.592981 | Acc: 75.00% (Best: 77.22% @ Ep2168) | LR: 0.000170 | Rev: 1/99999
Epoch 2370 | Cost: 0.599499 | Acc: 76.67% (Best: 77.22% @ Ep2168) | LR: 0.000170 | Rev: 2/99999
Epoch 2371 | Cost: 0.588317 | Acc: 75.00% (Best: 77.22% @ Ep2168) | LR: 0.000170 | Rev: 0/99999
Epoch 2372 | Cost: 0.599272 | Acc: 75.00% (Best: 77.22% @ Ep2168) | LR: 0.000170 | Rev: 1/99999
Epoch 2373 | Cost: 0.602251 | Acc: 75.28% (Best: 77.22% @ Ep2168) | LR: 0.000170 | Rev: 2/99999
Epoch 2374 | Cost: 0.602447 | Acc: 76.11% (Best: 77.22% @ Ep2168) | LR: 0.000170 | Rev: 3/99999
Epoch 2375 | Cost: 0.588921 | Acc: 76.39% (Best: 77.22% @ Ep2168) | LR: 0.000170 | Rev: 0/99999
Epoch 2376 | Cost: 0.588617 | Acc: 74.44% (Best: 77.22% @ Ep2168) | LR: 0.000170 | Rev: 0/99999
Epoch 2377 | Cost: 0.608284 | Acc: 75.56% (Best: 77.22% @ Ep2168) | LR: 0.000170 | Rev: 1/99999
Epoch 2378 | Cost: 0.587830 | Acc: 75.83% (Best: 77.22% @ Ep2168) | LR: 0.000180 | Rev: 0/99999
Epoch 2379 | Cost: 0.595538 | Acc: 75.56% (Best: 77.22% @ Ep2168) | LR: 0.000180 | Rev: 1/99999
Epoch 2380 | Cost: 0.628354 | Acc: 75.83% (Best: 77.22% @ Ep2168) | LR: 0.000180 | Rev: 2/99999
Epoch 2381 | Cost: 0.588707 | Acc: 75.28% (Best: 77.22% @ Ep2168) | LR: 0.000180 | Rev: 0/99999
Epoch 2382 | Cost: 0.573537 | Acc: 76.67% (Best: 77.22% @ Ep2168) | LR: 0.000180 | Rev: 0/99999
Epoch 2383 | Cost: 0.586998 | Acc: 75.00% (Best: 77.22% @ Ep2168) | LR: 0.000180 | Rev: 1/99999
Epoch 2384 | Cost: 0.581676 | Acc: 75.83% (Best: 77.22% @ Ep2168) | LR: 0.000180 | Rev: 0/99999
Epoch 2385 | Cost: 0.593027 | Acc: 73.89% (Best: 77.22% @ Ep2168) | LR: 0.000180 | Rev: 1/99999
Epoch 2386 | Cost: 0.609170 | Acc: 76.39% (Best: 77.22% @ Ep2168) | LR: 0.000180 | Rev: 2/99999
Epoch 2387 | Cost: 0.587284 | Acc: 75.00% (Best: 77.22% @ Ep2168) | LR: 0.000180 | Rev: 0/99999
Epoch 2388 | Cost: 0.589542 | Acc: 75.00% (Best: 77.22% @ Ep2168) | LR: 0.000190 | Rev: 1/99999
Epoch 2389 | Cost: 0.577193 | Acc: 75.83% (Best: 77.22% @ Ep2168) | LR: 0.000190 | Rev: 0/99999
Epoch 2390 | Cost: 0.583354 | Acc: 73.06% (Best: 77.22% @ Ep2168) | LR: 0.000190 | Rev: 1/99999
Epoch 2391 | Cost: 0.614165 | Acc: 76.39% (Best: 77.22% @ Ep2168) | LR: 0.000190 | Rev: 2/99999
Epoch 2392 | Cost: 0.594194 | Acc: 75.28% (Best: 77.22% @ Ep2168) | LR: 0.000190 | Rev: 0/99999
Epoch 2393 | Cost: 0.598162 | Acc: 75.00% (Best: 77.22% @ Ep2168) | LR: 0.000190 | Rev: 1/99999
Epoch 2394 | Cost: 0.579778 | Acc: 75.00% (Best: 77.22% @ Ep2168) | LR: 0.000190 | Rev: 0/99999
Epoch 2395 | Cost: 0.583508 | Acc: 72.78% (Best: 77.22% @ Ep2168) | LR: 0.000190 | Rev: 1/99999
Epoch 2396 | Cost: 0.599232 | Acc: 75.83% (Best: 77.22% @ Ep2168) | LR: 0.000190 | Rev: 2/99999
Epoch 2397 | Cost: 0.616922 | Acc: 75.83% (Best: 77.22% @ Ep2168) | LR: 0.000190 | Rev: 3/99999
Epoch 2398 | Cost: 0.583055 | Acc: 75.00% (Best: 77.22% @ Ep2168) | LR: 0.000200 | Rev: 0/99999
Epoch 2399 | Cost: 0.601109 | Acc: 77.50% (Best: 77.50% @ Ep2399) | LR: 0.000010 | Rev: 1/99999
Epoch 2400 | Cost: 0.585699 | Acc: 76.94% (Best: 77.50% @ Ep2399) | LR: 0.000010 | Rev: 0/99999
Epoch 2401 | Cost: 0.565793 | Acc: 77.22% (Best: 77.50% @ Ep2399) | LR: 0.000010 | Rev: 0/99999
Epoch 2402 | Cost: 0.547313 | Acc: 75.83% (Best: 77.50% @ Ep2399) | LR: 0.000010 | Rev: 0/99999
Epoch 2403 | Cost: 0.559288 | Acc: 75.56% (Best: 77.50% @ Ep2399) | LR: 0.000010 | Rev: 1/99999
Epoch 2404 | Cost: 0.560707 | Acc: 75.28% (Best: 77.50% @ Ep2399) | LR: 0.000010 | Rev: 2/99999
Epoch 2405 | Cost: 0.565381 | Acc: 75.00% (Best: 77.50% @ Ep2399) | LR: 0.000010 | Rev: 3/99999
Epoch 2406 | Cost: 0.558160 | Acc: 75.56% (Best: 77.50% @ Ep2399) | LR: 0.000010 | Rev: 0/99999
Epoch 2407 | Cost: 0.539867 | Acc: 75.00% (Best: 77.50% @ Ep2399) | LR: 0.000010 | Rev: 0/99999
Epoch 2408 | Cost: 0.557182 | Acc: 75.28% (Best: 77.50% @ Ep2399) | LR: 0.000010 | Rev: 1/99999
Epoch 2409 | Cost: 0.564747 | Acc: 75.28% (Best: 77.50% @ Ep2399) | LR: 0.000010 | Rev: 2/99999
Epoch 2410 | Cost: 0.577718 | Acc: 75.56% (Best: 77.50% @ Ep2399) | LR: 0.000010 | Rev: 3/99999
Epoch 2411 | Cost: 0.557184 | Acc: 75.28% (Best: 77.50% @ Ep2399) | LR: 0.000010 | Rev: 0/99999
Epoch 2412 | Cost: 0.584846 | Acc: 75.83% (Best: 77.50% @ Ep2399) | LR: 0.000010 | Rev: 1/99999
Epoch 2413 | Cost: 0.546478 | Acc: 75.28% (Best: 77.50% @ Ep2399) | LR: 0.000010 | Rev: 0/99999
Epoch 2414 | Cost: 0.561158 | Acc: 75.00% (Best: 77.50% @ Ep2399) | LR: 0.000010 | Rev: 1/99999
Epoch 2415 | Cost: 0.559696 | Acc: 75.00% (Best: 77.50% @ Ep2399) | LR: 0.000010 | Rev: 0/99999
Epoch 2416 | Cost: 0.581714 | Acc: 75.00% (Best: 77.50% @ Ep2399) | LR: 0.000010 | Rev: 1/99999
Epoch 2417 | Cost: 0.592266 | Acc: 75.28% (Best: 77.50% @ Ep2399) | LR: 0.000010 | Rev: 2/99999
Epoch 2418 | Cost: 0.572082 | Acc: 75.00% (Best: 77.50% @ Ep2399) | LR: 0.000010 | Rev: 0/99999
Epoch 2419 | Cost: 0.547550 | Acc: 75.28% (Best: 77.50% @ Ep2399) | LR: 0.000010 | Rev: 0/99999
Epoch 2420 | Cost: 0.574242 | Acc: 75.28% (Best: 77.50% @ Ep2399) | LR: 0.000010 | Rev: 1/99999
Epoch 2421 | Cost: 0.558503 | Acc: 74.72% (Best: 77.50% @ Ep2399) | LR: 0.000010 | Rev: 0/99999
Epoch 2422 | Cost: 0.588635 | Acc: 75.28% (Best: 77.50% @ Ep2399) | LR: 0.000010 | Rev: 1/99999
Epoch 2423 | Cost: 0.550210 | Acc: 74.44% (Best: 77.50% @ Ep2399) | LR: 0.000010 | Rev: 0/99999
Epoch 2424 | Cost: 0.558658 | Acc: 74.72% (Best: 77.50% @ Ep2399) | LR: 0.000010 | Rev: 1/99999
Epoch 2425 | Cost: 0.573580 | Acc: 74.44% (Best: 77.50% @ Ep2399) | LR: 0.000010 | Rev: 2/99999
Epoch 2426 | Cost: 0.553206 | Acc: 75.56% (Best: 77.50% @ Ep2399) | LR: 0.000010 | Rev: 0/99999
Epoch 2427 | Cost: 0.555317 | Acc: 75.00% (Best: 77.50% @ Ep2399) | LR: 0.000010 | Rev: 1/99999
Epoch 2428 | Cost: 0.573214 | Acc: 75.28% (Best: 77.50% @ Ep2399) | LR: 0.000010 | Rev: 2/99999
Epoch 2429 | Cost: 0.563964 | Acc: 75.28% (Best: 77.50% @ Ep2399) | LR: 0.000010 | Rev: 0/99999
Epoch 2430 | Cost: 0.549181 | Acc: 75.00% (Best: 77.50% @ Ep2399) | LR: 0.000010 | Rev: 0/99999
Epoch 2431 | Cost: 0.548167 | Acc: 75.00% (Best: 77.50% @ Ep2399) | LR: 0.000010 | Rev: 0/99999
Epoch 2432 | Cost: 0.557327 | Acc: 75.28% (Best: 77.50% @ Ep2399) | LR: 0.000010 | Rev: 1/99999
Epoch 2433 | Cost: 0.553177 | Acc: 75.56% (Best: 77.50% @ Ep2399) | LR: 0.000010 | Rev: 0/99999
Epoch 2434 | Cost: 0.556206 | Acc: 75.00% (Best: 77.50% @ Ep2399) | LR: 0.000010 | Rev: 1/99999
Epoch 2435 | Cost: 0.554184 | Acc: 75.28% (Best: 77.50% @ Ep2399) | LR: 0.000010 | Rev: 0/99999
Epoch 2436 | Cost: 0.547483 | Acc: 75.00% (Best: 77.50% @ Ep2399) | LR: 0.000010 | Rev: 0/99999
Epoch 2437 | Cost: 0.541013 | Acc: 75.28% (Best: 77.50% @ Ep2399) | LR: 0.000010 | Rev: 0/99999
Epoch 2438 | Cost: 0.561533 | Acc: 74.72% (Best: 77.50% @ Ep2399) | LR: 0.000010 | Rev: 1/99999
Epoch 2439 | Cost: 0.552091 | Acc: 75.28% (Best: 77.50% @ Ep2399) | LR: 0.000010 | Rev: 0/99999
Epoch 2440 | Cost: 0.596528 | Acc: 75.28% (Best: 77.50% @ Ep2399) | LR: 0.000010 | Rev: 1/99999
Epoch 2441 | Cost: 0.539982 | Acc: 75.28% (Best: 77.50% @ Ep2399) | LR: 0.000010 | Rev: 0/99999
Epoch 2442 | Cost: 0.544075 | Acc: 75.00% (Best: 77.50% @ Ep2399) | LR: 0.000010 | Rev: 1/99999
Epoch 2443 | Cost: 0.557379 | Acc: 75.00% (Best: 77.50% @ Ep2399) | LR: 0.000010 | Rev: 2/99999
Epoch 2444 | Cost: 0.553725 | Acc: 75.00% (Best: 77.50% @ Ep2399) | LR: 0.000010 | Rev: 0/99999
Epoch 2445 | Cost: 0.551185 | Acc: 74.72% (Best: 77.50% @ Ep2399) | LR: 0.000010 | Rev: 0/99999
Epoch 2446 | Cost: 0.557765 | Acc: 75.28% (Best: 77.50% @ Ep2399) | LR: 0.000010 | Rev: 1/99999
Epoch 2447 | Cost: 0.550226 | Acc: 74.72% (Best: 77.50% @ Ep2399) | LR: 0.000010 | Rev: 0/99999
Epoch 2448 | Cost: 0.543715 | Acc: 74.72% (Best: 77.50% @ Ep2399) | LR: 0.000010 | Rev: 0/99999
Epoch 2449 | Cost: 0.551023 | Acc: 74.72% (Best: 77.50% @ Ep2399) | LR: 0.000020 | Rev: 1/99999
Epoch 2450 | Cost: 0.567712 | Acc: 74.72% (Best: 77.50% @ Ep2399) | LR: 0.000020 | Rev: 2/99999
Epoch 2451 | Cost: 0.562678 | Acc: 74.72% (Best: 77.50% @ Ep2399) | LR: 0.000020 | Rev: 0/99999
Epoch 2452 | Cost: 0.570182 | Acc: 74.72% (Best: 77.50% @ Ep2399) | LR: 0.000020 | Rev: 1/99999
Epoch 2453 | Cost: 0.555905 | Acc: 74.44% (Best: 77.50% @ Ep2399) | LR: 0.000020 | Rev: 0/99999
Epoch 2454 | Cost: 0.550285 | Acc: 75.83% (Best: 77.50% @ Ep2399) | LR: 0.000020 | Rev: 0/99999
Epoch 2455 | Cost: 0.556911 | Acc: 75.28% (Best: 77.50% @ Ep2399) | LR: 0.000020 | Rev: 1/99999
Epoch 2456 | Cost: 0.561005 | Acc: 74.72% (Best: 77.50% @ Ep2399) | LR: 0.000020 | Rev: 2/99999
Epoch 2457 | Cost: 0.543113 | Acc: 75.00% (Best: 77.50% @ Ep2399) | LR: 0.000020 | Rev: 0/99999
Epoch 2458 | Cost: 0.561573 | Acc: 75.56% (Best: 77.50% @ Ep2399) | LR: 0.000020 | Rev: 1/99999
Epoch 2459 | Cost: 0.534701 | Acc: 75.00% (Best: 77.50% @ Ep2399) | LR: 0.000030 | Rev: 0/99999
Epoch 2460 | Cost: 0.566177 | Acc: 74.72% (Best: 77.50% @ Ep2399) | LR: 0.000030 | Rev: 1/99999
Epoch 2461 | Cost: 0.551357 | Acc: 75.56% (Best: 77.50% @ Ep2399) | LR: 0.000030 | Rev: 0/99999
Epoch 2462 | Cost: 0.552601 | Acc: 75.00% (Best: 77.50% @ Ep2399) | LR: 0.000030 | Rev: 1/99999
Epoch 2463 | Cost: 0.589405 | Acc: 74.44% (Best: 77.50% @ Ep2399) | LR: 0.000030 | Rev: 2/99999
Epoch 2464 | Cost: 0.550504 | Acc: 75.83% (Best: 77.50% @ Ep2399) | LR: 0.000030 | Rev: 0/99999
Epoch 2465 | Cost: 0.539546 | Acc: 75.00% (Best: 77.50% @ Ep2399) | LR: 0.000030 | Rev: 0/99999
Epoch 2466 | Cost: 0.553308 | Acc: 74.72% (Best: 77.50% @ Ep2399) | LR: 0.000030 | Rev: 1/99999
Epoch 2467 | Cost: 0.550589 | Acc: 75.83% (Best: 77.50% @ Ep2399) | LR: 0.000030 | Rev: 0/99999
Epoch 2468 | Cost: 0.560837 | Acc: 75.00% (Best: 77.50% @ Ep2399) | LR: 0.000030 | Rev: 1/99999
Epoch 2469 | Cost: 0.571528 | Acc: 75.28% (Best: 77.50% @ Ep2399) | LR: 0.000040 | Rev: 2/99999
Epoch 2470 | Cost: 0.564241 | Acc: 75.56% (Best: 77.50% @ Ep2399) | LR: 0.000040 | Rev: 0/99999
Epoch 2471 | Cost: 0.558089 | Acc: 75.56% (Best: 77.50% @ Ep2399) | LR: 0.000040 | Rev: 0/99999
Epoch 2472 | Cost: 0.580324 | Acc: 75.56% (Best: 77.50% @ Ep2399) | LR: 0.000040 | Rev: 1/99999
Epoch 2473 | Cost: 0.545681 | Acc: 75.28% (Best: 77.50% @ Ep2399) | LR: 0.000040 | Rev: 0/99999
Epoch 2474 | Cost: 0.556278 | Acc: 75.28% (Best: 77.50% @ Ep2399) | LR: 0.000040 | Rev: 1/99999
Epoch 2475 | Cost: 0.564374 | Acc: 75.56% (Best: 77.50% @ Ep2399) | LR: 0.000040 | Rev: 2/99999
Epoch 2476 | Cost: 0.554923 | Acc: 75.56% (Best: 77.50% @ Ep2399) | LR: 0.000040 | Rev: 0/99999
Epoch 2477 | Cost: 0.555306 | Acc: 75.56% (Best: 77.50% @ Ep2399) | LR: 0.000040 | Rev: 1/99999
Epoch 2478 | Cost: 0.564014 | Acc: 74.44% (Best: 77.50% @ Ep2399) | LR: 0.000040 | Rev: 2/99999
Epoch 2479 | Cost: 0.551675 | Acc: 75.56% (Best: 77.50% @ Ep2399) | LR: 0.000050 | Rev: 0/99999
Epoch 2480 | Cost: 0.562805 | Acc: 75.28% (Best: 77.50% @ Ep2399) | LR: 0.000050 | Rev: 1/99999
Epoch 2481 | Cost: 0.559960 | Acc: 75.56% (Best: 77.50% @ Ep2399) | LR: 0.000050 | Rev: 0/99999
Epoch 2482 | Cost: 0.561636 | Acc: 75.00% (Best: 77.50% @ Ep2399) | LR: 0.000050 | Rev: 1/99999
Epoch 2483 | Cost: 0.565860 | Acc: 75.28% (Best: 77.50% @ Ep2399) | LR: 0.000050 | Rev: 2/99999
Epoch 2484 | Cost: 0.562450 | Acc: 75.00% (Best: 77.50% @ Ep2399) | LR: 0.000050 | Rev: 0/99999
Epoch 2485 | Cost: 0.562452 | Acc: 74.72% (Best: 77.50% @ Ep2399) | LR: 0.000050 | Rev: 1/99999
Epoch 2486 | Cost: 0.564007 | Acc: 75.28% (Best: 77.50% @ Ep2399) | LR: 0.000050 | Rev: 2/99999
Epoch 2487 | Cost: 0.556022 | Acc: 75.28% (Best: 77.50% @ Ep2399) | LR: 0.000050 | Rev: 0/99999
Epoch 2488 | Cost: 0.543124 | Acc: 76.39% (Best: 77.50% @ Ep2399) | LR: 0.000050 | Rev: 0/99999
Epoch 2489 | Cost: 0.553489 | Acc: 74.44% (Best: 77.50% @ Ep2399) | LR: 0.000060 | Rev: 1/99999
Epoch 2490 | Cost: 0.553135 | Acc: 75.28% (Best: 77.50% @ Ep2399) | LR: 0.000060 | Rev: 0/99999
Epoch 2491 | Cost: 0.574087 | Acc: 76.11% (Best: 77.50% @ Ep2399) | LR: 0.000060 | Rev: 1/99999
Epoch 2492 | Cost: 0.548415 | Acc: 75.56% (Best: 77.50% @ Ep2399) | LR: 0.000060 | Rev: 0/99999
Epoch 2493 | Cost: 0.582026 | Acc: 75.83% (Best: 77.50% @ Ep2399) | LR: 0.000060 | Rev: 1/99999
Epoch 2494 | Cost: 0.545544 | Acc: 75.00% (Best: 77.50% @ Ep2399) | LR: 0.000060 | Rev: 0/99999
Epoch 2495 | Cost: 0.570552 | Acc: 76.11% (Best: 77.50% @ Ep2399) | LR: 0.000060 | Rev: 1/99999
Epoch 2496 | Cost: 0.571823 | Acc: 75.83% (Best: 77.50% @ Ep2399) | LR: 0.000060 | Rev: 2/99999
Epoch 2497 | Cost: 0.552545 | Acc: 76.39% (Best: 77.50% @ Ep2399) | LR: 0.000060 | Rev: 0/99999
Epoch 2498 | Cost: 0.553442 | Acc: 75.56% (Best: 77.50% @ Ep2399) | LR: 0.000060 | Rev: 1/99999
Epoch 2499 | Cost: 0.557721 | Acc: 74.72% (Best: 77.50% @ Ep2399) | LR: 0.000070 | Rev: 2/99999
Epoch 2500 | Cost: 0.568126 | Acc: 75.83% (Best: 77.50% @ Ep2399) | LR: 0.000070 | Rev: 3/99999
Epoch 2501 | Cost: 0.564281 | Acc: 76.11% (Best: 77.50% @ Ep2399) | LR: 0.000070 | Rev: 0/99999
Epoch 2502 | Cost: 0.563104 | Acc: 76.11% (Best: 77.50% @ Ep2399) | LR: 0.000070 | Rev: 0/99999
Epoch 2503 | Cost: 0.564648 | Acc: 75.00% (Best: 77.50% @ Ep2399) | LR: 0.000070 | Rev: 1/99999
Epoch 2504 | Cost: 0.572300 | Acc: 75.83% (Best: 77.50% @ Ep2399) | LR: 0.000070 | Rev: 2/99999
Epoch 2505 | Cost: 0.562594 | Acc: 75.83% (Best: 77.50% @ Ep2399) | LR: 0.000070 | Rev: 0/99999
Epoch 2506 | Cost: 0.560040 | Acc: 74.72% (Best: 77.50% @ Ep2399) | LR: 0.000070 | Rev: 0/99999
Epoch 2507 | Cost: 0.563771 | Acc: 75.56% (Best: 77.50% @ Ep2399) | LR: 0.000070 | Rev: 1/99999
Epoch 2508 | Cost: 0.611341 | Acc: 75.56% (Best: 77.50% @ Ep2399) | LR: 0.000070 | Rev: 2/99999
Epoch 2509 | Cost: 0.570495 | Acc: 74.72% (Best: 77.50% @ Ep2399) | LR: 0.000080 | Rev: 0/99999
Epoch 2510 | Cost: 0.582929 | Acc: 76.11% (Best: 77.50% @ Ep2399) | LR: 0.000080 | Rev: 1/99999
Epoch 2511 | Cost: 0.557157 | Acc: 75.28% (Best: 77.50% @ Ep2399) | LR: 0.000080 | Rev: 0/99999
Epoch 2512 | Cost: 0.561933 | Acc: 76.39% (Best: 77.50% @ Ep2399) | LR: 0.000080 | Rev: 1/99999
Epoch 2513 | Cost: 0.551151 | Acc: 75.28% (Best: 77.50% @ Ep2399) | LR: 0.000080 | Rev: 0/99999
Epoch 2514 | Cost: 0.573445 | Acc: 75.00% (Best: 77.50% @ Ep2399) | LR: 0.000080 | Rev: 1/99999
Epoch 2515 | Cost: 0.558757 | Acc: 75.56% (Best: 77.50% @ Ep2399) | LR: 0.000080 | Rev: 0/99999
Epoch 2516 | Cost: 0.560059 | Acc: 75.56% (Best: 77.50% @ Ep2399) | LR: 0.000080 | Rev: 1/99999
Epoch 2517 | Cost: 0.570451 | Acc: 75.28% (Best: 77.50% @ Ep2399) | LR: 0.000080 | Rev: 2/99999
Epoch 2518 | Cost: 0.571480 | Acc: 75.28% (Best: 77.50% @ Ep2399) | LR: 0.000080 | Rev: 3/99999
Epoch 2519 | Cost: 0.616087 | Acc: 75.83% (Best: 77.50% @ Ep2399) | LR: 0.000090 | Rev: 4/99999
Epoch 2520 | Cost: 0.561504 | Acc: 75.83% (Best: 77.50% @ Ep2399) | LR: 0.000090 | Rev: 0/99999
Epoch 2521 | Cost: 0.551476 | Acc: 75.56% (Best: 77.50% @ Ep2399) | LR: 0.000090 | Rev: 0/99999
Epoch 2522 | Cost: 0.565060 | Acc: 75.56% (Best: 77.50% @ Ep2399) | LR: 0.000090 | Rev: 1/99999
Epoch 2523 | Cost: 0.578384 | Acc: 76.11% (Best: 77.50% @ Ep2399) | LR: 0.000090 | Rev: 2/99999
Epoch 2524 | Cost: 0.585584 | Acc: 76.11% (Best: 77.50% @ Ep2399) | LR: 0.000090 | Rev: 3/99999
Epoch 2525 | Cost: 0.582298 | Acc: 75.00% (Best: 77.50% @ Ep2399) | LR: 0.000090 | Rev: 0/99999
Epoch 2526 | Cost: 0.570658 | Acc: 76.11% (Best: 77.50% @ Ep2399) | LR: 0.000090 | Rev: 0/99999
Epoch 2527 | Cost: 0.558832 | Acc: 75.56% (Best: 77.50% @ Ep2399) | LR: 0.000090 | Rev: 0/99999
Epoch 2528 | Cost: 0.577797 | Acc: 74.72% (Best: 77.50% @ Ep2399) | LR: 0.000090 | Rev: 1/99999
Epoch 2529 | Cost: 0.593275 | Acc: 76.11% (Best: 77.50% @ Ep2399) | LR: 0.000100 | Rev: 2/99999
Epoch 2530 | Cost: 0.573513 | Acc: 75.83% (Best: 77.50% @ Ep2399) | LR: 0.000100 | Rev: 0/99999
Epoch 2531 | Cost: 0.581241 | Acc: 75.56% (Best: 77.50% @ Ep2399) | LR: 0.000100 | Rev: 1/99999
Epoch 2532 | Cost: 0.582289 | Acc: 76.39% (Best: 77.50% @ Ep2399) | LR: 0.000100 | Rev: 2/99999
Epoch 2533 | Cost: 0.580768 | Acc: 76.11% (Best: 77.50% @ Ep2399) | LR: 0.000100 | Rev: 0/99999
Epoch 2534 | Cost: 0.571112 | Acc: 75.00% (Best: 77.50% @ Ep2399) | LR: 0.000100 | Rev: 0/99999
Epoch 2535 | Cost: 0.584924 | Acc: 76.39% (Best: 77.50% @ Ep2399) | LR: 0.000100 | Rev: 1/99999
Epoch 2536 | Cost: 0.573696 | Acc: 75.56% (Best: 77.50% @ Ep2399) | LR: 0.000100 | Rev: 0/99999
Epoch 2537 | Cost: 0.574404 | Acc: 75.56% (Best: 77.50% @ Ep2399) | LR: 0.000100 | Rev: 1/99999
Epoch 2538 | Cost: 0.571087 | Acc: 76.67% (Best: 77.50% @ Ep2399) | LR: 0.000100 | Rev: 0/99999
Epoch 2539 | Cost: 0.566573 | Acc: 75.28% (Best: 77.50% @ Ep2399) | LR: 0.000110 | Rev: 0/99999
Epoch 2540 | Cost: 0.566078 | Acc: 76.39% (Best: 77.50% @ Ep2399) | LR: 0.000110 | Rev: 0/99999
Epoch 2541 | Cost: 0.564008 | Acc: 76.39% (Best: 77.50% @ Ep2399) | LR: 0.000110 | Rev: 0/99999
Epoch 2542 | Cost: 0.575455 | Acc: 75.56% (Best: 77.50% @ Ep2399) | LR: 0.000110 | Rev: 1/99999
Epoch 2543 | Cost: 0.563398 | Acc: 75.83% (Best: 77.50% @ Ep2399) | LR: 0.000110 | Rev: 0/99999
Epoch 2544 | Cost: 0.611123 | Acc: 74.72% (Best: 77.50% @ Ep2399) | LR: 0.000110 | Rev: 1/99999
Epoch 2545 | Cost: 0.578196 | Acc: 75.83% (Best: 77.50% @ Ep2399) | LR: 0.000110 | Rev: 0/99999
Epoch 2546 | Cost: 0.563086 | Acc: 76.11% (Best: 77.50% @ Ep2399) | LR: 0.000110 | Rev: 0/99999
Epoch 2547 | Cost: 0.582087 | Acc: 76.11% (Best: 77.50% @ Ep2399) | LR: 0.000110 | Rev: 1/99999
Epoch 2548 | Cost: 0.607674 | Acc: 75.56% (Best: 77.50% @ Ep2399) | LR: 0.000110 | Rev: 2/99999
Epoch 2549 | Cost: 0.590864 | Acc: 75.56% (Best: 77.50% @ Ep2399) | LR: 0.000120 | Rev: 0/99999
Epoch 2550 | Cost: 0.586972 | Acc: 76.39% (Best: 77.50% @ Ep2399) | LR: 0.000120 | Rev: 0/99999
Epoch 2551 | Cost: 0.566174 | Acc: 76.67% (Best: 77.50% @ Ep2399) | LR: 0.000120 | Rev: 0/99999
Epoch 2552 | Cost: 0.568862 | Acc: 74.72% (Best: 77.50% @ Ep2399) | LR: 0.000120 | Rev: 1/99999
Epoch 2553 | Cost: 0.618254 | Acc: 75.83% (Best: 77.50% @ Ep2399) | LR: 0.000120 | Rev: 2/99999
Epoch 2554 | Cost: 0.570535 | Acc: 75.83% (Best: 77.50% @ Ep2399) | LR: 0.000120 | Rev: 0/99999
Epoch 2555 | Cost: 0.574969 | Acc: 75.28% (Best: 77.50% @ Ep2399) | LR: 0.000120 | Rev: 1/99999
Epoch 2556 | Cost: 0.582504 | Acc: 75.00% (Best: 77.50% @ Ep2399) | LR: 0.000120 | Rev: 2/99999
Epoch 2557 | Cost: 0.562267 | Acc: 75.83% (Best: 77.50% @ Ep2399) | LR: 0.000120 | Rev: 0/99999
Epoch 2558 | Cost: 0.576018 | Acc: 75.56% (Best: 77.50% @ Ep2399) | LR: 0.000120 | Rev: 1/99999
Epoch 2559 | Cost: 0.593622 | Acc: 76.11% (Best: 77.50% @ Ep2399) | LR: 0.000130 | Rev: 2/99999
Epoch 2560 | Cost: 0.562120 | Acc: 76.11% (Best: 77.50% @ Ep2399) | LR: 0.000130 | Rev: 0/99999
Epoch 2561 | Cost: 0.589125 | Acc: 76.94% (Best: 77.50% @ Ep2399) | LR: 0.000130 | Rev: 1/99999
Epoch 2562 | Cost: 0.574583 | Acc: 74.72% (Best: 77.50% @ Ep2399) | LR: 0.000130 | Rev: 0/99999
Epoch 2563 | Cost: 0.591783 | Acc: 75.00% (Best: 77.50% @ Ep2399) | LR: 0.000130 | Rev: 1/99999
Epoch 2564 | Cost: 0.569255 | Acc: 76.94% (Best: 77.50% @ Ep2399) | LR: 0.000130 | Rev: 0/99999
Epoch 2565 | Cost: 0.580290 | Acc: 76.67% (Best: 77.50% @ Ep2399) | LR: 0.000130 | Rev: 1/99999
Epoch 2566 | Cost: 0.567769 | Acc: 75.00% (Best: 77.50% @ Ep2399) | LR: 0.000130 | Rev: 0/99999
Epoch 2567 | Cost: 0.570272 | Acc: 76.39% (Best: 77.50% @ Ep2399) | LR: 0.000130 | Rev: 1/99999
Epoch 2568 | Cost: 0.569759 | Acc: 75.83% (Best: 77.50% @ Ep2399) | LR: 0.000130 | Rev: 0/99999
Epoch 2569 | Cost: 0.584687 | Acc: 74.72% (Best: 77.50% @ Ep2399) | LR: 0.000140 | Rev: 1/99999
Epoch 2570 | Cost: 0.575243 | Acc: 75.83% (Best: 77.50% @ Ep2399) | LR: 0.000140 | Rev: 0/99999
Epoch 2571 | Cost: 0.588419 | Acc: 75.83% (Best: 77.50% @ Ep2399) | LR: 0.000140 | Rev: 1/99999
Epoch 2572 | Cost: 0.585419 | Acc: 76.39% (Best: 77.50% @ Ep2399) | LR: 0.000140 | Rev: 0/99999
Epoch 2573 | Cost: 0.564076 | Acc: 75.83% (Best: 77.50% @ Ep2399) | LR: 0.000140 | Rev: 0/99999
Epoch 2574 | Cost: 0.571034 | Acc: 73.89% (Best: 77.50% @ Ep2399) | LR: 0.000140 | Rev: 1/99999
Epoch 2575 | Cost: 0.567492 | Acc: 75.00% (Best: 77.50% @ Ep2399) | LR: 0.000140 | Rev: 0/99999
Epoch 2576 | Cost: 0.571250 | Acc: 75.28% (Best: 77.50% @ Ep2399) | LR: 0.000140 | Rev: 1/99999
Epoch 2577 | Cost: 0.569032 | Acc: 75.83% (Best: 77.50% @ Ep2399) | LR: 0.000140 | Rev: 0/99999
Epoch 2578 | Cost: 0.576789 | Acc: 75.56% (Best: 77.50% @ Ep2399) | LR: 0.000140 | Rev: 1/99999
Epoch 2579 | Cost: 0.596811 | Acc: 76.94% (Best: 77.50% @ Ep2399) | LR: 0.000150 | Rev: 2/99999
Epoch 2580 | Cost: 0.596531 | Acc: 75.56% (Best: 77.50% @ Ep2399) | LR: 0.000150 | Rev: 0/99999
Epoch 2581 | Cost: 0.583637 | Acc: 75.83% (Best: 77.50% @ Ep2399) | LR: 0.000150 | Rev: 0/99999
Epoch 2582 | Cost: 0.567244 | Acc: 74.72% (Best: 77.50% @ Ep2399) | LR: 0.000150 | Rev: 0/99999
Epoch 2583 | Cost: 0.591521 | Acc: 76.39% (Best: 77.50% @ Ep2399) | LR: 0.000150 | Rev: 1/99999
Epoch 2584 | Cost: 0.567797 | Acc: 74.72% (Best: 77.50% @ Ep2399) | LR: 0.000150 | Rev: 0/99999
Epoch 2585 | Cost: 0.593572 | Acc: 76.67% (Best: 77.50% @ Ep2399) | LR: 0.000150 | Rev: 1/99999
Epoch 2586 | Cost: 0.577204 | Acc: 75.56% (Best: 77.50% @ Ep2399) | LR: 0.000150 | Rev: 0/99999
Epoch 2587 | Cost: 0.581663 | Acc: 76.11% (Best: 77.50% @ Ep2399) | LR: 0.000150 | Rev: 1/99999
Epoch 2588 | Cost: 0.592574 | Acc: 75.00% (Best: 77.50% @ Ep2399) | LR: 0.000150 | Rev: 2/99999
Epoch 2589 | Cost: 0.565204 | Acc: 75.28% (Best: 77.50% @ Ep2399) | LR: 0.000160 | Rev: 0/99999
Epoch 2590 | Cost: 0.574987 | Acc: 75.28% (Best: 77.50% @ Ep2399) | LR: 0.000160 | Rev: 1/99999
Epoch 2591 | Cost: 0.602618 | Acc: 75.56% (Best: 77.50% @ Ep2399) | LR: 0.000160 | Rev: 2/99999
Epoch 2592 | Cost: 0.599582 | Acc: 76.11% (Best: 77.50% @ Ep2399) | LR: 0.000160 | Rev: 0/99999
Epoch 2593 | Cost: 0.584700 | Acc: 75.56% (Best: 77.50% @ Ep2399) | LR: 0.000160 | Rev: 0/99999
Epoch 2594 | Cost: 0.566447 | Acc: 76.11% (Best: 77.50% @ Ep2399) | LR: 0.000160 | Rev: 0/99999
Epoch 2595 | Cost: 0.581896 | Acc: 76.94% (Best: 77.50% @ Ep2399) | LR: 0.000160 | Rev: 1/99999
Epoch 2596 | Cost: 0.572918 | Acc: 76.39% (Best: 77.50% @ Ep2399) | LR: 0.000160 | Rev: 0/99999
Epoch 2597 | Cost: 0.559383 | Acc: 75.28% (Best: 77.50% @ Ep2399) | LR: 0.000160 | Rev: 0/99999
Epoch 2598 | Cost: 0.579175 | Acc: 75.28% (Best: 77.50% @ Ep2399) | LR: 0.000160 | Rev: 1/99999
Epoch 2599 | Cost: 0.575504 | Acc: 76.11% (Best: 77.50% @ Ep2399) | LR: 0.000170 | Rev: 0/99999
Epoch 2600 | Cost: 0.569451 | Acc: 75.00% (Best: 77.50% @ Ep2399) | LR: 0.000170 | Rev: 0/99999
Epoch 2601 | Cost: 0.580465 | Acc: 75.56% (Best: 77.50% @ Ep2399) | LR: 0.000170 | Rev: 1/99999
Epoch 2602 | Cost: 0.596788 | Acc: 75.00% (Best: 77.50% @ Ep2399) | LR: 0.000170 | Rev: 2/99999
Epoch 2603 | Cost: 0.590973 | Acc: 74.44% (Best: 77.50% @ Ep2399) | LR: 0.000170 | Rev: 0/99999
Epoch 2604 | Cost: 0.614287 | Acc: 76.39% (Best: 77.50% @ Ep2399) | LR: 0.000170 | Rev: 1/99999
Epoch 2605 | Cost: 0.572134 | Acc: 76.11% (Best: 77.50% @ Ep2399) | LR: 0.000170 | Rev: 0/99999
Epoch 2606 | Cost: 0.561256 | Acc: 76.39% (Best: 77.50% @ Ep2399) | LR: 0.000170 | Rev: 0/99999
Epoch 2607 | Cost: 0.575129 | Acc: 74.72% (Best: 77.50% @ Ep2399) | LR: 0.000170 | Rev: 1/99999
Epoch 2608 | Cost: 0.577591 | Acc: 75.00% (Best: 77.50% @ Ep2399) | LR: 0.000170 | Rev: 2/99999
Epoch 2609 | Cost: 0.592081 | Acc: 75.83% (Best: 77.50% @ Ep2399) | LR: 0.000180 | Rev: 3/99999
Epoch 2610 | Cost: 0.569985 | Acc: 75.28% (Best: 77.50% @ Ep2399) | LR: 0.000180 | Rev: 0/99999
Epoch 2611 | Cost: 0.587439 | Acc: 73.89% (Best: 77.50% @ Ep2399) | LR: 0.000180 | Rev: 1/99999
Epoch 2612 | Cost: 0.605077 | Acc: 75.28% (Best: 77.50% @ Ep2399) | LR: 0.000180 | Rev: 2/99999
Epoch 2613 | Cost: 0.591720 | Acc: 75.00% (Best: 77.50% @ Ep2399) | LR: 0.000180 | Rev: 0/99999
Epoch 2614 | Cost: 0.560897 | Acc: 73.61% (Best: 77.50% @ Ep2399) | LR: 0.000180 | Rev: 0/99999
Epoch 2615 | Cost: 0.589789 | Acc: 75.83% (Best: 77.50% @ Ep2399) | LR: 0.000180 | Rev: 1/99999
Epoch 2616 | Cost: 0.578490 | Acc: 75.56% (Best: 77.50% @ Ep2399) | LR: 0.000180 | Rev: 0/99999
Epoch 2617 | Cost: 0.571152 | Acc: 75.83% (Best: 77.50% @ Ep2399) | LR: 0.000180 | Rev: 0/99999
Epoch 2618 | Cost: 0.592467 | Acc: 76.11% (Best: 77.50% @ Ep2399) | LR: 0.000180 | Rev: 1/99999
Epoch 2619 | Cost: 0.556173 | Acc: 75.83% (Best: 77.50% @ Ep2399) | LR: 0.000190 | Rev: 0/99999
Epoch 2620 | Cost: 0.566400 | Acc: 75.28% (Best: 77.50% @ Ep2399) | LR: 0.000190 | Rev: 1/99999
Epoch 2621 | Cost: 0.573119 | Acc: 75.00% (Best: 77.50% @ Ep2399) | LR: 0.000190 | Rev: 2/99999
Epoch 2622 | Cost: 0.576918 | Acc: 76.11% (Best: 77.50% @ Ep2399) | LR: 0.000190 | Rev: 3/99999
Epoch 2623 | Cost: 0.585149 | Acc: 75.00% (Best: 77.50% @ Ep2399) | LR: 0.000190 | Rev: 4/99999
Epoch 2624 | Cost: 0.593519 | Acc: 74.72% (Best: 77.50% @ Ep2399) | LR: 0.000190 | Rev: 5/99999
Epoch 2625 | Cost: 0.570735 | Acc: 74.17% (Best: 77.50% @ Ep2399) | LR: 0.000190 | Rev: 0/99999
Epoch 2626 | Cost: 0.566718 | Acc: 75.83% (Best: 77.50% @ Ep2399) | LR: 0.000190 | Rev: 0/99999
Epoch 2627 | Cost: 0.571699 | Acc: 74.44% (Best: 77.50% @ Ep2399) | LR: 0.000190 | Rev: 1/99999
Epoch 2628 | Cost: 0.586564 | Acc: 75.83% (Best: 77.50% @ Ep2399) | LR: 0.000190 | Rev: 2/99999
Epoch 2629 | Cost: 0.588949 | Acc: 75.56% (Best: 77.50% @ Ep2399) | LR: 0.000200 | Rev: 3/99999
Epoch 2630 | Cost: 0.594157 | Acc: 75.56% (Best: 77.50% @ Ep2399) | LR: 0.000200 | Rev: 4/99999
Epoch 2631 | Cost: 0.591550 | Acc: 74.44% (Best: 77.50% @ Ep2399) | LR: 0.000200 | Rev: 0/99999
Epoch 2632 | Cost: 0.584073 | Acc: 75.28% (Best: 77.50% @ Ep2399) | LR: 0.000200 | Rev: 0/99999
Epoch 2633 | Cost: 0.580443 | Acc: 75.00% (Best: 77.50% @ Ep2399) | LR: 0.000200 | Rev: 0/99999
Epoch 2634 | Cost: 0.578028 | Acc: 75.56% (Best: 77.50% @ Ep2399) | LR: 0.000200 | Rev: 0/99999
Epoch 2635 | Cost: 0.575771 | Acc: 75.28% (Best: 77.50% @ Ep2399) | LR: 0.000200 | Rev: 0/99999
Epoch 2636 | Cost: 0.586945 | Acc: 75.00% (Best: 77.50% @ Ep2399) | LR: 0.000200 | Rev: 1/99999
Epoch 2637 | Cost: 0.591420 | Acc: 75.83% (Best: 77.50% @ Ep2399) | LR: 0.000200 | Rev: 2/99999
Epoch 2638 | Cost: 0.603342 | Acc: 76.39% (Best: 77.50% @ Ep2399) | LR: 0.000200 | Rev: 3/99999
Epoch 2639 | Cost: 0.562276 | Acc: 76.11% (Best: 77.50% @ Ep2399) | LR: 0.000210 | Rev: 0/99999
Epoch 2640 | Cost: 0.590645 | Acc: 76.11% (Best: 77.50% @ Ep2399) | LR: 0.000210 | Rev: 1/99999
Epoch 2641 | Cost: 0.581521 | Acc: 74.44% (Best: 77.50% @ Ep2399) | LR: 0.000210 | Rev: 0/99999
Epoch 2642 | Cost: 0.620739 | Acc: 73.89% (Best: 77.50% @ Ep2399) | LR: 0.000210 | Rev: 1/99999
Epoch 2643 | Cost: 0.596415 | Acc: 74.44% (Best: 77.50% @ Ep2399) | LR: 0.000210 | Rev: 0/99999
Epoch 2644 | Cost: 0.596998 | Acc: 74.44% (Best: 77.50% @ Ep2399) | LR: 0.000210 | Rev: 1/99999
Epoch 2645 | Cost: 0.598132 | Acc: 75.83% (Best: 77.50% @ Ep2399) | LR: 0.000210 | Rev: 2/99999
Epoch 2646 | Cost: 0.590431 | Acc: 74.72% (Best: 77.50% @ Ep2399) | LR: 0.000210 | Rev: 0/99999
Epoch 2647 | Cost: 0.577655 | Acc: 76.39% (Best: 77.50% @ Ep2399) | LR: 0.000210 | Rev: 0/99999
Epoch 2648 | Cost: 0.599908 | Acc: 75.28% (Best: 77.50% @ Ep2399) | LR: 0.000210 | Rev: 1/99999
Epoch 2649 | Cost: 0.561908 | Acc: 75.83% (Best: 77.50% @ Ep2399) | LR: 0.000220 | Rev: 0/99999
Epoch 2650 | Cost: 0.563396 | Acc: 76.39% (Best: 77.50% @ Ep2399) | LR: 0.000220 | Rev: 1/99999
Epoch 2651 | Cost: 0.578386 | Acc: 75.83% (Best: 77.50% @ Ep2399) | LR: 0.000220 | Rev: 2/99999
Epoch 2652 | Cost: 0.579524 | Acc: 76.11% (Best: 77.50% @ Ep2399) | LR: 0.000220 | Rev: 3/99999
Epoch 2653 | Cost: 0.579461 | Acc: 75.00% (Best: 77.50% @ Ep2399) | LR: 0.000220 | Rev: 0/99999
Epoch 2654 | Cost: 0.601474 | Acc: 75.28% (Best: 77.50% @ Ep2399) | LR: 0.000220 | Rev: 1/99999
Epoch 2655 | Cost: 0.579388 | Acc: 76.94% (Best: 77.50% @ Ep2399) | LR: 0.000220 | Rev: 0/99999
Epoch 2656 | Cost: 0.578411 | Acc: 75.56% (Best: 77.50% @ Ep2399) | LR: 0.000220 | Rev: 0/99999
Epoch 2657 | Cost: 0.577280 | Acc: 75.83% (Best: 77.50% @ Ep2399) | LR: 0.000220 | Rev: 0/99999
Epoch 2658 | Cost: 0.588522 | Acc: 76.94% (Best: 77.50% @ Ep2399) | LR: 0.000220 | Rev: 1/99999
Epoch 2659 | Cost: 0.568550 | Acc: 75.56% (Best: 77.50% @ Ep2399) | LR: 0.000230 | Rev: 0/99999
Epoch 2660 | Cost: 0.635400 | Acc: 75.28% (Best: 77.50% @ Ep2399) | LR: 0.000230 | Rev: 1/99999
Epoch 2661 | Cost: 0.623591 | Acc: 76.11% (Best: 77.50% @ Ep2399) | LR: 0.000230 | Rev: 0/99999
Epoch 2662 | Cost: 0.576062 | Acc: 73.33% (Best: 77.50% @ Ep2399) | LR: 0.000230 | Rev: 0/99999
Epoch 2663 | Cost: 0.578874 | Acc: 76.11% (Best: 77.50% @ Ep2399) | LR: 0.000230 | Rev: 1/99999
Epoch 2664 | Cost: 0.570492 | Acc: 75.56% (Best: 77.50% @ Ep2399) | LR: 0.000230 | Rev: 0/99999
Epoch 2665 | Cost: 0.590804 | Acc: 76.11% (Best: 77.50% @ Ep2399) | LR: 0.000230 | Rev: 1/99999
Epoch 2666 | Cost: 0.563100 | Acc: 75.28% (Best: 77.50% @ Ep2399) | LR: 0.000230 | Rev: 0/99999
Epoch 2667 | Cost: 0.600622 | Acc: 76.67% (Best: 77.50% @ Ep2399) | LR: 0.000230 | Rev: 1/99999
Epoch 2668 | Cost: 0.572981 | Acc: 75.28% (Best: 77.50% @ Ep2399) | LR: 0.000230 | Rev: 0/99999
Epoch 2669 | Cost: 0.552787 | Acc: 75.00% (Best: 77.50% @ Ep2399) | LR: 0.000240 | Rev: 0/99999
Epoch 2670 | Cost: 0.566612 | Acc: 75.28% (Best: 77.50% @ Ep2399) | LR: 0.000240 | Rev: 1/99999
Epoch 2671 | Cost: 0.571187 | Acc: 74.17% (Best: 77.50% @ Ep2399) | LR: 0.000240 | Rev: 2/99999
Epoch 2672 | Cost: 0.575367 | Acc: 76.94% (Best: 77.50% @ Ep2399) | LR: 0.000240 | Rev: 3/99999
Epoch 2673 | Cost: 0.587493 | Acc: 75.00% (Best: 77.50% @ Ep2399) | LR: 0.000240 | Rev: 4/99999
Epoch 2674 | Cost: 0.576699 | Acc: 74.72% (Best: 77.50% @ Ep2399) | LR: 0.000240 | Rev: 0/99999
Epoch 2675 | Cost: 0.606598 | Acc: 76.11% (Best: 77.50% @ Ep2399) | LR: 0.000240 | Rev: 1/99999
Epoch 2676 | Cost: 0.573529 | Acc: 75.00% (Best: 77.50% @ Ep2399) | LR: 0.000240 | Rev: 0/99999
Epoch 2677 | Cost: 0.603197 | Acc: 75.56% (Best: 77.50% @ Ep2399) | LR: 0.000240 | Rev: 1/99999
Epoch 2678 | Cost: 0.570222 | Acc: 75.00% (Best: 77.50% @ Ep2399) | LR: 0.000240 | Rev: 0/99999
Epoch 2679 | Cost: 0.547094 | Acc: 76.11% (Best: 77.50% @ Ep2399) | LR: 0.000250 | Rev: 0/99999
Epoch 2680 | Cost: 0.556495 | Acc: 76.67% (Best: 77.50% @ Ep2399) | LR: 0.000250 | Rev: 1/99999
Epoch 2681 | Cost: 0.574585 | Acc: 74.72% (Best: 77.50% @ Ep2399) | LR: 0.000250 | Rev: 2/99999
Epoch 2682 | Cost: 0.586067 | Acc: 74.44% (Best: 77.50% @ Ep2399) | LR: 0.000250 | Rev: 3/99999
Epoch 2683 | Cost: 0.581752 | Acc: 75.00% (Best: 77.50% @ Ep2399) | LR: 0.000250 | Rev: 0/99999
Epoch 2684 | Cost: 0.615819 | Acc: 72.22% (Best: 77.50% @ Ep2399) | LR: 0.000250 | Rev: 1/99999
Epoch 2685 | Cost: 0.575994 | Acc: 76.39% (Best: 77.50% @ Ep2399) | LR: 0.000250 | Rev: 0/99999
Epoch 2686 | Cost: 0.582925 | Acc: 75.83% (Best: 77.50% @ Ep2399) | LR: 0.000250 | Rev: 1/99999
Epoch 2687 | Cost: 0.585784 | Acc: 76.11% (Best: 77.50% @ Ep2399) | LR: 0.000250 | Rev: 2/99999
Epoch 2688 | Cost: 0.583271 | Acc: 76.11% (Best: 77.50% @ Ep2399) | LR: 0.000250 | Rev: 0/99999
Epoch 2689 | Cost: 0.587162 | Acc: 76.39% (Best: 77.50% @ Ep2399) | LR: 0.000260 | Rev: 1/99999
Epoch 2690 | Cost: 0.593251 | Acc: 75.83% (Best: 77.50% @ Ep2399) | LR: 0.000260 | Rev: 2/99999
Epoch 2691 | Cost: 0.571307 | Acc: 73.61% (Best: 77.50% @ Ep2399) | LR: 0.000260 | Rev: 0/99999
Epoch 2692 | Cost: 0.580083 | Acc: 75.83% (Best: 77.50% @ Ep2399) | LR: 0.000260 | Rev: 1/99999
Epoch 2693 | Cost: 0.572473 | Acc: 75.00% (Best: 77.50% @ Ep2399) | LR: 0.000260 | Rev: 0/99999
Epoch 2694 | Cost: 0.576503 | Acc: 75.56% (Best: 77.50% @ Ep2399) | LR: 0.000260 | Rev: 1/99999
Epoch 2695 | Cost: 0.610017 | Acc: 76.11% (Best: 77.50% @ Ep2399) | LR: 0.000260 | Rev: 2/99999
Epoch 2696 | Cost: 0.584275 | Acc: 75.56% (Best: 77.50% @ Ep2399) | LR: 0.000260 | Rev: 0/99999
Epoch 2697 | Cost: 0.586310 | Acc: 75.00% (Best: 77.50% @ Ep2399) | LR: 0.000260 | Rev: 1/99999
Epoch 2698 | Cost: 0.622891 | Acc: 75.00% (Best: 77.50% @ Ep2399) | LR: 0.000260 | Rev: 2/99999
Epoch 2699 | Cost: 0.581052 | Acc: 74.72% (Best: 77.50% @ Ep2399) | LR: 0.000270 | Rev: 0/99999
Epoch 2700 | Cost: 0.591977 | Acc: 74.17% (Best: 77.50% @ Ep2399) | LR: 0.000270 | Rev: 1/99999
Epoch 2701 | Cost: 0.565458 | Acc: 74.72% (Best: 77.50% @ Ep2399) | LR: 0.000270 | Rev: 0/99999
Epoch 2702 | Cost: 0.590489 | Acc: 76.39% (Best: 77.50% @ Ep2399) | LR: 0.000270 | Rev: 1/99999
Epoch 2703 | Cost: 0.561327 | Acc: 74.17% (Best: 77.50% @ Ep2399) | LR: 0.000270 | Rev: 0/99999
Epoch 2704 | Cost: 0.583930 | Acc: 74.72% (Best: 77.50% @ Ep2399) | LR: 0.000270 | Rev: 1/99999
Epoch 2705 | Cost: 0.555879 | Acc: 75.00% (Best: 77.50% @ Ep2399) | LR: 0.000270 | Rev: 0/99999
Epoch 2706 | Cost: 0.575471 | Acc: 75.28% (Best: 77.50% @ Ep2399) | LR: 0.000270 | Rev: 1/99999
Epoch 2707 | Cost: 0.584547 | Acc: 75.83% (Best: 77.50% @ Ep2399) | LR: 0.000270 | Rev: 2/99999
Epoch 2708 | Cost: 0.569706 | Acc: 77.50% (Best: 77.50% @ Ep2399) | LR: 0.000270 | Rev: 0/99999
Epoch 2709 | Cost: 0.574115 | Acc: 76.67% (Best: 77.50% @ Ep2399) | LR: 0.000280 | Rev: 1/99999
Epoch 2710 | Cost: 0.578865 | Acc: 75.28% (Best: 77.50% @ Ep2399) | LR: 0.000280 | Rev: 2/99999
Epoch 2711 | Cost: 0.572560 | Acc: 75.83% (Best: 77.50% @ Ep2399) | LR: 0.000280 | Rev: 0/99999
Epoch 2712 | Cost: 0.579906 | Acc: 74.17% (Best: 77.50% @ Ep2399) | LR: 0.000280 | Rev: 1/99999
Epoch 2713 | Cost: 0.574643 | Acc: 75.56% (Best: 77.50% @ Ep2399) | LR: 0.000280 | Rev: 0/99999
Epoch 2714 | Cost: 0.556936 | Acc: 75.83% (Best: 77.50% @ Ep2399) | LR: 0.000280 | Rev: 0/99999
Epoch 2715 | Cost: 0.573692 | Acc: 76.39% (Best: 77.50% @ Ep2399) | LR: 0.000280 | Rev: 1/99999
Epoch 2716 | Cost: 0.599388 | Acc: 74.72% (Best: 77.50% @ Ep2399) | LR: 0.000280 | Rev: 2/99999
Epoch 2717 | Cost: 0.588367 | Acc: 75.00% (Best: 77.50% @ Ep2399) | LR: 0.000280 | Rev: 0/99999
Epoch 2718 | Cost: 0.585361 | Acc: 76.67% (Best: 77.50% @ Ep2399) | LR: 0.000280 | Rev: 0/99999
Epoch 2719 | Cost: 0.601955 | Acc: 75.83% (Best: 77.50% @ Ep2399) | LR: 0.000290 | Rev: 1/99999
Epoch 2720 | Cost: 0.666703 | Acc: 75.00% (Best: 77.50% @ Ep2399) | LR: 0.000290 | Rev: 2/99999
Epoch 2721 | Cost: 0.617887 | Acc: 76.11% (Best: 77.50% @ Ep2399) | LR: 0.000290 | Rev: 0/99999
Epoch 2722 | Cost: 0.585796 | Acc: 75.83% (Best: 77.50% @ Ep2399) | LR: 0.000290 | Rev: 0/99999
Epoch 2723 | Cost: 0.573363 | Acc: 75.28% (Best: 77.50% @ Ep2399) | LR: 0.000290 | Rev: 0/99999
Epoch 2724 | Cost: 0.578789 | Acc: 75.83% (Best: 77.50% @ Ep2399) | LR: 0.000290 | Rev: 1/99999
Epoch 2725 | Cost: 0.571127 | Acc: 76.67% (Best: 77.50% @ Ep2399) | LR: 0.000290 | Rev: 0/99999
Epoch 2726 | Cost: 0.584153 | Acc: 75.83% (Best: 77.50% @ Ep2399) | LR: 0.000290 | Rev: 1/99999
Epoch 2727 | Cost: 0.586817 | Acc: 75.56% (Best: 77.50% @ Ep2399) | LR: 0.000290 | Rev: 2/99999
Epoch 2728 | Cost: 0.590019 | Acc: 74.44% (Best: 77.50% @ Ep2399) | LR: 0.000290 | Rev: 3/99999
Epoch 2729 | Cost: 0.569111 | Acc: 75.83% (Best: 77.50% @ Ep2399) | LR: 0.000300 | Rev: 0/99999
Epoch 2730 | Cost: 0.597700 | Acc: 74.44% (Best: 77.50% @ Ep2399) | LR: 0.000300 | Rev: 1/99999
Epoch 2731 | Cost: 0.594590 | Acc: 75.56% (Best: 77.50% @ Ep2399) | LR: 0.000300 | Rev: 0/99999
Epoch 2732 | Cost: 0.574906 | Acc: 75.83% (Best: 77.50% @ Ep2399) | LR: 0.000300 | Rev: 0/99999
Epoch 2733 | Cost: 0.580189 | Acc: 73.33% (Best: 77.50% @ Ep2399) | LR: 0.000300 | Rev: 1/99999
Epoch 2734 | Cost: 0.581342 | Acc: 76.94% (Best: 77.50% @ Ep2399) | LR: 0.000300 | Rev: 2/99999
Epoch 2735 | Cost: 0.584339 | Acc: 75.83% (Best: 77.50% @ Ep2399) | LR: 0.000300 | Rev: 3/99999
Epoch 2736 | Cost: 0.622700 | Acc: 74.17% (Best: 77.50% @ Ep2399) | LR: 0.000300 | Rev: 4/99999
Epoch 2737 | Cost: 0.587304 | Acc: 75.28% (Best: 77.50% @ Ep2399) | LR: 0.000300 | Rev: 0/99999
Epoch 2738 | Cost: 0.585395 | Acc: 73.89% (Best: 77.50% @ Ep2399) | LR: 0.000300 | Rev: 0/99999
Epoch 2739 | Cost: 0.585659 | Acc: 73.89% (Best: 77.50% @ Ep2399) | LR: 0.000300 | Rev: 1/99999
Epoch 2740 | Cost: 0.597718 | Acc: 75.00% (Best: 77.50% @ Ep2399) | LR: 0.000300 | Rev: 2/99999
Epoch 2741 | Cost: 0.580274 | Acc: 73.89% (Best: 77.50% @ Ep2399) | LR: 0.000300 | Rev: 0/99999
Epoch 2742 | Cost: 0.600475 | Acc: 75.28% (Best: 77.50% @ Ep2399) | LR: 0.000300 | Rev: 1/99999
Epoch 2743 | Cost: 0.571315 | Acc: 74.17% (Best: 77.50% @ Ep2399) | LR: 0.000300 | Rev: 0/99999
Epoch 2744 | Cost: 0.580604 | Acc: 75.83% (Best: 77.50% @ Ep2399) | LR: 0.000300 | Rev: 1/99999
Epoch 2745 | Cost: 0.595172 | Acc: 73.89% (Best: 77.50% @ Ep2399) | LR: 0.000300 | Rev: 2/99999
Epoch 2746 | Cost: 0.582563 | Acc: 75.56% (Best: 77.50% @ Ep2399) | LR: 0.000300 | Rev: 0/99999
Epoch 2747 | Cost: 0.605240 | Acc: 75.00% (Best: 77.50% @ Ep2399) | LR: 0.000300 | Rev: 1/99999
Epoch 2748 | Cost: 0.601952 | Acc: 75.00% (Best: 77.50% @ Ep2399) | LR: 0.000300 | Rev: 0/99999
Epoch 2749 | Cost: 0.577595 | Acc: 73.33% (Best: 77.50% @ Ep2399) | LR: 0.000300 | Rev: 0/99999
Epoch 2750 | Cost: 0.570163 | Acc: 74.17% (Best: 77.50% @ Ep2399) | LR: 0.000300 | Rev: 0/99999
Epoch 2751 | Cost: 0.598822 | Acc: 75.28% (Best: 77.50% @ Ep2399) | LR: 0.000300 | Rev: 1/99999
Epoch 2752 | Cost: 0.599984 | Acc: 77.22% (Best: 77.50% @ Ep2399) | LR: 0.000300 | Rev: 2/99999
Epoch 2753 | Cost: 0.572555 | Acc: 76.94% (Best: 77.50% @ Ep2399) | LR: 0.000300 | Rev: 0/99999
Epoch 2754 | Cost: 0.595840 | Acc: 76.39% (Best: 77.50% @ Ep2399) | LR: 0.000300 | Rev: 1/99999
Epoch 2755 | Cost: 0.582469 | Acc: 75.28% (Best: 77.50% @ Ep2399) | LR: 0.000300 | Rev: 0/99999
Epoch 2756 | Cost: 0.565897 | Acc: 75.83% (Best: 77.50% @ Ep2399) | LR: 0.000300 | Rev: 0/99999
Epoch 2757 | Cost: 0.575172 | Acc: 76.94% (Best: 77.50% @ Ep2399) | LR: 0.000300 | Rev: 1/99999
Epoch 2758 | Cost: 0.561240 | Acc: 76.39% (Best: 77.50% @ Ep2399) | LR: 0.000300 | Rev: 0/99999
Epoch 2759 | Cost: 0.572709 | Acc: 75.28% (Best: 77.50% @ Ep2399) | LR: 0.000300 | Rev: 1/99999
Epoch 2760 | Cost: 0.570890 | Acc: 74.17% (Best: 77.50% @ Ep2399) | LR: 0.000300 | Rev: 0/99999
Epoch 2761 | Cost: 0.588894 | Acc: 75.83% (Best: 77.50% @ Ep2399) | LR: 0.000300 | Rev: 1/99999
Epoch 2762 | Cost: 0.591025 | Acc: 75.56% (Best: 77.50% @ Ep2399) | LR: 0.000300 | Rev: 2/99999
Epoch 2763 | Cost: 0.568863 | Acc: 75.83% (Best: 77.50% @ Ep2399) | LR: 0.000300 | Rev: 0/99999
Epoch 2764 | Cost: 0.548816 | Acc: 75.83% (Best: 77.50% @ Ep2399) | LR: 0.000300 | Rev: 0/99999
Epoch 2765 | Cost: 0.549738 | Acc: 74.72% (Best: 77.50% @ Ep2399) | LR: 0.000300 | Rev: 1/99999
Epoch 2766 | Cost: 0.561178 | Acc: 76.39% (Best: 77.50% @ Ep2399) | LR: 0.000300 | Rev: 2/99999
Epoch 2767 | Cost: 0.565289 | Acc: 74.44% (Best: 77.50% @ Ep2399) | LR: 0.000300 | Rev: 3/99999
Epoch 2768 | Cost: 0.569449 | Acc: 72.50% (Best: 77.50% @ Ep2399) | LR: 0.000300 | Rev: 4/99999
Epoch 2769 | Cost: 0.577438 | Acc: 75.83% (Best: 77.50% @ Ep2399) | LR: 0.000300 | Rev: 5/99999
Epoch 2770 | Cost: 0.557361 | Acc: 76.11% (Best: 77.50% @ Ep2399) | LR: 0.000300 | Rev: 0/99999
Epoch 2771 | Cost: 0.561208 | Acc: 75.56% (Best: 77.50% @ Ep2399) | LR: 0.000300 | Rev: 1/99999
Epoch 2772 | Cost: 0.560005 | Acc: 74.72% (Best: 77.50% @ Ep2399) | LR: 0.000300 | Rev: 0/99999
Epoch 2773 | Cost: 0.598476 | Acc: 74.17% (Best: 77.50% @ Ep2399) | LR: 0.000300 | Rev: 1/99999
Epoch 2774 | Cost: 0.590539 | Acc: 75.83% (Best: 77.50% @ Ep2399) | LR: 0.000300 | Rev: 0/99999
Epoch 2775 | Cost: 0.568781 | Acc: 76.11% (Best: 77.50% @ Ep2399) | LR: 0.000300 | Rev: 0/99999
Epoch 2776 | Cost: 0.582257 | Acc: 75.00% (Best: 77.50% @ Ep2399) | LR: 0.000300 | Rev: 1/99999
Epoch 2777 | Cost: 0.577511 | Acc: 73.61% (Best: 77.50% @ Ep2399) | LR: 0.000300 | Rev: 0/99999
Epoch 2778 | Cost: 0.591400 | Acc: 75.00% (Best: 77.50% @ Ep2399) | LR: 0.000300 | Rev: 1/99999
Epoch 2779 | Cost: 0.591041 | Acc: 72.78% (Best: 77.50% @ Ep2399) | LR: 0.000300 | Rev: 0/99999
Epoch 2780 | Cost: 0.610031 | Acc: 75.00% (Best: 77.50% @ Ep2399) | LR: 0.000300 | Rev: 1/99999
Epoch 2781 | Cost: 0.563102 | Acc: 75.00% (Best: 77.50% @ Ep2399) | LR: 0.000300 | Rev: 0/99999
Epoch 2782 | Cost: 0.543719 | Acc: 71.94% (Best: 77.50% @ Ep2399) | LR: 0.000300 | Rev: 0/99999
Epoch 2783 | Cost: 0.579447 | Acc: 76.94% (Best: 77.50% @ Ep2399) | LR: 0.000300 | Rev: 1/99999
Epoch 2784 | Cost: 0.566114 | Acc: 76.11% (Best: 77.50% @ Ep2399) | LR: 0.000300 | Rev: 0/99999
Epoch 2785 | Cost: 0.567331 | Acc: 75.56% (Best: 77.50% @ Ep2399) | LR: 0.000300 | Rev: 1/99999
Epoch 2786 | Cost: 0.569249 | Acc: 75.28% (Best: 77.50% @ Ep2399) | LR: 0.000300 | Rev: 2/99999
Epoch 2787 | Cost: 0.555354 | Acc: 74.17% (Best: 77.50% @ Ep2399) | LR: 0.000300 | Rev: 0/99999
Epoch 2788 | Cost: 0.563923 | Acc: 76.94% (Best: 77.50% @ Ep2399) | LR: 0.000300 | Rev: 1/99999
Epoch 2789 | Cost: 0.553264 | Acc: 74.44% (Best: 77.50% @ Ep2399) | LR: 0.000300 | Rev: 0/99999
Epoch 2790 | Cost: 0.546347 | Acc: 76.11% (Best: 77.50% @ Ep2399) | LR: 0.000300 | Rev: 0/99999
Epoch 2791 | Cost: 0.560084 | Acc: 74.72% (Best: 77.50% @ Ep2399) | LR: 0.000300 | Rev: 1/99999
Epoch 2792 | Cost: 0.566619 | Acc: 76.11% (Best: 77.50% @ Ep2399) | LR: 0.000300 | Rev: 2/99999
Epoch 2793 | Cost: 0.567240 | Acc: 75.28% (Best: 77.50% @ Ep2399) | LR: 0.000300 | Rev: 3/99999
Epoch 2794 | Cost: 0.578721 | Acc: 76.39% (Best: 77.50% @ Ep2399) | LR: 0.000300 | Rev: 4/99999
Epoch 2795 | Cost: 0.571544 | Acc: 76.94% (Best: 77.50% @ Ep2399) | LR: 0.000300 | Rev: 0/99999
Epoch 2796 | Cost: 0.547501 | Acc: 77.22% (Best: 77.50% @ Ep2399) | LR: 0.000300 | Rev: 0/99999
Epoch 2797 | Cost: 0.564025 | Acc: 76.11% (Best: 77.50% @ Ep2399) | LR: 0.000300 | Rev: 1/99999
Epoch 2798 | Cost: 0.546445 | Acc: 74.72% (Best: 77.50% @ Ep2399) | LR: 0.000300 | Rev: 0/99999
Epoch 2799 | Cost: 0.557953 | Acc: 76.11% (Best: 77.50% @ Ep2399) | LR: 0.000300 | Rev: 1/99999
Epoch 2800 | Cost: 0.547815 | Acc: 76.39% (Best: 77.50% @ Ep2399) | LR: 0.000300 | Rev: 0/99999
Epoch 2801 | Cost: 0.555666 | Acc: 74.17% (Best: 77.50% @ Ep2399) | LR: 0.000300 | Rev: 1/99999
Epoch 2802 | Cost: 0.549275 | Acc: 75.56% (Best: 77.50% @ Ep2399) | LR: 0.000300 | Rev: 0/99999
Epoch 2803 | Cost: 0.577204 | Acc: 76.67% (Best: 77.50% @ Ep2399) | LR: 0.000300 | Rev: 1/99999
Epoch 2804 | Cost: 0.551052 | Acc: 75.56% (Best: 77.50% @ Ep2399) | LR: 0.000300 | Rev: 0/99999
Epoch 2805 | Cost: 0.535717 | Acc: 75.28% (Best: 77.50% @ Ep2399) | LR: 0.000300 | Rev: 0/99999
Epoch 2806 | Cost: 0.536506 | Acc: 76.11% (Best: 77.50% @ Ep2399) | LR: 0.000300 | Rev: 1/99999
Epoch 2807 | Cost: 0.528201 | Acc: 75.28% (Best: 77.50% @ Ep2399) | LR: 0.000300 | Rev: 0/99999
Epoch 2808 | Cost: 0.544262 | Acc: 75.28% (Best: 77.50% @ Ep2399) | LR: 0.000300 | Rev: 1/99999
Epoch 2809 | Cost: 0.553898 | Acc: 75.56% (Best: 77.50% @ Ep2399) | LR: 0.000300 | Rev: 2/99999
Epoch 2810 | Cost: 0.580306 | Acc: 75.28% (Best: 77.50% @ Ep2399) | LR: 0.000300 | Rev: 3/99999
Epoch 2811 | Cost: 0.557615 | Acc: 75.28% (Best: 77.50% @ Ep2399) | LR: 0.000300 | Rev: 0/99999
Epoch 2812 | Cost: 0.545000 | Acc: 75.83% (Best: 77.50% @ Ep2399) | LR: 0.000300 | Rev: 0/99999
Epoch 2813 | Cost: 0.586915 | Acc: 76.11% (Best: 77.50% @ Ep2399) | LR: 0.000300 | Rev: 1/99999
Epoch 2814 | Cost: 0.571124 | Acc: 74.44% (Best: 77.50% @ Ep2399) | LR: 0.000300 | Rev: 0/99999
Epoch 2815 | Cost: 0.551084 | Acc: 75.28% (Best: 77.50% @ Ep2399) | LR: 0.000300 | Rev: 0/99999
Epoch 2816 | Cost: 0.550089 | Acc: 75.56% (Best: 77.50% @ Ep2399) | LR: 0.000300 | Rev: 0/99999
Epoch 2817 | Cost: 0.550644 | Acc: 74.17% (Best: 77.50% @ Ep2399) | LR: 0.000300 | Rev: 1/99999
Epoch 2818 | Cost: 0.572856 | Acc: 78.89% (Best: 78.89% @ Ep2818) | LR: 0.000010 | Rev: 2/99999
Epoch 2819 | Cost: 0.517424 | Acc: 78.33% (Best: 78.89% @ Ep2818) | LR: 0.000010 | Rev: 0/99999
Epoch 2820 | Cost: 0.512528 | Acc: 76.94% (Best: 78.89% @ Ep2818) | LR: 0.000010 | Rev: 0/99999
Epoch 2821 | Cost: 0.514926 | Acc: 76.67% (Best: 78.89% @ Ep2818) | LR: 0.000010 | Rev: 1/99999
Epoch 2822 | Cost: 0.532034 | Acc: 76.94% (Best: 78.89% @ Ep2818) | LR: 0.000010 | Rev: 2/99999
Epoch 2823 | Cost: 0.527973 | Acc: 77.22% (Best: 78.89% @ Ep2818) | LR: 0.000010 | Rev: 0/99999
Epoch 2824 | Cost: 0.523562 | Acc: 77.22% (Best: 78.89% @ Ep2818) | LR: 0.000010 | Rev: 0/99999
Epoch 2825 | Cost: 0.513180 | Acc: 77.22% (Best: 78.89% @ Ep2818) | LR: 0.000010 | Rev: 0/99999
Epoch 2826 | Cost: 0.519032 | Acc: 77.50% (Best: 78.89% @ Ep2818) | LR: 0.000010 | Rev: 1/99999
Epoch 2827 | Cost: 0.525246 | Acc: 77.22% (Best: 78.89% @ Ep2818) | LR: 0.000010 | Rev: 2/99999
Epoch 2828 | Cost: 0.510185 | Acc: 76.67% (Best: 78.89% @ Ep2818) | LR: 0.000010 | Rev: 0/99999
Epoch 2829 | Cost: 0.510427 | Acc: 76.67% (Best: 78.89% @ Ep2818) | LR: 0.000010 | Rev: 1/99999
Epoch 2830 | Cost: 0.515195 | Acc: 76.67% (Best: 78.89% @ Ep2818) | LR: 0.000010 | Rev: 2/99999
Epoch 2831 | Cost: 0.526074 | Acc: 76.67% (Best: 78.89% @ Ep2818) | LR: 0.000010 | Rev: 3/99999
Epoch 2832 | Cost: 0.523607 | Acc: 76.67% (Best: 78.89% @ Ep2818) | LR: 0.000010 | Rev: 0/99999
Epoch 2833 | Cost: 0.505961 | Acc: 76.39% (Best: 78.89% @ Ep2818) | LR: 0.000010 | Rev: 0/99999
Epoch 2834 | Cost: 0.503249 | Acc: 76.11% (Best: 78.89% @ Ep2818) | LR: 0.000010 | Rev: 0/99999
Epoch 2835 | Cost: 0.509082 | Acc: 76.11% (Best: 78.89% @ Ep2818) | LR: 0.000010 | Rev: 1/99999
Epoch 2836 | Cost: 0.546144 | Acc: 76.39% (Best: 78.89% @ Ep2818) | LR: 0.000010 | Rev: 2/99999
Epoch 2837 | Cost: 0.517555 | Acc: 76.39% (Best: 78.89% @ Ep2818) | LR: 0.000010 | Rev: 0/99999
Epoch 2838 | Cost: 0.507963 | Acc: 76.39% (Best: 78.89% @ Ep2818) | LR: 0.000010 | Rev: 0/99999
Epoch 2839 | Cost: 0.515749 | Acc: 76.11% (Best: 78.89% @ Ep2818) | LR: 0.000010 | Rev: 1/99999
Epoch 2840 | Cost: 0.517710 | Acc: 76.39% (Best: 78.89% @ Ep2818) | LR: 0.000010 | Rev: 2/99999
Epoch 2841 | Cost: 0.503285 | Acc: 76.39% (Best: 78.89% @ Ep2818) | LR: 0.000010 | Rev: 0/99999
Epoch 2842 | Cost: 0.513678 | Acc: 76.39% (Best: 78.89% @ Ep2818) | LR: 0.000010 | Rev: 1/99999
Epoch 2843 | Cost: 0.518524 | Acc: 76.11% (Best: 78.89% @ Ep2818) | LR: 0.000010 | Rev: 2/99999
Epoch 2844 | Cost: 0.536597 | Acc: 75.83% (Best: 78.89% @ Ep2818) | LR: 0.000010 | Rev: 3/99999
Epoch 2845 | Cost: 0.504510 | Acc: 76.11% (Best: 78.89% @ Ep2818) | LR: 0.000010 | Rev: 0/99999
Epoch 2846 | Cost: 0.505895 | Acc: 75.83% (Best: 78.89% @ Ep2818) | LR: 0.000010 | Rev: 1/99999
Epoch 2847 | Cost: 0.512931 | Acc: 76.11% (Best: 78.89% @ Ep2818) | LR: 0.000010 | Rev: 2/99999
Epoch 2848 | Cost: 0.528135 | Acc: 75.56% (Best: 78.89% @ Ep2818) | LR: 0.000010 | Rev: 3/99999
Epoch 2849 | Cost: 0.510692 | Acc: 76.11% (Best: 78.89% @ Ep2818) | LR: 0.000010 | Rev: 0/99999
Epoch 2850 | Cost: 0.512643 | Acc: 75.56% (Best: 78.89% @ Ep2818) | LR: 0.000010 | Rev: 1/99999
Epoch 2851 | Cost: 0.524217 | Acc: 75.83% (Best: 78.89% @ Ep2818) | LR: 0.000010 | Rev: 2/99999
Epoch 2852 | Cost: 0.510305 | Acc: 76.39% (Best: 78.89% @ Ep2818) | LR: 0.000010 | Rev: 0/99999
Epoch 2853 | Cost: 0.527519 | Acc: 76.11% (Best: 78.89% @ Ep2818) | LR: 0.000010 | Rev: 1/99999
Epoch 2854 | Cost: 0.516262 | Acc: 76.39% (Best: 78.89% @ Ep2818) | LR: 0.000010 | Rev: 0/99999
Epoch 2855 | Cost: 0.523801 | Acc: 76.39% (Best: 78.89% @ Ep2818) | LR: 0.000010 | Rev: 1/99999
Epoch 2856 | Cost: 0.520403 | Acc: 76.39% (Best: 78.89% @ Ep2818) | LR: 0.000010 | Rev: 0/99999
Epoch 2857 | Cost: 0.521710 | Acc: 76.39% (Best: 78.89% @ Ep2818) | LR: 0.000010 | Rev: 1/99999
Epoch 2858 | Cost: 0.517460 | Acc: 76.11% (Best: 78.89% @ Ep2818) | LR: 0.000010 | Rev: 0/99999
Epoch 2859 | Cost: 0.524961 | Acc: 76.39% (Best: 78.89% @ Ep2818) | LR: 0.000010 | Rev: 1/99999
Epoch 2860 | Cost: 0.520772 | Acc: 76.11% (Best: 78.89% @ Ep2818) | LR: 0.000010 | Rev: 0/99999
Epoch 2861 | Cost: 0.515130 | Acc: 75.83% (Best: 78.89% @ Ep2818) | LR: 0.000010 | Rev: 0/99999
Epoch 2862 | Cost: 0.516677 | Acc: 75.83% (Best: 78.89% @ Ep2818) | LR: 0.000010 | Rev: 1/99999
Epoch 2863 | Cost: 0.525733 | Acc: 76.11% (Best: 78.89% @ Ep2818) | LR: 0.000010 | Rev: 2/99999
Epoch 2864 | Cost: 0.525215 | Acc: 75.83% (Best: 78.89% @ Ep2818) | LR: 0.000010 | Rev: 0/99999
Epoch 2865 | Cost: 0.516935 | Acc: 75.83% (Best: 78.89% @ Ep2818) | LR: 0.000010 | Rev: 0/99999
Epoch 2866 | Cost: 0.518013 | Acc: 76.11% (Best: 78.89% @ Ep2818) | LR: 0.000010 | Rev: 1/99999
Epoch 2867 | Cost: 0.528670 | Acc: 75.83% (Best: 78.89% @ Ep2818) | LR: 0.000010 | Rev: 2/99999
Epoch 2868 | Cost: 0.518537 | Acc: 76.39% (Best: 78.89% @ Ep2818) | LR: 0.000020 | Rev: 0/99999
Epoch 2869 | Cost: 0.513371 | Acc: 76.39% (Best: 78.89% @ Ep2818) | LR: 0.000020 | Rev: 0/99999
Epoch 2870 | Cost: 0.508176 | Acc: 75.56% (Best: 78.89% @ Ep2818) | LR: 0.000020 | Rev: 0/99999
Epoch 2871 | Cost: 0.519580 | Acc: 75.83% (Best: 78.89% @ Ep2818) | LR: 0.000020 | Rev: 1/99999
Epoch 2872 | Cost: 0.516531 | Acc: 75.56% (Best: 78.89% @ Ep2818) | LR: 0.000020 | Rev: 0/99999
Epoch 2873 | Cost: 0.522772 | Acc: 75.83% (Best: 78.89% @ Ep2818) | LR: 0.000020 | Rev: 1/99999
Epoch 2874 | Cost: 0.505310 | Acc: 76.67% (Best: 78.89% @ Ep2818) | LR: 0.000020 | Rev: 0/99999
Epoch 2875 | Cost: 0.503741 | Acc: 76.11% (Best: 78.89% @ Ep2818) | LR: 0.000020 | Rev: 0/99999
Epoch 2876 | Cost: 0.530777 | Acc: 75.83% (Best: 78.89% @ Ep2818) | LR: 0.000020 | Rev: 1/99999
Epoch 2877 | Cost: 0.519178 | Acc: 76.39% (Best: 78.89% @ Ep2818) | LR: 0.000020 | Rev: 0/99999
Epoch 2878 | Cost: 0.495780 | Acc: 75.56% (Best: 78.89% @ Ep2818) | LR: 0.000030 | Rev: 0/99999
Epoch 2879 | Cost: 0.533512 | Acc: 76.11% (Best: 78.89% @ Ep2818) | LR: 0.000030 | Rev: 1/99999
Epoch 2880 | Cost: 0.504912 | Acc: 75.56% (Best: 78.89% @ Ep2818) | LR: 0.000030 | Rev: 0/99999
Epoch 2881 | Cost: 0.515672 | Acc: 76.11% (Best: 78.89% @ Ep2818) | LR: 0.000030 | Rev: 1/99999
Epoch 2882 | Cost: 0.505259 | Acc: 76.39% (Best: 78.89% @ Ep2818) | LR: 0.000030 | Rev: 0/99999
Epoch 2883 | Cost: 0.506009 | Acc: 75.28% (Best: 78.89% @ Ep2818) | LR: 0.000030 | Rev: 1/99999
Epoch 2884 | Cost: 0.510518 | Acc: 75.56% (Best: 78.89% @ Ep2818) | LR: 0.000030 | Rev: 2/99999
Epoch 2885 | Cost: 0.523769 | Acc: 76.39% (Best: 78.89% @ Ep2818) | LR: 0.000030 | Rev: 3/99999
Epoch 2886 | Cost: 0.504158 | Acc: 76.39% (Best: 78.89% @ Ep2818) | LR: 0.000030 | Rev: 0/99999
Epoch 2887 | Cost: 0.519065 | Acc: 75.56% (Best: 78.89% @ Ep2818) | LR: 0.000030 | Rev: 1/99999
Epoch 2888 | Cost: 0.514683 | Acc: 75.56% (Best: 78.89% @ Ep2818) | LR: 0.000040 | Rev: 0/99999
Epoch 2889 | Cost: 0.508634 | Acc: 75.56% (Best: 78.89% @ Ep2818) | LR: 0.000040 | Rev: 0/99999
Epoch 2890 | Cost: 0.518711 | Acc: 75.28% (Best: 78.89% @ Ep2818) | LR: 0.000040 | Rev: 1/99999
Epoch 2891 | Cost: 0.505346 | Acc: 75.56% (Best: 78.89% @ Ep2818) | LR: 0.000040 | Rev: 0/99999
Epoch 2892 | Cost: 0.521480 | Acc: 75.83% (Best: 78.89% @ Ep2818) | LR: 0.000040 | Rev: 1/99999
Epoch 2893 | Cost: 0.530194 | Acc: 75.56% (Best: 78.89% @ Ep2818) | LR: 0.000040 | Rev: 2/99999
Epoch 2894 | Cost: 0.551820 | Acc: 76.39% (Best: 78.89% @ Ep2818) | LR: 0.000040 | Rev: 3/99999
Epoch 2895 | Cost: 0.516904 | Acc: 75.83% (Best: 78.89% @ Ep2818) | LR: 0.000040 | Rev: 0/99999
Epoch 2896 | Cost: 0.511226 | Acc: 75.28% (Best: 78.89% @ Ep2818) | LR: 0.000040 | Rev: 0/99999
Epoch 2897 | Cost: 0.504849 | Acc: 75.83% (Best: 78.89% @ Ep2818) | LR: 0.000040 | Rev: 0/99999
Epoch 2898 | Cost: 0.520204 | Acc: 76.39% (Best: 78.89% @ Ep2818) | LR: 0.000050 | Rev: 1/99999
Epoch 2899 | Cost: 0.511386 | Acc: 75.56% (Best: 78.89% @ Ep2818) | LR: 0.000050 | Rev: 0/99999
Epoch 2900 | Cost: 0.507869 | Acc: 75.83% (Best: 78.89% @ Ep2818) | LR: 0.000050 | Rev: 0/99999
Epoch 2901 | Cost: 0.536600 | Acc: 75.28% (Best: 78.89% @ Ep2818) | LR: 0.000050 | Rev: 1/99999
Epoch 2902 | Cost: 0.511477 | Acc: 75.56% (Best: 78.89% @ Ep2818) | LR: 0.000050 | Rev: 0/99999
Epoch 2903 | Cost: 0.520347 | Acc: 75.00% (Best: 78.89% @ Ep2818) | LR: 0.000050 | Rev: 1/99999
Epoch 2904 | Cost: 0.500114 | Acc: 75.83% (Best: 78.89% @ Ep2818) | LR: 0.000050 | Rev: 0/99999
Epoch 2905 | Cost: 0.507396 | Acc: 75.83% (Best: 78.89% @ Ep2818) | LR: 0.000050 | Rev: 1/99999
Epoch 2906 | Cost: 0.508202 | Acc: 76.11% (Best: 78.89% @ Ep2818) | LR: 0.000050 | Rev: 2/99999
Epoch 2907 | Cost: 0.519951 | Acc: 75.83% (Best: 78.89% @ Ep2818) | LR: 0.000050 | Rev: 3/99999
Epoch 2908 | Cost: 0.520212 | Acc: 76.11% (Best: 78.89% @ Ep2818) | LR: 0.000060 | Rev: 4/99999
Epoch 2909 | Cost: 0.536496 | Acc: 76.11% (Best: 78.89% @ Ep2818) | LR: 0.000060 | Rev: 5/99999
Epoch 2910 | Cost: 0.504379 | Acc: 76.67% (Best: 78.89% @ Ep2818) | LR: 0.000060 | Rev: 0/99999
Epoch 2911 | Cost: 0.526428 | Acc: 75.28% (Best: 78.89% @ Ep2818) | LR: 0.000060 | Rev: 1/99999
Epoch 2912 | Cost: 0.525137 | Acc: 75.83% (Best: 78.89% @ Ep2818) | LR: 0.000060 | Rev: 0/99999
Epoch 2913 | Cost: 0.516566 | Acc: 76.39% (Best: 78.89% @ Ep2818) | LR: 0.000060 | Rev: 0/99999
Epoch 2914 | Cost: 0.521119 | Acc: 75.83% (Best: 78.89% @ Ep2818) | LR: 0.000060 | Rev: 1/99999
Epoch 2915 | Cost: 0.532293 | Acc: 76.67% (Best: 78.89% @ Ep2818) | LR: 0.000060 | Rev: 2/99999
Epoch 2916 | Cost: 0.518243 | Acc: 75.83% (Best: 78.89% @ Ep2818) | LR: 0.000060 | Rev: 0/99999
Epoch 2917 | Cost: 0.507911 | Acc: 76.39% (Best: 78.89% @ Ep2818) | LR: 0.000060 | Rev: 0/99999
Epoch 2918 | Cost: 0.510082 | Acc: 75.56% (Best: 78.89% @ Ep2818) | LR: 0.000070 | Rev: 1/99999
Epoch 2919 | Cost: 0.531754 | Acc: 76.11% (Best: 78.89% @ Ep2818) | LR: 0.000070 | Rev: 2/99999
Epoch 2920 | Cost: 0.516800 | Acc: 76.39% (Best: 78.89% @ Ep2818) | LR: 0.000070 | Rev: 0/99999
Epoch 2921 | Cost: 0.523657 | Acc: 76.39% (Best: 78.89% @ Ep2818) | LR: 0.000070 | Rev: 1/99999
Epoch 2922 | Cost: 0.518369 | Acc: 75.56% (Best: 78.89% @ Ep2818) | LR: 0.000070 | Rev: 0/99999
Epoch 2923 | Cost: 0.520827 | Acc: 75.83% (Best: 78.89% @ Ep2818) | LR: 0.000070 | Rev: 1/99999
Epoch 2924 | Cost: 0.517441 | Acc: 76.67% (Best: 78.89% @ Ep2818) | LR: 0.000070 | Rev: 0/99999
Epoch 2925 | Cost: 0.540566 | Acc: 76.39% (Best: 78.89% @ Ep2818) | LR: 0.000070 | Rev: 1/99999
Epoch 2926 | Cost: 0.510590 | Acc: 75.00% (Best: 78.89% @ Ep2818) | LR: 0.000070 | Rev: 0/99999
Epoch 2927 | Cost: 0.509140 | Acc: 76.11% (Best: 78.89% @ Ep2818) | LR: 0.000070 | Rev: 0/99999
Epoch 2928 | Cost: 0.512449 | Acc: 76.11% (Best: 78.89% @ Ep2818) | LR: 0.000080 | Rev: 1/99999
Epoch 2929 | Cost: 0.535097 | Acc: 75.28% (Best: 78.89% @ Ep2818) | LR: 0.000080 | Rev: 2/99999
Epoch 2930 | Cost: 0.532642 | Acc: 75.83% (Best: 78.89% @ Ep2818) | LR: 0.000080 | Rev: 0/99999
Epoch 2931 | Cost: 0.520730 | Acc: 76.39% (Best: 78.89% @ Ep2818) | LR: 0.000080 | Rev: 0/99999
Epoch 2932 | Cost: 0.513816 | Acc: 75.83% (Best: 78.89% @ Ep2818) | LR: 0.000080 | Rev: 0/99999
Epoch 2933 | Cost: 0.523593 | Acc: 76.94% (Best: 78.89% @ Ep2818) | LR: 0.000080 | Rev: 1/99999
Epoch 2934 | Cost: 0.514630 | Acc: 76.11% (Best: 78.89% @ Ep2818) | LR: 0.000080 | Rev: 0/99999
Epoch 2935 | Cost: 0.514359 | Acc: 74.72% (Best: 78.89% @ Ep2818) | LR: 0.000080 | Rev: 0/99999
Epoch 2936 | Cost: 0.518130 | Acc: 76.39% (Best: 78.89% @ Ep2818) | LR: 0.000080 | Rev: 1/99999
Epoch 2937 | Cost: 0.527508 | Acc: 76.39% (Best: 78.89% @ Ep2818) | LR: 0.000080 | Rev: 2/99999
Epoch 2938 | Cost: 0.502015 | Acc: 76.11% (Best: 78.89% @ Ep2818) | LR: 0.000090 | Rev: 0/99999
Epoch 2939 | Cost: 0.520687 | Acc: 75.28% (Best: 78.89% @ Ep2818) | LR: 0.000090 | Rev: 1/99999
Epoch 2940 | Cost: 0.529652 | Acc: 76.67% (Best: 78.89% @ Ep2818) | LR: 0.000090 | Rev: 2/99999
Epoch 2941 | Cost: 0.537111 | Acc: 76.11% (Best: 78.89% @ Ep2818) | LR: 0.000090 | Rev: 3/99999
Epoch 2942 | Cost: 0.538155 | Acc: 76.11% (Best: 78.89% @ Ep2818) | LR: 0.000090 | Rev: 4/99999
Epoch 2943 | Cost: 0.528755 | Acc: 76.67% (Best: 78.89% @ Ep2818) | LR: 0.000090 | Rev: 0/99999
Epoch 2944 | Cost: 0.533837 | Acc: 76.11% (Best: 78.89% @ Ep2818) | LR: 0.000090 | Rev: 1/99999
Epoch 2945 | Cost: 0.503950 | Acc: 75.28% (Best: 78.89% @ Ep2818) | LR: 0.000090 | Rev: 0/99999
Epoch 2946 | Cost: 0.505826 | Acc: 76.11% (Best: 78.89% @ Ep2818) | LR: 0.000090 | Rev: 1/99999
Epoch 2947 | Cost: 0.513568 | Acc: 75.83% (Best: 78.89% @ Ep2818) | LR: 0.000090 | Rev: 2/99999
Epoch 2948 | Cost: 0.520447 | Acc: 76.39% (Best: 78.89% @ Ep2818) | LR: 0.000100 | Rev: 3/99999
Epoch 2949 | Cost: 0.526221 | Acc: 75.28% (Best: 78.89% @ Ep2818) | LR: 0.000100 | Rev: 4/99999
Epoch 2950 | Cost: 0.528229 | Acc: 76.39% (Best: 78.89% @ Ep2818) | LR: 0.000100 | Rev: 5/99999
Epoch 2951 | Cost: 0.545129 | Acc: 76.11% (Best: 78.89% @ Ep2818) | LR: 0.000100 | Rev: 6/99999
Epoch 2952 | Cost: 0.535024 | Acc: 75.28% (Best: 78.89% @ Ep2818) | LR: 0.000100 | Rev: 0/99999
Epoch 2953 | Cost: 0.523906 | Acc: 75.56% (Best: 78.89% @ Ep2818) | LR: 0.000100 | Rev: 0/99999
Epoch 2954 | Cost: 0.550959 | Acc: 74.72% (Best: 78.89% @ Ep2818) | LR: 0.000100 | Rev: 1/99999
Epoch 2955 | Cost: 0.506478 | Acc: 75.83% (Best: 78.89% @ Ep2818) | LR: 0.000100 | Rev: 0/99999
Epoch 2956 | Cost: 0.532913 | Acc: 76.67% (Best: 78.89% @ Ep2818) | LR: 0.000100 | Rev: 1/99999
Epoch 2957 | Cost: 0.529959 | Acc: 75.83% (Best: 78.89% @ Ep2818) | LR: 0.000100 | Rev: 0/99999
Epoch 2958 | Cost: 0.519688 | Acc: 76.67% (Best: 78.89% @ Ep2818) | LR: 0.000110 | Rev: 0/99999
Epoch 2959 | Cost: 0.514160 | Acc: 76.39% (Best: 78.89% @ Ep2818) | LR: 0.000110 | Rev: 0/99999
Epoch 2960 | Cost: 0.541138 | Acc: 75.83% (Best: 78.89% @ Ep2818) | LR: 0.000110 | Rev: 1/99999
Epoch 2961 | Cost: 0.537075 | Acc: 75.83% (Best: 78.89% @ Ep2818) | LR: 0.000110 | Rev: 0/99999
Epoch 2962 | Cost: 0.533488 | Acc: 76.94% (Best: 78.89% @ Ep2818) | LR: 0.000110 | Rev: 0/99999
Epoch 2963 | Cost: 0.542123 | Acc: 75.83% (Best: 78.89% @ Ep2818) | LR: 0.000110 | Rev: 1/99999
Epoch 2964 | Cost: 0.524614 | Acc: 75.28% (Best: 78.89% @ Ep2818) | LR: 0.000110 | Rev: 0/99999
Epoch 2965 | Cost: 0.522724 | Acc: 77.50% (Best: 78.89% @ Ep2818) | LR: 0.000110 | Rev: 0/99999
Epoch 2966 | Cost: 0.550891 | Acc: 76.39% (Best: 78.89% @ Ep2818) | LR: 0.000110 | Rev: 1/99999
Epoch 2967 | Cost: 0.523900 | Acc: 75.28% (Best: 78.89% @ Ep2818) | LR: 0.000110 | Rev: 0/99999
Epoch 2968 | Cost: 0.530163 | Acc: 76.94% (Best: 78.89% @ Ep2818) | LR: 0.000120 | Rev: 1/99999
Epoch 2969 | Cost: 0.516013 | Acc: 75.83% (Best: 78.89% @ Ep2818) | LR: 0.000120 | Rev: 0/99999
Epoch 2970 | Cost: 0.524916 | Acc: 76.94% (Best: 78.89% @ Ep2818) | LR: 0.000120 | Rev: 1/99999
Epoch 2971 | Cost: 0.521968 | Acc: 76.39% (Best: 78.89% @ Ep2818) | LR: 0.000120 | Rev: 0/99999
Epoch 2972 | Cost: 0.521781 | Acc: 76.11% (Best: 78.89% @ Ep2818) | LR: 0.000120 | Rev: 0/99999
Epoch 2973 | Cost: 0.560082 | Acc: 75.83% (Best: 78.89% @ Ep2818) | LR: 0.000120 | Rev: 1/99999
Epoch 2974 | Cost: 0.521611 | Acc: 76.39% (Best: 78.89% @ Ep2818) | LR: 0.000120 | Rev: 0/99999
Epoch 2975 | Cost: 0.518883 | Acc: 75.83% (Best: 78.89% @ Ep2818) | LR: 0.000120 | Rev: 0/99999
Epoch 2976 | Cost: 0.509719 | Acc: 75.83% (Best: 78.89% @ Ep2818) | LR: 0.000120 | Rev: 0/99999
Epoch 2977 | Cost: 0.513476 | Acc: 76.11% (Best: 78.89% @ Ep2818) | LR: 0.000120 | Rev: 1/99999
Epoch 2978 | Cost: 0.518379 | Acc: 76.39% (Best: 78.89% @ Ep2818) | LR: 0.000130 | Rev: 2/99999
Epoch 2979 | Cost: 0.511574 | Acc: 76.11% (Best: 78.89% @ Ep2818) | LR: 0.000130 | Rev: 0/99999
Epoch 2980 | Cost: 0.520328 | Acc: 76.39% (Best: 78.89% @ Ep2818) | LR: 0.000130 | Rev: 1/99999
Epoch 2981 | Cost: 0.526400 | Acc: 75.83% (Best: 78.89% @ Ep2818) | LR: 0.000130 | Rev: 2/99999
Epoch 2982 | Cost: 0.536640 | Acc: 75.56% (Best: 78.89% @ Ep2818) | LR: 0.000130 | Rev: 3/99999
Epoch 2983 | Cost: 0.521183 | Acc: 74.72% (Best: 78.89% @ Ep2818) | LR: 0.000130 | Rev: 0/99999
Epoch 2984 | Cost: 0.501016 | Acc: 77.22% (Best: 78.89% @ Ep2818) | LR: 0.000130 | Rev: 0/99999
Epoch 2985 | Cost: 0.528458 | Acc: 73.89% (Best: 78.89% @ Ep2818) | LR: 0.000130 | Rev: 1/99999
Epoch 2986 | Cost: 0.536294 | Acc: 75.28% (Best: 78.89% @ Ep2818) | LR: 0.000130 | Rev: 2/99999
Epoch 2987 | Cost: 0.525053 | Acc: 76.39% (Best: 78.89% @ Ep2818) | LR: 0.000130 | Rev: 0/99999
Epoch 2988 | Cost: 0.536729 | Acc: 76.39% (Best: 78.89% @ Ep2818) | LR: 0.000140 | Rev: 1/99999
Epoch 2989 | Cost: 0.524725 | Acc: 75.00% (Best: 78.89% @ Ep2818) | LR: 0.000140 | Rev: 0/99999
Epoch 2990 | Cost: 0.521406 | Acc: 76.39% (Best: 78.89% @ Ep2818) | LR: 0.000140 | Rev: 0/99999
Epoch 2991 | Cost: 0.520825 | Acc: 75.83% (Best: 78.89% @ Ep2818) | LR: 0.000140 | Rev: 0/99999
Epoch 2992 | Cost: 0.522743 | Acc: 76.39% (Best: 78.89% @ Ep2818) | LR: 0.000140 | Rev: 1/99999
Epoch 2993 | Cost: 0.541651 | Acc: 75.56% (Best: 78.89% @ Ep2818) | LR: 0.000140 | Rev: 2/99999
Epoch 2994 | Cost: 0.514680 | Acc: 76.11% (Best: 78.89% @ Ep2818) | LR: 0.000140 | Rev: 0/99999
Epoch 2995 | Cost: 0.525955 | Acc: 75.00% (Best: 78.89% @ Ep2818) | LR: 0.000140 | Rev: 1/99999
Epoch 2996 | Cost: 0.515683 | Acc: 76.39% (Best: 78.89% @ Ep2818) | LR: 0.000140 | Rev: 0/99999
Epoch 2997 | Cost: 0.526970 | Acc: 76.11% (Best: 78.89% @ Ep2818) | LR: 0.000140 | Rev: 1/99999
Epoch 2998 | Cost: 0.507986 | Acc: 75.83% (Best: 78.89% @ Ep2818) | LR: 0.000150 | Rev: 0/99999
Epoch 2999 | Cost: 0.522216 | Acc: 76.94% (Best: 78.89% @ Ep2818) | LR: 0.000150 | Rev: 1/99999
Epoch 3000 | Cost: 0.554252 | Acc: 76.39% (Best: 78.89% @ Ep2818) | LR: 0.000150 | Rev: 2/99999
Epoch 3001 | Cost: 0.521973 | Acc: 77.22% (Best: 78.89% @ Ep2818) | LR: 0.000150 | Rev: 0/99999
Epoch 3002 | Cost: 0.520136 | Acc: 77.50% (Best: 78.89% @ Ep2818) | LR: 0.000150 | Rev: 0/99999
Epoch 3003 | Cost: 0.526364 | Acc: 76.39% (Best: 78.89% @ Ep2818) | LR: 0.000150 | Rev: 1/99999
Epoch 3004 | Cost: 0.509492 | Acc: 75.00% (Best: 78.89% @ Ep2818) | LR: 0.000150 | Rev: 0/99999
Epoch 3005 | Cost: 0.533314 | Acc: 76.94% (Best: 78.89% @ Ep2818) | LR: 0.000150 | Rev: 1/99999
Epoch 3006 | Cost: 0.522212 | Acc: 75.56% (Best: 78.89% @ Ep2818) | LR: 0.000150 | Rev: 0/99999
Epoch 3007 | Cost: 0.551943 | Acc: 75.56% (Best: 78.89% @ Ep2818) | LR: 0.000150 | Rev: 1/99999
Epoch 3008 | Cost: 0.534983 | Acc: 75.00% (Best: 78.89% @ Ep2818) | LR: 0.000160 | Rev: 0/99999
Epoch 3009 | Cost: 0.525192 | Acc: 76.39% (Best: 78.89% @ Ep2818) | LR: 0.000160 | Rev: 0/99999
Epoch 3010 | Cost: 0.531327 | Acc: 75.56% (Best: 78.89% @ Ep2818) | LR: 0.000160 | Rev: 1/99999
Epoch 3011 | Cost: 0.523638 | Acc: 76.39% (Best: 78.89% @ Ep2818) | LR: 0.000160 | Rev: 0/99999
Epoch 3012 | Cost: 0.527250 | Acc: 75.56% (Best: 78.89% @ Ep2818) | LR: 0.000160 | Rev: 1/99999
Epoch 3013 | Cost: 0.522804 | Acc: 76.67% (Best: 78.89% @ Ep2818) | LR: 0.000160 | Rev: 0/99999
Epoch 3014 | Cost: 0.526137 | Acc: 76.11% (Best: 78.89% @ Ep2818) | LR: 0.000160 | Rev: 1/99999
Epoch 3015 | Cost: 0.522181 | Acc: 75.28% (Best: 78.89% @ Ep2818) | LR: 0.000160 | Rev: 0/99999
Epoch 3016 | Cost: 0.547097 | Acc: 75.56% (Best: 78.89% @ Ep2818) | LR: 0.000160 | Rev: 1/99999
Epoch 3017 | Cost: 0.525313 | Acc: 76.39% (Best: 78.89% @ Ep2818) | LR: 0.000160 | Rev: 0/99999
Epoch 3018 | Cost: 0.517532 | Acc: 75.83% (Best: 78.89% @ Ep2818) | LR: 0.000170 | Rev: 0/99999
Epoch 3019 | Cost: 0.536248 | Acc: 76.39% (Best: 78.89% @ Ep2818) | LR: 0.000170 | Rev: 1/99999
Epoch 3020 | Cost: 0.516539 | Acc: 75.56% (Best: 78.89% @ Ep2818) | LR: 0.000170 | Rev: 0/99999
Epoch 3021 | Cost: 0.514742 | Acc: 75.28% (Best: 78.89% @ Ep2818) | LR: 0.000170 | Rev: 0/99999
Epoch 3022 | Cost: 0.552796 | Acc: 76.94% (Best: 78.89% @ Ep2818) | LR: 0.000170 | Rev: 1/99999
Epoch 3023 | Cost: 0.535739 | Acc: 75.56% (Best: 78.89% @ Ep2818) | LR: 0.000170 | Rev: 0/99999
Epoch 3024 | Cost: 0.523292 | Acc: 76.39% (Best: 78.89% @ Ep2818) | LR: 0.000170 | Rev: 0/99999
Epoch 3025 | Cost: 0.503232 | Acc: 76.11% (Best: 78.89% @ Ep2818) | LR: 0.000170 | Rev: 0/99999
Epoch 3026 | Cost: 0.531265 | Acc: 77.22% (Best: 78.89% @ Ep2818) | LR: 0.000170 | Rev: 1/99999
Epoch 3027 | Cost: 0.523543 | Acc: 77.22% (Best: 78.89% @ Ep2818) | LR: 0.000170 | Rev: 0/99999
Epoch 3028 | Cost: 0.556386 | Acc: 77.22% (Best: 78.89% @ Ep2818) | LR: 0.000180 | Rev: 1/99999
Epoch 3029 | Cost: 0.523020 | Acc: 76.39% (Best: 78.89% @ Ep2818) | LR: 0.000180 | Rev: 0/99999
Epoch 3030 | Cost: 0.512921 | Acc: 75.28% (Best: 78.89% @ Ep2818) | LR: 0.000180 | Rev: 0/99999
Epoch 3031 | Cost: 0.511035 | Acc: 76.11% (Best: 78.89% @ Ep2818) | LR: 0.000180 | Rev: 0/99999
Epoch 3032 | Cost: 0.539855 | Acc: 76.11% (Best: 78.89% @ Ep2818) | LR: 0.000180 | Rev: 1/99999
Epoch 3033 | Cost: 0.545100 | Acc: 77.78% (Best: 78.89% @ Ep2818) | LR: 0.000180 | Rev: 2/99999
Epoch 3034 | Cost: 0.530620 | Acc: 74.72% (Best: 78.89% @ Ep2818) | LR: 0.000180 | Rev: 0/99999
Epoch 3035 | Cost: 0.514981 | Acc: 76.67% (Best: 78.89% @ Ep2818) | LR: 0.000180 | Rev: 0/99999
Epoch 3036 | Cost: 0.509849 | Acc: 75.28% (Best: 78.89% @ Ep2818) | LR: 0.000180 | Rev: 0/99999
Epoch 3037 | Cost: 0.507212 | Acc: 76.39% (Best: 78.89% @ Ep2818) | LR: 0.000180 | Rev: 0/99999
Epoch 3038 | Cost: 0.540604 | Acc: 76.11% (Best: 78.89% @ Ep2818) | LR: 0.000190 | Rev: 1/99999
Epoch 3039 | Cost: 0.526088 | Acc: 74.72% (Best: 78.89% @ Ep2818) | LR: 0.000190 | Rev: 0/99999
Epoch 3040 | Cost: 0.531127 | Acc: 76.67% (Best: 78.89% @ Ep2818) | LR: 0.000190 | Rev: 1/99999
Epoch 3041 | Cost: 0.534429 | Acc: 76.11% (Best: 78.89% @ Ep2818) | LR: 0.000190 | Rev: 2/99999
Epoch 3042 | Cost: 0.527941 | Acc: 77.22% (Best: 78.89% @ Ep2818) | LR: 0.000190 | Rev: 0/99999
Epoch 3043 | Cost: 0.526278 | Acc: 76.39% (Best: 78.89% @ Ep2818) | LR: 0.000190 | Rev: 0/99999
Epoch 3044 | Cost: 0.524862 | Acc: 76.39% (Best: 78.89% @ Ep2818) | LR: 0.000190 | Rev: 0/99999
Epoch 3045 | Cost: 0.520251 | Acc: 76.11% (Best: 78.89% @ Ep2818) | LR: 0.000190 | Rev: 0/99999
Epoch 3046 | Cost: 0.524342 | Acc: 75.56% (Best: 78.89% @ Ep2818) | LR: 0.000190 | Rev: 1/99999
Epoch 3047 | Cost: 0.510567 | Acc: 76.94% (Best: 78.89% @ Ep2818) | LR: 0.000190 | Rev: 0/99999
Epoch 3048 | Cost: 0.506647 | Acc: 75.83% (Best: 78.89% @ Ep2818) | LR: 0.000200 | Rev: 0/99999
Epoch 3049 | Cost: 0.509363 | Acc: 76.39% (Best: 78.89% @ Ep2818) | LR: 0.000200 | Rev: 1/99999
Epoch 3050 | Cost: 0.531171 | Acc: 74.44% (Best: 78.89% @ Ep2818) | LR: 0.000200 | Rev: 2/99999
Epoch 3051 | Cost: 0.519743 | Acc: 76.67% (Best: 78.89% @ Ep2818) | LR: 0.000200 | Rev: 0/99999
Epoch 3052 | Cost: 0.523605 | Acc: 75.83% (Best: 78.89% @ Ep2818) | LR: 0.000200 | Rev: 1/99999
Epoch 3053 | Cost: 0.512046 | Acc: 76.11% (Best: 78.89% @ Ep2818) | LR: 0.000200 | Rev: 0/99999
Epoch 3054 | Cost: 0.508002 | Acc: 77.78% (Best: 78.89% @ Ep2818) | LR: 0.000200 | Rev: 0/99999
Epoch 3055 | Cost: 0.533839 | Acc: 74.72% (Best: 78.89% @ Ep2818) | LR: 0.000200 | Rev: 1/99999
Epoch 3056 | Cost: 0.521183 | Acc: 76.39% (Best: 78.89% @ Ep2818) | LR: 0.000200 | Rev: 0/99999
Epoch 3057 | Cost: 0.529815 | Acc: 75.56% (Best: 78.89% @ Ep2818) | LR: 0.000200 | Rev: 1/99999
Epoch 3058 | Cost: 0.540226 | Acc: 76.67% (Best: 78.89% @ Ep2818) | LR: 0.000210 | Rev: 2/99999
Epoch 3059 | Cost: 0.518705 | Acc: 75.00% (Best: 78.89% @ Ep2818) | LR: 0.000210 | Rev: 0/99999
Epoch 3060 | Cost: 0.509821 | Acc: 75.00% (Best: 78.89% @ Ep2818) | LR: 0.000210 | Rev: 0/99999
Epoch 3061 | Cost: 0.520662 | Acc: 75.83% (Best: 78.89% @ Ep2818) | LR: 0.000210 | Rev: 1/99999
Epoch 3062 | Cost: 0.524126 | Acc: 75.56% (Best: 78.89% @ Ep2818) | LR: 0.000210 | Rev: 2/99999
Epoch 3063 | Cost: 0.533852 | Acc: 77.22% (Best: 78.89% @ Ep2818) | LR: 0.000210 | Rev: 3/99999
Epoch 3064 | Cost: 0.530390 | Acc: 76.67% (Best: 78.89% @ Ep2818) | LR: 0.000210 | Rev: 0/99999
Epoch 3065 | Cost: 0.539808 | Acc: 76.94% (Best: 78.89% @ Ep2818) | LR: 0.000210 | Rev: 1/99999
Epoch 3066 | Cost: 0.523815 | Acc: 76.11% (Best: 78.89% @ Ep2818) | LR: 0.000210 | Rev: 0/99999
Epoch 3067 | Cost: 0.519382 | Acc: 76.11% (Best: 78.89% @ Ep2818) | LR: 0.000210 | Rev: 0/99999
Epoch 3068 | Cost: 0.535760 | Acc: 76.39% (Best: 78.89% @ Ep2818) | LR: 0.000220 | Rev: 1/99999
Epoch 3069 | Cost: 0.539462 | Acc: 76.11% (Best: 78.89% @ Ep2818) | LR: 0.000220 | Rev: 2/99999
Epoch 3070 | Cost: 0.552115 | Acc: 76.94% (Best: 78.89% @ Ep2818) | LR: 0.000220 | Rev: 3/99999
Epoch 3071 | Cost: 0.538453 | Acc: 76.11% (Best: 78.89% @ Ep2818) | LR: 0.000220 | Rev: 0/99999
Epoch 3072 | Cost: 0.532731 | Acc: 75.56% (Best: 78.89% @ Ep2818) | LR: 0.000220 | Rev: 0/99999
Epoch 3073 | Cost: 0.557078 | Acc: 75.28% (Best: 78.89% @ Ep2818) | LR: 0.000220 | Rev: 1/99999
Epoch 3074 | Cost: 0.527691 | Acc: 75.28% (Best: 78.89% @ Ep2818) | LR: 0.000220 | Rev: 0/99999
Epoch 3075 | Cost: 0.523415 | Acc: 77.22% (Best: 78.89% @ Ep2818) | LR: 0.000220 | Rev: 0/99999
Epoch 3076 | Cost: 0.533552 | Acc: 75.83% (Best: 78.89% @ Ep2818) | LR: 0.000220 | Rev: 1/99999
Epoch 3077 | Cost: 0.532163 | Acc: 75.83% (Best: 78.89% @ Ep2818) | LR: 0.000220 | Rev: 0/99999
Epoch 3078 | Cost: 0.518794 | Acc: 75.28% (Best: 78.89% @ Ep2818) | LR: 0.000230 | Rev: 0/99999
Epoch 3079 | Cost: 0.553390 | Acc: 76.67% (Best: 78.89% @ Ep2818) | LR: 0.000230 | Rev: 1/99999
Epoch 3080 | Cost: 0.515428 | Acc: 74.17% (Best: 78.89% @ Ep2818) | LR: 0.000230 | Rev: 0/99999
Epoch 3081 | Cost: 0.537235 | Acc: 75.83% (Best: 78.89% @ Ep2818) | LR: 0.000230 | Rev: 1/99999
Epoch 3082 | Cost: 0.520331 | Acc: 76.94% (Best: 78.89% @ Ep2818) | LR: 0.000230 | Rev: 0/99999
Epoch 3083 | Cost: 0.538372 | Acc: 75.56% (Best: 78.89% @ Ep2818) | LR: 0.000230 | Rev: 1/99999
Epoch 3084 | Cost: 0.530885 | Acc: 74.17% (Best: 78.89% @ Ep2818) | LR: 0.000230 | Rev: 0/99999
Epoch 3085 | Cost: 0.526362 | Acc: 75.83% (Best: 78.89% @ Ep2818) | LR: 0.000230 | Rev: 0/99999
Epoch 3086 | Cost: 0.524714 | Acc: 75.28% (Best: 78.89% @ Ep2818) | LR: 0.000230 | Rev: 0/99999
Epoch 3087 | Cost: 0.508734 | Acc: 76.11% (Best: 78.89% @ Ep2818) | LR: 0.000230 | Rev: 0/99999
Epoch 3088 | Cost: 0.531033 | Acc: 77.50% (Best: 78.89% @ Ep2818) | LR: 0.000240 | Rev: 1/99999
Epoch 3089 | Cost: 0.520619 | Acc: 76.11% (Best: 78.89% @ Ep2818) | LR: 0.000240 | Rev: 0/99999
Epoch 3090 | Cost: 0.507509 | Acc: 75.83% (Best: 78.89% @ Ep2818) | LR: 0.000240 | Rev: 0/99999
Epoch 3091 | Cost: 0.535288 | Acc: 77.78% (Best: 78.89% @ Ep2818) | LR: 0.000240 | Rev: 1/99999
Epoch 3092 | Cost: 0.546136 | Acc: 75.83% (Best: 78.89% @ Ep2818) | LR: 0.000240 | Rev: 2/99999
Epoch 3093 | Cost: 0.531768 | Acc: 75.28% (Best: 78.89% @ Ep2818) | LR: 0.000240 | Rev: 0/99999
Epoch 3094 | Cost: 0.527362 | Acc: 75.28% (Best: 78.89% @ Ep2818) | LR: 0.000240 | Rev: 0/99999
Epoch 3095 | Cost: 0.519112 | Acc: 76.67% (Best: 78.89% @ Ep2818) | LR: 0.000240 | Rev: 0/99999
Epoch 3096 | Cost: 0.543724 | Acc: 77.22% (Best: 78.89% @ Ep2818) | LR: 0.000240 | Rev: 1/99999
Epoch 3097 | Cost: 0.515712 | Acc: 76.11% (Best: 78.89% @ Ep2818) | LR: 0.000240 | Rev: 0/99999
Epoch 3098 | Cost: 0.539952 | Acc: 74.17% (Best: 78.89% @ Ep2818) | LR: 0.000250 | Rev: 1/99999
Epoch 3099 | Cost: 0.549392 | Acc: 75.56% (Best: 78.89% @ Ep2818) | LR: 0.000250 | Rev: 2/99999
Epoch 3100 | Cost: 0.509633 | Acc: 75.83% (Best: 78.89% @ Ep2818) | LR: 0.000250 | Rev: 0/99999
Epoch 3101 | Cost: 0.544282 | Acc: 76.94% (Best: 78.89% @ Ep2818) | LR: 0.000250 | Rev: 1/99999
Epoch 3102 | Cost: 0.524164 | Acc: 76.94% (Best: 78.89% @ Ep2818) | LR: 0.000250 | Rev: 0/99999
Epoch 3103 | Cost: 0.558344 | Acc: 76.39% (Best: 78.89% @ Ep2818) | LR: 0.000250 | Rev: 1/99999
Epoch 3104 | Cost: 0.537512 | Acc: 75.56% (Best: 78.89% @ Ep2818) | LR: 0.000250 | Rev: 0/99999
Epoch 3105 | Cost: 0.561933 | Acc: 75.00% (Best: 78.89% @ Ep2818) | LR: 0.000250 | Rev: 1/99999
Epoch 3106 | Cost: 0.541455 | Acc: 76.11% (Best: 78.89% @ Ep2818) | LR: 0.000250 | Rev: 0/99999
Epoch 3107 | Cost: 0.549774 | Acc: 76.39% (Best: 78.89% @ Ep2818) | LR: 0.000250 | Rev: 1/99999
Epoch 3108 | Cost: 0.537332 | Acc: 76.11% (Best: 78.89% @ Ep2818) | LR: 0.000260 | Rev: 0/99999
Epoch 3109 | Cost: 0.530187 | Acc: 74.72% (Best: 78.89% @ Ep2818) | LR: 0.000260 | Rev: 0/99999
Epoch 3110 | Cost: 0.522835 | Acc: 75.83% (Best: 78.89% @ Ep2818) | LR: 0.000260 | Rev: 0/99999
Epoch 3111 | Cost: 0.520986 | Acc: 75.00% (Best: 78.89% @ Ep2818) | LR: 0.000260 | Rev: 0/99999
Epoch 3112 | Cost: 0.507725 | Acc: 75.56% (Best: 78.89% @ Ep2818) | LR: 0.000260 | Rev: 0/99999
Epoch 3113 | Cost: 0.528947 | Acc: 76.39% (Best: 78.89% @ Ep2818) | LR: 0.000260 | Rev: 1/99999
Epoch 3114 | Cost: 0.516735 | Acc: 75.28% (Best: 78.89% @ Ep2818) | LR: 0.000260 | Rev: 0/99999
Epoch 3115 | Cost: 0.580596 | Acc: 74.72% (Best: 78.89% @ Ep2818) | LR: 0.000260 | Rev: 1/99999
Epoch 3116 | Cost: 0.540098 | Acc: 76.39% (Best: 78.89% @ Ep2818) | LR: 0.000260 | Rev: 0/99999
Epoch 3117 | Cost: 0.529701 | Acc: 75.83% (Best: 78.89% @ Ep2818) | LR: 0.000260 | Rev: 0/99999
Epoch 3118 | Cost: 0.524310 | Acc: 75.28% (Best: 78.89% @ Ep2818) | LR: 0.000270 | Rev: 0/99999
Epoch 3119 | Cost: 0.530704 | Acc: 76.94% (Best: 78.89% @ Ep2818) | LR: 0.000270 | Rev: 1/99999
Epoch 3120 | Cost: 0.526983 | Acc: 76.39% (Best: 78.89% @ Ep2818) | LR: 0.000270 | Rev: 0/99999
Epoch 3121 | Cost: 0.525730 | Acc: 75.28% (Best: 78.89% @ Ep2818) | LR: 0.000270 | Rev: 0/99999
Epoch 3122 | Cost: 0.527516 | Acc: 76.11% (Best: 78.89% @ Ep2818) | LR: 0.000270 | Rev: 1/99999
Epoch 3123 | Cost: 0.548852 | Acc: 76.94% (Best: 78.89% @ Ep2818) | LR: 0.000270 | Rev: 2/99999
Epoch 3124 | Cost: 0.513484 | Acc: 76.11% (Best: 78.89% @ Ep2818) | LR: 0.000270 | Rev: 0/99999
Epoch 3125 | Cost: 0.537529 | Acc: 75.28% (Best: 78.89% @ Ep2818) | LR: 0.000270 | Rev: 1/99999
Epoch 3126 | Cost: 0.525900 | Acc: 76.67% (Best: 78.89% @ Ep2818) | LR: 0.000270 | Rev: 0/99999
Epoch 3127 | Cost: 0.500270 | Acc: 75.56% (Best: 78.89% @ Ep2818) | LR: 0.000270 | Rev: 0/99999
Epoch 3128 | Cost: 0.503361 | Acc: 76.11% (Best: 78.89% @ Ep2818) | LR: 0.000280 | Rev: 1/99999
Epoch 3129 | Cost: 0.526593 | Acc: 75.83% (Best: 78.89% @ Ep2818) | LR: 0.000280 | Rev: 2/99999
Epoch 3130 | Cost: 0.538352 | Acc: 75.28% (Best: 78.89% @ Ep2818) | LR: 0.000280 | Rev: 3/99999
Epoch 3131 | Cost: 0.522291 | Acc: 76.67% (Best: 78.89% @ Ep2818) | LR: 0.000280 | Rev: 0/99999
Epoch 3132 | Cost: 0.532038 | Acc: 76.94% (Best: 78.89% @ Ep2818) | LR: 0.000280 | Rev: 1/99999
Epoch 3133 | Cost: 0.533148 | Acc: 78.06% (Best: 78.89% @ Ep2818) | LR: 0.000280 | Rev: 2/99999
Epoch 3134 | Cost: 0.534348 | Acc: 74.17% (Best: 78.89% @ Ep2818) | LR: 0.000280 | Rev: 3/99999
Epoch 3135 | Cost: 0.525895 | Acc: 76.11% (Best: 78.89% @ Ep2818) | LR: 0.000280 | Rev: 0/99999
Epoch 3136 | Cost: 0.514017 | Acc: 76.11% (Best: 78.89% @ Ep2818) | LR: 0.000280 | Rev: 0/99999
Epoch 3137 | Cost: 0.506283 | Acc: 76.67% (Best: 78.89% @ Ep2818) | LR: 0.000280 | Rev: 0/99999
Epoch 3138 | Cost: 0.513639 | Acc: 77.22% (Best: 78.89% @ Ep2818) | LR: 0.000290 | Rev: 1/99999
Epoch 3139 | Cost: 0.520151 | Acc: 73.61% (Best: 78.89% @ Ep2818) | LR: 0.000290 | Rev: 2/99999
Epoch 3140 | Cost: 0.545022 | Acc: 76.39% (Best: 78.89% @ Ep2818) | LR: 0.000290 | Rev: 3/99999
Epoch 3141 | Cost: 0.514872 | Acc: 76.39% (Best: 78.89% @ Ep2818) | LR: 0.000290 | Rev: 0/99999
Epoch 3142 | Cost: 0.528374 | Acc: 74.72% (Best: 78.89% @ Ep2818) | LR: 0.000290 | Rev: 1/99999
Epoch 3143 | Cost: 0.531104 | Acc: 75.83% (Best: 78.89% @ Ep2818) | LR: 0.000290 | Rev: 2/99999
Epoch 3144 | Cost: 0.518469 | Acc: 75.28% (Best: 78.89% @ Ep2818) | LR: 0.000290 | Rev: 0/99999
Epoch 3145 | Cost: 0.531799 | Acc: 77.50% (Best: 78.89% @ Ep2818) | LR: 0.000290 | Rev: 1/99999
Epoch 3146 | Cost: 0.527181 | Acc: 76.11% (Best: 78.89% @ Ep2818) | LR: 0.000290 | Rev: 0/99999
Epoch 3147 | Cost: 0.514870 | Acc: 77.22% (Best: 78.89% @ Ep2818) | LR: 0.000290 | Rev: 0/99999
Epoch 3148 | Cost: 0.547566 | Acc: 75.56% (Best: 78.89% @ Ep2818) | LR: 0.000300 | Rev: 1/99999
Epoch 3149 | Cost: 0.568524 | Acc: 74.72% (Best: 78.89% @ Ep2818) | LR: 0.000300 | Rev: 2/99999
Epoch 3150 | Cost: 0.527231 | Acc: 75.56% (Best: 78.89% @ Ep2818) | LR: 0.000300 | Rev: 0/99999
Epoch 3151 | Cost: 0.529668 | Acc: 76.11% (Best: 78.89% @ Ep2818) | LR: 0.000300 | Rev: 1/99999
Epoch 3152 | Cost: 0.543955 | Acc: 76.67% (Best: 78.89% @ Ep2818) | LR: 0.000300 | Rev: 2/99999
Epoch 3153 | Cost: 0.515180 | Acc: 73.61% (Best: 78.89% @ Ep2818) | LR: 0.000300 | Rev: 0/99999
Epoch 3154 | Cost: 0.520389 | Acc: 74.44% (Best: 78.89% @ Ep2818) | LR: 0.000300 | Rev: 1/99999
Epoch 3155 | Cost: 0.526602 | Acc: 76.11% (Best: 78.89% @ Ep2818) | LR: 0.000300 | Rev: 2/99999
Epoch 3156 | Cost: 0.519967 | Acc: 75.28% (Best: 78.89% @ Ep2818) | LR: 0.000300 | Rev: 0/99999
Epoch 3157 | Cost: 0.512899 | Acc: 75.56% (Best: 78.89% @ Ep2818) | LR: 0.000300 | Rev: 0/99999
Epoch 3158 | Cost: 0.519351 | Acc: 76.11% (Best: 78.89% @ Ep2818) | LR: 0.000300 | Rev: 1/99999
Epoch 3159 | Cost: 0.516904 | Acc: 76.39% (Best: 78.89% @ Ep2818) | LR: 0.000300 | Rev: 0/99999
Epoch 3160 | Cost: 0.508421 | Acc: 76.67% (Best: 78.89% @ Ep2818) | LR: 0.000300 | Rev: 0/99999
Epoch 3161 | Cost: 0.500357 | Acc: 75.28% (Best: 78.89% @ Ep2818) | LR: 0.000300 | Rev: 0/99999
Epoch 3162 | Cost: 0.519003 | Acc: 76.94% (Best: 78.89% @ Ep2818) | LR: 0.000300 | Rev: 1/99999
Epoch 3163 | Cost: 0.518521 | Acc: 76.39% (Best: 78.89% @ Ep2818) | LR: 0.000300 | Rev: 0/99999
Epoch 3164 | Cost: 0.518084 | Acc: 77.22% (Best: 78.89% @ Ep2818) | LR: 0.000300 | Rev: 0/99999
Epoch 3165 | Cost: 0.509380 | Acc: 75.83% (Best: 78.89% @ Ep2818) | LR: 0.000300 | Rev: 0/99999
Epoch 3166 | Cost: 0.500008 | Acc: 76.11% (Best: 78.89% @ Ep2818) | LR: 0.000300 | Rev: 0/99999
Epoch 3167 | Cost: 0.512790 | Acc: 75.00% (Best: 78.89% @ Ep2818) | LR: 0.000300 | Rev: 1/99999
Epoch 3168 | Cost: 0.514603 | Acc: 75.00% (Best: 78.89% @ Ep2818) | LR: 0.000300 | Rev: 2/99999
Epoch 3169 | Cost: 0.510776 | Acc: 75.28% (Best: 78.89% @ Ep2818) | LR: 0.000300 | Rev: 0/99999
Epoch 3170 | Cost: 0.533549 | Acc: 75.00% (Best: 78.89% @ Ep2818) | LR: 0.000300 | Rev: 1/99999
Epoch 3171 | Cost: 0.500873 | Acc: 74.44% (Best: 78.89% @ Ep2818) | LR: 0.000300 | Rev: 0/99999
Epoch 3172 | Cost: 0.538362 | Acc: 75.00% (Best: 78.89% @ Ep2818) | LR: 0.000300 | Rev: 1/99999
Epoch 3173 | Cost: 0.528929 | Acc: 76.67% (Best: 78.89% @ Ep2818) | LR: 0.000300 | Rev: 0/99999
Epoch 3174 | Cost: 0.506930 | Acc: 76.39% (Best: 78.89% @ Ep2818) | LR: 0.000300 | Rev: 0/99999
Epoch 3175 | Cost: 0.509799 | Acc: 76.11% (Best: 78.89% @ Ep2818) | LR: 0.000300 | Rev: 1/99999
Epoch 3176 | Cost: 0.496075 | Acc: 76.11% (Best: 78.89% @ Ep2818) | LR: 0.000300 | Rev: 0/99999
Epoch 3177 | Cost: 0.509036 | Acc: 76.94% (Best: 78.89% @ Ep2818) | LR: 0.000300 | Rev: 1/99999
Epoch 3178 | Cost: 0.492872 | Acc: 76.39% (Best: 78.89% @ Ep2818) | LR: 0.000300 | Rev: 0/99999
Epoch 3179 | Cost: 0.501999 | Acc: 75.28% (Best: 78.89% @ Ep2818) | LR: 0.000300 | Rev: 1/99999
Epoch 3180 | Cost: 0.506972 | Acc: 75.28% (Best: 78.89% @ Ep2818) | LR: 0.000300 | Rev: 2/99999
Epoch 3181 | Cost: 0.498036 | Acc: 75.83% (Best: 78.89% @ Ep2818) | LR: 0.000300 | Rev: 0/99999
Epoch 3182 | Cost: 0.503774 | Acc: 75.56% (Best: 78.89% @ Ep2818) | LR: 0.000300 | Rev: 1/99999
Epoch 3183 | Cost: 0.508475 | Acc: 76.94% (Best: 78.89% @ Ep2818) | LR: 0.000300 | Rev: 2/99999
Epoch 3184 | Cost: 0.510354 | Acc: 75.28% (Best: 78.89% @ Ep2818) | LR: 0.000300 | Rev: 3/99999
Epoch 3185 | Cost: 0.510846 | Acc: 77.78% (Best: 78.89% @ Ep2818) | LR: 0.000300 | Rev: 4/99999
Epoch 3186 | Cost: 0.510422 | Acc: 77.22% (Best: 78.89% @ Ep2818) | LR: 0.000300 | Rev: 0/99999
Epoch 3187 | Cost: 0.508924 | Acc: 77.50% (Best: 78.89% @ Ep2818) | LR: 0.000300 | Rev: 0/99999
Epoch 3188 | Cost: 0.515105 | Acc: 75.56% (Best: 78.89% @ Ep2818) | LR: 0.000300 | Rev: 1/99999
Epoch 3189 | Cost: 0.521962 | Acc: 75.28% (Best: 78.89% @ Ep2818) | LR: 0.000300 | Rev: 2/99999
Epoch 3190 | Cost: 0.525220 | Acc: 77.50% (Best: 78.89% @ Ep2818) | LR: 0.000300 | Rev: 3/99999
Epoch 3191 | Cost: 0.520437 | Acc: 76.67% (Best: 78.89% @ Ep2818) | LR: 0.000300 | Rev: 0/99999
Epoch 3192 | Cost: 0.504852 | Acc: 77.50% (Best: 78.89% @ Ep2818) | LR: 0.000300 | Rev: 0/99999
Epoch 3193 | Cost: 0.515469 | Acc: 75.56% (Best: 78.89% @ Ep2818) | LR: 0.000300 | Rev: 1/99999
Epoch 3194 | Cost: 0.515686 | Acc: 74.72% (Best: 78.89% @ Ep2818) | LR: 0.000300 | Rev: 2/99999
Epoch 3195 | Cost: 0.534892 | Acc: 75.83% (Best: 78.89% @ Ep2818) | LR: 0.000300 | Rev: 3/99999
Epoch 3196 | Cost: 0.496625 | Acc: 75.83% (Best: 78.89% @ Ep2818) | LR: 0.000300 | Rev: 0/99999
Epoch 3197 | Cost: 0.519649 | Acc: 76.11% (Best: 78.89% @ Ep2818) | LR: 0.000300 | Rev: 1/99999
Epoch 3198 | Cost: 0.514271 | Acc: 76.11% (Best: 78.89% @ Ep2818) | LR: 0.000300 | Rev: 0/99999
Epoch 3199 | Cost: 0.516791 | Acc: 76.94% (Best: 78.89% @ Ep2818) | LR: 0.000300 | Rev: 1/99999
Epoch 3200 | Cost: 0.496594 | Acc: 77.22% (Best: 78.89% @ Ep2818) | LR: 0.000300 | Rev: 0/99999
Epoch 3201 | Cost: 0.510017 | Acc: 77.50% (Best: 78.89% @ Ep2818) | LR: 0.000300 | Rev: 1/99999
Epoch 3202 | Cost: 0.492786 | Acc: 72.78% (Best: 78.89% @ Ep2818) | LR: 0.000300 | Rev: 0/99999
Epoch 3203 | Cost: 0.510509 | Acc: 76.67% (Best: 78.89% @ Ep2818) | LR: 0.000300 | Rev: 1/99999
Epoch 3204 | Cost: 0.521714 | Acc: 76.67% (Best: 78.89% @ Ep2818) | LR: 0.000300 | Rev: 2/99999
Epoch 3205 | Cost: 0.495475 | Acc: 75.83% (Best: 78.89% @ Ep2818) | LR: 0.000300 | Rev: 0/99999
Epoch 3206 | Cost: 0.509375 | Acc: 76.39% (Best: 78.89% @ Ep2818) | LR: 0.000300 | Rev: 1/99999
Epoch 3207 | Cost: 0.502950 | Acc: 76.11% (Best: 78.89% @ Ep2818) | LR: 0.000300 | Rev: 0/99999
Epoch 3208 | Cost: 0.511756 | Acc: 75.00% (Best: 78.89% @ Ep2818) | LR: 0.000300 | Rev: 1/99999
Epoch 3209 | Cost: 0.513169 | Acc: 75.56% (Best: 78.89% @ Ep2818) | LR: 0.000300 | Rev: 2/99999
Epoch 3210 | Cost: 0.498983 | Acc: 76.11% (Best: 78.89% @ Ep2818) | LR: 0.000300 | Rev: 0/99999
Epoch 3211 | Cost: 0.499175 | Acc: 74.72% (Best: 78.89% @ Ep2818) | LR: 0.000300 | Rev: 1/99999
Epoch 3212 | Cost: 0.505966 | Acc: 76.39% (Best: 78.89% @ Ep2818) | LR: 0.000300 | Rev: 2/99999
Epoch 3213 | Cost: 0.516851 | Acc: 77.22% (Best: 78.89% @ Ep2818) | LR: 0.000300 | Rev: 3/99999
Epoch 3214 | Cost: 0.507187 | Acc: 77.22% (Best: 78.89% @ Ep2818) | LR: 0.000300 | Rev: 0/99999
Epoch 3215 | Cost: 0.530636 | Acc: 76.67% (Best: 78.89% @ Ep2818) | LR: 0.000300 | Rev: 1/99999
Epoch 3216 | Cost: 0.532617 | Acc: 75.00% (Best: 78.89% @ Ep2818) | LR: 0.000300 | Rev: 2/99999
Epoch 3217 | Cost: 0.516070 | Acc: 76.67% (Best: 78.89% @ Ep2818) | LR: 0.000300 | Rev: 0/99999
Epoch 3218 | Cost: 0.510164 | Acc: 76.67% (Best: 78.89% @ Ep2818) | LR: 0.000300 | Rev: 0/99999
Epoch 3219 | Cost: 0.492984 | Acc: 77.50% (Best: 78.89% @ Ep2818) | LR: 0.000300 | Rev: 0/99999
Epoch 3220 | Cost: 0.485416 | Acc: 76.67% (Best: 78.89% @ Ep2818) | LR: 0.000300 | Rev: 0/99999
Epoch 3221 | Cost: 0.500427 | Acc: 75.83% (Best: 78.89% @ Ep2818) | LR: 0.000300 | Rev: 1/99999
Epoch 3222 | Cost: 0.533946 | Acc: 76.39% (Best: 78.89% @ Ep2818) | LR: 0.000300 | Rev: 2/99999
Epoch 3223 | Cost: 0.544720 | Acc: 75.28% (Best: 78.89% @ Ep2818) | LR: 0.000300 | Rev: 3/99999
Epoch 3224 | Cost: 0.507523 | Acc: 76.39% (Best: 78.89% @ Ep2818) | LR: 0.000300 | Rev: 0/99999
Epoch 3225 | Cost: 0.496773 | Acc: 77.50% (Best: 78.89% @ Ep2818) | LR: 0.000300 | Rev: 0/99999
Epoch 3226 | Cost: 0.522227 | Acc: 75.83% (Best: 78.89% @ Ep2818) | LR: 0.000300 | Rev: 1/99999
Epoch 3227 | Cost: 0.512234 | Acc: 76.39% (Best: 78.89% @ Ep2818) | LR: 0.000300 | Rev: 0/99999
Epoch 3228 | Cost: 0.499578 | Acc: 76.11% (Best: 78.89% @ Ep2818) | LR: 0.000300 | Rev: 0/99999
Epoch 3229 | Cost: 0.502622 | Acc: 76.39% (Best: 78.89% @ Ep2818) | LR: 0.000300 | Rev: 1/99999
Epoch 3230 | Cost: 0.501406 | Acc: 76.11% (Best: 78.89% @ Ep2818) | LR: 0.000300 | Rev: 0/99999
Epoch 3231 | Cost: 0.517177 | Acc: 75.28% (Best: 78.89% @ Ep2818) | LR: 0.000300 | Rev: 1/99999
Epoch 3232 | Cost: 0.544238 | Acc: 75.28% (Best: 78.89% @ Ep2818) | LR: 0.000300 | Rev: 2/99999
Epoch 3233 | Cost: 0.540317 | Acc: 76.94% (Best: 78.89% @ Ep2818) | LR: 0.000300 | Rev: 0/99999
Epoch 3234 | Cost: 0.537160 | Acc: 74.44% (Best: 78.89% @ Ep2818) | LR: 0.000300 | Rev: 0/99999
Epoch 3235 | Cost: 0.498067 | Acc: 76.39% (Best: 78.89% @ Ep2818) | LR: 0.000300 | Rev: 0/99999
Epoch 3236 | Cost: 0.505791 | Acc: 76.67% (Best: 78.89% @ Ep2818) | LR: 0.000300 | Rev: 1/99999
Epoch 3237 | Cost: 0.514029 | Acc: 76.11% (Best: 78.89% @ Ep2818) | LR: 0.000300 | Rev: 2/99999
Epoch 3238 | Cost: 0.514975 | Acc: 77.22% (Best: 78.89% @ Ep2818) | LR: 0.000300 | Rev: 3/99999
Epoch 3239 | Cost: 0.493106 | Acc: 76.67% (Best: 78.89% @ Ep2818) | LR: 0.000300 | Rev: 0/99999
Epoch 3240 | Cost: 0.490266 | Acc: 76.94% (Best: 78.89% @ Ep2818) | LR: 0.000300 | Rev: 0/99999
Epoch 3241 | Cost: 0.510787 | Acc: 78.33% (Best: 78.89% @ Ep2818) | LR: 0.000300 | Rev: 1/99999
Epoch 3242 | Cost: 0.504357 | Acc: 76.67% (Best: 78.89% @ Ep2818) | LR: 0.000300 | Rev: 0/99999
Epoch 3243 | Cost: 0.510504 | Acc: 76.67% (Best: 78.89% @ Ep2818) | LR: 0.000300 | Rev: 1/99999
Epoch 3244 | Cost: 0.499652 | Acc: 77.78% (Best: 78.89% @ Ep2818) | LR: 0.000300 | Rev: 0/99999
Epoch 3245 | Cost: 0.498529 | Acc: 75.83% (Best: 78.89% @ Ep2818) | LR: 0.000300 | Rev: 0/99999
Epoch 3246 | Cost: 0.494230 | Acc: 77.50% (Best: 78.89% @ Ep2818) | LR: 0.000300 | Rev: 0/99999
Epoch 3247 | Cost: 0.510543 | Acc: 76.94% (Best: 78.89% @ Ep2818) | LR: 0.000300 | Rev: 1/99999
Epoch 3248 | Cost: 0.507308 | Acc: 75.56% (Best: 78.89% @ Ep2818) | LR: 0.000300 | Rev: 0/99999
Epoch 3249 | Cost: 0.533878 | Acc: 75.83% (Best: 78.89% @ Ep2818) | LR: 0.000300 | Rev: 1/99999
Epoch 3250 | Cost: 0.512689 | Acc: 73.33% (Best: 78.89% @ Ep2818) | LR: 0.000300 | Rev: 0/99999
Epoch 3251 | Cost: 0.530213 | Acc: 77.50% (Best: 78.89% @ Ep2818) | LR: 0.000300 | Rev: 1/99999
Epoch 3252 | Cost: 0.500878 | Acc: 76.11% (Best: 78.89% @ Ep2818) | LR: 0.000300 | Rev: 0/99999
Epoch 3253 | Cost: 0.516604 | Acc: 78.06% (Best: 78.89% @ Ep2818) | LR: 0.000300 | Rev: 1/99999
Epoch 3254 | Cost: 0.502355 | Acc: 75.00% (Best: 78.89% @ Ep2818) | LR: 0.000300 | Rev: 0/99999
Epoch 3255 | Cost: 0.510590 | Acc: 77.22% (Best: 78.89% @ Ep2818) | LR: 0.000300 | Rev: 1/99999
Epoch 3256 | Cost: 0.522711 | Acc: 75.00% (Best: 78.89% @ Ep2818) | LR: 0.000300 | Rev: 2/99999
Epoch 3257 | Cost: 0.488355 | Acc: 76.67% (Best: 78.89% @ Ep2818) | LR: 0.000300 | Rev: 0/99999
Epoch 3258 | Cost: 0.476214 | Acc: 75.83% (Best: 78.89% @ Ep2818) | LR: 0.000300 | Rev: 0/99999
Epoch 3259 | Cost: 0.506230 | Acc: 74.17% (Best: 78.89% @ Ep2818) | LR: 0.000300 | Rev: 1/99999
Epoch 3260 | Cost: 0.516117 | Acc: 78.61% (Best: 78.89% @ Ep2818) | LR: 0.000300 | Rev: 2/99999
Epoch 3261 | Cost: 0.496313 | Acc: 78.06% (Best: 78.89% @ Ep2818) | LR: 0.000300 | Rev: 0/99999
Epoch 3262 | Cost: 0.475381 | Acc: 75.83% (Best: 78.89% @ Ep2818) | LR: 0.000300 | Rev: 0/99999
Epoch 3263 | Cost: 0.489613 | Acc: 75.00% (Best: 78.89% @ Ep2818) | LR: 0.000300 | Rev: 1/99999
Epoch 3264 | Cost: 0.480503 | Acc: 76.94% (Best: 78.89% @ Ep2818) | LR: 0.000300 | Rev: 0/99999
Epoch 3265 | Cost: 0.485539 | Acc: 76.67% (Best: 78.89% @ Ep2818) | LR: 0.000300 | Rev: 1/99999
Epoch 3266 | Cost: 0.511417 | Acc: 76.39% (Best: 78.89% @ Ep2818) | LR: 0.000300 | Rev: 2/99999
Epoch 3267 | Cost: 0.496694 | Acc: 75.00% (Best: 78.89% @ Ep2818) | LR: 0.000300 | Rev: 0/99999
Epoch 3268 | Cost: 0.490816 | Acc: 76.39% (Best: 78.89% @ Ep2818) | LR: 0.000300 | Rev: 0/99999
Epoch 3269 | Cost: 0.502802 | Acc: 76.67% (Best: 78.89% @ Ep2818) | LR: 0.000300 | Rev: 1/99999
Epoch 3270 | Cost: 0.521505 | Acc: 77.78% (Best: 78.89% @ Ep2818) | LR: 0.000300 | Rev: 2/99999
Epoch 3271 | Cost: 0.494908 | Acc: 75.83% (Best: 78.89% @ Ep2818) | LR: 0.000300 | Rev: 0/99999
Epoch 3272 | Cost: 0.515980 | Acc: 75.56% (Best: 78.89% @ Ep2818) | LR: 0.000300 | Rev: 1/99999
Epoch 3273 | Cost: 0.506246 | Acc: 76.11% (Best: 78.89% @ Ep2818) | LR: 0.000300 | Rev: 0/99999
Epoch 3274 | Cost: 0.496106 | Acc: 76.39% (Best: 78.89% @ Ep2818) | LR: 0.000300 | Rev: 0/99999
Epoch 3275 | Cost: 0.485036 | Acc: 76.94% (Best: 78.89% @ Ep2818) | LR: 0.000300 | Rev: 0/99999
Epoch 3276 | Cost: 0.480509 | Acc: 77.22% (Best: 78.89% @ Ep2818) | LR: 0.000300 | Rev: 0/99999
Epoch 3277 | Cost: 0.495420 | Acc: 76.11% (Best: 78.89% @ Ep2818) | LR: 0.000300 | Rev: 1/99999
Epoch 3278 | Cost: 0.487008 | Acc: 76.11% (Best: 78.89% @ Ep2818) | LR: 0.000300 | Rev: 0/99999
Epoch 3279 | Cost: 0.496373 | Acc: 77.22% (Best: 78.89% @ Ep2818) | LR: 0.000300 | Rev: 1/99999
Epoch 3280 | Cost: 0.492701 | Acc: 76.39% (Best: 78.89% @ Ep2818) | LR: 0.000300 | Rev: 0/99999
Epoch 3281 | Cost: 0.493035 | Acc: 76.94% (Best: 78.89% @ Ep2818) | LR: 0.000300 | Rev: 1/99999
Epoch 3282 | Cost: 0.511850 | Acc: 76.94% (Best: 78.89% @ Ep2818) | LR: 0.000300 | Rev: 2/99999
Epoch 3283 | Cost: 0.507059 | Acc: 76.39% (Best: 78.89% @ Ep2818) | LR: 0.000300 | Rev: 0/99999
Epoch 3284 | Cost: 0.484473 | Acc: 76.39% (Best: 78.89% @ Ep2818) | LR: 0.000300 | Rev: 0/99999
Epoch 3285 | Cost: 0.516198 | Acc: 76.67% (Best: 78.89% @ Ep2818) | LR: 0.000300 | Rev: 1/99999
Epoch 3286 | Cost: 0.477414 | Acc: 76.94% (Best: 78.89% @ Ep2818) | LR: 0.000300 | Rev: 0/99999
Epoch 3287 | Cost: 0.477235 | Acc: 77.50% (Best: 78.89% @ Ep2818) | LR: 0.000300 | Rev: 0/99999
Epoch 3288 | Cost: 0.474754 | Acc: 77.50% (Best: 78.89% @ Ep2818) | LR: 0.000300 | Rev: 0/99999
Epoch 3289 | Cost: 0.485804 | Acc: 77.50% (Best: 78.89% @ Ep2818) | LR: 0.000300 | Rev: 1/99999
Epoch 3290 | Cost: 0.508491 | Acc: 76.94% (Best: 78.89% @ Ep2818) | LR: 0.000300 | Rev: 2/99999
Epoch 3291 | Cost: 0.504684 | Acc: 77.22% (Best: 78.89% @ Ep2818) | LR: 0.000300 | Rev: 0/99999
Epoch 3292 | Cost: 0.473824 | Acc: 76.67% (Best: 78.89% @ Ep2818) | LR: 0.000300 | Rev: 0/99999
Epoch 3293 | Cost: 0.480096 | Acc: 75.28% (Best: 78.89% @ Ep2818) | LR: 0.000300 | Rev: 1/99999
Epoch 3294 | Cost: 0.481746 | Acc: 78.06% (Best: 78.89% @ Ep2818) | LR: 0.000300 | Rev: 2/99999
Epoch 3295 | Cost: 0.478074 | Acc: 77.22% (Best: 78.89% @ Ep2818) | LR: 0.000300 | Rev: 0/99999
Epoch 3296 | Cost: 0.471225 | Acc: 75.28% (Best: 78.89% @ Ep2818) | LR: 0.000300 | Rev: 0/99999
Epoch 3297 | Cost: 0.490279 | Acc: 76.11% (Best: 78.89% @ Ep2818) | LR: 0.000300 | Rev: 1/99999
Epoch 3298 | Cost: 0.511203 | Acc: 77.78% (Best: 78.89% @ Ep2818) | LR: 0.000300 | Rev: 2/99999
Epoch 3299 | Cost: 0.494626 | Acc: 76.94% (Best: 78.89% @ Ep2818) | LR: 0.000300 | Rev: 0/99999
Epoch 3300 | Cost: 0.489577 | Acc: 76.11% (Best: 78.89% @ Ep2818) | LR: 0.000300 | Rev: 0/99999
Epoch 3301 | Cost: 0.500367 | Acc: 76.11% (Best: 78.89% @ Ep2818) | LR: 0.000300 | Rev: 1/99999
Epoch 3302 | Cost: 0.478288 | Acc: 76.67% (Best: 78.89% @ Ep2818) | LR: 0.000300 | Rev: 0/99999
Epoch 3303 | Cost: 0.487164 | Acc: 78.06% (Best: 78.89% @ Ep2818) | LR: 0.000300 | Rev: 1/99999
Epoch 3304 | Cost: 0.517128 | Acc: 74.44% (Best: 78.89% @ Ep2818) | LR: 0.000300 | Rev: 2/99999
Epoch 3305 | Cost: 0.490461 | Acc: 76.11% (Best: 78.89% @ Ep2818) | LR: 0.000300 | Rev: 0/99999
Epoch 3306 | Cost: 0.489506 | Acc: 77.78% (Best: 78.89% @ Ep2818) | LR: 0.000300 | Rev: 0/99999
Epoch 3307 | Cost: 0.485285 | Acc: 75.28% (Best: 78.89% @ Ep2818) | LR: 0.000300 | Rev: 0/99999
Epoch 3308 | Cost: 0.492607 | Acc: 76.11% (Best: 78.89% @ Ep2818) | LR: 0.000300 | Rev: 1/99999
Epoch 3309 | Cost: 0.492270 | Acc: 76.67% (Best: 78.89% @ Ep2818) | LR: 0.000300 | Rev: 0/99999
Epoch 3310 | Cost: 0.510990 | Acc: 76.94% (Best: 78.89% @ Ep2818) | LR: 0.000300 | Rev: 1/99999
Epoch 3311 | Cost: 0.487422 | Acc: 76.67% (Best: 78.89% @ Ep2818) | LR: 0.000300 | Rev: 0/99999
Epoch 3312 | Cost: 0.499726 | Acc: 76.67% (Best: 78.89% @ Ep2818) | LR: 0.000300 | Rev: 1/99999
Epoch 3313 | Cost: 0.490610 | Acc: 76.67% (Best: 78.89% @ Ep2818) | LR: 0.000300 | Rev: 0/99999
Epoch 3314 | Cost: 0.494335 | Acc: 77.22% (Best: 78.89% @ Ep2818) | LR: 0.000300 | Rev: 1/99999
Epoch 3315 | Cost: 0.475828 | Acc: 76.39% (Best: 78.89% @ Ep2818) | LR: 0.000300 | Rev: 0/99999
Epoch 3316 | Cost: 0.508061 | Acc: 76.39% (Best: 78.89% @ Ep2818) | LR: 0.000300 | Rev: 1/99999
Epoch 3317 | Cost: 0.486748 | Acc: 76.39% (Best: 78.89% @ Ep2818) | LR: 0.000300 | Rev: 0/99999
Epoch 3318 | Cost: 0.516138 | Acc: 76.39% (Best: 78.89% @ Ep2818) | LR: 0.000300 | Rev: 1/99999
Epoch 3319 | Cost: 0.493757 | Acc: 76.11% (Best: 78.89% @ Ep2818) | LR: 0.000300 | Rev: 0/99999
Epoch 3320 | Cost: 0.510031 | Acc: 75.83% (Best: 78.89% @ Ep2818) | LR: 0.000300 | Rev: 1/99999
Epoch 3321 | Cost: 0.485165 | Acc: 74.72% (Best: 78.89% @ Ep2818) | LR: 0.000300 | Rev: 0/99999
Epoch 3322 | Cost: 0.503038 | Acc: 77.78% (Best: 78.89% @ Ep2818) | LR: 0.000300 | Rev: 1/99999
Epoch 3323 | Cost: 0.490858 | Acc: 75.83% (Best: 78.89% @ Ep2818) | LR: 0.000300 | Rev: 0/99999
Epoch 3324 | Cost: 0.480274 | Acc: 75.83% (Best: 78.89% @ Ep2818) | LR: 0.000300 | Rev: 0/99999
Epoch 3325 | Cost: 0.490432 | Acc: 77.50% (Best: 78.89% @ Ep2818) | LR: 0.000300 | Rev: 1/99999
Epoch 3326 | Cost: 0.465016 | Acc: 76.11% (Best: 78.89% @ Ep2818) | LR: 0.000300 | Rev: 0/99999
Epoch 3327 | Cost: 0.467950 | Acc: 76.39% (Best: 78.89% @ Ep2818) | LR: 0.000300 | Rev: 1/99999
Epoch 3328 | Cost: 0.486463 | Acc: 76.11% (Best: 78.89% @ Ep2818) | LR: 0.000300 | Rev: 2/99999
Epoch 3329 | Cost: 0.473654 | Acc: 76.11% (Best: 78.89% @ Ep2818) | LR: 0.000300 | Rev: 0/99999
Epoch 3330 | Cost: 0.473448 | Acc: 77.50% (Best: 78.89% @ Ep2818) | LR: 0.000300 | Rev: 0/99999
Epoch 3331 | Cost: 0.475095 | Acc: 76.67% (Best: 78.89% @ Ep2818) | LR: 0.000300 | Rev: 1/99999
Epoch 3332 | Cost: 0.483875 | Acc: 74.72% (Best: 78.89% @ Ep2818) | LR: 0.000300 | Rev: 2/99999
Epoch 3333 | Cost: 0.485733 | Acc: 77.50% (Best: 78.89% @ Ep2818) | LR: 0.000300 | Rev: 3/99999
Epoch 3334 | Cost: 0.473341 | Acc: 75.00% (Best: 78.89% @ Ep2818) | LR: 0.000300 | Rev: 0/99999
Epoch 3335 | Cost: 0.461138 | Acc: 76.67% (Best: 78.89% @ Ep2818) | LR: 0.000300 | Rev: 0/99999
Epoch 3336 | Cost: 0.502457 | Acc: 76.67% (Best: 78.89% @ Ep2818) | LR: 0.000300 | Rev: 1/99999
Epoch 3337 | Cost: 0.475722 | Acc: 76.67% (Best: 78.89% @ Ep2818) | LR: 0.000300 | Rev: 0/99999
Epoch 3338 | Cost: 0.470299 | Acc: 76.11% (Best: 78.89% @ Ep2818) | LR: 0.000300 | Rev: 0/99999
Epoch 3339 | Cost: 0.478103 | Acc: 76.39% (Best: 78.89% @ Ep2818) | LR: 0.000300 | Rev: 1/99999
Epoch 3340 | Cost: 0.456961 | Acc: 75.83% (Best: 78.89% @ Ep2818) | LR: 0.000300 | Rev: 0/99999
Epoch 3341 | Cost: 0.488976 | Acc: 76.67% (Best: 78.89% @ Ep2818) | LR: 0.000300 | Rev: 1/99999
Epoch 3342 | Cost: 0.477252 | Acc: 77.50% (Best: 78.89% @ Ep2818) | LR: 0.000300 | Rev: 0/99999
Epoch 3343 | Cost: 0.468472 | Acc: 74.72% (Best: 78.89% @ Ep2818) | LR: 0.000300 | Rev: 0/99999
Epoch 3344 | Cost: 0.488225 | Acc: 76.11% (Best: 78.89% @ Ep2818) | LR: 0.000300 | Rev: 1/99999
Epoch 3345 | Cost: 0.488192 | Acc: 75.00% (Best: 78.89% @ Ep2818) | LR: 0.000300 | Rev: 0/99999
Epoch 3346 | Cost: 0.476140 | Acc: 76.39% (Best: 78.89% @ Ep2818) | LR: 0.000300 | Rev: 0/99999
Epoch 3347 | Cost: 0.467497 | Acc: 77.50% (Best: 78.89% @ Ep2818) | LR: 0.000300 | Rev: 0/99999
Epoch 3348 | Cost: 0.465780 | Acc: 76.11% (Best: 78.89% @ Ep2818) | LR: 0.000300 | Rev: 0/99999
Epoch 3349 | Cost: 0.484457 | Acc: 76.94% (Best: 78.89% @ Ep2818) | LR: 0.000300 | Rev: 1/99999
Epoch 3350 | Cost: 0.469194 | Acc: 76.39% (Best: 78.89% @ Ep2818) | LR: 0.000300 | Rev: 0/99999
Epoch 3351 | Cost: 0.464711 | Acc: 77.50% (Best: 78.89% @ Ep2818) | LR: 0.000300 | Rev: 0/99999
Epoch 3352 | Cost: 0.477689 | Acc: 78.06% (Best: 78.89% @ Ep2818) | LR: 0.000300 | Rev: 1/99999
Epoch 3353 | Cost: 0.473043 | Acc: 75.28% (Best: 78.89% @ Ep2818) | LR: 0.000300 | Rev: 0/99999
Epoch 3354 | Cost: 0.466958 | Acc: 78.06% (Best: 78.89% @ Ep2818) | LR: 0.000300 | Rev: 0/99999
Epoch 3355 | Cost: 0.471096 | Acc: 76.11% (Best: 78.89% @ Ep2818) | LR: 0.000300 | Rev: 1/99999
Epoch 3356 | Cost: 0.467578 | Acc: 77.78% (Best: 78.89% @ Ep2818) | LR: 0.000300 | Rev: 0/99999
Epoch 3357 | Cost: 0.472362 | Acc: 77.50% (Best: 78.89% @ Ep2818) | LR: 0.000300 | Rev: 1/99999
Epoch 3358 | Cost: 0.464267 | Acc: 76.39% (Best: 78.89% @ Ep2818) | LR: 0.000300 | Rev: 0/99999
Epoch 3359 | Cost: 0.468141 | Acc: 77.78% (Best: 78.89% @ Ep2818) | LR: 0.000300 | Rev: 1/99999
Epoch 3360 | Cost: 0.472269 | Acc: 75.56% (Best: 78.89% @ Ep2818) | LR: 0.000300 | Rev: 2/99999
Epoch 3361 | Cost: 0.471605 | Acc: 77.22% (Best: 78.89% @ Ep2818) | LR: 0.000300 | Rev: 0/99999
Epoch 3362 | Cost: 0.484439 | Acc: 75.56% (Best: 78.89% @ Ep2818) | LR: 0.000300 | Rev: 1/99999
Epoch 3363 | Cost: 0.460766 | Acc: 77.78% (Best: 78.89% @ Ep2818) | LR: 0.000300 | Rev: 0/99999
Epoch 3364 | Cost: 0.462451 | Acc: 76.94% (Best: 78.89% @ Ep2818) | LR: 0.000300 | Rev: 1/99999
Epoch 3365 | Cost: 0.455093 | Acc: 78.61% (Best: 78.89% @ Ep2818) | LR: 0.000300 | Rev: 0/99999
Epoch 3366 | Cost: 0.445214 | Acc: 76.67% (Best: 78.89% @ Ep2818) | LR: 0.000300 | Rev: 0/99999
Epoch 3367 | Cost: 0.465444 | Acc: 78.06% (Best: 78.89% @ Ep2818) | LR: 0.000300 | Rev: 1/99999
Epoch 3368 | Cost: 0.468157 | Acc: 77.22% (Best: 78.89% @ Ep2818) | LR: 0.000300 | Rev: 2/99999
Epoch 3369 | Cost: 0.475525 | Acc: 76.11% (Best: 78.89% @ Ep2818) | LR: 0.000300 | Rev: 3/99999
Epoch 3370 | Cost: 0.489022 | Acc: 76.94% (Best: 78.89% @ Ep2818) | LR: 0.000300 | Rev: 4/99999
Epoch 3371 | Cost: 0.446901 | Acc: 78.06% (Best: 78.89% @ Ep2818) | LR: 0.000300 | Rev: 0/99999
Epoch 3372 | Cost: 0.473923 | Acc: 76.94% (Best: 78.89% @ Ep2818) | LR: 0.000300 | Rev: 1/99999
Epoch 3373 | Cost: 0.499608 | Acc: 76.67% (Best: 78.89% @ Ep2818) | LR: 0.000300 | Rev: 2/99999
Epoch 3374 | Cost: 0.478474 | Acc: 76.39% (Best: 78.89% @ Ep2818) | LR: 0.000300 | Rev: 0/99999
Epoch 3375 | Cost: 0.473593 | Acc: 76.39% (Best: 78.89% @ Ep2818) | LR: 0.000300 | Rev: 0/99999
Epoch 3376 | Cost: 0.475920 | Acc: 76.67% (Best: 78.89% @ Ep2818) | LR: 0.000300 | Rev: 1/99999
Epoch 3377 | Cost: 0.467738 | Acc: 76.39% (Best: 78.89% @ Ep2818) | LR: 0.000300 | Rev: 0/99999
Epoch 3378 | Cost: 0.465845 | Acc: 77.22% (Best: 78.89% @ Ep2818) | LR: 0.000300 | Rev: 0/99999
Epoch 3379 | Cost: 0.459385 | Acc: 76.94% (Best: 78.89% @ Ep2818) | LR: 0.000300 | Rev: 0/99999
Epoch 3380 | Cost: 0.471289 | Acc: 77.50% (Best: 78.89% @ Ep2818) | LR: 0.000300 | Rev: 1/99999
Epoch 3381 | Cost: 0.481980 | Acc: 76.39% (Best: 78.89% @ Ep2818) | LR: 0.000300 | Rev: 2/99999
Epoch 3382 | Cost: 0.473566 | Acc: 76.11% (Best: 78.89% @ Ep2818) | LR: 0.000300 | Rev: 0/99999
Epoch 3383 | Cost: 0.466240 | Acc: 77.50% (Best: 78.89% @ Ep2818) | LR: 0.000300 | Rev: 0/99999
Epoch 3384 | Cost: 0.457849 | Acc: 76.67% (Best: 78.89% @ Ep2818) | LR: 0.000300 | Rev: 0/99999
Epoch 3385 | Cost: 0.468255 | Acc: 77.22% (Best: 78.89% @ Ep2818) | LR: 0.000300 | Rev: 1/99999
Epoch 3386 | Cost: 0.491152 | Acc: 77.22% (Best: 78.89% @ Ep2818) | LR: 0.000300 | Rev: 2/99999
Epoch 3387 | Cost: 0.471976 | Acc: 75.83% (Best: 78.89% @ Ep2818) | LR: 0.000300 | Rev: 0/99999
Epoch 3388 | Cost: 0.445391 | Acc: 77.22% (Best: 78.89% @ Ep2818) | LR: 0.000300 | Rev: 0/99999
Epoch 3389 | Cost: 0.448939 | Acc: 76.39% (Best: 78.89% @ Ep2818) | LR: 0.000300 | Rev: 1/99999
Epoch 3390 | Cost: 0.469771 | Acc: 75.83% (Best: 78.89% @ Ep2818) | LR: 0.000300 | Rev: 2/99999
Epoch 3391 | Cost: 0.477325 | Acc: 76.39% (Best: 78.89% @ Ep2818) | LR: 0.000300 | Rev: 3/99999
Epoch 3392 | Cost: 0.448411 | Acc: 76.11% (Best: 78.89% @ Ep2818) | LR: 0.000300 | Rev: 0/99999
Epoch 3393 | Cost: 0.478099 | Acc: 77.50% (Best: 78.89% @ Ep2818) | LR: 0.000300 | Rev: 1/99999
Epoch 3394 | Cost: 0.450753 | Acc: 76.94% (Best: 78.89% @ Ep2818) | LR: 0.000300 | Rev: 0/99999
Epoch 3395 | Cost: 0.451697 | Acc: 77.22% (Best: 78.89% @ Ep2818) | LR: 0.000300 | Rev: 1/99999
Epoch 3396 | Cost: 0.451446 | Acc: 75.28% (Best: 78.89% @ Ep2818) | LR: 0.000300 | Rev: 0/99999
Epoch 3397 | Cost: 0.486214 | Acc: 77.78% (Best: 78.89% @ Ep2818) | LR: 0.000300 | Rev: 1/99999
Epoch 3398 | Cost: 0.471879 | Acc: 78.06% (Best: 78.89% @ Ep2818) | LR: 0.000300 | Rev: 0/99999
Epoch 3399 | Cost: 0.458621 | Acc: 78.33% (Best: 78.89% @ Ep2818) | LR: 0.000300 | Rev: 0/99999
Epoch 3400 | Cost: 0.452573 | Acc: 76.94% (Best: 78.89% @ Ep2818) | LR: 0.000300 | Rev: 0/99999
Epoch 3401 | Cost: 0.455534 | Acc: 79.17% (Best: 79.17% @ Ep3401) | LR: 0.000010 | Rev: 1/99999
Epoch 3402 | Cost: 0.471031 | Acc: 78.89% (Best: 79.17% @ Ep3401) | LR: 0.000010 | Rev: 2/99999
Epoch 3403 | Cost: 0.440190 | Acc: 78.61% (Best: 79.17% @ Ep3401) | LR: 0.000010 | Rev: 0/99999
Epoch 3404 | Cost: 0.448790 | Acc: 78.06% (Best: 79.17% @ Ep3401) | LR: 0.000010 | Rev: 1/99999
Epoch 3405 | Cost: 0.450486 | Acc: 77.78% (Best: 79.17% @ Ep3401) | LR: 0.000010 | Rev: 2/99999
Epoch 3406 | Cost: 0.441117 | Acc: 77.50% (Best: 79.17% @ Ep3401) | LR: 0.000010 | Rev: 0/99999
Epoch 3407 | Cost: 0.447506 | Acc: 77.50% (Best: 79.17% @ Ep3401) | LR: 0.000010 | Rev: 1/99999
Epoch 3408 | Cost: 0.440085 | Acc: 77.78% (Best: 79.17% @ Ep3401) | LR: 0.000010 | Rev: 0/99999
Epoch 3409 | Cost: 0.440281 | Acc: 77.50% (Best: 79.17% @ Ep3401) | LR: 0.000010 | Rev: 1/99999
Epoch 3410 | Cost: 0.433154 | Acc: 77.78% (Best: 79.17% @ Ep3401) | LR: 0.000010 | Rev: 0/99999
Epoch 3411 | Cost: 0.434705 | Acc: 77.78% (Best: 79.17% @ Ep3401) | LR: 0.000010 | Rev: 1/99999
Epoch 3412 | Cost: 0.439131 | Acc: 78.06% (Best: 79.17% @ Ep3401) | LR: 0.000010 | Rev: 2/99999
Epoch 3413 | Cost: 0.429629 | Acc: 78.06% (Best: 79.17% @ Ep3401) | LR: 0.000010 | Rev: 0/99999
Epoch 3414 | Cost: 0.441403 | Acc: 77.78% (Best: 79.17% @ Ep3401) | LR: 0.000010 | Rev: 1/99999
Epoch 3415 | Cost: 0.430883 | Acc: 78.06% (Best: 79.17% @ Ep3401) | LR: 0.000010 | Rev: 0/99999
Epoch 3416 | Cost: 0.445690 | Acc: 77.78% (Best: 79.17% @ Ep3401) | LR: 0.000010 | Rev: 1/99999
Epoch 3417 | Cost: 0.429305 | Acc: 77.78% (Best: 79.17% @ Ep3401) | LR: 0.000010 | Rev: 0/99999
Epoch 3418 | Cost: 0.429953 | Acc: 77.50% (Best: 79.17% @ Ep3401) | LR: 0.000010 | Rev: 1/99999
Epoch 3419 | Cost: 0.430707 | Acc: 77.50% (Best: 79.17% @ Ep3401) | LR: 0.000010 | Rev: 2/99999
Epoch 3420 | Cost: 0.430870 | Acc: 77.78% (Best: 79.17% @ Ep3401) | LR: 0.000010 | Rev: 3/99999
Epoch 3421 | Cost: 0.446817 | Acc: 77.50% (Best: 79.17% @ Ep3401) | LR: 0.000010 | Rev: 4/99999
Epoch 3422 | Cost: 0.438762 | Acc: 77.22% (Best: 79.17% @ Ep3401) | LR: 0.000010 | Rev: 0/99999
Epoch 3423 | Cost: 0.428949 | Acc: 77.22% (Best: 79.17% @ Ep3401) | LR: 0.000010 | Rev: 0/99999
Epoch 3424 | Cost: 0.444303 | Acc: 77.50% (Best: 79.17% @ Ep3401) | LR: 0.000010 | Rev: 1/99999
Epoch 3425 | Cost: 0.423782 | Acc: 77.22% (Best: 79.17% @ Ep3401) | LR: 0.000010 | Rev: 0/99999
Epoch 3426 | Cost: 0.436438 | Acc: 77.22% (Best: 79.17% @ Ep3401) | LR: 0.000010 | Rev: 1/99999
Epoch 3427 | Cost: 0.432691 | Acc: 77.22% (Best: 79.17% @ Ep3401) | LR: 0.000010 | Rev: 0/99999
Epoch 3428 | Cost: 0.444802 | Acc: 77.50% (Best: 79.17% @ Ep3401) | LR: 0.000010 | Rev: 1/99999
Epoch 3429 | Cost: 0.426866 | Acc: 77.50% (Best: 79.17% @ Ep3401) | LR: 0.000010 | Rev: 0/99999
Epoch 3430 | Cost: 0.441833 | Acc: 77.50% (Best: 79.17% @ Ep3401) | LR: 0.000010 | Rev: 1/99999
Epoch 3431 | Cost: 0.421805 | Acc: 77.50% (Best: 79.17% @ Ep3401) | LR: 0.000010 | Rev: 0/99999
Epoch 3432 | Cost: 0.441146 | Acc: 77.50% (Best: 79.17% @ Ep3401) | LR: 0.000010 | Rev: 1/99999
Epoch 3433 | Cost: 0.430272 | Acc: 77.50% (Best: 79.17% @ Ep3401) | LR: 0.000010 | Rev: 0/99999
Epoch 3434 | Cost: 0.431578 | Acc: 77.22% (Best: 79.17% @ Ep3401) | LR: 0.000010 | Rev: 1/99999
Epoch 3435 | Cost: 0.439239 | Acc: 77.50% (Best: 79.17% @ Ep3401) | LR: 0.000010 | Rev: 2/99999
Epoch 3436 | Cost: 0.430137 | Acc: 77.50% (Best: 79.17% @ Ep3401) | LR: 0.000010 | Rev: 0/99999
Epoch 3437 | Cost: 0.416555 | Acc: 77.50% (Best: 79.17% @ Ep3401) | LR: 0.000010 | Rev: 0/99999
Epoch 3438 | Cost: 0.427708 | Acc: 77.50% (Best: 79.17% @ Ep3401) | LR: 0.000010 | Rev: 1/99999
Epoch 3439 | Cost: 0.426443 | Acc: 77.78% (Best: 79.17% @ Ep3401) | LR: 0.000010 | Rev: 0/99999
Epoch 3440 | Cost: 0.433883 | Acc: 78.06% (Best: 79.17% @ Ep3401) | LR: 0.000010 | Rev: 1/99999
Epoch 3441 | Cost: 0.430703 | Acc: 77.78% (Best: 79.17% @ Ep3401) | LR: 0.000010 | Rev: 0/99999
Epoch 3442 | Cost: 0.440804 | Acc: 77.50% (Best: 79.17% @ Ep3401) | LR: 0.000010 | Rev: 1/99999
Epoch 3443 | Cost: 0.443269 | Acc: 77.22% (Best: 79.17% @ Ep3401) | LR: 0.000010 | Rev: 2/99999
Epoch 3444 | Cost: 0.452127 | Acc: 77.50% (Best: 79.17% @ Ep3401) | LR: 0.000010 | Rev: 3/99999
Epoch 3445 | Cost: 0.442213 | Acc: 77.78% (Best: 79.17% @ Ep3401) | LR: 0.000010 | Rev: 0/99999
Epoch 3446 | Cost: 0.447663 | Acc: 78.06% (Best: 79.17% @ Ep3401) | LR: 0.000010 | Rev: 1/99999
Epoch 3447 | Cost: 0.448175 | Acc: 77.78% (Best: 79.17% @ Ep3401) | LR: 0.000010 | Rev: 2/99999
Epoch 3448 | Cost: 0.444286 | Acc: 77.78% (Best: 79.17% @ Ep3401) | LR: 0.000010 | Rev: 0/99999
Epoch 3449 | Cost: 0.425179 | Acc: 77.78% (Best: 79.17% @ Ep3401) | LR: 0.000010 | Rev: 0/99999
Epoch 3450 | Cost: 0.428769 | Acc: 77.78% (Best: 79.17% @ Ep3401) | LR: 0.000010 | Rev: 1/99999
Epoch 3451 | Cost: 0.425978 | Acc: 78.06% (Best: 79.17% @ Ep3401) | LR: 0.000020 | Rev: 0/99999
Epoch 3452 | Cost: 0.444788 | Acc: 77.78% (Best: 79.17% @ Ep3401) | LR: 0.000020 | Rev: 1/99999
Epoch 3453 | Cost: 0.428886 | Acc: 77.78% (Best: 79.17% @ Ep3401) | LR: 0.000020 | Rev: 0/99999
Epoch 3454 | Cost: 0.437920 | Acc: 78.06% (Best: 79.17% @ Ep3401) | LR: 0.000020 | Rev: 1/99999
Epoch 3455 | Cost: 0.431560 | Acc: 78.06% (Best: 79.17% @ Ep3401) | LR: 0.000020 | Rev: 0/99999
Epoch 3456 | Cost: 0.426932 | Acc: 77.78% (Best: 79.17% @ Ep3401) | LR: 0.000020 | Rev: 0/99999
Epoch 3457 | Cost: 0.415043 | Acc: 78.61% (Best: 79.17% @ Ep3401) | LR: 0.000020 | Rev: 0/99999
Epoch 3458 | Cost: 0.432953 | Acc: 78.33% (Best: 79.17% @ Ep3401) | LR: 0.000020 | Rev: 1/99999
Epoch 3459 | Cost: 0.443231 | Acc: 78.33% (Best: 79.17% @ Ep3401) | LR: 0.000020 | Rev: 2/99999
Epoch 3460 | Cost: 0.432605 | Acc: 78.33% (Best: 79.17% @ Ep3401) | LR: 0.000020 | Rev: 0/99999
Epoch 3461 | Cost: 0.427529 | Acc: 77.50% (Best: 79.17% @ Ep3401) | LR: 0.000030 | Rev: 0/99999
Epoch 3462 | Cost: 0.437258 | Acc: 76.94% (Best: 79.17% @ Ep3401) | LR: 0.000030 | Rev: 1/99999
Epoch 3463 | Cost: 0.433847 | Acc: 78.61% (Best: 79.17% @ Ep3401) | LR: 0.000030 | Rev: 0/99999
Epoch 3464 | Cost: 0.428385 | Acc: 77.50% (Best: 79.17% @ Ep3401) | LR: 0.000030 | Rev: 0/99999
Epoch 3465 | Cost: 0.437827 | Acc: 78.06% (Best: 79.17% @ Ep3401) | LR: 0.000030 | Rev: 1/99999
Epoch 3466 | Cost: 0.441660 | Acc: 78.33% (Best: 79.17% @ Ep3401) | LR: 0.000030 | Rev: 2/99999
Epoch 3467 | Cost: 0.431850 | Acc: 78.33% (Best: 79.17% @ Ep3401) | LR: 0.000030 | Rev: 0/99999
Epoch 3468 | Cost: 0.434891 | Acc: 78.06% (Best: 79.17% @ Ep3401) | LR: 0.000030 | Rev: 1/99999
Epoch 3469 | Cost: 0.436916 | Acc: 78.33% (Best: 79.17% @ Ep3401) | LR: 0.000030 | Rev: 2/99999
Epoch 3470 | Cost: 0.431530 | Acc: 78.33% (Best: 79.17% @ Ep3401) | LR: 0.000030 | Rev: 0/99999
Epoch 3471 | Cost: 0.424369 | Acc: 78.61% (Best: 79.17% @ Ep3401) | LR: 0.000040 | Rev: 0/99999
Epoch 3472 | Cost: 0.431762 | Acc: 78.06% (Best: 79.17% @ Ep3401) | LR: 0.000040 | Rev: 1/99999
Epoch 3473 | Cost: 0.420901 | Acc: 78.33% (Best: 79.17% @ Ep3401) | LR: 0.000040 | Rev: 0/99999
Epoch 3474 | Cost: 0.429608 | Acc: 78.33% (Best: 79.17% @ Ep3401) | LR: 0.000040 | Rev: 1/99999
Epoch 3475 | Cost: 0.434319 | Acc: 77.50% (Best: 79.17% @ Ep3401) | LR: 0.000040 | Rev: 2/99999
Epoch 3476 | Cost: 0.441517 | Acc: 78.06% (Best: 79.17% @ Ep3401) | LR: 0.000040 | Rev: 3/99999
Epoch 3477 | Cost: 0.444866 | Acc: 77.50% (Best: 79.17% @ Ep3401) | LR: 0.000040 | Rev: 4/99999
Epoch 3478 | Cost: 0.437531 | Acc: 78.06% (Best: 79.17% @ Ep3401) | LR: 0.000040 | Rev: 0/99999
Epoch 3479 | Cost: 0.435825 | Acc: 78.06% (Best: 79.17% @ Ep3401) | LR: 0.000040 | Rev: 0/99999
Epoch 3480 | Cost: 0.436870 | Acc: 78.06% (Best: 79.17% @ Ep3401) | LR: 0.000040 | Rev: 1/99999
Epoch 3481 | Cost: 0.433393 | Acc: 78.33% (Best: 79.17% @ Ep3401) | LR: 0.000050 | Rev: 0/99999
Epoch 3482 | Cost: 0.428252 | Acc: 76.94% (Best: 79.17% @ Ep3401) | LR: 0.000050 | Rev: 0/99999
Epoch 3483 | Cost: 0.445286 | Acc: 77.50% (Best: 79.17% @ Ep3401) | LR: 0.000050 | Rev: 1/99999
Epoch 3484 | Cost: 0.434709 | Acc: 77.50% (Best: 79.17% @ Ep3401) | LR: 0.000050 | Rev: 0/99999
Epoch 3485 | Cost: 0.442799 | Acc: 77.50% (Best: 79.17% @ Ep3401) | LR: 0.000050 | Rev: 1/99999
Epoch 3486 | Cost: 0.419561 | Acc: 77.22% (Best: 79.17% @ Ep3401) | LR: 0.000050 | Rev: 0/99999
Epoch 3487 | Cost: 0.431756 | Acc: 77.78% (Best: 79.17% @ Ep3401) | LR: 0.000050 | Rev: 1/99999
Epoch 3488 | Cost: 0.443790 | Acc: 78.06% (Best: 79.17% @ Ep3401) | LR: 0.000050 | Rev: 2/99999
Epoch 3489 | Cost: 0.445206 | Acc: 77.78% (Best: 79.17% @ Ep3401) | LR: 0.000050 | Rev: 3/99999
Epoch 3490 | Cost: 0.452416 | Acc: 78.33% (Best: 79.17% @ Ep3401) | LR: 0.000050 | Rev: 4/99999
Epoch 3491 | Cost: 0.425839 | Acc: 77.78% (Best: 79.17% @ Ep3401) | LR: 0.000060 | Rev: 0/99999
Epoch 3492 | Cost: 0.454844 | Acc: 77.78% (Best: 79.17% @ Ep3401) | LR: 0.000060 | Rev: 1/99999
Epoch 3493 | Cost: 0.440646 | Acc: 77.22% (Best: 79.17% @ Ep3401) | LR: 0.000060 | Rev: 0/99999
Epoch 3494 | Cost: 0.455570 | Acc: 78.33% (Best: 79.17% @ Ep3401) | LR: 0.000060 | Rev: 1/99999
Epoch 3495 | Cost: 0.451509 | Acc: 78.89% (Best: 79.17% @ Ep3401) | LR: 0.000060 | Rev: 0/99999
Epoch 3496 | Cost: 0.430834 | Acc: 77.50% (Best: 79.17% @ Ep3401) | LR: 0.000060 | Rev: 0/99999
Epoch 3497 | Cost: 0.426824 | Acc: 77.78% (Best: 79.17% @ Ep3401) | LR: 0.000060 | Rev: 0/99999
Epoch 3498 | Cost: 0.445281 | Acc: 77.22% (Best: 79.17% @ Ep3401) | LR: 0.000060 | Rev: 1/99999
Epoch 3499 | Cost: 0.434057 | Acc: 76.94% (Best: 79.17% @ Ep3401) | LR: 0.000060 | Rev: 0/99999
Epoch 3500 | Cost: 0.445484 | Acc: 77.22% (Best: 79.17% @ Ep3401) | LR: 0.000060 | Rev: 1/99999
Epoch 3501 | Cost: 0.427919 | Acc: 77.78% (Best: 79.17% @ Ep3401) | LR: 0.000070 | Rev: 0/99999
Epoch 3502 | Cost: 0.454242 | Acc: 77.78% (Best: 79.17% @ Ep3401) | LR: 0.000070 | Rev: 1/99999
Epoch 3503 | Cost: 0.442648 | Acc: 78.33% (Best: 79.17% @ Ep3401) | LR: 0.000070 | Rev: 0/99999
Epoch 3504 | Cost: 0.442949 | Acc: 76.39% (Best: 79.17% @ Ep3401) | LR: 0.000070 | Rev: 1/99999
Epoch 3505 | Cost: 0.432512 | Acc: 78.06% (Best: 79.17% @ Ep3401) | LR: 0.000070 | Rev: 0/99999
Epoch 3506 | Cost: 0.446887 | Acc: 78.61% (Best: 79.17% @ Ep3401) | LR: 0.000070 | Rev: 1/99999
Epoch 3507 | Cost: 0.479741 | Acc: 78.06% (Best: 79.17% @ Ep3401) | LR: 0.000070 | Rev: 2/99999
Epoch 3508 | Cost: 0.472464 | Acc: 77.22% (Best: 79.17% @ Ep3401) | LR: 0.000070 | Rev: 0/99999
Epoch 3509 | Cost: 0.444139 | Acc: 77.22% (Best: 79.17% @ Ep3401) | LR: 0.000070 | Rev: 0/99999
Epoch 3510 | Cost: 0.435966 | Acc: 77.22% (Best: 79.17% @ Ep3401) | LR: 0.000070 | Rev: 0/99999
Epoch 3511 | Cost: 0.448556 | Acc: 77.22% (Best: 79.17% @ Ep3401) | LR: 0.000080 | Rev: 1/99999
Epoch 3512 | Cost: 0.449760 | Acc: 77.78% (Best: 79.17% @ Ep3401) | LR: 0.000080 | Rev: 2/99999
Epoch 3513 | Cost: 0.424575 | Acc: 76.94% (Best: 79.17% @ Ep3401) | LR: 0.000080 | Rev: 0/99999
Epoch 3514 | Cost: 0.435871 | Acc: 77.78% (Best: 79.17% @ Ep3401) | LR: 0.000080 | Rev: 1/99999
Epoch 3515 | Cost: 0.435953 | Acc: 77.22% (Best: 79.17% @ Ep3401) | LR: 0.000080 | Rev: 2/99999
Epoch 3516 | Cost: 0.418727 | Acc: 76.94% (Best: 79.17% @ Ep3401) | LR: 0.000080 | Rev: 0/99999
Epoch 3517 | Cost: 0.435847 | Acc: 77.22% (Best: 79.17% @ Ep3401) | LR: 0.000080 | Rev: 1/99999
Epoch 3518 | Cost: 0.433404 | Acc: 78.06% (Best: 79.17% @ Ep3401) | LR: 0.000080 | Rev: 0/99999
Epoch 3519 | Cost: 0.433381 | Acc: 77.22% (Best: 79.17% @ Ep3401) | LR: 0.000080 | Rev: 0/99999
Epoch 3520 | Cost: 0.434033 | Acc: 77.22% (Best: 79.17% @ Ep3401) | LR: 0.000080 | Rev: 1/99999
Epoch 3521 | Cost: 0.436293 | Acc: 78.33% (Best: 79.17% @ Ep3401) | LR: 0.000090 | Rev: 2/99999
Epoch 3522 | Cost: 0.437038 | Acc: 78.33% (Best: 79.17% @ Ep3401) | LR: 0.000090 | Rev: 3/99999
Epoch 3523 | Cost: 0.435452 | Acc: 77.78% (Best: 79.17% @ Ep3401) | LR: 0.000090 | Rev: 0/99999
Epoch 3524 | Cost: 0.430454 | Acc: 77.78% (Best: 79.17% @ Ep3401) | LR: 0.000090 | Rev: 0/99999
Epoch 3525 | Cost: 0.435199 | Acc: 78.06% (Best: 79.17% @ Ep3401) | LR: 0.000090 | Rev: 1/99999
Epoch 3526 | Cost: 0.427801 | Acc: 76.94% (Best: 79.17% @ Ep3401) | LR: 0.000090 | Rev: 0/99999
Epoch 3527 | Cost: 0.437172 | Acc: 77.22% (Best: 79.17% @ Ep3401) | LR: 0.000090 | Rev: 1/99999
Epoch 3528 | Cost: 0.423301 | Acc: 77.22% (Best: 79.17% @ Ep3401) | LR: 0.000090 | Rev: 0/99999
Epoch 3529 | Cost: 0.434242 | Acc: 77.22% (Best: 79.17% @ Ep3401) | LR: 0.000090 | Rev: 1/99999
Epoch 3530 | Cost: 0.442388 | Acc: 78.06% (Best: 79.17% @ Ep3401) | LR: 0.000090 | Rev: 2/99999
Epoch 3531 | Cost: 0.435994 | Acc: 76.67% (Best: 79.17% @ Ep3401) | LR: 0.000100 | Rev: 0/99999
Epoch 3532 | Cost: 0.426263 | Acc: 77.50% (Best: 79.17% @ Ep3401) | LR: 0.000100 | Rev: 0/99999
Epoch 3533 | Cost: 0.448098 | Acc: 76.94% (Best: 79.17% @ Ep3401) | LR: 0.000100 | Rev: 1/99999
Epoch 3534 | Cost: 0.441297 | Acc: 78.33% (Best: 79.17% @ Ep3401) | LR: 0.000100 | Rev: 0/99999
Epoch 3535 | Cost: 0.448028 | Acc: 77.22% (Best: 79.17% @ Ep3401) | LR: 0.000100 | Rev: 1/99999
Epoch 3536 | Cost: 0.438292 | Acc: 78.06% (Best: 79.17% @ Ep3401) | LR: 0.000100 | Rev: 0/99999
Epoch 3537 | Cost: 0.434292 | Acc: 77.22% (Best: 79.17% @ Ep3401) | LR: 0.000100 | Rev: 0/99999
Epoch 3538 | Cost: 0.430319 | Acc: 77.50% (Best: 79.17% @ Ep3401) | LR: 0.000100 | Rev: 0/99999
Epoch 3539 | Cost: 0.433626 | Acc: 77.78% (Best: 79.17% @ Ep3401) | LR: 0.000100 | Rev: 1/99999
Epoch 3540 | Cost: 0.434374 | Acc: 78.06% (Best: 79.17% @ Ep3401) | LR: 0.000100 | Rev: 2/99999
Epoch 3541 | Cost: 0.433588 | Acc: 77.78% (Best: 79.17% @ Ep3401) | LR: 0.000110 | Rev: 0/99999
Epoch 3542 | Cost: 0.434114 | Acc: 77.78% (Best: 79.17% @ Ep3401) | LR: 0.000110 | Rev: 1/99999
Epoch 3543 | Cost: 0.442282 | Acc: 78.06% (Best: 79.17% @ Ep3401) | LR: 0.000110 | Rev: 2/99999
Epoch 3544 | Cost: 0.436081 | Acc: 76.67% (Best: 79.17% @ Ep3401) | LR: 0.000110 | Rev: 0/99999
Epoch 3545 | Cost: 0.441112 | Acc: 77.22% (Best: 79.17% @ Ep3401) | LR: 0.000110 | Rev: 1/99999
Epoch 3546 | Cost: 0.431277 | Acc: 78.06% (Best: 79.17% @ Ep3401) | LR: 0.000110 | Rev: 0/99999
Epoch 3547 | Cost: 0.414424 | Acc: 77.78% (Best: 79.17% @ Ep3401) | LR: 0.000110 | Rev: 0/99999
Epoch 3548 | Cost: 0.449598 | Acc: 77.78% (Best: 79.17% @ Ep3401) | LR: 0.000110 | Rev: 1/99999
Epoch 3549 | Cost: 0.462362 | Acc: 78.33% (Best: 79.17% @ Ep3401) | LR: 0.000110 | Rev: 2/99999
Epoch 3550 | Cost: 0.428553 | Acc: 77.22% (Best: 79.17% @ Ep3401) | LR: 0.000110 | Rev: 0/99999
Epoch 3551 | Cost: 0.455500 | Acc: 78.06% (Best: 79.17% @ Ep3401) | LR: 0.000120 | Rev: 1/99999
Epoch 3552 | Cost: 0.429842 | Acc: 77.50% (Best: 79.17% @ Ep3401) | LR: 0.000120 | Rev: 0/99999
Epoch 3553 | Cost: 0.433597 | Acc: 78.33% (Best: 79.17% @ Ep3401) | LR: 0.000120 | Rev: 1/99999
Epoch 3554 | Cost: 0.458675 | Acc: 77.50% (Best: 79.17% @ Ep3401) | LR: 0.000120 | Rev: 2/99999
Epoch 3555 | Cost: 0.437120 | Acc: 77.22% (Best: 79.17% @ Ep3401) | LR: 0.000120 | Rev: 0/99999
Epoch 3556 | Cost: 0.432839 | Acc: 76.94% (Best: 79.17% @ Ep3401) | LR: 0.000120 | Rev: 0/99999
Epoch 3557 | Cost: 0.427682 | Acc: 77.78% (Best: 79.17% @ Ep3401) | LR: 0.000120 | Rev: 0/99999
Epoch 3558 | Cost: 0.441443 | Acc: 78.06% (Best: 79.17% @ Ep3401) | LR: 0.000120 | Rev: 1/99999
Epoch 3559 | Cost: 0.454278 | Acc: 78.06% (Best: 79.17% @ Ep3401) | LR: 0.000120 | Rev: 2/99999
Epoch 3560 | Cost: 0.443581 | Acc: 77.50% (Best: 79.17% @ Ep3401) | LR: 0.000120 | Rev: 0/99999
Epoch 3561 | Cost: 0.451692 | Acc: 78.33% (Best: 79.17% @ Ep3401) | LR: 0.000130 | Rev: 1/99999
Epoch 3562 | Cost: 0.426495 | Acc: 76.94% (Best: 79.17% @ Ep3401) | LR: 0.000130 | Rev: 0/99999
Epoch 3563 | Cost: 0.432742 | Acc: 78.06% (Best: 79.17% @ Ep3401) | LR: 0.000130 | Rev: 1/99999
Epoch 3564 | Cost: 0.455435 | Acc: 78.06% (Best: 79.17% @ Ep3401) | LR: 0.000130 | Rev: 2/99999
Epoch 3565 | Cost: 0.443157 | Acc: 78.61% (Best: 79.17% @ Ep3401) | LR: 0.000130 | Rev: 0/99999
Epoch 3566 | Cost: 0.446976 | Acc: 77.78% (Best: 79.17% @ Ep3401) | LR: 0.000130 | Rev: 1/99999
Epoch 3567 | Cost: 0.445699 | Acc: 76.67% (Best: 79.17% @ Ep3401) | LR: 0.000130 | Rev: 0/99999
Epoch 3568 | Cost: 0.465276 | Acc: 76.94% (Best: 79.17% @ Ep3401) | LR: 0.000130 | Rev: 1/99999
Epoch 3569 | Cost: 0.443336 | Acc: 77.50% (Best: 79.17% @ Ep3401) | LR: 0.000130 | Rev: 0/99999
Epoch 3570 | Cost: 0.460657 | Acc: 78.89% (Best: 79.17% @ Ep3401) | LR: 0.000130 | Rev: 1/99999
Epoch 3571 | Cost: 0.442923 | Acc: 76.94% (Best: 79.17% @ Ep3401) | LR: 0.000140 | Rev: 0/99999
Epoch 3572 | Cost: 0.429027 | Acc: 78.06% (Best: 79.17% @ Ep3401) | LR: 0.000140 | Rev: 0/99999
Epoch 3573 | Cost: 0.430876 | Acc: 78.33% (Best: 79.17% @ Ep3401) | LR: 0.000140 | Rev: 1/99999
Epoch 3574 | Cost: 0.460317 | Acc: 76.94% (Best: 79.17% @ Ep3401) | LR: 0.000140 | Rev: 2/99999
Epoch 3575 | Cost: 0.437331 | Acc: 77.78% (Best: 79.17% @ Ep3401) | LR: 0.000140 | Rev: 0/99999
Epoch 3576 | Cost: 0.454779 | Acc: 77.78% (Best: 79.17% @ Ep3401) | LR: 0.000140 | Rev: 1/99999
Epoch 3577 | Cost: 0.436334 | Acc: 77.22% (Best: 79.17% @ Ep3401) | LR: 0.000140 | Rev: 0/99999
Epoch 3578 | Cost: 0.450133 | Acc: 77.78% (Best: 79.17% @ Ep3401) | LR: 0.000140 | Rev: 1/99999
Epoch 3579 | Cost: 0.434451 | Acc: 77.50% (Best: 79.17% @ Ep3401) | LR: 0.000140 | Rev: 0/99999
Epoch 3580 | Cost: 0.445771 | Acc: 78.89% (Best: 79.17% @ Ep3401) | LR: 0.000140 | Rev: 1/99999
Epoch 3581 | Cost: 0.438348 | Acc: 77.78% (Best: 79.17% @ Ep3401) | LR: 0.000150 | Rev: 0/99999
Epoch 3582 | Cost: 0.454566 | Acc: 76.94% (Best: 79.17% @ Ep3401) | LR: 0.000150 | Rev: 1/99999
Epoch 3583 | Cost: 0.454640 | Acc: 77.78% (Best: 79.17% @ Ep3401) | LR: 0.000150 | Rev: 2/99999
Epoch 3584 | Cost: 0.434786 | Acc: 77.78% (Best: 79.17% @ Ep3401) | LR: 0.000150 | Rev: 0/99999
Epoch 3585 | Cost: 0.438111 | Acc: 77.78% (Best: 79.17% @ Ep3401) | LR: 0.000150 | Rev: 1/99999
Epoch 3586 | Cost: 0.444788 | Acc: 77.78% (Best: 79.17% @ Ep3401) | LR: 0.000150 | Rev: 2/99999
Epoch 3587 | Cost: 0.429152 | Acc: 77.78% (Best: 79.17% @ Ep3401) | LR: 0.000150 | Rev: 0/99999
Epoch 3588 | Cost: 0.442440 | Acc: 77.78% (Best: 79.17% @ Ep3401) | LR: 0.000150 | Rev: 1/99999
Epoch 3589 | Cost: 0.436474 | Acc: 76.94% (Best: 79.17% @ Ep3401) | LR: 0.000150 | Rev: 0/99999
Epoch 3590 | Cost: 0.454931 | Acc: 78.06% (Best: 79.17% @ Ep3401) | LR: 0.000150 | Rev: 1/99999
Epoch 3591 | Cost: 0.452563 | Acc: 78.06% (Best: 79.17% @ Ep3401) | LR: 0.000160 | Rev: 0/99999
Epoch 3592 | Cost: 0.446354 | Acc: 78.61% (Best: 79.17% @ Ep3401) | LR: 0.000160 | Rev: 0/99999
Epoch 3593 | Cost: 0.429452 | Acc: 77.78% (Best: 79.17% @ Ep3401) | LR: 0.000160 | Rev: 0/99999
Epoch 3594 | Cost: 0.447662 | Acc: 78.61% (Best: 79.17% @ Ep3401) | LR: 0.000160 | Rev: 1/99999
Epoch 3595 | Cost: 0.438663 | Acc: 78.06% (Best: 79.17% @ Ep3401) | LR: 0.000160 | Rev: 0/99999
Epoch 3596 | Cost: 0.457209 | Acc: 78.61% (Best: 79.17% @ Ep3401) | LR: 0.000160 | Rev: 1/99999
Epoch 3597 | Cost: 0.449500 | Acc: 78.89% (Best: 79.17% @ Ep3401) | LR: 0.000160 | Rev: 0/99999
Epoch 3598 | Cost: 0.445995 | Acc: 77.22% (Best: 79.17% @ Ep3401) | LR: 0.000160 | Rev: 0/99999
Epoch 3599 | Cost: 0.448935 | Acc: 77.50% (Best: 79.17% @ Ep3401) | LR: 0.000160 | Rev: 1/99999
Epoch 3600 | Cost: 0.424190 | Acc: 78.06% (Best: 79.17% @ Ep3401) | LR: 0.000160 | Rev: 0/99999
Epoch 3601 | Cost: 0.458915 | Acc: 77.78% (Best: 79.17% @ Ep3401) | LR: 0.000170 | Rev: 1/99999
Epoch 3602 | Cost: 0.432541 | Acc: 78.06% (Best: 79.17% @ Ep3401) | LR: 0.000170 | Rev: 0/99999
Epoch 3603 | Cost: 0.439479 | Acc: 76.39% (Best: 79.17% @ Ep3401) | LR: 0.000170 | Rev: 1/99999
Epoch 3604 | Cost: 0.441751 | Acc: 78.06% (Best: 79.17% @ Ep3401) | LR: 0.000170 | Rev: 2/99999
Epoch 3605 | Cost: 0.432126 | Acc: 78.33% (Best: 79.17% @ Ep3401) | LR: 0.000170 | Rev: 0/99999
Epoch 3606 | Cost: 0.433428 | Acc: 77.78% (Best: 79.17% @ Ep3401) | LR: 0.000170 | Rev: 1/99999
Epoch 3607 | Cost: 0.438701 | Acc: 78.33% (Best: 79.17% @ Ep3401) | LR: 0.000170 | Rev: 2/99999
Epoch 3608 | Cost: 0.447857 | Acc: 77.78% (Best: 79.17% @ Ep3401) | LR: 0.000170 | Rev: 3/99999
Epoch 3609 | Cost: 0.443082 | Acc: 76.94% (Best: 79.17% @ Ep3401) | LR: 0.000170 | Rev: 0/99999
Epoch 3610 | Cost: 0.434908 | Acc: 77.78% (Best: 79.17% @ Ep3401) | LR: 0.000170 | Rev: 0/99999
Epoch 3611 | Cost: 0.435735 | Acc: 77.50% (Best: 79.17% @ Ep3401) | LR: 0.000180 | Rev: 1/99999
Epoch 3612 | Cost: 0.454890 | Acc: 77.50% (Best: 79.17% @ Ep3401) | LR: 0.000180 | Rev: 2/99999
Epoch 3613 | Cost: 0.443104 | Acc: 77.22% (Best: 79.17% @ Ep3401) | LR: 0.000180 | Rev: 0/99999
Epoch 3614 | Cost: 0.452366 | Acc: 79.17% (Best: 79.17% @ Ep3401) | LR: 0.000180 | Rev: 1/99999
Epoch 3615 | Cost: 0.434330 | Acc: 77.50% (Best: 79.17% @ Ep3401) | LR: 0.000180 | Rev: 0/99999
Epoch 3616 | Cost: 0.430993 | Acc: 78.61% (Best: 79.17% @ Ep3401) | LR: 0.000180 | Rev: 0/99999
Epoch 3617 | Cost: 0.444968 | Acc: 77.78% (Best: 79.17% @ Ep3401) | LR: 0.000180 | Rev: 1/99999
Epoch 3618 | Cost: 0.432160 | Acc: 77.50% (Best: 79.17% @ Ep3401) | LR: 0.000180 | Rev: 0/99999
Epoch 3619 | Cost: 0.432665 | Acc: 78.61% (Best: 79.17% @ Ep3401) | LR: 0.000180 | Rev: 1/99999
Epoch 3620 | Cost: 0.442677 | Acc: 78.06% (Best: 79.17% @ Ep3401) | LR: 0.000180 | Rev: 2/99999
Epoch 3621 | Cost: 0.448369 | Acc: 77.50% (Best: 79.17% @ Ep3401) | LR: 0.000190 | Rev: 3/99999
Epoch 3622 | Cost: 0.460117 | Acc: 77.78% (Best: 79.17% @ Ep3401) | LR: 0.000190 | Rev: 4/99999
Epoch 3623 | Cost: 0.433744 | Acc: 76.67% (Best: 79.17% @ Ep3401) | LR: 0.000190 | Rev: 0/99999
Epoch 3624 | Cost: 0.435194 | Acc: 78.33% (Best: 79.17% @ Ep3401) | LR: 0.000190 | Rev: 1/99999
Epoch 3625 | Cost: 0.465166 | Acc: 78.06% (Best: 79.17% @ Ep3401) | LR: 0.000190 | Rev: 2/99999
Epoch 3626 | Cost: 0.456146 | Acc: 76.67% (Best: 79.17% @ Ep3401) | LR: 0.000190 | Rev: 0/99999
Epoch 3627 | Cost: 0.431753 | Acc: 76.67% (Best: 79.17% @ Ep3401) | LR: 0.000190 | Rev: 0/99999
Epoch 3628 | Cost: 0.420717 | Acc: 77.78% (Best: 79.17% @ Ep3401) | LR: 0.000190 | Rev: 0/99999
Epoch 3629 | Cost: 0.452054 | Acc: 77.78% (Best: 79.17% @ Ep3401) | LR: 0.000190 | Rev: 1/99999
Epoch 3630 | Cost: 0.438085 | Acc: 78.06% (Best: 79.17% @ Ep3401) | LR: 0.000190 | Rev: 0/99999
Epoch 3631 | Cost: 0.445105 | Acc: 77.78% (Best: 79.17% @ Ep3401) | LR: 0.000200 | Rev: 1/99999
Epoch 3632 | Cost: 0.458303 | Acc: 78.61% (Best: 79.17% @ Ep3401) | LR: 0.000200 | Rev: 2/99999
Epoch 3633 | Cost: 0.433985 | Acc: 78.06% (Best: 79.17% @ Ep3401) | LR: 0.000200 | Rev: 0/99999
Epoch 3634 | Cost: 0.436543 | Acc: 78.06% (Best: 79.17% @ Ep3401) | LR: 0.000200 | Rev: 1/99999
Epoch 3635 | Cost: 0.435681 | Acc: 78.61% (Best: 79.17% @ Ep3401) | LR: 0.000200 | Rev: 0/99999
Epoch 3636 | Cost: 0.446305 | Acc: 77.50% (Best: 79.17% @ Ep3401) | LR: 0.000200 | Rev: 1/99999
Epoch 3637 | Cost: 0.445075 | Acc: 76.39% (Best: 79.17% @ Ep3401) | LR: 0.000200 | Rev: 0/99999
Epoch 3638 | Cost: 0.447222 | Acc: 77.78% (Best: 79.17% @ Ep3401) | LR: 0.000200 | Rev: 1/99999
Epoch 3639 | Cost: 0.426661 | Acc: 76.94% (Best: 79.17% @ Ep3401) | LR: 0.000200 | Rev: 0/99999
Epoch 3640 | Cost: 0.443602 | Acc: 78.06% (Best: 79.17% @ Ep3401) | LR: 0.000200 | Rev: 1/99999
Epoch 3641 | Cost: 0.431420 | Acc: 77.22% (Best: 79.17% @ Ep3401) | LR: 0.000210 | Rev: 0/99999
Epoch 3642 | Cost: 0.430447 | Acc: 77.22% (Best: 79.17% @ Ep3401) | LR: 0.000210 | Rev: 0/99999
Epoch 3643 | Cost: 0.433977 | Acc: 78.06% (Best: 79.17% @ Ep3401) | LR: 0.000210 | Rev: 1/99999
Epoch 3644 | Cost: 0.430137 | Acc: 77.78% (Best: 79.17% @ Ep3401) | LR: 0.000210 | Rev: 0/99999
Epoch 3645 | Cost: 0.418516 | Acc: 78.33% (Best: 79.17% @ Ep3401) | LR: 0.000210 | Rev: 0/99999
Epoch 3646 | Cost: 0.429358 | Acc: 77.50% (Best: 79.17% @ Ep3401) | LR: 0.000210 | Rev: 1/99999
Epoch 3647 | Cost: 0.438992 | Acc: 76.94% (Best: 79.17% @ Ep3401) | LR: 0.000210 | Rev: 2/99999
Epoch 3648 | Cost: 0.434903 | Acc: 78.33% (Best: 79.17% @ Ep3401) | LR: 0.000210 | Rev: 0/99999
Epoch 3649 | Cost: 0.468968 | Acc: 78.89% (Best: 79.17% @ Ep3401) | LR: 0.000210 | Rev: 1/99999
Epoch 3650 | Cost: 0.446346 | Acc: 77.50% (Best: 79.17% @ Ep3401) | LR: 0.000210 | Rev: 0/99999
Epoch 3651 | Cost: 0.436892 | Acc: 78.06% (Best: 79.17% @ Ep3401) | LR: 0.000220 | Rev: 0/99999
Epoch 3652 | Cost: 0.433843 | Acc: 77.50% (Best: 79.17% @ Ep3401) | LR: 0.000220 | Rev: 0/99999
Epoch 3653 | Cost: 0.435372 | Acc: 78.89% (Best: 79.17% @ Ep3401) | LR: 0.000220 | Rev: 1/99999
Epoch 3654 | Cost: 0.461845 | Acc: 76.94% (Best: 79.17% @ Ep3401) | LR: 0.000220 | Rev: 2/99999
Epoch 3655 | Cost: 0.426543 | Acc: 77.22% (Best: 79.17% @ Ep3401) | LR: 0.000220 | Rev: 0/99999
Epoch 3656 | Cost: 0.420173 | Acc: 77.22% (Best: 79.17% @ Ep3401) | LR: 0.000220 | Rev: 0/99999
Epoch 3657 | Cost: 0.430100 | Acc: 78.61% (Best: 79.17% @ Ep3401) | LR: 0.000220 | Rev: 1/99999
Epoch 3658 | Cost: 0.452301 | Acc: 78.06% (Best: 79.17% @ Ep3401) | LR: 0.000220 | Rev: 2/99999
Epoch 3659 | Cost: 0.465635 | Acc: 78.33% (Best: 79.17% @ Ep3401) | LR: 0.000220 | Rev: 3/99999
Epoch 3660 | Cost: 0.441743 | Acc: 76.39% (Best: 79.17% @ Ep3401) | LR: 0.000220 | Rev: 0/99999
Epoch 3661 | Cost: 0.427626 | Acc: 76.39% (Best: 79.17% @ Ep3401) | LR: 0.000230 | Rev: 0/99999
Epoch 3662 | Cost: 0.453049 | Acc: 77.22% (Best: 79.17% @ Ep3401) | LR: 0.000230 | Rev: 1/99999
Epoch 3663 | Cost: 0.443526 | Acc: 77.78% (Best: 79.17% @ Ep3401) | LR: 0.000230 | Rev: 0/99999
Epoch 3664 | Cost: 0.425887 | Acc: 75.83% (Best: 79.17% @ Ep3401) | LR: 0.000230 | Rev: 0/99999
Epoch 3665 | Cost: 0.440037 | Acc: 76.67% (Best: 79.17% @ Ep3401) | LR: 0.000230 | Rev: 1/99999
Epoch 3666 | Cost: 0.427542 | Acc: 76.94% (Best: 79.17% @ Ep3401) | LR: 0.000230 | Rev: 0/99999
Epoch 3667 | Cost: 0.428958 | Acc: 77.78% (Best: 79.17% @ Ep3401) | LR: 0.000230 | Rev: 1/99999
Epoch 3668 | Cost: 0.442409 | Acc: 78.33% (Best: 79.17% @ Ep3401) | LR: 0.000230 | Rev: 2/99999
Epoch 3669 | Cost: 0.437196 | Acc: 78.33% (Best: 79.17% @ Ep3401) | LR: 0.000230 | Rev: 0/99999
Epoch 3670 | Cost: 0.434539 | Acc: 77.78% (Best: 79.17% @ Ep3401) | LR: 0.000230 | Rev: 0/99999
Epoch 3671 | Cost: 0.424365 | Acc: 77.50% (Best: 79.17% @ Ep3401) | LR: 0.000240 | Rev: 0/99999
Epoch 3672 | Cost: 0.437594 | Acc: 77.50% (Best: 79.17% @ Ep3401) | LR: 0.000240 | Rev: 1/99999
Epoch 3673 | Cost: 0.458820 | Acc: 78.33% (Best: 79.17% @ Ep3401) | LR: 0.000240 | Rev: 2/99999
Epoch 3674 | Cost: 0.423867 | Acc: 78.33% (Best: 79.17% @ Ep3401) | LR: 0.000240 | Rev: 0/99999
Epoch 3675 | Cost: 0.466065 | Acc: 77.50% (Best: 79.17% @ Ep3401) | LR: 0.000240 | Rev: 1/99999
Epoch 3676 | Cost: 0.463649 | Acc: 77.50% (Best: 79.17% @ Ep3401) | LR: 0.000240 | Rev: 0/99999
Epoch 3677 | Cost: 0.448801 | Acc: 78.33% (Best: 79.17% @ Ep3401) | LR: 0.000240 | Rev: 0/99999
Epoch 3678 | Cost: 0.453064 | Acc: 77.22% (Best: 79.17% @ Ep3401) | LR: 0.000240 | Rev: 1/99999
Epoch 3679 | Cost: 0.424364 | Acc: 77.78% (Best: 79.17% @ Ep3401) | LR: 0.000240 | Rev: 0/99999
Epoch 3680 | Cost: 0.444451 | Acc: 78.06% (Best: 79.17% @ Ep3401) | LR: 0.000240 | Rev: 1/99999
Epoch 3681 | Cost: 0.455743 | Acc: 77.50% (Best: 79.17% @ Ep3401) | LR: 0.000250 | Rev: 2/99999
Epoch 3682 | Cost: 0.441448 | Acc: 78.33% (Best: 79.17% @ Ep3401) | LR: 0.000250 | Rev: 0/99999
Epoch 3683 | Cost: 0.449374 | Acc: 76.11% (Best: 79.17% @ Ep3401) | LR: 0.000250 | Rev: 1/99999
Epoch 3684 | Cost: 0.451563 | Acc: 77.78% (Best: 79.17% @ Ep3401) | LR: 0.000250 | Rev: 2/99999
Epoch 3685 | Cost: 0.432021 | Acc: 78.33% (Best: 79.17% @ Ep3401) | LR: 0.000250 | Rev: 0/99999
Epoch 3686 | Cost: 0.426851 | Acc: 76.67% (Best: 79.17% @ Ep3401) | LR: 0.000250 | Rev: 0/99999
Epoch 3687 | Cost: 0.444878 | Acc: 78.33% (Best: 79.17% @ Ep3401) | LR: 0.000250 | Rev: 1/99999
Epoch 3688 | Cost: 0.431592 | Acc: 78.33% (Best: 79.17% @ Ep3401) | LR: 0.000250 | Rev: 0/99999
Epoch 3689 | Cost: 0.443320 | Acc: 78.33% (Best: 79.17% @ Ep3401) | LR: 0.000250 | Rev: 1/99999
Epoch 3690 | Cost: 0.426146 | Acc: 78.61% (Best: 79.17% @ Ep3401) | LR: 0.000250 | Rev: 0/99999
Epoch 3691 | Cost: 0.442182 | Acc: 76.94% (Best: 79.17% @ Ep3401) | LR: 0.000260 | Rev: 1/99999
Epoch 3692 | Cost: 0.440099 | Acc: 78.06% (Best: 79.17% @ Ep3401) | LR: 0.000260 | Rev: 0/99999
Epoch 3693 | Cost: 0.442613 | Acc: 78.61% (Best: 79.17% @ Ep3401) | LR: 0.000260 | Rev: 1/99999
Epoch 3694 | Cost: 0.448330 | Acc: 76.11% (Best: 79.17% @ Ep3401) | LR: 0.000260 | Rev: 2/99999
Epoch 3695 | Cost: 0.458518 | Acc: 77.50% (Best: 79.17% @ Ep3401) | LR: 0.000260 | Rev: 3/99999
Epoch 3696 | Cost: 0.435290 | Acc: 77.78% (Best: 79.17% @ Ep3401) | LR: 0.000260 | Rev: 0/99999
Epoch 3697 | Cost: 0.438700 | Acc: 76.39% (Best: 79.17% @ Ep3401) | LR: 0.000260 | Rev: 1/99999
Epoch 3698 | Cost: 0.456489 | Acc: 78.33% (Best: 79.17% @ Ep3401) | LR: 0.000260 | Rev: 2/99999
Epoch 3699 | Cost: 0.426917 | Acc: 78.89% (Best: 79.17% @ Ep3401) | LR: 0.000260 | Rev: 0/99999
Epoch 3700 | Cost: 0.453370 | Acc: 77.22% (Best: 79.17% @ Ep3401) | LR: 0.000260 | Rev: 1/99999
Epoch 3701 | Cost: 0.453823 | Acc: 77.22% (Best: 79.17% @ Ep3401) | LR: 0.000270 | Rev: 2/99999
Epoch 3702 | Cost: 0.453474 | Acc: 76.11% (Best: 79.17% @ Ep3401) | LR: 0.000270 | Rev: 0/99999
Epoch 3703 | Cost: 0.461130 | Acc: 77.78% (Best: 79.17% @ Ep3401) | LR: 0.000270 | Rev: 1/99999
Epoch 3704 | Cost: 0.451751 | Acc: 78.61% (Best: 79.17% @ Ep3401) | LR: 0.000270 | Rev: 0/99999
Epoch 3705 | Cost: 0.443657 | Acc: 75.83% (Best: 79.17% @ Ep3401) | LR: 0.000270 | Rev: 0/99999
Epoch 3706 | Cost: 0.444652 | Acc: 78.33% (Best: 79.17% @ Ep3401) | LR: 0.000270 | Rev: 1/99999
Epoch 3707 | Cost: 0.460159 | Acc: 77.78% (Best: 79.17% @ Ep3401) | LR: 0.000270 | Rev: 2/99999
Epoch 3708 | Cost: 0.449085 | Acc: 78.33% (Best: 79.17% @ Ep3401) | LR: 0.000270 | Rev: 0/99999
Epoch 3709 | Cost: 0.469355 | Acc: 78.06% (Best: 79.17% @ Ep3401) | LR: 0.000270 | Rev: 1/99999
Epoch 3710 | Cost: 0.463532 | Acc: 78.06% (Best: 79.17% @ Ep3401) | LR: 0.000270 | Rev: 0/99999
Epoch 3711 | Cost: 0.450068 | Acc: 78.06% (Best: 79.17% @ Ep3401) | LR: 0.000280 | Rev: 0/99999
Epoch 3712 | Cost: 0.452078 | Acc: 77.50% (Best: 79.17% @ Ep3401) | LR: 0.000280 | Rev: 1/99999
Epoch 3713 | Cost: 0.433878 | Acc: 78.33% (Best: 79.17% @ Ep3401) | LR: 0.000280 | Rev: 0/99999
Epoch 3714 | Cost: 0.449159 | Acc: 77.50% (Best: 79.17% @ Ep3401) | LR: 0.000280 | Rev: 1/99999
Epoch 3715 | Cost: 0.435305 | Acc: 77.78% (Best: 79.17% @ Ep3401) | LR: 0.000280 | Rev: 0/99999
Epoch 3716 | Cost: 0.449921 | Acc: 78.33% (Best: 79.17% @ Ep3401) | LR: 0.000280 | Rev: 1/99999
Epoch 3717 | Cost: 0.421495 | Acc: 78.33% (Best: 79.17% @ Ep3401) | LR: 0.000280 | Rev: 0/99999
Epoch 3718 | Cost: 0.444203 | Acc: 78.33% (Best: 79.17% @ Ep3401) | LR: 0.000280 | Rev: 1/99999
Epoch 3719 | Cost: 0.451972 | Acc: 77.78% (Best: 79.17% @ Ep3401) | LR: 0.000280 | Rev: 2/99999
Epoch 3720 | Cost: 0.445932 | Acc: 76.39% (Best: 79.17% @ Ep3401) | LR: 0.000280 | Rev: 0/99999
Epoch 3721 | Cost: 0.441430 | Acc: 78.33% (Best: 79.17% @ Ep3401) | LR: 0.000290 | Rev: 0/99999
Epoch 3722 | Cost: 0.433610 | Acc: 78.61% (Best: 79.17% @ Ep3401) | LR: 0.000290 | Rev: 0/99999
Epoch 3723 | Cost: 0.440290 | Acc: 76.67% (Best: 79.17% @ Ep3401) | LR: 0.000290 | Rev: 1/99999
Epoch 3724 | Cost: 0.447783 | Acc: 78.33% (Best: 79.17% @ Ep3401) | LR: 0.000290 | Rev: 2/99999
Epoch 3725 | Cost: 0.447830 | Acc: 77.50% (Best: 79.17% @ Ep3401) | LR: 0.000290 | Rev: 3/99999
Epoch 3726 | Cost: 0.458709 | Acc: 77.50% (Best: 79.17% @ Ep3401) | LR: 0.000290 | Rev: 4/99999
Epoch 3727 | Cost: 0.451832 | Acc: 75.28% (Best: 79.17% @ Ep3401) | LR: 0.000290 | Rev: 0/99999
Epoch 3728 | Cost: 0.427932 | Acc: 77.78% (Best: 79.17% @ Ep3401) | LR: 0.000290 | Rev: 0/99999
Epoch 3729 | Cost: 0.475617 | Acc: 76.94% (Best: 79.17% @ Ep3401) | LR: 0.000290 | Rev: 1/99999
Epoch 3730 | Cost: 0.440201 | Acc: 78.06% (Best: 79.17% @ Ep3401) | LR: 0.000290 | Rev: 0/99999
Epoch 3731 | Cost: 0.427774 | Acc: 78.61% (Best: 79.17% @ Ep3401) | LR: 0.000300 | Rev: 0/99999
Epoch 3732 | Cost: 0.429484 | Acc: 78.06% (Best: 79.17% @ Ep3401) | LR: 0.000300 | Rev: 1/99999
Epoch 3733 | Cost: 0.438265 | Acc: 77.78% (Best: 79.17% @ Ep3401) | LR: 0.000300 | Rev: 2/99999
Epoch 3734 | Cost: 0.473211 | Acc: 78.61% (Best: 79.17% @ Ep3401) | LR: 0.000300 | Rev: 3/99999
Epoch 3735 | Cost: 0.445192 | Acc: 76.67% (Best: 79.17% @ Ep3401) | LR: 0.000300 | Rev: 0/99999
Epoch 3736 | Cost: 0.450911 | Acc: 77.78% (Best: 79.17% @ Ep3401) | LR: 0.000300 | Rev: 1/99999
Epoch 3737 | Cost: 0.445432 | Acc: 75.83% (Best: 79.17% @ Ep3401) | LR: 0.000300 | Rev: 0/99999
Epoch 3738 | Cost: 0.462889 | Acc: 78.61% (Best: 79.17% @ Ep3401) | LR: 0.000300 | Rev: 1/99999
Epoch 3739 | Cost: 0.433046 | Acc: 76.94% (Best: 79.17% @ Ep3401) | LR: 0.000300 | Rev: 0/99999
Epoch 3740 | Cost: 0.454098 | Acc: 75.56% (Best: 79.17% @ Ep3401) | LR: 0.000300 | Rev: 1/99999
Epoch 3741 | Cost: 0.428212 | Acc: 78.61% (Best: 79.17% @ Ep3401) | LR: 0.000300 | Rev: 0/99999
Epoch 3742 | Cost: 0.423814 | Acc: 77.50% (Best: 79.17% @ Ep3401) | LR: 0.000300 | Rev: 0/99999
Epoch 3743 | Cost: 0.424450 | Acc: 77.78% (Best: 79.17% @ Ep3401) | LR: 0.000300 | Rev: 1/99999
Epoch 3744 | Cost: 0.424065 | Acc: 78.33% (Best: 79.17% @ Ep3401) | LR: 0.000300 | Rev: 0/99999
Epoch 3745 | Cost: 0.435636 | Acc: 78.06% (Best: 79.17% @ Ep3401) | LR: 0.000300 | Rev: 1/99999
Epoch 3746 | Cost: 0.436650 | Acc: 78.61% (Best: 79.17% @ Ep3401) | LR: 0.000300 | Rev: 2/99999
Epoch 3747 | Cost: 0.434574 | Acc: 76.94% (Best: 79.17% @ Ep3401) | LR: 0.000300 | Rev: 0/99999
Epoch 3748 | Cost: 0.430181 | Acc: 78.33% (Best: 79.17% @ Ep3401) | LR: 0.000300 | Rev: 0/99999
Epoch 3749 | Cost: 0.428680 | Acc: 78.06% (Best: 79.17% @ Ep3401) | LR: 0.000300 | Rev: 0/99999
Epoch 3750 | Cost: 0.450539 | Acc: 77.50% (Best: 79.17% @ Ep3401) | LR: 0.000300 | Rev: 1/99999
Epoch 3751 | Cost: 0.454831 | Acc: 78.06% (Best: 79.17% @ Ep3401) | LR: 0.000300 | Rev: 2/99999
Epoch 3752 | Cost: 0.425770 | Acc: 78.06% (Best: 79.17% @ Ep3401) | LR: 0.000300 | Rev: 0/99999
Epoch 3753 | Cost: 0.430886 | Acc: 78.33% (Best: 79.17% @ Ep3401) | LR: 0.000300 | Rev: 1/99999
Epoch 3754 | Cost: 0.426306 | Acc: 76.94% (Best: 79.17% @ Ep3401) | LR: 0.000300 | Rev: 0/99999
Epoch 3755 | Cost: 0.424818 | Acc: 78.89% (Best: 79.17% @ Ep3401) | LR: 0.000300 | Rev: 0/99999
Epoch 3756 | Cost: 0.426864 | Acc: 78.06% (Best: 79.17% @ Ep3401) | LR: 0.000300 | Rev: 1/99999
Epoch 3757 | Cost: 0.449549 | Acc: 77.50% (Best: 79.17% @ Ep3401) | LR: 0.000300 | Rev: 2/99999
Epoch 3758 | Cost: 0.429759 | Acc: 77.78% (Best: 79.17% @ Ep3401) | LR: 0.000300 | Rev: 0/99999
Epoch 3759 | Cost: 0.424242 | Acc: 76.67% (Best: 79.17% @ Ep3401) | LR: 0.000300 | Rev: 0/99999
Epoch 3760 | Cost: 0.450598 | Acc: 78.89% (Best: 79.17% @ Ep3401) | LR: 0.000300 | Rev: 1/99999
Epoch 3761 | Cost: 0.432405 | Acc: 78.06% (Best: 79.17% @ Ep3401) | LR: 0.000300 | Rev: 0/99999
Epoch 3762 | Cost: 0.435528 | Acc: 77.78% (Best: 79.17% @ Ep3401) | LR: 0.000300 | Rev: 1/99999
Epoch 3763 | Cost: 0.478006 | Acc: 76.11% (Best: 79.17% @ Ep3401) | LR: 0.000300 | Rev: 2/99999
Epoch 3764 | Cost: 0.438367 | Acc: 77.22% (Best: 79.17% @ Ep3401) | LR: 0.000300 | Rev: 0/99999
Epoch 3765 | Cost: 0.471907 | Acc: 78.61% (Best: 79.17% @ Ep3401) | LR: 0.000300 | Rev: 1/99999
Epoch 3766 | Cost: 0.439813 | Acc: 76.67% (Best: 79.17% @ Ep3401) | LR: 0.000300 | Rev: 0/99999
Epoch 3767 | Cost: 0.456028 | Acc: 77.22% (Best: 79.17% @ Ep3401) | LR: 0.000300 | Rev: 1/99999
Epoch 3768 | Cost: 0.424467 | Acc: 78.33% (Best: 79.17% @ Ep3401) | LR: 0.000300 | Rev: 0/99999
Epoch 3769 | Cost: 0.432501 | Acc: 77.50% (Best: 79.17% @ Ep3401) | LR: 0.000300 | Rev: 1/99999
Epoch 3770 | Cost: 0.439776 | Acc: 77.78% (Best: 79.17% @ Ep3401) | LR: 0.000300 | Rev: 2/99999
Epoch 3771 | Cost: 0.426686 | Acc: 78.33% (Best: 79.17% @ Ep3401) | LR: 0.000300 | Rev: 0/99999
Epoch 3772 | Cost: 0.424089 | Acc: 78.61% (Best: 79.17% @ Ep3401) | LR: 0.000300 | Rev: 0/99999
Epoch 3773 | Cost: 0.435507 | Acc: 77.78% (Best: 79.17% @ Ep3401) | LR: 0.000300 | Rev: 1/99999
Epoch 3774 | Cost: 0.448170 | Acc: 78.89% (Best: 79.17% @ Ep3401) | LR: 0.000300 | Rev: 2/99999
Epoch 3775 | Cost: 0.430239 | Acc: 78.06% (Best: 79.17% @ Ep3401) | LR: 0.000300 | Rev: 0/99999
Epoch 3776 | Cost: 0.420270 | Acc: 78.06% (Best: 79.17% @ Ep3401) | LR: 0.000300 | Rev: 0/99999
Epoch 3777 | Cost: 0.430072 | Acc: 78.33% (Best: 79.17% @ Ep3401) | LR: 0.000300 | Rev: 1/99999
Epoch 3778 | Cost: 0.442835 | Acc: 78.33% (Best: 79.17% @ Ep3401) | LR: 0.000300 | Rev: 2/99999
Epoch 3779 | Cost: 0.414353 | Acc: 78.33% (Best: 79.17% @ Ep3401) | LR: 0.000300 | Rev: 0/99999
Epoch 3780 | Cost: 0.436408 | Acc: 78.06% (Best: 79.17% @ Ep3401) | LR: 0.000300 | Rev: 1/99999
Epoch 3781 | Cost: 0.449418 | Acc: 76.39% (Best: 79.17% @ Ep3401) | LR: 0.000300 | Rev: 2/99999
Epoch 3782 | Cost: 0.434348 | Acc: 78.33% (Best: 79.17% @ Ep3401) | LR: 0.000300 | Rev: 0/99999
Epoch 3783 | Cost: 0.427988 | Acc: 75.83% (Best: 79.17% @ Ep3401) | LR: 0.000300 | Rev: 0/99999
Epoch 3784 | Cost: 0.418098 | Acc: 77.22% (Best: 79.17% @ Ep3401) | LR: 0.000300 | Rev: 0/99999
Epoch 3785 | Cost: 0.411160 | Acc: 78.33% (Best: 79.17% @ Ep3401) | LR: 0.000300 | Rev: 0/99999
Epoch 3786 | Cost: 0.432622 | Acc: 78.06% (Best: 79.17% @ Ep3401) | LR: 0.000300 | Rev: 1/99999
Epoch 3787 | Cost: 0.445891 | Acc: 77.22% (Best: 79.17% @ Ep3401) | LR: 0.000300 | Rev: 2/99999
Epoch 3788 | Cost: 0.433448 | Acc: 75.56% (Best: 79.17% @ Ep3401) | LR: 0.000300 | Rev: 0/99999
Epoch 3789 | Cost: 0.417149 | Acc: 77.22% (Best: 79.17% @ Ep3401) | LR: 0.000300 | Rev: 0/99999
Epoch 3790 | Cost: 0.430954 | Acc: 77.50% (Best: 79.17% @ Ep3401) | LR: 0.000300 | Rev: 1/99999
Epoch 3791 | Cost: 0.412680 | Acc: 78.06% (Best: 79.17% @ Ep3401) | LR: 0.000300 | Rev: 0/99999
Epoch 3792 | Cost: 0.437812 | Acc: 77.78% (Best: 79.17% @ Ep3401) | LR: 0.000300 | Rev: 1/99999
Epoch 3793 | Cost: 0.409033 | Acc: 77.22% (Best: 79.17% @ Ep3401) | LR: 0.000300 | Rev: 0/99999
Epoch 3794 | Cost: 0.416535 | Acc: 78.06% (Best: 79.17% @ Ep3401) | LR: 0.000300 | Rev: 1/99999
Epoch 3795 | Cost: 0.415592 | Acc: 78.06% (Best: 79.17% @ Ep3401) | LR: 0.000300 | Rev: 0/99999
Epoch 3796 | Cost: 0.416671 | Acc: 78.89% (Best: 79.17% @ Ep3401) | LR: 0.000300 | Rev: 1/99999
Epoch 3797 | Cost: 0.401919 | Acc: 78.33% (Best: 79.17% @ Ep3401) | LR: 0.000300 | Rev: 0/99999
Epoch 3798 | Cost: 0.412827 | Acc: 78.89% (Best: 79.17% @ Ep3401) | LR: 0.000300 | Rev: 1/99999
Epoch 3799 | Cost: 0.422549 | Acc: 78.61% (Best: 79.17% @ Ep3401) | LR: 0.000300 | Rev: 2/99999
Epoch 3800 | Cost: 0.408384 | Acc: 78.06% (Best: 79.17% @ Ep3401) | LR: 0.000300 | Rev: 0/99999
Epoch 3801 | Cost: 0.420993 | Acc: 77.78% (Best: 79.17% @ Ep3401) | LR: 0.000300 | Rev: 1/99999
Epoch 3802 | Cost: 0.442223 | Acc: 78.06% (Best: 79.17% @ Ep3401) | LR: 0.000300 | Rev: 2/99999
Epoch 3803 | Cost: 0.413778 | Acc: 76.39% (Best: 79.17% @ Ep3401) | LR: 0.000300 | Rev: 0/99999
Epoch 3804 | Cost: 0.419449 | Acc: 77.50% (Best: 79.17% @ Ep3401) | LR: 0.000300 | Rev: 1/99999
Epoch 3805 | Cost: 0.409608 | Acc: 78.89% (Best: 79.17% @ Ep3401) | LR: 0.000300 | Rev: 0/99999
Epoch 3806 | Cost: 0.416199 | Acc: 77.22% (Best: 79.17% @ Ep3401) | LR: 0.000300 | Rev: 1/99999
Epoch 3807 | Cost: 0.428262 | Acc: 80.00% (Best: 80.00% @ Ep3807) | LR: 0.000010 | Rev: 2/99999
Epoch 3808 | Cost: 0.428298 | Acc: 79.72% (Best: 80.00% @ Ep3807) | LR: 0.000010 | Rev: 3/99999
Epoch 3809 | Cost: 0.397995 | Acc: 79.17% (Best: 80.00% @ Ep3807) | LR: 0.000010 | Rev: 0/99999
Epoch 3810 | Cost: 0.388159 | Acc: 79.17% (Best: 80.00% @ Ep3807) | LR: 0.000010 | Rev: 0/99999
Epoch 3811 | Cost: 0.396663 | Acc: 79.17% (Best: 80.00% @ Ep3807) | LR: 0.000010 | Rev: 1/99999
Epoch 3812 | Cost: 0.401235 | Acc: 79.44% (Best: 80.00% @ Ep3807) | LR: 0.000010 | Rev: 2/99999
Epoch 3813 | Cost: 0.384478 | Acc: 79.44% (Best: 80.00% @ Ep3807) | LR: 0.000010 | Rev: 0/99999
Epoch 3814 | Cost: 0.399540 | Acc: 79.44% (Best: 80.00% @ Ep3807) | LR: 0.000010 | Rev: 1/99999
Epoch 3815 | Cost: 0.409478 | Acc: 79.17% (Best: 80.00% @ Ep3807) | LR: 0.000010 | Rev: 2/99999
Epoch 3816 | Cost: 0.400926 | Acc: 79.44% (Best: 80.00% @ Ep3807) | LR: 0.000010 | Rev: 0/99999
Epoch 3817 | Cost: 0.417158 | Acc: 79.44% (Best: 80.00% @ Ep3807) | LR: 0.000010 | Rev: 1/99999
Epoch 3818 | Cost: 0.395824 | Acc: 78.89% (Best: 80.00% @ Ep3807) | LR: 0.000010 | Rev: 0/99999
Epoch 3819 | Cost: 0.403817 | Acc: 79.44% (Best: 80.00% @ Ep3807) | LR: 0.000010 | Rev: 1/99999
Epoch 3820 | Cost: 0.388923 | Acc: 79.44% (Best: 80.00% @ Ep3807) | LR: 0.000010 | Rev: 0/99999
Epoch 3821 | Cost: 0.384243 | Acc: 79.17% (Best: 80.00% @ Ep3807) | LR: 0.000010 | Rev: 0/99999
Epoch 3822 | Cost: 0.389181 | Acc: 79.17% (Best: 80.00% @ Ep3807) | LR: 0.000010 | Rev: 1/99999
Epoch 3823 | Cost: 0.409490 | Acc: 79.17% (Best: 80.00% @ Ep3807) | LR: 0.000010 | Rev: 2/99999
Epoch 3824 | Cost: 0.400898 | Acc: 79.17% (Best: 80.00% @ Ep3807) | LR: 0.000010 | Rev: 0/99999
Epoch 3825 | Cost: 0.392878 | Acc: 79.17% (Best: 80.00% @ Ep3807) | LR: 0.000010 | Rev: 0/99999
Epoch 3826 | Cost: 0.376675 | Acc: 79.17% (Best: 80.00% @ Ep3807) | LR: 0.000010 | Rev: 0/99999
Epoch 3827 | Cost: 0.395062 | Acc: 78.89% (Best: 80.00% @ Ep3807) | LR: 0.000010 | Rev: 1/99999
Epoch 3828 | Cost: 0.395366 | Acc: 78.89% (Best: 80.00% @ Ep3807) | LR: 0.000010 | Rev: 2/99999
Epoch 3829 | Cost: 0.391337 | Acc: 78.89% (Best: 80.00% @ Ep3807) | LR: 0.000010 | Rev: 0/99999
Epoch 3830 | Cost: 0.403767 | Acc: 78.89% (Best: 80.00% @ Ep3807) | LR: 0.000010 | Rev: 1/99999
Epoch 3831 | Cost: 0.399765 | Acc: 78.89% (Best: 80.00% @ Ep3807) | LR: 0.000010 | Rev: 0/99999
Epoch 3832 | Cost: 0.389131 | Acc: 78.89% (Best: 80.00% @ Ep3807) | LR: 0.000010 | Rev: 0/99999
Epoch 3833 | Cost: 0.398523 | Acc: 78.89% (Best: 80.00% @ Ep3807) | LR: 0.000010 | Rev: 1/99999
Epoch 3834 | Cost: 0.401945 | Acc: 78.89% (Best: 80.00% @ Ep3807) | LR: 0.000010 | Rev: 2/99999
Epoch 3835 | Cost: 0.403643 | Acc: 78.89% (Best: 80.00% @ Ep3807) | LR: 0.000010 | Rev: 3/99999
Epoch 3836 | Cost: 0.404165 | Acc: 78.61% (Best: 80.00% @ Ep3807) | LR: 0.000010 | Rev: 4/99999
Epoch 3837 | Cost: 0.375684 | Acc: 78.61% (Best: 80.00% @ Ep3807) | LR: 0.000010 | Rev: 0/99999
Epoch 3838 | Cost: 0.416797 | Acc: 78.61% (Best: 80.00% @ Ep3807) | LR: 0.000010 | Rev: 1/99999
Epoch 3839 | Cost: 0.396763 | Acc: 78.89% (Best: 80.00% @ Ep3807) | LR: 0.000010 | Rev: 0/99999
Epoch 3840 | Cost: 0.387401 | Acc: 78.89% (Best: 80.00% @ Ep3807) | LR: 0.000010 | Rev: 0/99999
Epoch 3841 | Cost: 0.410007 | Acc: 78.89% (Best: 80.00% @ Ep3807) | LR: 0.000010 | Rev: 1/99999
Epoch 3842 | Cost: 0.413093 | Acc: 79.17% (Best: 80.00% @ Ep3807) | LR: 0.000010 | Rev: 2/99999
Epoch 3843 | Cost: 0.377219 | Acc: 78.89% (Best: 80.00% @ Ep3807) | LR: 0.000010 | Rev: 0/99999
Epoch 3844 | Cost: 0.392349 | Acc: 78.61% (Best: 80.00% @ Ep3807) | LR: 0.000010 | Rev: 1/99999
Epoch 3845 | Cost: 0.401705 | Acc: 78.61% (Best: 80.00% @ Ep3807) | LR: 0.000010 | Rev: 2/99999
Epoch 3846 | Cost: 0.387750 | Acc: 78.61% (Best: 80.00% @ Ep3807) | LR: 0.000010 | Rev: 0/99999
Epoch 3847 | Cost: 0.400020 | Acc: 78.61% (Best: 80.00% @ Ep3807) | LR: 0.000010 | Rev: 1/99999
Epoch 3848 | Cost: 0.402861 | Acc: 78.61% (Best: 80.00% @ Ep3807) | LR: 0.000010 | Rev: 2/99999
Epoch 3849 | Cost: 0.382113 | Acc: 78.61% (Best: 80.00% @ Ep3807) | LR: 0.000010 | Rev: 0/99999
Epoch 3850 | Cost: 0.403229 | Acc: 78.61% (Best: 80.00% @ Ep3807) | LR: 0.000010 | Rev: 1/99999
Epoch 3851 | Cost: 0.391416 | Acc: 78.61% (Best: 80.00% @ Ep3807) | LR: 0.000010 | Rev: 0/99999
Epoch 3852 | Cost: 0.389013 | Acc: 78.61% (Best: 80.00% @ Ep3807) | LR: 0.000010 | Rev: 0/99999
Epoch 3853 | Cost: 0.387785 | Acc: 78.61% (Best: 80.00% @ Ep3807) | LR: 0.000010 | Rev: 0/99999
Epoch 3854 | Cost: 0.395210 | Acc: 78.61% (Best: 80.00% @ Ep3807) | LR: 0.000010 | Rev: 1/99999
Epoch 3855 | Cost: 0.405012 | Acc: 78.61% (Best: 80.00% @ Ep3807) | LR: 0.000010 | Rev: 2/99999
Epoch 3856 | Cost: 0.407831 | Acc: 78.61% (Best: 80.00% @ Ep3807) | LR: 0.000010 | Rev: 3/99999
Epoch 3857 | Cost: 0.418395 | Acc: 78.61% (Best: 80.00% @ Ep3807) | LR: 0.000020 | Rev: 4/99999
Epoch 3858 | Cost: 0.396458 | Acc: 78.33% (Best: 80.00% @ Ep3807) | LR: 0.000020 | Rev: 0/99999
Epoch 3859 | Cost: 0.390167 | Acc: 78.61% (Best: 80.00% @ Ep3807) | LR: 0.000020 | Rev: 0/99999
Epoch 3860 | Cost: 0.395119 | Acc: 78.33% (Best: 80.00% @ Ep3807) | LR: 0.000020 | Rev: 1/99999
Epoch 3861 | Cost: 0.397896 | Acc: 78.61% (Best: 80.00% @ Ep3807) | LR: 0.000020 | Rev: 2/99999
Epoch 3862 | Cost: 0.394141 | Acc: 78.89% (Best: 80.00% @ Ep3807) | LR: 0.000020 | Rev: 0/99999
Epoch 3863 | Cost: 0.398781 | Acc: 78.61% (Best: 80.00% @ Ep3807) | LR: 0.000020 | Rev: 1/99999
Epoch 3864 | Cost: 0.409151 | Acc: 78.89% (Best: 80.00% @ Ep3807) | LR: 0.000020 | Rev: 2/99999
Epoch 3865 | Cost: 0.391457 | Acc: 78.89% (Best: 80.00% @ Ep3807) | LR: 0.000020 | Rev: 0/99999
Epoch 3866 | Cost: 0.411742 | Acc: 78.89% (Best: 80.00% @ Ep3807) | LR: 0.000020 | Rev: 1/99999
Epoch 3867 | Cost: 0.421374 | Acc: 78.61% (Best: 80.00% @ Ep3807) | LR: 0.000030 | Rev: 2/99999
Epoch 3868 | Cost: 0.392639 | Acc: 78.89% (Best: 80.00% @ Ep3807) | LR: 0.000030 | Rev: 0/99999
Epoch 3869 | Cost: 0.420934 | Acc: 78.89% (Best: 80.00% @ Ep3807) | LR: 0.000030 | Rev: 1/99999
Epoch 3870 | Cost: 0.412396 | Acc: 78.61% (Best: 80.00% @ Ep3807) | LR: 0.000030 | Rev: 0/99999
Epoch 3871 | Cost: 0.404481 | Acc: 78.89% (Best: 80.00% @ Ep3807) | LR: 0.000030 | Rev: 0/99999
Epoch 3872 | Cost: 0.390961 | Acc: 78.33% (Best: 80.00% @ Ep3807) | LR: 0.000030 | Rev: 0/99999
Epoch 3873 | Cost: 0.393059 | Acc: 78.89% (Best: 80.00% @ Ep3807) | LR: 0.000030 | Rev: 1/99999
Epoch 3874 | Cost: 0.397913 | Acc: 78.89% (Best: 80.00% @ Ep3807) | LR: 0.000030 | Rev: 2/99999
Epoch 3875 | Cost: 0.400111 | Acc: 78.89% (Best: 80.00% @ Ep3807) | LR: 0.000030 | Rev: 3/99999
Epoch 3876 | Cost: 0.393568 | Acc: 78.89% (Best: 80.00% @ Ep3807) | LR: 0.000030 | Rev: 0/99999
Epoch 3877 | Cost: 0.405091 | Acc: 79.17% (Best: 80.00% @ Ep3807) | LR: 0.000040 | Rev: 1/99999
Epoch 3878 | Cost: 0.381735 | Acc: 78.89% (Best: 80.00% @ Ep3807) | LR: 0.000040 | Rev: 0/99999
Epoch 3879 | Cost: 0.392725 | Acc: 78.89% (Best: 80.00% @ Ep3807) | LR: 0.000040 | Rev: 1/99999
Epoch 3880 | Cost: 0.417206 | Acc: 79.17% (Best: 80.00% @ Ep3807) | LR: 0.000040 | Rev: 2/99999
Epoch 3881 | Cost: 0.400495 | Acc: 78.89% (Best: 80.00% @ Ep3807) | LR: 0.000040 | Rev: 0/99999
Epoch 3882 | Cost: 0.375945 | Acc: 78.61% (Best: 80.00% @ Ep3807) | LR: 0.000040 | Rev: 0/99999
Epoch 3883 | Cost: 0.382452 | Acc: 78.89% (Best: 80.00% @ Ep3807) | LR: 0.000040 | Rev: 1/99999
Epoch 3884 | Cost: 0.416209 | Acc: 78.89% (Best: 80.00% @ Ep3807) | LR: 0.000040 | Rev: 2/99999
Epoch 3885 | Cost: 0.399277 | Acc: 78.06% (Best: 80.00% @ Ep3807) | LR: 0.000040 | Rev: 0/99999
Epoch 3886 | Cost: 0.412419 | Acc: 78.61% (Best: 80.00% @ Ep3807) | LR: 0.000040 | Rev: 1/99999
Epoch 3887 | Cost: 0.410618 | Acc: 78.89% (Best: 80.00% @ Ep3807) | LR: 0.000050 | Rev: 0/99999
Epoch 3888 | Cost: 0.418367 | Acc: 78.61% (Best: 80.00% @ Ep3807) | LR: 0.000050 | Rev: 1/99999
Epoch 3889 | Cost: 0.389314 | Acc: 78.33% (Best: 80.00% @ Ep3807) | LR: 0.000050 | Rev: 0/99999
Epoch 3890 | Cost: 0.390123 | Acc: 79.17% (Best: 80.00% @ Ep3807) | LR: 0.000050 | Rev: 1/99999
Epoch 3891 | Cost: 0.393183 | Acc: 78.89% (Best: 80.00% @ Ep3807) | LR: 0.000050 | Rev: 2/99999
Epoch 3892 | Cost: 0.407142 | Acc: 78.61% (Best: 80.00% @ Ep3807) | LR: 0.000050 | Rev: 3/99999
Epoch 3893 | Cost: 0.383338 | Acc: 78.33% (Best: 80.00% @ Ep3807) | LR: 0.000050 | Rev: 0/99999
Epoch 3894 | Cost: 0.396545 | Acc: 78.61% (Best: 80.00% @ Ep3807) | LR: 0.000050 | Rev: 1/99999
Epoch 3895 | Cost: 0.403055 | Acc: 78.33% (Best: 80.00% @ Ep3807) | LR: 0.000050 | Rev: 2/99999
Epoch 3896 | Cost: 0.417933 | Acc: 78.33% (Best: 80.00% @ Ep3807) | LR: 0.000050 | Rev: 3/99999
Epoch 3897 | Cost: 0.398620 | Acc: 79.17% (Best: 80.00% @ Ep3807) | LR: 0.000060 | Rev: 0/99999
Epoch 3898 | Cost: 0.399272 | Acc: 78.06% (Best: 80.00% @ Ep3807) | LR: 0.000060 | Rev: 1/99999
Epoch 3899 | Cost: 0.393615 | Acc: 78.06% (Best: 80.00% @ Ep3807) | LR: 0.000060 | Rev: 0/99999
Epoch 3900 | Cost: 0.395336 | Acc: 78.89% (Best: 80.00% @ Ep3807) | LR: 0.000060 | Rev: 1/99999
Epoch 3901 | Cost: 0.385211 | Acc: 79.44% (Best: 80.00% @ Ep3807) | LR: 0.000060 | Rev: 0/99999
Epoch 3902 | Cost: 0.398854 | Acc: 78.89% (Best: 80.00% @ Ep3807) | LR: 0.000060 | Rev: 1/99999
Epoch 3903 | Cost: 0.393134 | Acc: 78.61% (Best: 80.00% @ Ep3807) | LR: 0.000060 | Rev: 0/99999
Epoch 3904 | Cost: 0.384370 | Acc: 78.33% (Best: 80.00% @ Ep3807) | LR: 0.000060 | Rev: 0/99999
Epoch 3905 | Cost: 0.426677 | Acc: 78.33% (Best: 80.00% @ Ep3807) | LR: 0.000060 | Rev: 1/99999
Epoch 3906 | Cost: 0.405501 | Acc: 78.89% (Best: 80.00% @ Ep3807) | LR: 0.000060 | Rev: 0/99999
Epoch 3907 | Cost: 0.393200 | Acc: 79.44% (Best: 80.00% @ Ep3807) | LR: 0.000070 | Rev: 0/99999
Epoch 3908 | Cost: 0.397598 | Acc: 78.33% (Best: 80.00% @ Ep3807) | LR: 0.000070 | Rev: 1/99999
Epoch 3909 | Cost: 0.393060 | Acc: 78.61% (Best: 80.00% @ Ep3807) | LR: 0.000070 | Rev: 0/99999
Epoch 3910 | Cost: 0.393052 | Acc: 79.44% (Best: 80.00% @ Ep3807) | LR: 0.000070 | Rev: 0/99999
Epoch 3911 | Cost: 0.397230 | Acc: 78.61% (Best: 80.00% @ Ep3807) | LR: 0.000070 | Rev: 1/99999
Epoch 3912 | Cost: 0.406051 | Acc: 79.17% (Best: 80.00% @ Ep3807) | LR: 0.000070 | Rev: 2/99999
Epoch 3913 | Cost: 0.408201 | Acc: 78.89% (Best: 80.00% @ Ep3807) | LR: 0.000070 | Rev: 3/99999
Epoch 3914 | Cost: 0.388675 | Acc: 78.89% (Best: 80.00% @ Ep3807) | LR: 0.000070 | Rev: 0/99999
Epoch 3915 | Cost: 0.401095 | Acc: 79.72% (Best: 80.00% @ Ep3807) | LR: 0.000070 | Rev: 1/99999
Epoch 3916 | Cost: 0.399137 | Acc: 78.33% (Best: 80.00% @ Ep3807) | LR: 0.000070 | Rev: 0/99999
Epoch 3917 | Cost: 0.396893 | Acc: 78.33% (Best: 80.00% @ Ep3807) | LR: 0.000080 | Rev: 0/99999
Epoch 3918 | Cost: 0.398874 | Acc: 78.61% (Best: 80.00% @ Ep3807) | LR: 0.000080 | Rev: 1/99999
Epoch 3919 | Cost: 0.402159 | Acc: 78.89% (Best: 80.00% @ Ep3807) | LR: 0.000080 | Rev: 2/99999
Epoch 3920 | Cost: 0.427023 | Acc: 78.61% (Best: 80.00% @ Ep3807) | LR: 0.000080 | Rev: 3/99999
Epoch 3921 | Cost: 0.383427 | Acc: 77.78% (Best: 80.00% @ Ep3807) | LR: 0.000080 | Rev: 0/99999
Epoch 3922 | Cost: 0.391969 | Acc: 77.78% (Best: 80.00% @ Ep3807) | LR: 0.000080 | Rev: 1/99999
Epoch 3923 | Cost: 0.395035 | Acc: 78.61% (Best: 80.00% @ Ep3807) | LR: 0.000080 | Rev: 2/99999
Epoch 3924 | Cost: 0.400729 | Acc: 79.17% (Best: 80.00% @ Ep3807) | LR: 0.000080 | Rev: 3/99999
Epoch 3925 | Cost: 0.386084 | Acc: 78.33% (Best: 80.00% @ Ep3807) | LR: 0.000080 | Rev: 0/99999
Epoch 3926 | Cost: 0.408437 | Acc: 78.89% (Best: 80.00% @ Ep3807) | LR: 0.000080 | Rev: 1/99999
Epoch 3927 | Cost: 0.416641 | Acc: 78.89% (Best: 80.00% @ Ep3807) | LR: 0.000090 | Rev: 2/99999
Epoch 3928 | Cost: 0.421024 | Acc: 78.61% (Best: 80.00% @ Ep3807) | LR: 0.000090 | Rev: 3/99999
Epoch 3929 | Cost: 0.399253 | Acc: 78.61% (Best: 80.00% @ Ep3807) | LR: 0.000090 | Rev: 0/99999
Epoch 3930 | Cost: 0.389800 | Acc: 78.61% (Best: 80.00% @ Ep3807) | LR: 0.000090 | Rev: 0/99999
Epoch 3931 | Cost: 0.412902 | Acc: 78.89% (Best: 80.00% @ Ep3807) | LR: 0.000090 | Rev: 1/99999
Epoch 3932 | Cost: 0.402093 | Acc: 78.61% (Best: 80.00% @ Ep3807) | LR: 0.000090 | Rev: 0/99999
Epoch 3933 | Cost: 0.394848 | Acc: 78.33% (Best: 80.00% @ Ep3807) | LR: 0.000090 | Rev: 0/99999
Epoch 3934 | Cost: 0.400138 | Acc: 78.61% (Best: 80.00% @ Ep3807) | LR: 0.000090 | Rev: 1/99999
Epoch 3935 | Cost: 0.416259 | Acc: 79.44% (Best: 80.00% @ Ep3807) | LR: 0.000090 | Rev: 2/99999
Epoch 3936 | Cost: 0.400715 | Acc: 78.61% (Best: 80.00% @ Ep3807) | LR: 0.000090 | Rev: 0/99999
Epoch 3937 | Cost: 0.386317 | Acc: 79.44% (Best: 80.00% @ Ep3807) | LR: 0.000100 | Rev: 0/99999
Epoch 3938 | Cost: 0.419127 | Acc: 78.33% (Best: 80.00% @ Ep3807) | LR: 0.000100 | Rev: 1/99999
Epoch 3939 | Cost: 0.395333 | Acc: 79.17% (Best: 80.00% @ Ep3807) | LR: 0.000100 | Rev: 0/99999
Epoch 3940 | Cost: 0.394755 | Acc: 79.17% (Best: 80.00% @ Ep3807) | LR: 0.000100 | Rev: 0/99999
Epoch 3941 | Cost: 0.385618 | Acc: 79.72% (Best: 80.00% @ Ep3807) | LR: 0.000100 | Rev: 0/99999
Epoch 3942 | Cost: 0.398699 | Acc: 79.44% (Best: 80.00% @ Ep3807) | LR: 0.000100 | Rev: 1/99999
Epoch 3943 | Cost: 0.405377 | Acc: 78.89% (Best: 80.00% @ Ep3807) | LR: 0.000100 | Rev: 2/99999
Epoch 3944 | Cost: 0.407257 | Acc: 79.44% (Best: 80.00% @ Ep3807) | LR: 0.000100 | Rev: 3/99999
Epoch 3945 | Cost: 0.394059 | Acc: 78.06% (Best: 80.00% @ Ep3807) | LR: 0.000100 | Rev: 0/99999
Epoch 3946 | Cost: 0.407060 | Acc: 78.89% (Best: 80.00% @ Ep3807) | LR: 0.000100 | Rev: 1/99999
Epoch 3947 | Cost: 0.405619 | Acc: 78.33% (Best: 80.00% @ Ep3807) | LR: 0.000110 | Rev: 0/99999
Epoch 3948 | Cost: 0.389382 | Acc: 78.33% (Best: 80.00% @ Ep3807) | LR: 0.000110 | Rev: 0/99999
Epoch 3949 | Cost: 0.396939 | Acc: 78.89% (Best: 80.00% @ Ep3807) | LR: 0.000110 | Rev: 1/99999
Epoch 3950 | Cost: 0.389499 | Acc: 79.17% (Best: 80.00% @ Ep3807) | LR: 0.000110 | Rev: 0/99999
Epoch 3951 | Cost: 0.437261 | Acc: 78.33% (Best: 80.00% @ Ep3807) | LR: 0.000110 | Rev: 1/99999
Epoch 3952 | Cost: 0.397773 | Acc: 78.61% (Best: 80.00% @ Ep3807) | LR: 0.000110 | Rev: 0/99999
Epoch 3953 | Cost: 0.407832 | Acc: 78.33% (Best: 80.00% @ Ep3807) | LR: 0.000110 | Rev: 1/99999
Epoch 3954 | Cost: 0.407344 | Acc: 78.33% (Best: 80.00% @ Ep3807) | LR: 0.000110 | Rev: 0/99999
Epoch 3955 | Cost: 0.399238 | Acc: 79.17% (Best: 80.00% @ Ep3807) | LR: 0.000110 | Rev: 0/99999
Epoch 3956 | Cost: 0.400935 | Acc: 78.33% (Best: 80.00% @ Ep3807) | LR: 0.000110 | Rev: 1/99999
Epoch 3957 | Cost: 0.413592 | Acc: 78.61% (Best: 80.00% @ Ep3807) | LR: 0.000120 | Rev: 2/99999
Epoch 3958 | Cost: 0.396774 | Acc: 78.89% (Best: 80.00% @ Ep3807) | LR: 0.000120 | Rev: 0/99999
Epoch 3959 | Cost: 0.393373 | Acc: 78.61% (Best: 80.00% @ Ep3807) | LR: 0.000120 | Rev: 0/99999
Epoch 3960 | Cost: 0.419691 | Acc: 78.61% (Best: 80.00% @ Ep3807) | LR: 0.000120 | Rev: 1/99999
Epoch 3961 | Cost: 0.415494 | Acc: 78.61% (Best: 80.00% @ Ep3807) | LR: 0.000120 | Rev: 0/99999
Epoch 3962 | Cost: 0.386808 | Acc: 78.61% (Best: 80.00% @ Ep3807) | LR: 0.000120 | Rev: 0/99999
Epoch 3963 | Cost: 0.412295 | Acc: 78.89% (Best: 80.00% @ Ep3807) | LR: 0.000120 | Rev: 1/99999
Epoch 3964 | Cost: 0.397537 | Acc: 79.44% (Best: 80.00% @ Ep3807) | LR: 0.000120 | Rev: 0/99999
Epoch 3965 | Cost: 0.406181 | Acc: 78.61% (Best: 80.00% @ Ep3807) | LR: 0.000120 | Rev: 1/99999
Epoch 3966 | Cost: 0.399475 | Acc: 77.78% (Best: 80.00% @ Ep3807) | LR: 0.000120 | Rev: 0/99999
Epoch 3967 | Cost: 0.400304 | Acc: 79.44% (Best: 80.00% @ Ep3807) | LR: 0.000130 | Rev: 1/99999
Epoch 3968 | Cost: 0.407872 | Acc: 78.06% (Best: 80.00% @ Ep3807) | LR: 0.000130 | Rev: 2/99999
Epoch 3969 | Cost: 0.401342 | Acc: 79.17% (Best: 80.00% @ Ep3807) | LR: 0.000130 | Rev: 0/99999
Epoch 3970 | Cost: 0.402199 | Acc: 78.89% (Best: 80.00% @ Ep3807) | LR: 0.000130 | Rev: 1/99999
Epoch 3971 | Cost: 0.394262 | Acc: 77.50% (Best: 80.00% @ Ep3807) | LR: 0.000130 | Rev: 0/99999
Epoch 3972 | Cost: 0.419958 | Acc: 79.72% (Best: 80.00% @ Ep3807) | LR: 0.000130 | Rev: 1/99999
Epoch 3973 | Cost: 0.392962 | Acc: 79.17% (Best: 80.00% @ Ep3807) | LR: 0.000130 | Rev: 0/99999
Epoch 3974 | Cost: 0.389058 | Acc: 80.00% (Best: 80.00% @ Ep3807) | LR: 0.000130 | Rev: 0/99999
Epoch 3975 | Cost: 0.443340 | Acc: 79.17% (Best: 80.00% @ Ep3807) | LR: 0.000130 | Rev: 1/99999
Epoch 3976 | Cost: 0.396856 | Acc: 79.72% (Best: 80.00% @ Ep3807) | LR: 0.000130 | Rev: 0/99999
Epoch 3977 | Cost: 0.402569 | Acc: 80.00% (Best: 80.00% @ Ep3807) | LR: 0.000140 | Rev: 1/99999
Epoch 3978 | Cost: 0.403694 | Acc: 79.44% (Best: 80.00% @ Ep3807) | LR: 0.000140 | Rev: 2/99999
Epoch 3979 | Cost: 0.415716 | Acc: 79.44% (Best: 80.00% @ Ep3807) | LR: 0.000140 | Rev: 3/99999
Epoch 3980 | Cost: 0.400004 | Acc: 79.44% (Best: 80.00% @ Ep3807) | LR: 0.000140 | Rev: 0/99999
Epoch 3981 | Cost: 0.398243 | Acc: 79.44% (Best: 80.00% @ Ep3807) | LR: 0.000140 | Rev: 0/99999
Epoch 3982 | Cost: 0.426179 | Acc: 78.33% (Best: 80.00% @ Ep3807) | LR: 0.000140 | Rev: 1/99999
Epoch 3983 | Cost: 0.394572 | Acc: 79.72% (Best: 80.00% @ Ep3807) | LR: 0.000140 | Rev: 0/99999
Epoch 3984 | Cost: 0.397496 | Acc: 78.89% (Best: 80.00% @ Ep3807) | LR: 0.000140 | Rev: 1/99999
Epoch 3985 | Cost: 0.420972 | Acc: 78.89% (Best: 80.00% @ Ep3807) | LR: 0.000140 | Rev: 2/99999
Epoch 3986 | Cost: 0.442257 | Acc: 79.17% (Best: 80.00% @ Ep3807) | LR: 0.000140 | Rev: 3/99999
Epoch 3987 | Cost: 0.418028 | Acc: 78.61% (Best: 80.00% @ Ep3807) | LR: 0.000150 | Rev: 0/99999
Epoch 3988 | Cost: 0.393795 | Acc: 79.72% (Best: 80.00% @ Ep3807) | LR: 0.000150 | Rev: 0/99999
Epoch 3989 | Cost: 0.433237 | Acc: 78.89% (Best: 80.00% @ Ep3807) | LR: 0.000150 | Rev: 1/99999
Epoch 3990 | Cost: 0.413166 | Acc: 80.00% (Best: 80.00% @ Ep3807) | LR: 0.000150 | Rev: 0/99999
Epoch 3991 | Cost: 0.405174 | Acc: 79.44% (Best: 80.00% @ Ep3807) | LR: 0.000150 | Rev: 0/99999
Epoch 3992 | Cost: 0.415384 | Acc: 78.89% (Best: 80.00% @ Ep3807) | LR: 0.000150 | Rev: 1/99999
Epoch 3993 | Cost: 0.402355 | Acc: 79.44% (Best: 80.00% @ Ep3807) | LR: 0.000150 | Rev: 0/99999
Epoch 3994 | Cost: 0.395321 | Acc: 79.17% (Best: 80.00% @ Ep3807) | LR: 0.000150 | Rev: 0/99999
Epoch 3995 | Cost: 0.398992 | Acc: 78.89% (Best: 80.00% @ Ep3807) | LR: 0.000150 | Rev: 1/99999
Epoch 3996 | Cost: 0.400589 | Acc: 78.61% (Best: 80.00% @ Ep3807) | LR: 0.000150 | Rev: 2/99999
Epoch 3997 | Cost: 0.407569 | Acc: 78.06% (Best: 80.00% @ Ep3807) | LR: 0.000160 | Rev: 3/99999
Epoch 3998 | Cost: 0.388826 | Acc: 78.33% (Best: 80.00% @ Ep3807) | LR: 0.000160 | Rev: 0/99999
Epoch 3999 | Cost: 0.406180 | Acc: 79.44% (Best: 80.00% @ Ep3807) | LR: 0.000160 | Rev: 1/99999
Epoch 4000 | Cost: 0.399001 | Acc: 78.89% (Best: 80.00% @ Ep3807) | LR: 0.000160 | Rev: 0/99999
Epoch 4001 | Cost: 0.403866 | Acc: 78.89% (Best: 80.00% @ Ep3807) | LR: 0.000160 | Rev: 1/99999
Epoch 4002 | Cost: 0.409120 | Acc: 78.89% (Best: 80.00% @ Ep3807) | LR: 0.000160 | Rev: 2/99999
Epoch 4003 | Cost: 0.398174 | Acc: 79.17% (Best: 80.00% @ Ep3807) | LR: 0.000160 | Rev: 0/99999
Epoch 4004 | Cost: 0.399921 | Acc: 78.06% (Best: 80.00% @ Ep3807) | LR: 0.000160 | Rev: 1/99999
Epoch 4005 | Cost: 0.393415 | Acc: 80.00% (Best: 80.00% @ Ep3807) | LR: 0.000160 | Rev: 0/99999
Epoch 4006 | Cost: 0.404259 | Acc: 78.06% (Best: 80.00% @ Ep3807) | LR: 0.000160 | Rev: 1/99999
Epoch 4007 | Cost: 0.410697 | Acc: 79.44% (Best: 80.00% @ Ep3807) | LR: 0.000170 | Rev: 2/99999
Epoch 4008 | Cost: 0.400814 | Acc: 79.72% (Best: 80.00% @ Ep3807) | LR: 0.000170 | Rev: 0/99999
Epoch 4009 | Cost: 0.387963 | Acc: 78.33% (Best: 80.00% @ Ep3807) | LR: 0.000170 | Rev: 0/99999
Epoch 4010 | Cost: 0.427619 | Acc: 79.17% (Best: 80.00% @ Ep3807) | LR: 0.000170 | Rev: 1/99999
Epoch 4011 | Cost: 0.389853 | Acc: 79.17% (Best: 80.00% @ Ep3807) | LR: 0.000170 | Rev: 0/99999
Epoch 4012 | Cost: 0.403833 | Acc: 78.06% (Best: 80.00% @ Ep3807) | LR: 0.000170 | Rev: 1/99999
Epoch 4013 | Cost: 0.391308 | Acc: 79.72% (Best: 80.00% @ Ep3807) | LR: 0.000170 | Rev: 0/99999
Epoch 4014 | Cost: 0.408072 | Acc: 79.17% (Best: 80.00% @ Ep3807) | LR: 0.000170 | Rev: 1/99999
Epoch 4015 | Cost: 0.397509 | Acc: 79.17% (Best: 80.00% @ Ep3807) | LR: 0.000170 | Rev: 0/99999
Epoch 4016 | Cost: 0.402240 | Acc: 79.44% (Best: 80.00% @ Ep3807) | LR: 0.000170 | Rev: 1/99999
Epoch 4017 | Cost: 0.445671 | Acc: 78.61% (Best: 80.00% @ Ep3807) | LR: 0.000180 | Rev: 2/99999
Epoch 4018 | Cost: 0.405691 | Acc: 79.17% (Best: 80.00% @ Ep3807) | LR: 0.000180 | Rev: 0/99999
Epoch 4019 | Cost: 0.403954 | Acc: 78.61% (Best: 80.00% @ Ep3807) | LR: 0.000180 | Rev: 0/99999
Epoch 4020 | Cost: 0.399315 | Acc: 79.17% (Best: 80.00% @ Ep3807) | LR: 0.000180 | Rev: 0/99999
Epoch 4021 | Cost: 0.406733 | Acc: 78.61% (Best: 80.00% @ Ep3807) | LR: 0.000180 | Rev: 1/99999
Epoch 4022 | Cost: 0.394183 | Acc: 78.61% (Best: 80.00% @ Ep3807) | LR: 0.000180 | Rev: 0/99999
Epoch 4023 | Cost: 0.405189 | Acc: 78.89% (Best: 80.00% @ Ep3807) | LR: 0.000180 | Rev: 1/99999
Epoch 4024 | Cost: 0.396389 | Acc: 77.78% (Best: 80.00% @ Ep3807) | LR: 0.000180 | Rev: 0/99999
Epoch 4025 | Cost: 0.405158 | Acc: 79.44% (Best: 80.00% @ Ep3807) | LR: 0.000180 | Rev: 1/99999
Epoch 4026 | Cost: 0.403794 | Acc: 78.89% (Best: 80.00% @ Ep3807) | LR: 0.000180 | Rev: 0/99999
Epoch 4027 | Cost: 0.405079 | Acc: 79.17% (Best: 80.00% @ Ep3807) | LR: 0.000190 | Rev: 1/99999
Epoch 4028 | Cost: 0.392695 | Acc: 80.00% (Best: 80.00% @ Ep3807) | LR: 0.000190 | Rev: 0/99999
Epoch 4029 | Cost: 0.386118 | Acc: 79.17% (Best: 80.00% @ Ep3807) | LR: 0.000190 | Rev: 0/99999
Epoch 4030 | Cost: 0.406032 | Acc: 79.17% (Best: 80.00% @ Ep3807) | LR: 0.000190 | Rev: 1/99999
Epoch 4031 | Cost: 0.395298 | Acc: 78.89% (Best: 80.00% @ Ep3807) | LR: 0.000190 | Rev: 0/99999
Epoch 4032 | Cost: 0.400118 | Acc: 78.89% (Best: 80.00% @ Ep3807) | LR: 0.000190 | Rev: 1/99999
Epoch 4033 | Cost: 0.409441 | Acc: 78.89% (Best: 80.00% @ Ep3807) | LR: 0.000190 | Rev: 2/99999
Epoch 4034 | Cost: 0.394557 | Acc: 79.44% (Best: 80.00% @ Ep3807) | LR: 0.000190 | Rev: 0/99999
Epoch 4035 | Cost: 0.401854 | Acc: 78.89% (Best: 80.00% @ Ep3807) | LR: 0.000190 | Rev: 1/99999
Epoch 4036 | Cost: 0.405121 | Acc: 79.44% (Best: 80.00% @ Ep3807) | LR: 0.000190 | Rev: 2/99999
Epoch 4037 | Cost: 0.421191 | Acc: 79.44% (Best: 80.00% @ Ep3807) | LR: 0.000200 | Rev: 3/99999
Epoch 4038 | Cost: 0.421254 | Acc: 79.17% (Best: 80.00% @ Ep3807) | LR: 0.000200 | Rev: 4/99999
Epoch 4039 | Cost: 0.399741 | Acc: 78.61% (Best: 80.00% @ Ep3807) | LR: 0.000200 | Rev: 0/99999
Epoch 4040 | Cost: 0.401170 | Acc: 79.17% (Best: 80.00% @ Ep3807) | LR: 0.000200 | Rev: 1/99999
Epoch 4041 | Cost: 0.393898 | Acc: 80.28% (Best: 80.28% @ Ep4041) | LR: 0.000010 | Rev: 0/99999
Epoch 4042 | Cost: 0.391743 | Acc: 79.72% (Best: 80.28% @ Ep4041) | LR: 0.000010 | Rev: 0/99999
Epoch 4043 | Cost: 0.388986 | Acc: 79.72% (Best: 80.28% @ Ep4041) | LR: 0.000010 | Rev: 0/99999
Epoch 4044 | Cost: 0.382039 | Acc: 79.72% (Best: 80.28% @ Ep4041) | LR: 0.000010 | Rev: 0/99999
Epoch 4045 | Cost: 0.384108 | Acc: 79.44% (Best: 80.28% @ Ep4041) | LR: 0.000010 | Rev: 1/99999
Epoch 4046 | Cost: 0.396676 | Acc: 79.72% (Best: 80.28% @ Ep4041) | LR: 0.000010 | Rev: 2/99999
Epoch 4047 | Cost: 0.404513 | Acc: 80.00% (Best: 80.28% @ Ep4041) | LR: 0.000010 | Rev: 3/99999
Epoch 4048 | Cost: 0.383196 | Acc: 79.72% (Best: 80.28% @ Ep4041) | LR: 0.000010 | Rev: 0/99999
Epoch 4049 | Cost: 0.414174 | Acc: 79.72% (Best: 80.28% @ Ep4041) | LR: 0.000010 | Rev: 1/99999
Epoch 4050 | Cost: 0.394731 | Acc: 80.00% (Best: 80.28% @ Ep4041) | LR: 0.000010 | Rev: 0/99999
Epoch 4051 | Cost: 0.381617 | Acc: 80.00% (Best: 80.28% @ Ep4041) | LR: 0.000010 | Rev: 0/99999
Epoch 4052 | Cost: 0.387935 | Acc: 79.72% (Best: 80.28% @ Ep4041) | LR: 0.000010 | Rev: 1/99999
Epoch 4053 | Cost: 0.418258 | Acc: 79.44% (Best: 80.28% @ Ep4041) | LR: 0.000010 | Rev: 2/99999
Epoch 4054 | Cost: 0.372904 | Acc: 79.44% (Best: 80.28% @ Ep4041) | LR: 0.000010 | Rev: 0/99999
Epoch 4055 | Cost: 0.386227 | Acc: 79.72% (Best: 80.28% @ Ep4041) | LR: 0.000010 | Rev: 1/99999
Epoch 4056 | Cost: 0.380281 | Acc: 79.72% (Best: 80.28% @ Ep4041) | LR: 0.000010 | Rev: 0/99999
Epoch 4057 | Cost: 0.379726 | Acc: 79.72% (Best: 80.28% @ Ep4041) | LR: 0.000010 | Rev: 0/99999
Epoch 4058 | Cost: 0.398171 | Acc: 79.72% (Best: 80.28% @ Ep4041) | LR: 0.000010 | Rev: 1/99999
Epoch 4059 | Cost: 0.384894 | Acc: 79.44% (Best: 80.28% @ Ep4041) | LR: 0.000010 | Rev: 0/99999
Epoch 4060 | Cost: 0.377925 | Acc: 79.44% (Best: 80.28% @ Ep4041) | LR: 0.000010 | Rev: 0/99999
Epoch 4061 | Cost: 0.386367 | Acc: 79.44% (Best: 80.28% @ Ep4041) | LR: 0.000010 | Rev: 1/99999
Epoch 4062 | Cost: 0.385470 | Acc: 79.44% (Best: 80.28% @ Ep4041) | LR: 0.000010 | Rev: 0/99999
Epoch 4063 | Cost: 0.378589 | Acc: 79.44% (Best: 80.28% @ Ep4041) | LR: 0.000010 | Rev: 0/99999
Epoch 4064 | Cost: 0.386443 | Acc: 79.72% (Best: 80.28% @ Ep4041) | LR: 0.000010 | Rev: 1/99999
Epoch 4065 | Cost: 0.386460 | Acc: 80.28% (Best: 80.28% @ Ep4041) | LR: 0.000010 | Rev: 2/99999
Epoch 4066 | Cost: 0.419475 | Acc: 79.72% (Best: 80.28% @ Ep4041) | LR: 0.000010 | Rev: 3/99999
Epoch 4067 | Cost: 0.384023 | Acc: 79.72% (Best: 80.28% @ Ep4041) | LR: 0.000010 | Rev: 0/99999
Epoch 4068 | Cost: 0.398746 | Acc: 79.72% (Best: 80.28% @ Ep4041) | LR: 0.000010 | Rev: 1/99999
Epoch 4069 | Cost: 0.389688 | Acc: 79.72% (Best: 80.28% @ Ep4041) | LR: 0.000010 | Rev: 0/99999
Epoch 4070 | Cost: 0.380166 | Acc: 79.44% (Best: 80.28% @ Ep4041) | LR: 0.000010 | Rev: 0/99999
Epoch 4071 | Cost: 0.379489 | Acc: 79.72% (Best: 80.28% @ Ep4041) | LR: 0.000010 | Rev: 0/99999
Epoch 4072 | Cost: 0.376471 | Acc: 79.72% (Best: 80.28% @ Ep4041) | LR: 0.000010 | Rev: 0/99999
Epoch 4073 | Cost: 0.377383 | Acc: 79.44% (Best: 80.28% @ Ep4041) | LR: 0.000010 | Rev: 1/99999
Epoch 4074 | Cost: 0.384839 | Acc: 79.44% (Best: 80.28% @ Ep4041) | LR: 0.000010 | Rev: 2/99999
Epoch 4075 | Cost: 0.378974 | Acc: 79.17% (Best: 80.28% @ Ep4041) | LR: 0.000010 | Rev: 0/99999
Epoch 4076 | Cost: 0.405758 | Acc: 79.44% (Best: 80.28% @ Ep4041) | LR: 0.000010 | Rev: 1/99999
Epoch 4077 | Cost: 0.396323 | Acc: 79.72% (Best: 80.28% @ Ep4041) | LR: 0.000010 | Rev: 0/99999
Epoch 4078 | Cost: 0.387647 | Acc: 79.44% (Best: 80.28% @ Ep4041) | LR: 0.000010 | Rev: 0/99999
Epoch 4079 | Cost: 0.379554 | Acc: 79.44% (Best: 80.28% @ Ep4041) | LR: 0.000010 | Rev: 0/99999
Epoch 4080 | Cost: 0.396300 | Acc: 79.17% (Best: 80.28% @ Ep4041) | LR: 0.000010 | Rev: 1/99999
Epoch 4081 | Cost: 0.386917 | Acc: 79.44% (Best: 80.28% @ Ep4041) | LR: 0.000010 | Rev: 0/99999
Epoch 4082 | Cost: 0.385703 | Acc: 79.17% (Best: 80.28% @ Ep4041) | LR: 0.000010 | Rev: 0/99999
Epoch 4083 | Cost: 0.384236 | Acc: 79.17% (Best: 80.28% @ Ep4041) | LR: 0.000010 | Rev: 0/99999
Epoch 4084 | Cost: 0.383910 | Acc: 79.44% (Best: 80.28% @ Ep4041) | LR: 0.000010 | Rev: 0/99999
Epoch 4085 | Cost: 0.391312 | Acc: 79.44% (Best: 80.28% @ Ep4041) | LR: 0.000010 | Rev: 1/99999
Epoch 4086 | Cost: 0.403726 | Acc: 79.44% (Best: 80.28% @ Ep4041) | LR: 0.000010 | Rev: 2/99999
Epoch 4087 | Cost: 0.379220 | Acc: 79.44% (Best: 80.28% @ Ep4041) | LR: 0.000010 | Rev: 0/99999
Epoch 4088 | Cost: 0.381802 | Acc: 79.17% (Best: 80.28% @ Ep4041) | LR: 0.000010 | Rev: 1/99999
Epoch 4089 | Cost: 0.389211 | Acc: 79.44% (Best: 80.28% @ Ep4041) | LR: 0.000010 | Rev: 2/99999
Epoch 4090 | Cost: 0.391322 | Acc: 79.44% (Best: 80.28% @ Ep4041) | LR: 0.000010 | Rev: 3/99999
Epoch 4091 | Cost: 0.386387 | Acc: 79.17% (Best: 80.28% @ Ep4041) | LR: 0.000020 | Rev: 0/99999
Epoch 4092 | Cost: 0.373530 | Acc: 79.17% (Best: 80.28% @ Ep4041) | LR: 0.000020 | Rev: 0/99999
Epoch 4093 | Cost: 0.384761 | Acc: 79.44% (Best: 80.28% @ Ep4041) | LR: 0.000020 | Rev: 1/99999
Epoch 4094 | Cost: 0.388501 | Acc: 79.17% (Best: 80.28% @ Ep4041) | LR: 0.000020 | Rev: 2/99999
Epoch 4095 | Cost: 0.415731 | Acc: 79.17% (Best: 80.28% @ Ep4041) | LR: 0.000020 | Rev: 3/99999
Epoch 4096 | Cost: 0.379684 | Acc: 79.17% (Best: 80.28% @ Ep4041) | LR: 0.000020 | Rev: 0/99999
Epoch 4097 | Cost: 0.386710 | Acc: 79.17% (Best: 80.28% @ Ep4041) | LR: 0.000020 | Rev: 1/99999
Epoch 4098 | Cost: 0.377883 | Acc: 79.44% (Best: 80.28% @ Ep4041) | LR: 0.000020 | Rev: 0/99999
Epoch 4099 | Cost: 0.385487 | Acc: 79.17% (Best: 80.28% @ Ep4041) | LR: 0.000020 | Rev: 1/99999
Epoch 4100 | Cost: 0.392269 | Acc: 79.17% (Best: 80.28% @ Ep4041) | LR: 0.000020 | Rev: 2/99999
Epoch 4101 | Cost: 0.380216 | Acc: 79.44% (Best: 80.28% @ Ep4041) | LR: 0.000030 | Rev: 0/99999
Epoch 4102 | Cost: 0.406599 | Acc: 79.72% (Best: 80.28% @ Ep4041) | LR: 0.000030 | Rev: 1/99999
Epoch 4103 | Cost: 0.382049 | Acc: 79.17% (Best: 80.28% @ Ep4041) | LR: 0.000030 | Rev: 0/99999
Epoch 4104 | Cost: 0.395837 | Acc: 79.17% (Best: 80.28% @ Ep4041) | LR: 0.000030 | Rev: 1/99999
Epoch 4105 | Cost: 0.377283 | Acc: 79.44% (Best: 80.28% @ Ep4041) | LR: 0.000030 | Rev: 0/99999
Epoch 4106 | Cost: 0.373876 | Acc: 79.72% (Best: 80.28% @ Ep4041) | LR: 0.000030 | Rev: 0/99999
Epoch 4107 | Cost: 0.390934 | Acc: 79.44% (Best: 80.28% @ Ep4041) | LR: 0.000030 | Rev: 1/99999
Epoch 4108 | Cost: 0.401296 | Acc: 78.89% (Best: 80.28% @ Ep4041) | LR: 0.000030 | Rev: 2/99999
Epoch 4109 | Cost: 0.383314 | Acc: 78.89% (Best: 80.28% @ Ep4041) | LR: 0.000030 | Rev: 0/99999
Epoch 4110 | Cost: 0.388053 | Acc: 79.44% (Best: 80.28% @ Ep4041) | LR: 0.000030 | Rev: 1/99999
Epoch 4111 | Cost: 0.387603 | Acc: 79.72% (Best: 80.28% @ Ep4041) | LR: 0.000040 | Rev: 0/99999
Epoch 4112 | Cost: 0.384683 | Acc: 79.72% (Best: 80.28% @ Ep4041) | LR: 0.000040 | Rev: 0/99999
Epoch 4113 | Cost: 0.407628 | Acc: 78.89% (Best: 80.28% @ Ep4041) | LR: 0.000040 | Rev: 1/99999
Epoch 4114 | Cost: 0.411212 | Acc: 79.44% (Best: 80.28% @ Ep4041) | LR: 0.000040 | Rev: 2/99999
Epoch 4115 | Cost: 0.403799 | Acc: 79.44% (Best: 80.28% @ Ep4041) | LR: 0.000040 | Rev: 0/99999
Epoch 4116 | Cost: 0.384234 | Acc: 78.33% (Best: 80.28% @ Ep4041) | LR: 0.000040 | Rev: 0/99999
Epoch 4117 | Cost: 0.396053 | Acc: 79.44% (Best: 80.28% @ Ep4041) | LR: 0.000040 | Rev: 1/99999
Epoch 4118 | Cost: 0.400095 | Acc: 79.44% (Best: 80.28% @ Ep4041) | LR: 0.000040 | Rev: 2/99999
Epoch 4119 | Cost: 0.382437 | Acc: 79.44% (Best: 80.28% @ Ep4041) | LR: 0.000040 | Rev: 0/99999
Epoch 4120 | Cost: 0.381956 | Acc: 78.89% (Best: 80.28% @ Ep4041) | LR: 0.000040 | Rev: 0/99999
Epoch 4121 | Cost: 0.403703 | Acc: 79.44% (Best: 80.28% @ Ep4041) | LR: 0.000050 | Rev: 1/99999
Epoch 4122 | Cost: 0.409750 | Acc: 79.44% (Best: 80.28% @ Ep4041) | LR: 0.000050 | Rev: 2/99999
Epoch 4123 | Cost: 0.382459 | Acc: 79.44% (Best: 80.28% @ Ep4041) | LR: 0.000050 | Rev: 0/99999
Epoch 4124 | Cost: 0.390281 | Acc: 79.17% (Best: 80.28% @ Ep4041) | LR: 0.000050 | Rev: 1/99999
Epoch 4125 | Cost: 0.366919 | Acc: 78.89% (Best: 80.28% @ Ep4041) | LR: 0.000050 | Rev: 0/99999
Epoch 4126 | Cost: 0.383820 | Acc: 79.44% (Best: 80.28% @ Ep4041) | LR: 0.000050 | Rev: 1/99999
Epoch 4127 | Cost: 0.381002 | Acc: 79.72% (Best: 80.28% @ Ep4041) | LR: 0.000050 | Rev: 0/99999
Epoch 4128 | Cost: 0.384868 | Acc: 79.72% (Best: 80.28% @ Ep4041) | LR: 0.000050 | Rev: 1/99999
Epoch 4129 | Cost: 0.391917 | Acc: 79.44% (Best: 80.28% @ Ep4041) | LR: 0.000050 | Rev: 2/99999
Epoch 4130 | Cost: 0.380790 | Acc: 79.17% (Best: 80.28% @ Ep4041) | LR: 0.000050 | Rev: 0/99999
Epoch 4131 | Cost: 0.394408 | Acc: 79.44% (Best: 80.28% @ Ep4041) | LR: 0.000060 | Rev: 1/99999
Epoch 4132 | Cost: 0.385394 | Acc: 80.00% (Best: 80.28% @ Ep4041) | LR: 0.000060 | Rev: 0/99999
Epoch 4133 | Cost: 0.406340 | Acc: 79.72% (Best: 80.28% @ Ep4041) | LR: 0.000060 | Rev: 1/99999
Epoch 4134 | Cost: 0.380915 | Acc: 79.44% (Best: 80.28% @ Ep4041) | LR: 0.000060 | Rev: 0/99999
Epoch 4135 | Cost: 0.389228 | Acc: 79.44% (Best: 80.28% @ Ep4041) | LR: 0.000060 | Rev: 1/99999
Epoch 4136 | Cost: 0.402089 | Acc: 79.72% (Best: 80.28% @ Ep4041) | LR: 0.000060 | Rev: 2/99999
Epoch 4137 | Cost: 0.398943 | Acc: 80.00% (Best: 80.28% @ Ep4041) | LR: 0.000060 | Rev: 0/99999
Epoch 4138 | Cost: 0.380904 | Acc: 79.17% (Best: 80.28% @ Ep4041) | LR: 0.000060 | Rev: 0/99999
Epoch 4139 | Cost: 0.382805 | Acc: 79.44% (Best: 80.28% @ Ep4041) | LR: 0.000060 | Rev: 1/99999
Epoch 4140 | Cost: 0.389219 | Acc: 79.44% (Best: 80.28% @ Ep4041) | LR: 0.000060 | Rev: 2/99999
Epoch 4141 | Cost: 0.388495 | Acc: 79.44% (Best: 80.28% @ Ep4041) | LR: 0.000070 | Rev: 0/99999
Epoch 4142 | Cost: 0.386861 | Acc: 79.17% (Best: 80.28% @ Ep4041) | LR: 0.000070 | Rev: 0/99999
Epoch 4143 | Cost: 0.389541 | Acc: 79.17% (Best: 80.28% @ Ep4041) | LR: 0.000070 | Rev: 1/99999
Epoch 4144 | Cost: 0.396259 | Acc: 80.28% (Best: 80.28% @ Ep4041) | LR: 0.000070 | Rev: 2/99999
Epoch 4145 | Cost: 0.380048 | Acc: 79.72% (Best: 80.28% @ Ep4041) | LR: 0.000070 | Rev: 0/99999
Epoch 4146 | Cost: 0.390059 | Acc: 79.44% (Best: 80.28% @ Ep4041) | LR: 0.000070 | Rev: 1/99999
Epoch 4147 | Cost: 0.384243 | Acc: 79.72% (Best: 80.28% @ Ep4041) | LR: 0.000070 | Rev: 0/99999
Epoch 4148 | Cost: 0.400171 | Acc: 79.72% (Best: 80.28% @ Ep4041) | LR: 0.000070 | Rev: 1/99999
Epoch 4149 | Cost: 0.375444 | Acc: 79.44% (Best: 80.28% @ Ep4041) | LR: 0.000070 | Rev: 0/99999
Epoch 4150 | Cost: 0.373595 | Acc: 79.44% (Best: 80.28% @ Ep4041) | LR: 0.000070 | Rev: 0/99999
Epoch 4151 | Cost: 0.408066 | Acc: 78.89% (Best: 80.28% @ Ep4041) | LR: 0.000080 | Rev: 1/99999
Epoch 4152 | Cost: 0.390279 | Acc: 79.44% (Best: 80.28% @ Ep4041) | LR: 0.000080 | Rev: 0/99999
Epoch 4153 | Cost: 0.374291 | Acc: 79.44% (Best: 80.28% @ Ep4041) | LR: 0.000080 | Rev: 0/99999
Epoch 4154 | Cost: 0.376506 | Acc: 79.17% (Best: 80.28% @ Ep4041) | LR: 0.000080 | Rev: 1/99999
Epoch 4155 | Cost: 0.389442 | Acc: 80.00% (Best: 80.28% @ Ep4041) | LR: 0.000080 | Rev: 2/99999
Epoch 4156 | Cost: 0.381902 | Acc: 79.44% (Best: 80.28% @ Ep4041) | LR: 0.000080 | Rev: 0/99999
Epoch 4157 | Cost: 0.411940 | Acc: 78.61% (Best: 80.28% @ Ep4041) | LR: 0.000080 | Rev: 1/99999
Epoch 4158 | Cost: 0.391545 | Acc: 79.17% (Best: 80.28% @ Ep4041) | LR: 0.000080 | Rev: 0/99999
Epoch 4159 | Cost: 0.407727 | Acc: 80.00% (Best: 80.28% @ Ep4041) | LR: 0.000080 | Rev: 1/99999
Epoch 4160 | Cost: 0.373040 | Acc: 79.72% (Best: 80.28% @ Ep4041) | LR: 0.000080 | Rev: 0/99999
Epoch 4161 | Cost: 0.377871 | Acc: 79.72% (Best: 80.28% @ Ep4041) | LR: 0.000090 | Rev: 1/99999
Epoch 4162 | Cost: 0.382895 | Acc: 79.72% (Best: 80.28% @ Ep4041) | LR: 0.000090 | Rev: 2/99999
Epoch 4163 | Cost: 0.387240 | Acc: 79.44% (Best: 80.28% @ Ep4041) | LR: 0.000090 | Rev: 3/99999
Epoch 4164 | Cost: 0.386763 | Acc: 79.72% (Best: 80.28% @ Ep4041) | LR: 0.000090 | Rev: 0/99999
Epoch 4165 | Cost: 0.380635 | Acc: 79.17% (Best: 80.28% @ Ep4041) | LR: 0.000090 | Rev: 0/99999
Epoch 4166 | Cost: 0.404937 | Acc: 78.89% (Best: 80.28% @ Ep4041) | LR: 0.000090 | Rev: 1/99999
Epoch 4167 | Cost: 0.418919 | Acc: 79.44% (Best: 80.28% @ Ep4041) | LR: 0.000090 | Rev: 2/99999
Epoch 4168 | Cost: 0.390960 | Acc: 79.44% (Best: 80.28% @ Ep4041) | LR: 0.000090 | Rev: 0/99999
Epoch 4169 | Cost: 0.390045 | Acc: 79.44% (Best: 80.28% @ Ep4041) | LR: 0.000090 | Rev: 0/99999
Epoch 4170 | Cost: 0.387511 | Acc: 79.72% (Best: 80.28% @ Ep4041) | LR: 0.000090 | Rev: 0/99999
Epoch 4171 | Cost: 0.388559 | Acc: 79.17% (Best: 80.28% @ Ep4041) | LR: 0.000100 | Rev: 1/99999
Epoch 4172 | Cost: 0.380214 | Acc: 79.17% (Best: 80.28% @ Ep4041) | LR: 0.000100 | Rev: 0/99999
Epoch 4173 | Cost: 0.411045 | Acc: 80.00% (Best: 80.28% @ Ep4041) | LR: 0.000100 | Rev: 1/99999
Epoch 4174 | Cost: 0.398530 | Acc: 80.28% (Best: 80.28% @ Ep4041) | LR: 0.000100 | Rev: 0/99999
Epoch 4175 | Cost: 0.387357 | Acc: 78.61% (Best: 80.28% @ Ep4041) | LR: 0.000100 | Rev: 0/99999
Epoch 4176 | Cost: 0.382430 | Acc: 80.28% (Best: 80.28% @ Ep4041) | LR: 0.000100 | Rev: 0/99999
Epoch 4177 | Cost: 0.392350 | Acc: 79.44% (Best: 80.28% @ Ep4041) | LR: 0.000100 | Rev: 1/99999
Epoch 4178 | Cost: 0.389180 | Acc: 80.28% (Best: 80.28% @ Ep4041) | LR: 0.000100 | Rev: 0/99999
Epoch 4179 | Cost: 0.398632 | Acc: 78.61% (Best: 80.28% @ Ep4041) | LR: 0.000100 | Rev: 1/99999
Epoch 4180 | Cost: 0.376924 | Acc: 79.72% (Best: 80.28% @ Ep4041) | LR: 0.000100 | Rev: 0/99999
Epoch 4181 | Cost: 0.370245 | Acc: 79.44% (Best: 80.28% @ Ep4041) | LR: 0.000110 | Rev: 0/99999
Epoch 4182 | Cost: 0.396107 | Acc: 79.44% (Best: 80.28% @ Ep4041) | LR: 0.000110 | Rev: 1/99999
Epoch 4183 | Cost: 0.382933 | Acc: 78.89% (Best: 80.28% @ Ep4041) | LR: 0.000110 | Rev: 0/99999
Epoch 4184 | Cost: 0.387859 | Acc: 79.44% (Best: 80.28% @ Ep4041) | LR: 0.000110 | Rev: 1/99999
Epoch 4185 | Cost: 0.380417 | Acc: 79.72% (Best: 80.28% @ Ep4041) | LR: 0.000110 | Rev: 0/99999
Epoch 4186 | Cost: 0.388712 | Acc: 79.17% (Best: 80.28% @ Ep4041) | LR: 0.000110 | Rev: 1/99999
Epoch 4187 | Cost: 0.410681 | Acc: 79.72% (Best: 80.28% @ Ep4041) | LR: 0.000110 | Rev: 2/99999
Epoch 4188 | Cost: 0.375688 | Acc: 79.72% (Best: 80.28% @ Ep4041) | LR: 0.000110 | Rev: 0/99999
Epoch 4189 | Cost: 0.407821 | Acc: 78.89% (Best: 80.28% @ Ep4041) | LR: 0.000110 | Rev: 1/99999
Epoch 4190 | Cost: 0.387189 | Acc: 78.61% (Best: 80.28% @ Ep4041) | LR: 0.000110 | Rev: 0/99999
Epoch 4191 | Cost: 0.388309 | Acc: 79.72% (Best: 80.28% @ Ep4041) | LR: 0.000120 | Rev: 1/99999
Epoch 4192 | Cost: 0.407626 | Acc: 79.44% (Best: 80.28% @ Ep4041) | LR: 0.000120 | Rev: 2/99999
Epoch 4193 | Cost: 0.393834 | Acc: 79.17% (Best: 80.28% @ Ep4041) | LR: 0.000120 | Rev: 0/99999
Epoch 4194 | Cost: 0.390968 | Acc: 80.28% (Best: 80.28% @ Ep4041) | LR: 0.000120 | Rev: 0/99999
Epoch 4195 | Cost: 0.400873 | Acc: 79.17% (Best: 80.28% @ Ep4041) | LR: 0.000120 | Rev: 1/99999
Epoch 4196 | Cost: 0.385181 | Acc: 79.72% (Best: 80.28% @ Ep4041) | LR: 0.000120 | Rev: 0/99999
Epoch 4197 | Cost: 0.413847 | Acc: 79.72% (Best: 80.28% @ Ep4041) | LR: 0.000120 | Rev: 1/99999
Epoch 4198 | Cost: 0.386914 | Acc: 79.17% (Best: 80.28% @ Ep4041) | LR: 0.000120 | Rev: 0/99999
Epoch 4199 | Cost: 0.388391 | Acc: 80.00% (Best: 80.28% @ Ep4041) | LR: 0.000120 | Rev: 1/99999
Epoch 4200 | Cost: 0.396050 | Acc: 79.44% (Best: 80.28% @ Ep4041) | LR: 0.000120 | Rev: 2/99999
Epoch 4201 | Cost: 0.394460 | Acc: 79.44% (Best: 80.28% @ Ep4041) | LR: 0.000130 | Rev: 0/99999
Epoch 4202 | Cost: 0.397697 | Acc: 79.17% (Best: 80.28% @ Ep4041) | LR: 0.000130 | Rev: 1/99999
Epoch 4203 | Cost: 0.402173 | Acc: 78.89% (Best: 80.28% @ Ep4041) | LR: 0.000130 | Rev: 2/99999
Epoch 4204 | Cost: 0.376101 | Acc: 79.17% (Best: 80.28% @ Ep4041) | LR: 0.000130 | Rev: 0/99999
Epoch 4205 | Cost: 0.403355 | Acc: 78.06% (Best: 80.28% @ Ep4041) | LR: 0.000130 | Rev: 1/99999
Epoch 4206 | Cost: 0.381257 | Acc: 79.44% (Best: 80.28% @ Ep4041) | LR: 0.000130 | Rev: 0/99999
Epoch 4207 | Cost: 0.387916 | Acc: 77.78% (Best: 80.28% @ Ep4041) | LR: 0.000130 | Rev: 1/99999
Epoch 4208 | Cost: 0.395114 | Acc: 78.89% (Best: 80.28% @ Ep4041) | LR: 0.000130 | Rev: 2/99999
Epoch 4209 | Cost: 0.375914 | Acc: 79.17% (Best: 80.28% @ Ep4041) | LR: 0.000130 | Rev: 0/99999
Epoch 4210 | Cost: 0.425173 | Acc: 78.61% (Best: 80.28% @ Ep4041) | LR: 0.000130 | Rev: 1/99999
Epoch 4211 | Cost: 0.380751 | Acc: 78.61% (Best: 80.28% @ Ep4041) | LR: 0.000140 | Rev: 0/99999
Epoch 4212 | Cost: 0.373909 | Acc: 78.61% (Best: 80.28% @ Ep4041) | LR: 0.000140 | Rev: 0/99999
Epoch 4213 | Cost: 0.386297 | Acc: 78.89% (Best: 80.28% @ Ep4041) | LR: 0.000140 | Rev: 1/99999
Epoch 4214 | Cost: 0.415751 | Acc: 79.17% (Best: 80.28% @ Ep4041) | LR: 0.000140 | Rev: 2/99999
Epoch 4215 | Cost: 0.380718 | Acc: 80.00% (Best: 80.28% @ Ep4041) | LR: 0.000140 | Rev: 0/99999
Epoch 4216 | Cost: 0.401730 | Acc: 79.44% (Best: 80.28% @ Ep4041) | LR: 0.000140 | Rev: 1/99999
Epoch 4217 | Cost: 0.400181 | Acc: 80.00% (Best: 80.28% @ Ep4041) | LR: 0.000140 | Rev: 0/99999
Epoch 4218 | Cost: 0.406007 | Acc: 79.17% (Best: 80.28% @ Ep4041) | LR: 0.000140 | Rev: 1/99999
Epoch 4219 | Cost: 0.392748 | Acc: 79.44% (Best: 80.28% @ Ep4041) | LR: 0.000140 | Rev: 0/99999
Epoch 4220 | Cost: 0.396166 | Acc: 78.33% (Best: 80.28% @ Ep4041) | LR: 0.000140 | Rev: 1/99999
Epoch 4221 | Cost: 0.390334 | Acc: 79.44% (Best: 80.28% @ Ep4041) | LR: 0.000150 | Rev: 0/99999
Epoch 4222 | Cost: 0.374812 | Acc: 79.17% (Best: 80.28% @ Ep4041) | LR: 0.000150 | Rev: 0/99999
Epoch 4223 | Cost: 0.381711 | Acc: 80.00% (Best: 80.28% @ Ep4041) | LR: 0.000150 | Rev: 1/99999
Epoch 4224 | Cost: 0.404667 | Acc: 78.61% (Best: 80.28% @ Ep4041) | LR: 0.000150 | Rev: 2/99999
Epoch 4225 | Cost: 0.398666 | Acc: 78.89% (Best: 80.28% @ Ep4041) | LR: 0.000150 | Rev: 0/99999
Epoch 4226 | Cost: 0.397694 | Acc: 78.33% (Best: 80.28% @ Ep4041) | LR: 0.000150 | Rev: 0/99999
Epoch 4227 | Cost: 0.397757 | Acc: 79.44% (Best: 80.28% @ Ep4041) | LR: 0.000150 | Rev: 1/99999
Epoch 4228 | Cost: 0.383244 | Acc: 79.17% (Best: 80.28% @ Ep4041) | LR: 0.000150 | Rev: 0/99999
Epoch 4229 | Cost: 0.387380 | Acc: 79.44% (Best: 80.28% @ Ep4041) | LR: 0.000150 | Rev: 1/99999
Epoch 4230 | Cost: 0.391131 | Acc: 78.89% (Best: 80.28% @ Ep4041) | LR: 0.000150 | Rev: 2/99999
Epoch 4231 | Cost: 0.386361 | Acc: 79.44% (Best: 80.28% @ Ep4041) | LR: 0.000160 | Rev: 0/99999
Epoch 4232 | Cost: 0.383562 | Acc: 80.56% (Best: 80.56% @ Ep4232) | LR: 0.000010 | Rev: 0/99999
Epoch 4233 | Cost: 0.377263 | Acc: 80.28% (Best: 80.56% @ Ep4232) | LR: 0.000010 | Rev: 0/99999
Epoch 4234 | Cost: 0.385875 | Acc: 80.28% (Best: 80.56% @ Ep4232) | LR: 0.000010 | Rev: 1/99999
Epoch 4235 | Cost: 0.385846 | Acc: 80.28% (Best: 80.56% @ Ep4232) | LR: 0.000010 | Rev: 0/99999
Epoch 4236 | Cost: 0.387729 | Acc: 80.56% (Best: 80.56% @ Ep4232) | LR: 0.000010 | Rev: 1/99999
Epoch 4237 | Cost: 0.397946 | Acc: 80.56% (Best: 80.56% @ Ep4232) | LR: 0.000010 | Rev: 2/99999
Epoch 4238 | Cost: 0.393065 | Acc: 80.56% (Best: 80.56% @ Ep4232) | LR: 0.000010 | Rev: 0/99999
Epoch 4239 | Cost: 0.378761 | Acc: 80.28% (Best: 80.56% @ Ep4232) | LR: 0.000010 | Rev: 0/99999
Epoch 4240 | Cost: 0.378645 | Acc: 80.00% (Best: 80.56% @ Ep4232) | LR: 0.000010 | Rev: 0/99999
Epoch 4241 | Cost: 0.377959 | Acc: 80.00% (Best: 80.56% @ Ep4232) | LR: 0.000010 | Rev: 0/99999
Epoch 4242 | Cost: 0.393087 | Acc: 80.00% (Best: 80.56% @ Ep4232) | LR: 0.000010 | Rev: 1/99999
Epoch 4243 | Cost: 0.411154 | Acc: 80.28% (Best: 80.56% @ Ep4232) | LR: 0.000010 | Rev: 2/99999
Epoch 4244 | Cost: 0.386889 | Acc: 80.00% (Best: 80.56% @ Ep4232) | LR: 0.000010 | Rev: 0/99999
Epoch 4245 | Cost: 0.384109 | Acc: 79.72% (Best: 80.56% @ Ep4232) | LR: 0.000010 | Rev: 0/99999
Epoch 4246 | Cost: 0.376317 | Acc: 80.00% (Best: 80.56% @ Ep4232) | LR: 0.000010 | Rev: 0/99999
Epoch 4247 | Cost: 0.378873 | Acc: 80.00% (Best: 80.56% @ Ep4232) | LR: 0.000010 | Rev: 1/99999
Epoch 4248 | Cost: 0.386829 | Acc: 80.00% (Best: 80.56% @ Ep4232) | LR: 0.000010 | Rev: 2/99999
Epoch 4249 | Cost: 0.375993 | Acc: 79.72% (Best: 80.56% @ Ep4232) | LR: 0.000010 | Rev: 0/99999
Epoch 4250 | Cost: 0.386843 | Acc: 80.00% (Best: 80.56% @ Ep4232) | LR: 0.000010 | Rev: 1/99999
Epoch 4251 | Cost: 0.389418 | Acc: 80.00% (Best: 80.56% @ Ep4232) | LR: 0.000010 | Rev: 2/99999
Epoch 4252 | Cost: 0.387327 | Acc: 80.00% (Best: 80.56% @ Ep4232) | LR: 0.000010 | Rev: 0/99999
Epoch 4253 | Cost: 0.375055 | Acc: 79.44% (Best: 80.56% @ Ep4232) | LR: 0.000010 | Rev: 0/99999
Epoch 4254 | Cost: 0.382545 | Acc: 79.44% (Best: 80.56% @ Ep4232) | LR: 0.000010 | Rev: 1/99999
Epoch 4255 | Cost: 0.381056 | Acc: 79.72% (Best: 80.56% @ Ep4232) | LR: 0.000010 | Rev: 0/99999
Epoch 4256 | Cost: 0.366841 | Acc: 79.72% (Best: 80.56% @ Ep4232) | LR: 0.000010 | Rev: 0/99999
Epoch 4257 | Cost: 0.372740 | Acc: 80.00% (Best: 80.56% @ Ep4232) | LR: 0.000010 | Rev: 1/99999
Epoch 4258 | Cost: 0.397747 | Acc: 79.72% (Best: 80.56% @ Ep4232) | LR: 0.000010 | Rev: 2/99999
Epoch 4259 | Cost: 0.377760 | Acc: 79.72% (Best: 80.56% @ Ep4232) | LR: 0.000010 | Rev: 0/99999
Epoch 4260 | Cost: 0.397520 | Acc: 79.72% (Best: 80.56% @ Ep4232) | LR: 0.000010 | Rev: 1/99999
Epoch 4261 | Cost: 0.367160 | Acc: 80.00% (Best: 80.56% @ Ep4232) | LR: 0.000010 | Rev: 0/99999
Epoch 4262 | Cost: 0.379525 | Acc: 80.00% (Best: 80.56% @ Ep4232) | LR: 0.000010 | Rev: 1/99999
Epoch 4263 | Cost: 0.394966 | Acc: 79.72% (Best: 80.56% @ Ep4232) | LR: 0.000010 | Rev: 2/99999
Epoch 4264 | Cost: 0.362353 | Acc: 79.72% (Best: 80.56% @ Ep4232) | LR: 0.000010 | Rev: 0/99999
Epoch 4265 | Cost: 0.380259 | Acc: 79.72% (Best: 80.56% @ Ep4232) | LR: 0.000010 | Rev: 1/99999
Epoch 4266 | Cost: 0.363113 | Acc: 79.72% (Best: 80.56% @ Ep4232) | LR: 0.000010 | Rev: 0/99999
Epoch 4267 | Cost: 0.406334 | Acc: 79.72% (Best: 80.56% @ Ep4232) | LR: 0.000010 | Rev: 1/99999
Epoch 4268 | Cost: 0.397557 | Acc: 79.72% (Best: 80.56% @ Ep4232) | LR: 0.000010 | Rev: 0/99999
Epoch 4269 | Cost: 0.380320 | Acc: 79.72% (Best: 80.56% @ Ep4232) | LR: 0.000010 | Rev: 0/99999
Epoch 4270 | Cost: 0.372760 | Acc: 79.72% (Best: 80.56% @ Ep4232) | LR: 0.000010 | Rev: 0/99999
Epoch 4271 | Cost: 0.377110 | Acc: 79.72% (Best: 80.56% @ Ep4232) | LR: 0.000010 | Rev: 1/99999
Epoch 4272 | Cost: 0.379667 | Acc: 79.72% (Best: 80.56% @ Ep4232) | LR: 0.000010 | Rev: 2/99999
Epoch 4273 | Cost: 0.378398 | Acc: 79.72% (Best: 80.56% @ Ep4232) | LR: 0.000010 | Rev: 0/99999
Epoch 4274 | Cost: 0.385692 | Acc: 79.72% (Best: 80.56% @ Ep4232) | LR: 0.000010 | Rev: 1/99999
Epoch 4275 | Cost: 0.389224 | Acc: 79.72% (Best: 80.56% @ Ep4232) | LR: 0.000010 | Rev: 2/99999
Epoch 4276 | Cost: 0.388251 | Acc: 79.44% (Best: 80.56% @ Ep4232) | LR: 0.000010 | Rev: 0/99999
Epoch 4277 | Cost: 0.392463 | Acc: 79.72% (Best: 80.56% @ Ep4232) | LR: 0.000010 | Rev: 1/99999
Epoch 4278 | Cost: 0.375390 | Acc: 79.72% (Best: 80.56% @ Ep4232) | LR: 0.000010 | Rev: 0/99999
Epoch 4279 | Cost: 0.397711 | Acc: 79.72% (Best: 80.56% @ Ep4232) | LR: 0.000010 | Rev: 1/99999
Epoch 4280 | Cost: 0.366655 | Acc: 79.72% (Best: 80.56% @ Ep4232) | LR: 0.000010 | Rev: 0/99999
Epoch 4281 | Cost: 0.377327 | Acc: 79.72% (Best: 80.56% @ Ep4232) | LR: 0.000010 | Rev: 1/99999
Epoch 4282 | Cost: 0.379873 | Acc: 79.72% (Best: 80.56% @ Ep4232) | LR: 0.000020 | Rev: 2/99999
Epoch 4283 | Cost: 0.375005 | Acc: 79.72% (Best: 80.56% @ Ep4232) | LR: 0.000020 | Rev: 0/99999
Epoch 4284 | Cost: 0.382410 | Acc: 79.44% (Best: 80.56% @ Ep4232) | LR: 0.000020 | Rev: 1/99999
Epoch 4285 | Cost: 0.373184 | Acc: 79.44% (Best: 80.56% @ Ep4232) | LR: 0.000020 | Rev: 0/99999
Epoch 4286 | Cost: 0.374745 | Acc: 79.44% (Best: 80.56% @ Ep4232) | LR: 0.000020 | Rev: 1/99999
Epoch 4287 | Cost: 0.384041 | Acc: 79.44% (Best: 80.56% @ Ep4232) | LR: 0.000020 | Rev: 2/99999
Epoch 4288 | Cost: 0.379553 | Acc: 79.44% (Best: 80.56% @ Ep4232) | LR: 0.000020 | Rev: 0/99999
Epoch 4289 | Cost: 0.381441 | Acc: 79.44% (Best: 80.56% @ Ep4232) | LR: 0.000020 | Rev: 1/99999
Epoch 4290 | Cost: 0.370629 | Acc: 79.44% (Best: 80.56% @ Ep4232) | LR: 0.000020 | Rev: 0/99999
Epoch 4291 | Cost: 0.399465 | Acc: 79.44% (Best: 80.56% @ Ep4232) | LR: 0.000020 | Rev: 1/99999
Epoch 4292 | Cost: 0.409033 | Acc: 79.72% (Best: 80.56% @ Ep4232) | LR: 0.000030 | Rev: 2/99999
Epoch 4293 | Cost: 0.365525 | Acc: 79.72% (Best: 80.56% @ Ep4232) | LR: 0.000030 | Rev: 0/99999
Epoch 4294 | Cost: 0.397332 | Acc: 79.44% (Best: 80.56% @ Ep4232) | LR: 0.000030 | Rev: 1/99999
Epoch 4295 | Cost: 0.367113 | Acc: 79.72% (Best: 80.56% @ Ep4232) | LR: 0.000030 | Rev: 0/99999
Epoch 4296 | Cost: 0.386689 | Acc: 79.44% (Best: 80.56% @ Ep4232) | LR: 0.000030 | Rev: 1/99999
Epoch 4297 | Cost: 0.381375 | Acc: 79.44% (Best: 80.56% @ Ep4232) | LR: 0.000030 | Rev: 0/99999
Epoch 4298 | Cost: 0.383140 | Acc: 80.00% (Best: 80.56% @ Ep4232) | LR: 0.000030 | Rev: 1/99999
Epoch 4299 | Cost: 0.370955 | Acc: 79.72% (Best: 80.56% @ Ep4232) | LR: 0.000030 | Rev: 0/99999
Epoch 4300 | Cost: 0.374279 | Acc: 79.44% (Best: 80.56% @ Ep4232) | LR: 0.000030 | Rev: 1/99999
Epoch 4301 | Cost: 0.376415 | Acc: 79.44% (Best: 80.56% @ Ep4232) | LR: 0.000030 | Rev: 2/99999
Epoch 4302 | Cost: 0.381233 | Acc: 79.44% (Best: 80.56% @ Ep4232) | LR: 0.000040 | Rev: 3/99999
Epoch 4303 | Cost: 0.393585 | Acc: 79.72% (Best: 80.56% @ Ep4232) | LR: 0.000040 | Rev: 4/99999
Epoch 4304 | Cost: 0.382833 | Acc: 79.72% (Best: 80.56% @ Ep4232) | LR: 0.000040 | Rev: 0/99999
Epoch 4305 | Cost: 0.386557 | Acc: 79.17% (Best: 80.56% @ Ep4232) | LR: 0.000040 | Rev: 1/99999
Epoch 4306 | Cost: 0.387163 | Acc: 79.44% (Best: 80.56% @ Ep4232) | LR: 0.000040 | Rev: 2/99999
Epoch 4307 | Cost: 0.371173 | Acc: 79.44% (Best: 80.56% @ Ep4232) | LR: 0.000040 | Rev: 0/99999
Epoch 4308 | Cost: 0.383000 | Acc: 79.72% (Best: 80.56% @ Ep4232) | LR: 0.000040 | Rev: 1/99999
Epoch 4309 | Cost: 0.367202 | Acc: 79.72% (Best: 80.56% @ Ep4232) | LR: 0.000040 | Rev: 0/99999
Epoch 4310 | Cost: 0.375061 | Acc: 79.44% (Best: 80.56% @ Ep4232) | LR: 0.000040 | Rev: 1/99999
Epoch 4311 | Cost: 0.398111 | Acc: 79.72% (Best: 80.56% @ Ep4232) | LR: 0.000040 | Rev: 2/99999
Epoch 4312 | Cost: 0.378403 | Acc: 79.72% (Best: 80.56% @ Ep4232) | LR: 0.000050 | Rev: 0/99999
Epoch 4313 | Cost: 0.382805 | Acc: 80.00% (Best: 80.56% @ Ep4232) | LR: 0.000050 | Rev: 1/99999
Epoch 4314 | Cost: 0.390502 | Acc: 80.00% (Best: 80.56% @ Ep4232) | LR: 0.000050 | Rev: 2/99999
Epoch 4315 | Cost: 0.388156 | Acc: 79.72% (Best: 80.56% @ Ep4232) | LR: 0.000050 | Rev: 0/99999
Epoch 4316 | Cost: 0.377263 | Acc: 79.44% (Best: 80.56% @ Ep4232) | LR: 0.000050 | Rev: 0/99999
Epoch 4317 | Cost: 0.389200 | Acc: 79.72% (Best: 80.56% @ Ep4232) | LR: 0.000050 | Rev: 1/99999
Epoch 4318 | Cost: 0.381918 | Acc: 79.17% (Best: 80.56% @ Ep4232) | LR: 0.000050 | Rev: 0/99999
Epoch 4319 | Cost: 0.385592 | Acc: 79.17% (Best: 80.56% @ Ep4232) | LR: 0.000050 | Rev: 1/99999
Epoch 4320 | Cost: 0.376187 | Acc: 79.72% (Best: 80.56% @ Ep4232) | LR: 0.000050 | Rev: 0/99999
Epoch 4321 | Cost: 0.390153 | Acc: 79.72% (Best: 80.56% @ Ep4232) | LR: 0.000050 | Rev: 1/99999
Epoch 4322 | Cost: 0.372749 | Acc: 79.44% (Best: 80.56% @ Ep4232) | LR: 0.000060 | Rev: 0/99999
Epoch 4323 | Cost: 0.371584 | Acc: 80.00% (Best: 80.56% @ Ep4232) | LR: 0.000060 | Rev: 0/99999
Epoch 4324 | Cost: 0.391814 | Acc: 79.72% (Best: 80.56% @ Ep4232) | LR: 0.000060 | Rev: 1/99999
Epoch 4325 | Cost: 0.388863 | Acc: 79.44% (Best: 80.56% @ Ep4232) | LR: 0.000060 | Rev: 0/99999
Epoch 4326 | Cost: 0.379116 | Acc: 79.17% (Best: 80.56% @ Ep4232) | LR: 0.000060 | Rev: 0/99999
Epoch 4327 | Cost: 0.393747 | Acc: 79.44% (Best: 80.56% @ Ep4232) | LR: 0.000060 | Rev: 1/99999
Epoch 4328 | Cost: 0.384399 | Acc: 79.72% (Best: 80.56% @ Ep4232) | LR: 0.000060 | Rev: 0/99999
Epoch 4329 | Cost: 0.386691 | Acc: 79.44% (Best: 80.56% @ Ep4232) | LR: 0.000060 | Rev: 1/99999
Epoch 4330 | Cost: 0.373932 | Acc: 79.17% (Best: 80.56% @ Ep4232) | LR: 0.000060 | Rev: 0/99999
Epoch 4331 | Cost: 0.382833 | Acc: 79.17% (Best: 80.56% @ Ep4232) | LR: 0.000060 | Rev: 1/99999
Epoch 4332 | Cost: 0.410533 | Acc: 79.44% (Best: 80.56% @ Ep4232) | LR: 0.000070 | Rev: 2/99999
Epoch 4333 | Cost: 0.396510 | Acc: 80.00% (Best: 80.56% @ Ep4232) | LR: 0.000070 | Rev: 0/99999
Epoch 4334 | Cost: 0.382653 | Acc: 79.44% (Best: 80.56% @ Ep4232) | LR: 0.000070 | Rev: 0/99999
Epoch 4335 | Cost: 0.369811 | Acc: 79.44% (Best: 80.56% @ Ep4232) | LR: 0.000070 | Rev: 0/99999
Epoch 4336 | Cost: 0.395590 | Acc: 79.44% (Best: 80.56% @ Ep4232) | LR: 0.000070 | Rev: 1/99999
Epoch 4337 | Cost: 0.376411 | Acc: 79.72% (Best: 80.56% @ Ep4232) | LR: 0.000070 | Rev: 0/99999
Epoch 4338 | Cost: 0.380053 | Acc: 79.72% (Best: 80.56% @ Ep4232) | LR: 0.000070 | Rev: 1/99999
Epoch 4339 | Cost: 0.404582 | Acc: 80.00% (Best: 80.56% @ Ep4232) | LR: 0.000070 | Rev: 2/99999
Epoch 4340 | Cost: 0.371625 | Acc: 78.89% (Best: 80.56% @ Ep4232) | LR: 0.000070 | Rev: 0/99999
Epoch 4341 | Cost: 0.377594 | Acc: 79.17% (Best: 80.56% @ Ep4232) | LR: 0.000070 | Rev: 1/99999
Epoch 4342 | Cost: 0.379241 | Acc: 79.72% (Best: 80.56% @ Ep4232) | LR: 0.000080 | Rev: 2/99999
Epoch 4343 | Cost: 0.382080 | Acc: 79.44% (Best: 80.56% @ Ep4232) | LR: 0.000080 | Rev: 3/99999
Epoch 4344 | Cost: 0.387389 | Acc: 79.72% (Best: 80.56% @ Ep4232) | LR: 0.000080 | Rev: 4/99999
Epoch 4345 | Cost: 0.381598 | Acc: 79.17% (Best: 80.56% @ Ep4232) | LR: 0.000080 | Rev: 0/99999
Epoch 4346 | Cost: 0.384388 | Acc: 80.00% (Best: 80.56% @ Ep4232) | LR: 0.000080 | Rev: 1/99999
Epoch 4347 | Cost: 0.378560 | Acc: 80.00% (Best: 80.56% @ Ep4232) | LR: 0.000080 | Rev: 0/99999
Epoch 4348 | Cost: 0.371301 | Acc: 78.89% (Best: 80.56% @ Ep4232) | LR: 0.000080 | Rev: 0/99999
Epoch 4349 | Cost: 0.381761 | Acc: 79.44% (Best: 80.56% @ Ep4232) | LR: 0.000080 | Rev: 1/99999
Epoch 4350 | Cost: 0.390760 | Acc: 79.17% (Best: 80.56% @ Ep4232) | LR: 0.000080 | Rev: 2/99999
Epoch 4351 | Cost: 0.402019 | Acc: 79.44% (Best: 80.56% @ Ep4232) | LR: 0.000080 | Rev: 3/99999
Epoch 4352 | Cost: 0.396212 | Acc: 79.72% (Best: 80.56% @ Ep4232) | LR: 0.000090 | Rev: 0/99999
Epoch 4353 | Cost: 0.381171 | Acc: 78.89% (Best: 80.56% @ Ep4232) | LR: 0.000090 | Rev: 0/99999
Epoch 4354 | Cost: 0.381948 | Acc: 79.44% (Best: 80.56% @ Ep4232) | LR: 0.000090 | Rev: 1/99999
Epoch 4355 | Cost: 0.394158 | Acc: 79.44% (Best: 80.56% @ Ep4232) | LR: 0.000090 | Rev: 2/99999
Epoch 4356 | Cost: 0.384944 | Acc: 79.17% (Best: 80.56% @ Ep4232) | LR: 0.000090 | Rev: 0/99999
Epoch 4357 | Cost: 0.396152 | Acc: 79.44% (Best: 80.56% @ Ep4232) | LR: 0.000090 | Rev: 1/99999
Epoch 4358 | Cost: 0.394172 | Acc: 78.89% (Best: 80.56% @ Ep4232) | LR: 0.000090 | Rev: 0/99999
Epoch 4359 | Cost: 0.414007 | Acc: 79.72% (Best: 80.56% @ Ep4232) | LR: 0.000090 | Rev: 1/99999
Epoch 4360 | Cost: 0.363722 | Acc: 80.28% (Best: 80.56% @ Ep4232) | LR: 0.000090 | Rev: 0/99999
Epoch 4361 | Cost: 0.396935 | Acc: 79.72% (Best: 80.56% @ Ep4232) | LR: 0.000090 | Rev: 1/99999
Epoch 4362 | Cost: 0.383259 | Acc: 79.72% (Best: 80.56% @ Ep4232) | LR: 0.000100 | Rev: 0/99999
Epoch 4363 | Cost: 0.388546 | Acc: 79.72% (Best: 80.56% @ Ep4232) | LR: 0.000100 | Rev: 1/99999
Epoch 4364 | Cost: 0.377875 | Acc: 79.44% (Best: 80.56% @ Ep4232) | LR: 0.000100 | Rev: 0/99999
Epoch 4365 | Cost: 0.393408 | Acc: 79.44% (Best: 80.56% @ Ep4232) | LR: 0.000100 | Rev: 1/99999
Epoch 4366 | Cost: 0.391913 | Acc: 79.17% (Best: 80.56% @ Ep4232) | LR: 0.000100 | Rev: 0/99999
Epoch 4367 | Cost: 0.397701 | Acc: 78.89% (Best: 80.56% @ Ep4232) | LR: 0.000100 | Rev: 1/99999
Epoch 4368 | Cost: 0.400317 | Acc: 79.44% (Best: 80.56% @ Ep4232) | LR: 0.000100 | Rev: 2/99999
Epoch 4369 | Cost: 0.381097 | Acc: 79.17% (Best: 80.56% @ Ep4232) | LR: 0.000100 | Rev: 0/99999
Epoch 4370 | Cost: 0.378038 | Acc: 79.72% (Best: 80.56% @ Ep4232) | LR: 0.000100 | Rev: 0/99999
Epoch 4371 | Cost: 0.389112 | Acc: 79.72% (Best: 80.56% @ Ep4232) | LR: 0.000100 | Rev: 1/99999
Epoch 4372 | Cost: 0.373382 | Acc: 79.44% (Best: 80.56% @ Ep4232) | LR: 0.000110 | Rev: 0/99999
Epoch 4373 | Cost: 0.387362 | Acc: 79.72% (Best: 80.56% @ Ep4232) | LR: 0.000110 | Rev: 1/99999
Epoch 4374 | Cost: 0.389197 | Acc: 79.44% (Best: 80.56% @ Ep4232) | LR: 0.000110 | Rev: 2/99999
Epoch 4375 | Cost: 0.381578 | Acc: 79.17% (Best: 80.56% @ Ep4232) | LR: 0.000110 | Rev: 0/99999
Epoch 4376 | Cost: 0.400064 | Acc: 79.44% (Best: 80.56% @ Ep4232) | LR: 0.000110 | Rev: 1/99999
Epoch 4377 | Cost: 0.381595 | Acc: 79.72% (Best: 80.56% @ Ep4232) | LR: 0.000110 | Rev: 0/99999
Epoch 4378 | Cost: 0.400562 | Acc: 78.89% (Best: 80.56% @ Ep4232) | LR: 0.000110 | Rev: 1/99999
Epoch 4379 | Cost: 0.387511 | Acc: 79.44% (Best: 80.56% @ Ep4232) | LR: 0.000110 | Rev: 0/99999
Epoch 4380 | Cost: 0.373997 | Acc: 79.17% (Best: 80.56% @ Ep4232) | LR: 0.000110 | Rev: 0/99999
Epoch 4381 | Cost: 0.379580 | Acc: 79.72% (Best: 80.56% @ Ep4232) | LR: 0.000110 | Rev: 1/99999
Epoch 4382 | Cost: 0.393931 | Acc: 80.00% (Best: 80.56% @ Ep4232) | LR: 0.000120 | Rev: 2/99999
Epoch 4383 | Cost: 0.385999 | Acc: 78.89% (Best: 80.56% @ Ep4232) | LR: 0.000120 | Rev: 0/99999
Epoch 4384 | Cost: 0.377461 | Acc: 80.00% (Best: 80.56% @ Ep4232) | LR: 0.000120 | Rev: 0/99999
Epoch 4385 | Cost: 0.377608 | Acc: 80.00% (Best: 80.56% @ Ep4232) | LR: 0.000120 | Rev: 1/99999
Epoch 4386 | Cost: 0.389260 | Acc: 79.72% (Best: 80.56% @ Ep4232) | LR: 0.000120 | Rev: 2/99999
Epoch 4387 | Cost: 0.391396 | Acc: 80.28% (Best: 80.56% @ Ep4232) | LR: 0.000120 | Rev: 3/99999
Epoch 4388 | Cost: 0.389860 | Acc: 79.44% (Best: 80.56% @ Ep4232) | LR: 0.000120 | Rev: 0/99999
Epoch 4389 | Cost: 0.381705 | Acc: 78.33% (Best: 80.56% @ Ep4232) | LR: 0.000120 | Rev: 0/99999
Epoch 4390 | Cost: 0.375471 | Acc: 80.28% (Best: 80.56% @ Ep4232) | LR: 0.000120 | Rev: 0/99999
Epoch 4391 | Cost: 0.388641 | Acc: 79.44% (Best: 80.56% @ Ep4232) | LR: 0.000120 | Rev: 1/99999
Epoch 4392 | Cost: 0.390224 | Acc: 79.72% (Best: 80.56% @ Ep4232) | LR: 0.000130 | Rev: 2/99999
Epoch 4393 | Cost: 0.404221 | Acc: 79.17% (Best: 80.56% @ Ep4232) | LR: 0.000130 | Rev: 3/99999
Epoch 4394 | Cost: 0.398099 | Acc: 78.61% (Best: 80.56% @ Ep4232) | LR: 0.000130 | Rev: 0/99999
Epoch 4395 | Cost: 0.376304 | Acc: 79.17% (Best: 80.56% @ Ep4232) | LR: 0.000130 | Rev: 0/99999
Epoch 4396 | Cost: 0.376723 | Acc: 79.17% (Best: 80.56% @ Ep4232) | LR: 0.000130 | Rev: 1/99999
Epoch 4397 | Cost: 0.393397 | Acc: 78.89% (Best: 80.56% @ Ep4232) | LR: 0.000130 | Rev: 2/99999
Epoch 4398 | Cost: 0.375566 | Acc: 79.17% (Best: 80.56% @ Ep4232) | LR: 0.000130 | Rev: 0/99999
Epoch 4399 | Cost: 0.391246 | Acc: 78.33% (Best: 80.56% @ Ep4232) | LR: 0.000130 | Rev: 1/99999
Epoch 4400 | Cost: 0.375535 | Acc: 78.89% (Best: 80.56% @ Ep4232) | LR: 0.000130 | Rev: 0/99999
Epoch 4401 | Cost: 0.395461 | Acc: 80.00% (Best: 80.56% @ Ep4232) | LR: 0.000130 | Rev: 1/99999
Epoch 4402 | Cost: 0.378940 | Acc: 79.44% (Best: 80.56% @ Ep4232) | LR: 0.000140 | Rev: 0/99999
Epoch 4403 | Cost: 0.387796 | Acc: 79.17% (Best: 80.56% @ Ep4232) | LR: 0.000140 | Rev: 1/99999
Epoch 4404 | Cost: 0.397617 | Acc: 79.44% (Best: 80.56% @ Ep4232) | LR: 0.000140 | Rev: 2/99999
Epoch 4405 | Cost: 0.402821 | Acc: 80.00% (Best: 80.56% @ Ep4232) | LR: 0.000140 | Rev: 3/99999
Epoch 4406 | Cost: 0.372930 | Acc: 79.17% (Best: 80.56% @ Ep4232) | LR: 0.000140 | Rev: 0/99999
Epoch 4407 | Cost: 0.385383 | Acc: 79.72% (Best: 80.56% @ Ep4232) | LR: 0.000140 | Rev: 1/99999
Epoch 4408 | Cost: 0.376385 | Acc: 79.72% (Best: 80.56% @ Ep4232) | LR: 0.000140 | Rev: 0/99999
Epoch 4409 | Cost: 0.394217 | Acc: 79.17% (Best: 80.56% @ Ep4232) | LR: 0.000140 | Rev: 1/99999
Epoch 4410 | Cost: 0.379088 | Acc: 79.17% (Best: 80.56% @ Ep4232) | LR: 0.000140 | Rev: 0/99999
Epoch 4411 | Cost: 0.392574 | Acc: 80.28% (Best: 80.56% @ Ep4232) | LR: 0.000140 | Rev: 1/99999
Epoch 4412 | Cost: 0.389445 | Acc: 78.89% (Best: 80.56% @ Ep4232) | LR: 0.000150 | Rev: 0/99999
Epoch 4413 | Cost: 0.373676 | Acc: 79.72% (Best: 80.56% @ Ep4232) | LR: 0.000150 | Rev: 0/99999
Epoch 4414 | Cost: 0.366365 | Acc: 79.72% (Best: 80.56% @ Ep4232) | LR: 0.000150 | Rev: 0/99999
Epoch 4415 | Cost: 0.401454 | Acc: 78.89% (Best: 80.56% @ Ep4232) | LR: 0.000150 | Rev: 1/99999
Epoch 4416 | Cost: 0.383802 | Acc: 80.00% (Best: 80.56% @ Ep4232) | LR: 0.000150 | Rev: 0/99999
Epoch 4417 | Cost: 0.377242 | Acc: 78.33% (Best: 80.56% @ Ep4232) | LR: 0.000150 | Rev: 0/99999
Epoch 4418 | Cost: 0.365856 | Acc: 79.72% (Best: 80.56% @ Ep4232) | LR: 0.000150 | Rev: 0/99999
Epoch 4419 | Cost: 0.402792 | Acc: 80.00% (Best: 80.56% @ Ep4232) | LR: 0.000150 | Rev: 1/99999
Epoch 4420 | Cost: 0.390170 | Acc: 80.00% (Best: 80.56% @ Ep4232) | LR: 0.000150 | Rev: 0/99999
Epoch 4421 | Cost: 0.390265 | Acc: 79.44% (Best: 80.56% @ Ep4232) | LR: 0.000150 | Rev: 1/99999
Epoch 4422 | Cost: 0.392941 | Acc: 78.89% (Best: 80.56% @ Ep4232) | LR: 0.000160 | Rev: 2/99999
Epoch 4423 | Cost: 0.398443 | Acc: 79.72% (Best: 80.56% @ Ep4232) | LR: 0.000160 | Rev: 3/99999
Epoch 4424 | Cost: 0.374930 | Acc: 80.28% (Best: 80.56% @ Ep4232) | LR: 0.000160 | Rev: 0/99999
Epoch 4425 | Cost: 0.380518 | Acc: 79.72% (Best: 80.56% @ Ep4232) | LR: 0.000160 | Rev: 1/99999
Epoch 4426 | Cost: 0.392819 | Acc: 79.17% (Best: 80.56% @ Ep4232) | LR: 0.000160 | Rev: 2/99999
Epoch 4427 | Cost: 0.388893 | Acc: 79.44% (Best: 80.56% @ Ep4232) | LR: 0.000160 | Rev: 0/99999
Epoch 4428 | Cost: 0.390033 | Acc: 78.89% (Best: 80.56% @ Ep4232) | LR: 0.000160 | Rev: 1/99999
Epoch 4429 | Cost: 0.391599 | Acc: 79.72% (Best: 80.56% @ Ep4232) | LR: 0.000160 | Rev: 2/99999
Epoch 4430 | Cost: 0.391834 | Acc: 80.00% (Best: 80.56% @ Ep4232) | LR: 0.000160 | Rev: 3/99999
Epoch 4431 | Cost: 0.405403 | Acc: 79.72% (Best: 80.56% @ Ep4232) | LR: 0.000160 | Rev: 4/99999
Epoch 4432 | Cost: 0.379125 | Acc: 78.89% (Best: 80.56% @ Ep4232) | LR: 0.000170 | Rev: 0/99999
Epoch 4433 | Cost: 0.372194 | Acc: 79.17% (Best: 80.56% @ Ep4232) | LR: 0.000170 | Rev: 0/99999
Epoch 4434 | Cost: 0.391220 | Acc: 80.00% (Best: 80.56% @ Ep4232) | LR: 0.000170 | Rev: 1/99999
Epoch 4435 | Cost: 0.393411 | Acc: 79.44% (Best: 80.56% @ Ep4232) | LR: 0.000170 | Rev: 2/99999
Epoch 4436 | Cost: 0.389735 | Acc: 79.44% (Best: 80.56% @ Ep4232) | LR: 0.000170 | Rev: 0/99999
Epoch 4437 | Cost: 0.393733 | Acc: 79.44% (Best: 80.56% @ Ep4232) | LR: 0.000170 | Rev: 1/99999
Epoch 4438 | Cost: 0.390632 | Acc: 79.72% (Best: 80.56% @ Ep4232) | LR: 0.000170 | Rev: 0/99999
Epoch 4439 | Cost: 0.391036 | Acc: 78.89% (Best: 80.56% @ Ep4232) | LR: 0.000170 | Rev: 1/99999
Epoch 4440 | Cost: 0.392729 | Acc: 78.89% (Best: 80.56% @ Ep4232) | LR: 0.000170 | Rev: 2/99999
Epoch 4441 | Cost: 0.383172 | Acc: 78.61% (Best: 80.56% @ Ep4232) | LR: 0.000170 | Rev: 0/99999
Epoch 4442 | Cost: 0.373499 | Acc: 78.33% (Best: 80.56% @ Ep4232) | LR: 0.000180 | Rev: 0/99999
Epoch 4443 | Cost: 0.391941 | Acc: 79.44% (Best: 80.56% @ Ep4232) | LR: 0.000180 | Rev: 1/99999
Epoch 4444 | Cost: 0.371229 | Acc: 80.00% (Best: 80.56% @ Ep4232) | LR: 0.000180 | Rev: 0/99999
Epoch 4445 | Cost: 0.383636 | Acc: 79.17% (Best: 80.56% @ Ep4232) | LR: 0.000180 | Rev: 1/99999
Epoch 4446 | Cost: 0.387875 | Acc: 79.17% (Best: 80.56% @ Ep4232) | LR: 0.000180 | Rev: 2/99999
Epoch 4447 | Cost: 0.409320 | Acc: 78.89% (Best: 80.56% @ Ep4232) | LR: 0.000180 | Rev: 3/99999
Epoch 4448 | Cost: 0.400195 | Acc: 80.28% (Best: 80.56% @ Ep4232) | LR: 0.000180 | Rev: 0/99999
Epoch 4449 | Cost: 0.382732 | Acc: 80.00% (Best: 80.56% @ Ep4232) | LR: 0.000180 | Rev: 0/99999
Epoch 4450 | Cost: 0.384362 | Acc: 79.72% (Best: 80.56% @ Ep4232) | LR: 0.000180 | Rev: 1/99999
Epoch 4451 | Cost: 0.385298 | Acc: 79.72% (Best: 80.56% @ Ep4232) | LR: 0.000180 | Rev: 2/99999
Epoch 4452 | Cost: 0.390103 | Acc: 79.72% (Best: 80.56% @ Ep4232) | LR: 0.000190 | Rev: 3/99999
Epoch 4453 | Cost: 0.376136 | Acc: 79.44% (Best: 80.56% @ Ep4232) | LR: 0.000190 | Rev: 0/99999
Epoch 4454 | Cost: 0.404703 | Acc: 80.00% (Best: 80.56% @ Ep4232) | LR: 0.000190 | Rev: 1/99999
Epoch 4455 | Cost: 0.385883 | Acc: 78.33% (Best: 80.56% @ Ep4232) | LR: 0.000190 | Rev: 0/99999
Epoch 4456 | Cost: 0.404441 | Acc: 79.17% (Best: 80.56% @ Ep4232) | LR: 0.000190 | Rev: 1/99999
Epoch 4457 | Cost: 0.391916 | Acc: 80.28% (Best: 80.56% @ Ep4232) | LR: 0.000190 | Rev: 0/99999
Epoch 4458 | Cost: 0.378261 | Acc: 78.61% (Best: 80.56% @ Ep4232) | LR: 0.000190 | Rev: 0/99999
Epoch 4459 | Cost: 0.378676 | Acc: 79.17% (Best: 80.56% @ Ep4232) | LR: 0.000190 | Rev: 1/99999
Epoch 4460 | Cost: 0.379072 | Acc: 79.72% (Best: 80.56% @ Ep4232) | LR: 0.000190 | Rev: 2/99999
Epoch 4461 | Cost: 0.379437 | Acc: 78.61% (Best: 80.56% @ Ep4232) | LR: 0.000190 | Rev: 3/99999
Epoch 4462 | Cost: 0.382302 | Acc: 79.72% (Best: 80.56% @ Ep4232) | LR: 0.000200 | Rev: 4/99999
Epoch 4463 | Cost: 0.380852 | Acc: 78.33% (Best: 80.56% @ Ep4232) | LR: 0.000200 | Rev: 0/99999
Epoch 4464 | Cost: 0.378742 | Acc: 79.17% (Best: 80.56% @ Ep4232) | LR: 0.000200 | Rev: 0/99999
Epoch 4465 | Cost: 0.391073 | Acc: 78.33% (Best: 80.56% @ Ep4232) | LR: 0.000200 | Rev: 1/99999
Epoch 4466 | Cost: 0.385864 | Acc: 79.17% (Best: 80.56% @ Ep4232) | LR: 0.000200 | Rev: 0/99999
Epoch 4467 | Cost: 0.387628 | Acc: 80.28% (Best: 80.56% @ Ep4232) | LR: 0.000200 | Rev: 1/99999
Epoch 4468 | Cost: 0.385877 | Acc: 80.28% (Best: 80.56% @ Ep4232) | LR: 0.000200 | Rev: 0/99999
Epoch 4469 | Cost: 0.415121 | Acc: 79.17% (Best: 80.56% @ Ep4232) | LR: 0.000200 | Rev: 1/99999
Epoch 4470 | Cost: 0.378592 | Acc: 78.89% (Best: 80.56% @ Ep4232) | LR: 0.000200 | Rev: 0/99999
Epoch 4471 | Cost: 0.387053 | Acc: 79.17% (Best: 80.56% @ Ep4232) | LR: 0.000200 | Rev: 1/99999
Epoch 4472 | Cost: 0.389833 | Acc: 80.00% (Best: 80.56% @ Ep4232) | LR: 0.000210 | Rev: 2/99999
Epoch 4473 | Cost: 0.400347 | Acc: 78.89% (Best: 80.56% @ Ep4232) | LR: 0.000210 | Rev: 3/99999
Epoch 4474 | Cost: 0.398287 | Acc: 80.00% (Best: 80.56% @ Ep4232) | LR: 0.000210 | Rev: 0/99999
Epoch 4475 | Cost: 0.398071 | Acc: 80.00% (Best: 80.56% @ Ep4232) | LR: 0.000210 | Rev: 0/99999
Epoch 4476 | Cost: 0.393524 | Acc: 79.17% (Best: 80.56% @ Ep4232) | LR: 0.000210 | Rev: 0/99999
Epoch 4477 | Cost: 0.380683 | Acc: 79.44% (Best: 80.56% @ Ep4232) | LR: 0.000210 | Rev: 0/99999
Epoch 4478 | Cost: 0.376344 | Acc: 80.56% (Best: 80.56% @ Ep4232) | LR: 0.000210 | Rev: 0/99999
Epoch 4479 | Cost: 0.392317 | Acc: 79.72% (Best: 80.56% @ Ep4232) | LR: 0.000210 | Rev: 1/99999
Epoch 4480 | Cost: 0.384014 | Acc: 79.72% (Best: 80.56% @ Ep4232) | LR: 0.000210 | Rev: 0/99999
Epoch 4481 | Cost: 0.381891 | Acc: 78.89% (Best: 80.56% @ Ep4232) | LR: 0.000210 | Rev: 0/99999
Epoch 4482 | Cost: 0.410970 | Acc: 80.28% (Best: 80.56% @ Ep4232) | LR: 0.000220 | Rev: 1/99999
Epoch 4483 | Cost: 0.369113 | Acc: 80.00% (Best: 80.56% @ Ep4232) | LR: 0.000220 | Rev: 0/99999
Epoch 4484 | Cost: 0.381464 | Acc: 79.17% (Best: 80.56% @ Ep4232) | LR: 0.000220 | Rev: 1/99999
Epoch 4485 | Cost: 0.376933 | Acc: 78.61% (Best: 80.56% @ Ep4232) | LR: 0.000220 | Rev: 0/99999
Epoch 4486 | Cost: 0.375249 | Acc: 78.61% (Best: 80.56% @ Ep4232) | LR: 0.000220 | Rev: 0/99999
Epoch 4487 | Cost: 0.389576 | Acc: 80.00% (Best: 80.56% @ Ep4232) | LR: 0.000220 | Rev: 1/99999
Epoch 4488 | Cost: 0.384428 | Acc: 79.17% (Best: 80.56% @ Ep4232) | LR: 0.000220 | Rev: 0/99999
Epoch 4489 | Cost: 0.388364 | Acc: 79.17% (Best: 80.56% @ Ep4232) | LR: 0.000220 | Rev: 1/99999
Epoch 4490 | Cost: 0.405646 | Acc: 78.89% (Best: 80.56% @ Ep4232) | LR: 0.000220 | Rev: 2/99999
Epoch 4491 | Cost: 0.383403 | Acc: 77.50% (Best: 80.56% @ Ep4232) | LR: 0.000220 | Rev: 0/99999
Epoch 4492 | Cost: 0.381722 | Acc: 78.89% (Best: 80.56% @ Ep4232) | LR: 0.000230 | Rev: 0/99999
Epoch 4493 | Cost: 0.366477 | Acc: 79.72% (Best: 80.56% @ Ep4232) | LR: 0.000230 | Rev: 0/99999
Epoch 4494 | Cost: 0.394487 | Acc: 79.44% (Best: 80.56% @ Ep4232) | LR: 0.000230 | Rev: 1/99999
Epoch 4495 | Cost: 0.388808 | Acc: 79.72% (Best: 80.56% @ Ep4232) | LR: 0.000230 | Rev: 0/99999
Epoch 4496 | Cost: 0.396297 | Acc: 78.61% (Best: 80.56% @ Ep4232) | LR: 0.000230 | Rev: 1/99999
Epoch 4497 | Cost: 0.373455 | Acc: 79.17% (Best: 80.56% @ Ep4232) | LR: 0.000230 | Rev: 0/99999
Epoch 4498 | Cost: 0.384562 | Acc: 79.72% (Best: 80.56% @ Ep4232) | LR: 0.000230 | Rev: 1/99999
Epoch 4499 | Cost: 0.379668 | Acc: 80.56% (Best: 80.56% @ Ep4232) | LR: 0.000230 | Rev: 0/99999
Epoch 4500 | Cost: 0.381627 | Acc: 79.44% (Best: 80.56% @ Ep4232) | LR: 0.000230 | Rev: 1/99999
Epoch 4501 | Cost: 0.430077 | Acc: 79.17% (Best: 80.56% @ Ep4232) | LR: 0.000230 | Rev: 2/99999
Epoch 4502 | Cost: 0.393056 | Acc: 80.00% (Best: 80.56% @ Ep4232) | LR: 0.000240 | Rev: 0/99999
Epoch 4503 | Cost: 0.404462 | Acc: 79.17% (Best: 80.56% @ Ep4232) | LR: 0.000240 | Rev: 1/99999
Epoch 4504 | Cost: 0.382483 | Acc: 79.44% (Best: 80.56% @ Ep4232) | LR: 0.000240 | Rev: 0/99999
Epoch 4505 | Cost: 0.394508 | Acc: 78.33% (Best: 80.56% @ Ep4232) | LR: 0.000240 | Rev: 1/99999
Epoch 4506 | Cost: 0.375552 | Acc: 78.89% (Best: 80.56% @ Ep4232) | LR: 0.000240 | Rev: 0/99999
Epoch 4507 | Cost: 0.370027 | Acc: 78.61% (Best: 80.56% @ Ep4232) | LR: 0.000240 | Rev: 0/99999
Epoch 4508 | Cost: 0.388349 | Acc: 78.61% (Best: 80.56% @ Ep4232) | LR: 0.000240 | Rev: 1/99999
Epoch 4509 | Cost: 0.382155 | Acc: 80.00% (Best: 80.56% @ Ep4232) | LR: 0.000240 | Rev: 0/99999
Epoch 4510 | Cost: 0.386964 | Acc: 79.72% (Best: 80.56% @ Ep4232) | LR: 0.000240 | Rev: 1/99999
Epoch 4511 | Cost: 0.378768 | Acc: 80.00% (Best: 80.56% @ Ep4232) | LR: 0.000240 | Rev: 0/99999
Epoch 4512 | Cost: 0.406570 | Acc: 79.44% (Best: 80.56% @ Ep4232) | LR: 0.000250 | Rev: 1/99999
Epoch 4513 | Cost: 0.406060 | Acc: 80.28% (Best: 80.56% @ Ep4232) | LR: 0.000250 | Rev: 0/99999
Epoch 4514 | Cost: 0.372237 | Acc: 80.00% (Best: 80.56% @ Ep4232) | LR: 0.000250 | Rev: 0/99999
Epoch 4515 | Cost: 0.376882 | Acc: 79.17% (Best: 80.56% @ Ep4232) | LR: 0.000250 | Rev: 1/99999
Epoch 4516 | Cost: 0.378092 | Acc: 79.72% (Best: 80.56% @ Ep4232) | LR: 0.000250 | Rev: 2/99999
Epoch 4517 | Cost: 0.367230 | Acc: 79.44% (Best: 80.56% @ Ep4232) | LR: 0.000250 | Rev: 0/99999
Epoch 4518 | Cost: 0.385910 | Acc: 79.72% (Best: 80.56% @ Ep4232) | LR: 0.000250 | Rev: 1/99999
Epoch 4519 | Cost: 0.406627 | Acc: 79.72% (Best: 80.56% @ Ep4232) | LR: 0.000250 | Rev: 2/99999
Epoch 4520 | Cost: 0.374617 | Acc: 80.56% (Best: 80.56% @ Ep4232) | LR: 0.000250 | Rev: 0/99999
Epoch 4521 | Cost: 0.400999 | Acc: 78.61% (Best: 80.56% @ Ep4232) | LR: 0.000250 | Rev: 1/99999
Epoch 4522 | Cost: 0.410522 | Acc: 79.72% (Best: 80.56% @ Ep4232) | LR: 0.000260 | Rev: 2/99999
Epoch 4523 | Cost: 0.410951 | Acc: 80.00% (Best: 80.56% @ Ep4232) | LR: 0.000260 | Rev: 3/99999
Epoch 4524 | Cost: 0.396832 | Acc: 79.44% (Best: 80.56% @ Ep4232) | LR: 0.000260 | Rev: 0/99999
Epoch 4525 | Cost: 0.389872 | Acc: 78.33% (Best: 80.56% @ Ep4232) | LR: 0.000260 | Rev: 0/99999
Epoch 4526 | Cost: 0.416591 | Acc: 80.00% (Best: 80.56% @ Ep4232) | LR: 0.000260 | Rev: 1/99999
Epoch 4527 | Cost: 0.391442 | Acc: 79.17% (Best: 80.56% @ Ep4232) | LR: 0.000260 | Rev: 0/99999
Epoch 4528 | Cost: 0.397999 | Acc: 79.17% (Best: 80.56% @ Ep4232) | LR: 0.000260 | Rev: 1/99999
Epoch 4529 | Cost: 0.385080 | Acc: 78.89% (Best: 80.56% @ Ep4232) | LR: 0.000260 | Rev: 0/99999
Epoch 4530 | Cost: 0.376134 | Acc: 79.44% (Best: 80.56% @ Ep4232) | LR: 0.000260 | Rev: 0/99999
Epoch 4531 | Cost: 0.384761 | Acc: 80.28% (Best: 80.56% @ Ep4232) | LR: 0.000260 | Rev: 1/99999
Epoch 4532 | Cost: 0.379258 | Acc: 79.17% (Best: 80.56% @ Ep4232) | LR: 0.000270 | Rev: 0/99999
Epoch 4533 | Cost: 0.399576 | Acc: 79.72% (Best: 80.56% @ Ep4232) | LR: 0.000270 | Rev: 1/99999
Epoch 4534 | Cost: 0.373874 | Acc: 79.72% (Best: 80.56% @ Ep4232) | LR: 0.000270 | Rev: 0/99999
Epoch 4535 | Cost: 0.383694 | Acc: 80.28% (Best: 80.56% @ Ep4232) | LR: 0.000270 | Rev: 1/99999
Epoch 4536 | Cost: 0.359076 | Acc: 80.00% (Best: 80.56% @ Ep4232) | LR: 0.000270 | Rev: 0/99999
Epoch 4537 | Cost: 0.375676 | Acc: 78.33% (Best: 80.56% @ Ep4232) | LR: 0.000270 | Rev: 1/99999
Epoch 4538 | Cost: 0.383811 | Acc: 78.89% (Best: 80.56% @ Ep4232) | LR: 0.000270 | Rev: 2/99999
Epoch 4539 | Cost: 0.382889 | Acc: 78.61% (Best: 80.56% @ Ep4232) | LR: 0.000270 | Rev: 0/99999
Epoch 4540 | Cost: 0.369231 | Acc: 79.17% (Best: 80.56% @ Ep4232) | LR: 0.000270 | Rev: 0/99999
Epoch 4541 | Cost: 0.382440 | Acc: 78.33% (Best: 80.56% @ Ep4232) | LR: 0.000270 | Rev: 1/99999
Epoch 4542 | Cost: 0.385769 | Acc: 79.17% (Best: 80.56% @ Ep4232) | LR: 0.000280 | Rev: 2/99999
Epoch 4543 | Cost: 0.389476 | Acc: 79.17% (Best: 80.56% @ Ep4232) | LR: 0.000280 | Rev: 3/99999
Epoch 4544 | Cost: 0.391325 | Acc: 77.50% (Best: 80.56% @ Ep4232) | LR: 0.000280 | Rev: 4/99999
Epoch 4545 | Cost: 0.397176 | Acc: 79.44% (Best: 80.56% @ Ep4232) | LR: 0.000280 | Rev: 5/99999
Epoch 4546 | Cost: 0.403373 | Acc: 79.72% (Best: 80.56% @ Ep4232) | LR: 0.000280 | Rev: 6/99999
Epoch 4547 | Cost: 0.413956 | Acc: 78.61% (Best: 80.56% @ Ep4232) | LR: 0.000280 | Rev: 7/99999
Epoch 4548 | Cost: 0.416573 | Acc: 79.72% (Best: 80.56% @ Ep4232) | LR: 0.000280 | Rev: 8/99999
Epoch 4549 | Cost: 0.376575 | Acc: 79.17% (Best: 80.56% @ Ep4232) | LR: 0.000280 | Rev: 0/99999
Epoch 4550 | Cost: 0.399587 | Acc: 78.06% (Best: 80.56% @ Ep4232) | LR: 0.000280 | Rev: 1/99999
Epoch 4551 | Cost: 0.400022 | Acc: 78.61% (Best: 80.56% @ Ep4232) | LR: 0.000280 | Rev: 2/99999
Epoch 4552 | Cost: 0.395016 | Acc: 78.89% (Best: 80.56% @ Ep4232) | LR: 0.000290 | Rev: 0/99999
Epoch 4553 | Cost: 0.395566 | Acc: 80.00% (Best: 80.56% @ Ep4232) | LR: 0.000290 | Rev: 1/99999
Epoch 4554 | Cost: 0.396383 | Acc: 79.17% (Best: 80.56% @ Ep4232) | LR: 0.000290 | Rev: 2/99999
Epoch 4555 | Cost: 0.384447 | Acc: 80.28% (Best: 80.56% @ Ep4232) | LR: 0.000290 | Rev: 0/99999
Epoch 4556 | Cost: 0.380902 | Acc: 79.44% (Best: 80.56% @ Ep4232) | LR: 0.000290 | Rev: 0/99999
Epoch 4557 | Cost: 0.401728 | Acc: 79.72% (Best: 80.56% @ Ep4232) | LR: 0.000290 | Rev: 1/99999
Epoch 4558 | Cost: 0.379716 | Acc: 79.44% (Best: 80.56% @ Ep4232) | LR: 0.000290 | Rev: 0/99999
Epoch 4559 | Cost: 0.389852 | Acc: 77.78% (Best: 80.56% @ Ep4232) | LR: 0.000290 | Rev: 1/99999
Epoch 4560 | Cost: 0.372065 | Acc: 79.72% (Best: 80.56% @ Ep4232) | LR: 0.000290 | Rev: 0/99999
Epoch 4561 | Cost: 0.381335 | Acc: 79.17% (Best: 80.56% @ Ep4232) | LR: 0.000290 | Rev: 1/99999
Epoch 4562 | Cost: 0.378283 | Acc: 79.72% (Best: 80.56% @ Ep4232) | LR: 0.000300 | Rev: 0/99999
Epoch 4563 | Cost: 0.372046 | Acc: 79.17% (Best: 80.56% @ Ep4232) | LR: 0.000300 | Rev: 0/99999
Epoch 4564 | Cost: 0.369021 | Acc: 80.28% (Best: 80.56% @ Ep4232) | LR: 0.000300 | Rev: 0/99999
Epoch 4565 | Cost: 0.384079 | Acc: 79.72% (Best: 80.56% @ Ep4232) | LR: 0.000300 | Rev: 1/99999
Epoch 4566 | Cost: 0.388624 | Acc: 80.83% (Best: 80.83% @ Ep4566) | LR: 0.000010 | Rev: 2/99999
Epoch 4567 | Cost: 0.373424 | Acc: 80.83% (Best: 80.83% @ Ep4566) | LR: 0.000010 | Rev: 0/99999
Epoch 4568 | Cost: 0.366064 | Acc: 80.56% (Best: 80.83% @ Ep4566) | LR: 0.000010 | Rev: 0/99999
Epoch 4569 | Cost: 0.377233 | Acc: 80.56% (Best: 80.83% @ Ep4566) | LR: 0.000010 | Rev: 1/99999
Epoch 4570 | Cost: 0.377894 | Acc: 80.56% (Best: 80.83% @ Ep4566) | LR: 0.000010 | Rev: 2/99999
Epoch 4571 | Cost: 0.346760 | Acc: 80.28% (Best: 80.83% @ Ep4566) | LR: 0.000010 | Rev: 0/99999
Epoch 4572 | Cost: 0.372343 | Acc: 80.28% (Best: 80.83% @ Ep4566) | LR: 0.000010 | Rev: 1/99999
Epoch 4573 | Cost: 0.387137 | Acc: 80.56% (Best: 80.83% @ Ep4566) | LR: 0.000010 | Rev: 2/99999
Epoch 4574 | Cost: 0.359758 | Acc: 80.28% (Best: 80.83% @ Ep4566) | LR: 0.000010 | Rev: 0/99999
Epoch 4575 | Cost: 0.384501 | Acc: 80.28% (Best: 80.83% @ Ep4566) | LR: 0.000010 | Rev: 1/99999
Epoch 4576 | Cost: 0.366987 | Acc: 80.28% (Best: 80.83% @ Ep4566) | LR: 0.000010 | Rev: 0/99999
Epoch 4577 | Cost: 0.352605 | Acc: 80.28% (Best: 80.83% @ Ep4566) | LR: 0.000010 | Rev: 0/99999
Epoch 4578 | Cost: 0.348698 | Acc: 80.28% (Best: 80.83% @ Ep4566) | LR: 0.000010 | Rev: 0/99999
Epoch 4579 | Cost: 0.354013 | Acc: 80.56% (Best: 80.83% @ Ep4566) | LR: 0.000010 | Rev: 1/99999
Epoch 4580 | Cost: 0.358788 | Acc: 80.56% (Best: 80.83% @ Ep4566) | LR: 0.000010 | Rev: 2/99999
Epoch 4581 | Cost: 0.355396 | Acc: 80.56% (Best: 80.83% @ Ep4566) | LR: 0.000010 | Rev: 0/99999
Epoch 4582 | Cost: 0.357920 | Acc: 80.56% (Best: 80.83% @ Ep4566) | LR: 0.000010 | Rev: 1/99999
Epoch 4583 | Cost: 0.364769 | Acc: 80.56% (Best: 80.83% @ Ep4566) | LR: 0.000010 | Rev: 2/99999
Epoch 4584 | Cost: 0.383914 | Acc: 80.56% (Best: 80.83% @ Ep4566) | LR: 0.000010 | Rev: 3/99999
Epoch 4585 | Cost: 0.387818 | Acc: 80.56% (Best: 80.83% @ Ep4566) | LR: 0.000010 | Rev: 4/99999
Epoch 4586 | Cost: 0.354542 | Acc: 80.56% (Best: 80.83% @ Ep4566) | LR: 0.000010 | Rev: 0/99999
Epoch 4587 | Cost: 0.360800 | Acc: 80.56% (Best: 80.83% @ Ep4566) | LR: 0.000010 | Rev: 1/99999
Epoch 4588 | Cost: 0.362572 | Acc: 80.56% (Best: 80.83% @ Ep4566) | LR: 0.000010 | Rev: 2/99999
Epoch 4589 | Cost: 0.375400 | Acc: 80.56% (Best: 80.83% @ Ep4566) | LR: 0.000010 | Rev: 3/99999
Epoch 4590 | Cost: 0.362756 | Acc: 80.56% (Best: 80.83% @ Ep4566) | LR: 0.000010 | Rev: 0/99999
Epoch 4591 | Cost: 0.353309 | Acc: 80.56% (Best: 80.83% @ Ep4566) | LR: 0.000010 | Rev: 0/99999
Epoch 4592 | Cost: 0.357484 | Acc: 80.56% (Best: 80.83% @ Ep4566) | LR: 0.000010 | Rev: 1/99999
Epoch 4593 | Cost: 0.371666 | Acc: 80.28% (Best: 80.83% @ Ep4566) | LR: 0.000010 | Rev: 2/99999
Epoch 4594 | Cost: 0.359116 | Acc: 80.28% (Best: 80.83% @ Ep4566) | LR: 0.000010 | Rev: 0/99999
Epoch 4595 | Cost: 0.352693 | Acc: 80.28% (Best: 80.83% @ Ep4566) | LR: 0.000010 | Rev: 0/99999
Epoch 4596 | Cost: 0.382058 | Acc: 80.28% (Best: 80.83% @ Ep4566) | LR: 0.000010 | Rev: 1/99999
Epoch 4597 | Cost: 0.366095 | Acc: 80.28% (Best: 80.83% @ Ep4566) | LR: 0.000010 | Rev: 0/99999
Epoch 4598 | Cost: 0.361576 | Acc: 80.28% (Best: 80.83% @ Ep4566) | LR: 0.000010 | Rev: 0/99999
Epoch 4599 | Cost: 0.351418 | Acc: 80.28% (Best: 80.83% @ Ep4566) | LR: 0.000010 | Rev: 0/99999
Epoch 4600 | Cost: 0.356426 | Acc: 80.28% (Best: 80.83% @ Ep4566) | LR: 0.000010 | Rev: 1/99999
Epoch 4601 | Cost: 0.366984 | Acc: 80.28% (Best: 80.83% @ Ep4566) | LR: 0.000010 | Rev: 2/99999
Epoch 4602 | Cost: 0.393484 | Acc: 80.28% (Best: 80.83% @ Ep4566) | LR: 0.000010 | Rev: 3/99999
Epoch 4603 | Cost: 0.364988 | Acc: 80.28% (Best: 80.83% @ Ep4566) | LR: 0.000010 | Rev: 0/99999
Epoch 4604 | Cost: 0.362201 | Acc: 80.28% (Best: 80.83% @ Ep4566) | LR: 0.000010 | Rev: 0/99999
Epoch 4605 | Cost: 0.347225 | Acc: 80.28% (Best: 80.83% @ Ep4566) | LR: 0.000010 | Rev: 0/99999
Epoch 4606 | Cost: 0.356166 | Acc: 80.28% (Best: 80.83% @ Ep4566) | LR: 0.000010 | Rev: 1/99999
Epoch 4607 | Cost: 0.377530 | Acc: 80.28% (Best: 80.83% @ Ep4566) | LR: 0.000010 | Rev: 2/99999
Epoch 4608 | Cost: 0.359637 | Acc: 80.28% (Best: 80.83% @ Ep4566) | LR: 0.000010 | Rev: 0/99999
Epoch 4609 | Cost: 0.359016 | Acc: 80.28% (Best: 80.83% @ Ep4566) | LR: 0.000010 | Rev: 0/99999
Epoch 4610 | Cost: 0.348800 | Acc: 80.56% (Best: 80.83% @ Ep4566) | LR: 0.000010 | Rev: 0/99999
Epoch 4611 | Cost: 0.366524 | Acc: 80.56% (Best: 80.83% @ Ep4566) | LR: 0.000010 | Rev: 1/99999
Epoch 4612 | Cost: 0.353739 | Acc: 80.28% (Best: 80.83% @ Ep4566) | LR: 0.000010 | Rev: 0/99999
Epoch 4613 | Cost: 0.360442 | Acc: 80.28% (Best: 80.83% @ Ep4566) | LR: 0.000010 | Rev: 1/99999
Epoch 4614 | Cost: 0.373634 | Acc: 80.28% (Best: 80.83% @ Ep4566) | LR: 0.000010 | Rev: 2/99999
Epoch 4615 | Cost: 0.359398 | Acc: 80.56% (Best: 80.83% @ Ep4566) | LR: 0.000010 | Rev: 0/99999
Epoch 4616 | Cost: 0.363978 | Acc: 80.56% (Best: 80.83% @ Ep4566) | LR: 0.000020 | Rev: 1/99999
Epoch 4617 | Cost: 0.364289 | Acc: 80.56% (Best: 80.83% @ Ep4566) | LR: 0.000020 | Rev: 2/99999
Epoch 4618 | Cost: 0.342438 | Acc: 80.56% (Best: 80.83% @ Ep4566) | LR: 0.000020 | Rev: 0/99999
Epoch 4619 | Cost: 0.356557 | Acc: 80.56% (Best: 80.83% @ Ep4566) | LR: 0.000020 | Rev: 1/99999
Epoch 4620 | Cost: 0.351813 | Acc: 80.28% (Best: 80.83% @ Ep4566) | LR: 0.000020 | Rev: 0/99999
Epoch 4621 | Cost: 0.352527 | Acc: 80.28% (Best: 80.83% @ Ep4566) | LR: 0.000020 | Rev: 1/99999
Epoch 4622 | Cost: 0.360948 | Acc: 80.28% (Best: 80.83% @ Ep4566) | LR: 0.000020 | Rev: 2/99999
Epoch 4623 | Cost: 0.371169 | Acc: 80.28% (Best: 80.83% @ Ep4566) | LR: 0.000020 | Rev: 3/99999
Epoch 4624 | Cost: 0.368082 | Acc: 80.28% (Best: 80.83% @ Ep4566) | LR: 0.000020 | Rev: 0/99999
Epoch 4625 | Cost: 0.357750 | Acc: 80.56% (Best: 80.83% @ Ep4566) | LR: 0.000020 | Rev: 0/99999
Epoch 4626 | Cost: 0.357212 | Acc: 80.00% (Best: 80.83% @ Ep4566) | LR: 0.000030 | Rev: 0/99999
Epoch 4627 | Cost: 0.355018 | Acc: 80.00% (Best: 80.83% @ Ep4566) | LR: 0.000030 | Rev: 0/99999
Epoch 4628 | Cost: 0.356557 | Acc: 80.00% (Best: 80.83% @ Ep4566) | LR: 0.000030 | Rev: 1/99999
Epoch 4629 | Cost: 0.363732 | Acc: 80.00% (Best: 80.83% @ Ep4566) | LR: 0.000030 | Rev: 2/99999
Epoch 4630 | Cost: 0.384501 | Acc: 80.28% (Best: 80.83% @ Ep4566) | LR: 0.000030 | Rev: 3/99999
Epoch 4631 | Cost: 0.360038 | Acc: 80.00% (Best: 80.83% @ Ep4566) | LR: 0.000030 | Rev: 0/99999
Epoch 4632 | Cost: 0.365162 | Acc: 80.00% (Best: 80.83% @ Ep4566) | LR: 0.000030 | Rev: 1/99999
Epoch 4633 | Cost: 0.361570 | Acc: 80.00% (Best: 80.83% @ Ep4566) | LR: 0.000030 | Rev: 0/99999
Epoch 4634 | Cost: 0.362398 | Acc: 79.72% (Best: 80.83% @ Ep4566) | LR: 0.000030 | Rev: 1/99999
Epoch 4635 | Cost: 0.367434 | Acc: 79.72% (Best: 80.83% @ Ep4566) | LR: 0.000030 | Rev: 2/99999
Epoch 4636 | Cost: 0.352498 | Acc: 79.72% (Best: 80.83% @ Ep4566) | LR: 0.000040 | Rev: 0/99999
Epoch 4637 | Cost: 0.357077 | Acc: 80.00% (Best: 80.83% @ Ep4566) | LR: 0.000040 | Rev: 1/99999
Epoch 4638 | Cost: 0.358040 | Acc: 80.00% (Best: 80.83% @ Ep4566) | LR: 0.000040 | Rev: 2/99999
Epoch 4639 | Cost: 0.363671 | Acc: 80.28% (Best: 80.83% @ Ep4566) | LR: 0.000040 | Rev: 3/99999
Epoch 4640 | Cost: 0.366969 | Acc: 80.56% (Best: 80.83% @ Ep4566) | LR: 0.000040 | Rev: 4/99999
Epoch 4641 | Cost: 0.377093 | Acc: 80.56% (Best: 80.83% @ Ep4566) | LR: 0.000040 | Rev: 5/99999
Epoch 4642 | Cost: 0.390353 | Acc: 80.28% (Best: 80.83% @ Ep4566) | LR: 0.000040 | Rev: 6/99999
Epoch 4643 | Cost: 0.362769 | Acc: 80.00% (Best: 80.83% @ Ep4566) | LR: 0.000040 | Rev: 0/99999
Epoch 4644 | Cost: 0.357535 | Acc: 80.56% (Best: 80.83% @ Ep4566) | LR: 0.000040 | Rev: 0/99999
Epoch 4645 | Cost: 0.349925 | Acc: 80.56% (Best: 80.83% @ Ep4566) | LR: 0.000040 | Rev: 0/99999
Epoch 4646 | Cost: 0.360602 | Acc: 80.56% (Best: 80.83% @ Ep4566) | LR: 0.000050 | Rev: 1/99999
Epoch 4647 | Cost: 0.358245 | Acc: 80.28% (Best: 80.83% @ Ep4566) | LR: 0.000050 | Rev: 0/99999
Epoch 4648 | Cost: 0.366859 | Acc: 80.28% (Best: 80.83% @ Ep4566) | LR: 0.000050 | Rev: 1/99999
Epoch 4649 | Cost: 0.355656 | Acc: 80.56% (Best: 80.83% @ Ep4566) | LR: 0.000050 | Rev: 0/99999
Epoch 4650 | Cost: 0.360902 | Acc: 80.28% (Best: 80.83% @ Ep4566) | LR: 0.000050 | Rev: 1/99999
Epoch 4651 | Cost: 0.408724 | Acc: 80.00% (Best: 80.83% @ Ep4566) | LR: 0.000050 | Rev: 2/99999
Epoch 4652 | Cost: 0.365884 | Acc: 79.17% (Best: 80.83% @ Ep4566) | LR: 0.000050 | Rev: 0/99999
Epoch 4653 | Cost: 0.352497 | Acc: 80.00% (Best: 80.83% @ Ep4566) | LR: 0.000050 | Rev: 0/99999
Epoch 4654 | Cost: 0.365772 | Acc: 80.00% (Best: 80.83% @ Ep4566) | LR: 0.000050 | Rev: 1/99999
Epoch 4655 | Cost: 0.359034 | Acc: 80.00% (Best: 80.83% @ Ep4566) | LR: 0.000050 | Rev: 0/99999
Epoch 4656 | Cost: 0.384517 | Acc: 80.28% (Best: 80.83% @ Ep4566) | LR: 0.000060 | Rev: 1/99999
Epoch 4657 | Cost: 0.363058 | Acc: 79.72% (Best: 80.83% @ Ep4566) | LR: 0.000060 | Rev: 0/99999
Epoch 4658 | Cost: 0.352177 | Acc: 80.00% (Best: 80.83% @ Ep4566) | LR: 0.000060 | Rev: 0/99999
Epoch 4659 | Cost: 0.379079 | Acc: 80.00% (Best: 80.83% @ Ep4566) | LR: 0.000060 | Rev: 1/99999
Epoch 4660 | Cost: 0.367891 | Acc: 80.28% (Best: 80.83% @ Ep4566) | LR: 0.000060 | Rev: 0/99999
Epoch 4661 | Cost: 0.378751 | Acc: 80.83% (Best: 80.83% @ Ep4566) | LR: 0.000060 | Rev: 1/99999
Epoch 4662 | Cost: 0.370343 | Acc: 80.56% (Best: 80.83% @ Ep4566) | LR: 0.000060 | Rev: 0/99999
Epoch 4663 | Cost: 0.355535 | Acc: 79.72% (Best: 80.83% @ Ep4566) | LR: 0.000060 | Rev: 0/99999
Epoch 4664 | Cost: 0.380507 | Acc: 80.28% (Best: 80.83% @ Ep4566) | LR: 0.000060 | Rev: 1/99999
Epoch 4665 | Cost: 0.365223 | Acc: 80.56% (Best: 80.83% @ Ep4566) | LR: 0.000060 | Rev: 0/99999
Epoch 4666 | Cost: 0.361448 | Acc: 80.00% (Best: 80.83% @ Ep4566) | LR: 0.000070 | Rev: 0/99999
Epoch 4667 | Cost: 0.343693 | Acc: 80.00% (Best: 80.83% @ Ep4566) | LR: 0.000070 | Rev: 0/99999
Epoch 4668 | Cost: 0.377301 | Acc: 80.28% (Best: 80.83% @ Ep4566) | LR: 0.000070 | Rev: 1/99999
Epoch 4669 | Cost: 0.371504 | Acc: 80.28% (Best: 80.83% @ Ep4566) | LR: 0.000070 | Rev: 0/99999
Epoch 4670 | Cost: 0.371981 | Acc: 80.00% (Best: 80.83% @ Ep4566) | LR: 0.000070 | Rev: 1/99999
Epoch 4671 | Cost: 0.359674 | Acc: 80.28% (Best: 80.83% @ Ep4566) | LR: 0.000070 | Rev: 0/99999
Epoch 4672 | Cost: 0.356257 | Acc: 79.72% (Best: 80.83% @ Ep4566) | LR: 0.000070 | Rev: 0/99999
Epoch 4673 | Cost: 0.349585 | Acc: 79.72% (Best: 80.83% @ Ep4566) | LR: 0.000070 | Rev: 0/99999
Epoch 4674 | Cost: 0.361713 | Acc: 80.00% (Best: 80.83% @ Ep4566) | LR: 0.000070 | Rev: 1/99999
Epoch 4675 | Cost: 0.371403 | Acc: 80.56% (Best: 80.83% @ Ep4566) | LR: 0.000070 | Rev: 2/99999
Epoch 4676 | Cost: 0.353432 | Acc: 80.28% (Best: 80.83% @ Ep4566) | LR: 0.000080 | Rev: 0/99999
Epoch 4677 | Cost: 0.373253 | Acc: 80.28% (Best: 80.83% @ Ep4566) | LR: 0.000080 | Rev: 1/99999
Epoch 4678 | Cost: 0.357609 | Acc: 79.44% (Best: 80.83% @ Ep4566) | LR: 0.000080 | Rev: 0/99999
Epoch 4679 | Cost: 0.391364 | Acc: 80.28% (Best: 80.83% @ Ep4566) | LR: 0.000080 | Rev: 1/99999
Epoch 4680 | Cost: 0.364551 | Acc: 80.28% (Best: 80.83% @ Ep4566) | LR: 0.000080 | Rev: 0/99999
Epoch 4681 | Cost: 0.364525 | Acc: 79.44% (Best: 80.83% @ Ep4566) | LR: 0.000080 | Rev: 0/99999
Epoch 4682 | Cost: 0.352374 | Acc: 80.56% (Best: 80.83% @ Ep4566) | LR: 0.000080 | Rev: 0/99999
Epoch 4683 | Cost: 0.396323 | Acc: 80.83% (Best: 80.83% @ Ep4566) | LR: 0.000080 | Rev: 1/99999
Epoch 4684 | Cost: 0.373136 | Acc: 80.56% (Best: 80.83% @ Ep4566) | LR: 0.000080 | Rev: 0/99999
Epoch 4685 | Cost: 0.355459 | Acc: 80.56% (Best: 80.83% @ Ep4566) | LR: 0.000080 | Rev: 0/99999
Epoch 4686 | Cost: 0.378192 | Acc: 80.28% (Best: 80.83% @ Ep4566) | LR: 0.000090 | Rev: 1/99999
Epoch 4687 | Cost: 0.385430 | Acc: 80.56% (Best: 80.83% @ Ep4566) | LR: 0.000090 | Rev: 2/99999
Epoch 4688 | Cost: 0.358517 | Acc: 80.00% (Best: 80.83% @ Ep4566) | LR: 0.000090 | Rev: 0/99999
Epoch 4689 | Cost: 0.377186 | Acc: 80.00% (Best: 80.83% @ Ep4566) | LR: 0.000090 | Rev: 1/99999
Epoch 4690 | Cost: 0.357670 | Acc: 80.28% (Best: 80.83% @ Ep4566) | LR: 0.000090 | Rev: 0/99999
Epoch 4691 | Cost: 0.366673 | Acc: 79.44% (Best: 80.83% @ Ep4566) | LR: 0.000090 | Rev: 1/99999
Epoch 4692 | Cost: 0.367659 | Acc: 79.17% (Best: 80.83% @ Ep4566) | LR: 0.000090 | Rev: 2/99999
Epoch 4693 | Cost: 0.370980 | Acc: 80.28% (Best: 80.83% @ Ep4566) | LR: 0.000090 | Rev: 3/99999
Epoch 4694 | Cost: 0.346617 | Acc: 80.00% (Best: 80.83% @ Ep4566) | LR: 0.000090 | Rev: 0/99999
Epoch 4695 | Cost: 0.377676 | Acc: 80.00% (Best: 80.83% @ Ep4566) | LR: 0.000090 | Rev: 1/99999
Epoch 4696 | Cost: 0.358135 | Acc: 80.28% (Best: 80.83% @ Ep4566) | LR: 0.000100 | Rev: 0/99999
Epoch 4697 | Cost: 0.361662 | Acc: 80.56% (Best: 80.83% @ Ep4566) | LR: 0.000100 | Rev: 1/99999
Epoch 4698 | Cost: 0.367788 | Acc: 80.56% (Best: 80.83% @ Ep4566) | LR: 0.000100 | Rev: 2/99999
Epoch 4699 | Cost: 0.354689 | Acc: 80.28% (Best: 80.83% @ Ep4566) | LR: 0.000100 | Rev: 0/99999
Epoch 4700 | Cost: 0.363684 | Acc: 79.72% (Best: 80.83% @ Ep4566) | LR: 0.000100 | Rev: 1/99999
Epoch 4701 | Cost: 0.348168 | Acc: 80.56% (Best: 80.83% @ Ep4566) | LR: 0.000100 | Rev: 0/99999
Epoch 4702 | Cost: 0.365935 | Acc: 80.00% (Best: 80.83% @ Ep4566) | LR: 0.000100 | Rev: 1/99999
Epoch 4703 | Cost: 0.361706 | Acc: 80.28% (Best: 80.83% @ Ep4566) | LR: 0.000100 | Rev: 0/99999
Epoch 4704 | Cost: 0.349997 | Acc: 80.83% (Best: 80.83% @ Ep4566) | LR: 0.000100 | Rev: 0/99999
Epoch 4705 | Cost: 0.365150 | Acc: 80.28% (Best: 80.83% @ Ep4566) | LR: 0.000100 | Rev: 1/99999
Epoch 4706 | Cost: 0.362458 | Acc: 80.56% (Best: 80.83% @ Ep4566) | LR: 0.000110 | Rev: 0/99999
Epoch 4707 | Cost: 0.358634 | Acc: 80.56% (Best: 80.83% @ Ep4566) | LR: 0.000110 | Rev: 0/99999
Epoch 4708 | Cost: 0.361680 | Acc: 80.28% (Best: 80.83% @ Ep4566) | LR: 0.000110 | Rev: 1/99999
Epoch 4709 | Cost: 0.374681 | Acc: 80.00% (Best: 80.83% @ Ep4566) | LR: 0.000110 | Rev: 2/99999
Epoch 4710 | Cost: 0.364303 | Acc: 80.28% (Best: 80.83% @ Ep4566) | LR: 0.000110 | Rev: 0/99999
Epoch 4711 | Cost: 0.373492 | Acc: 80.56% (Best: 80.83% @ Ep4566) | LR: 0.000110 | Rev: 1/99999
Epoch 4712 | Cost: 0.370853 | Acc: 80.00% (Best: 80.83% @ Ep4566) | LR: 0.000110 | Rev: 0/99999
Epoch 4713 | Cost: 0.353044 | Acc: 80.56% (Best: 80.83% @ Ep4566) | LR: 0.000110 | Rev: 0/99999
Epoch 4714 | Cost: 0.370868 | Acc: 79.72% (Best: 80.83% @ Ep4566) | LR: 0.000110 | Rev: 1/99999
Epoch 4715 | Cost: 0.356314 | Acc: 80.56% (Best: 80.83% @ Ep4566) | LR: 0.000110 | Rev: 0/99999
Epoch 4716 | Cost: 0.364558 | Acc: 80.56% (Best: 80.83% @ Ep4566) | LR: 0.000120 | Rev: 1/99999
Epoch 4717 | Cost: 0.357485 | Acc: 80.28% (Best: 80.83% @ Ep4566) | LR: 0.000120 | Rev: 0/99999
Epoch 4718 | Cost: 0.351251 | Acc: 80.00% (Best: 80.83% @ Ep4566) | LR: 0.000120 | Rev: 0/99999
Epoch 4719 | Cost: 0.363103 | Acc: 80.00% (Best: 80.83% @ Ep4566) | LR: 0.000120 | Rev: 1/99999
Epoch 4720 | Cost: 0.370768 | Acc: 79.72% (Best: 80.83% @ Ep4566) | LR: 0.000120 | Rev: 2/99999
Epoch 4721 | Cost: 0.384767 | Acc: 80.00% (Best: 80.83% @ Ep4566) | LR: 0.000120 | Rev: 3/99999
Epoch 4722 | Cost: 0.368407 | Acc: 80.28% (Best: 80.83% @ Ep4566) | LR: 0.000120 | Rev: 0/99999
Epoch 4723 | Cost: 0.351321 | Acc: 79.72% (Best: 80.83% @ Ep4566) | LR: 0.000120 | Rev: 0/99999
Epoch 4724 | Cost: 0.352826 | Acc: 80.28% (Best: 80.83% @ Ep4566) | LR: 0.000120 | Rev: 1/99999
Epoch 4725 | Cost: 0.396192 | Acc: 80.56% (Best: 80.83% @ Ep4566) | LR: 0.000120 | Rev: 2/99999
Epoch 4726 | Cost: 0.370519 | Acc: 80.56% (Best: 80.83% @ Ep4566) | LR: 0.000130 | Rev: 0/99999
Epoch 4727 | Cost: 0.357637 | Acc: 80.00% (Best: 80.83% @ Ep4566) | LR: 0.000130 | Rev: 0/99999
Epoch 4728 | Cost: 0.363367 | Acc: 80.83% (Best: 80.83% @ Ep4566) | LR: 0.000130 | Rev: 1/99999
Epoch 4729 | Cost: 0.373354 | Acc: 80.28% (Best: 80.83% @ Ep4566) | LR: 0.000130 | Rev: 2/99999
Epoch 4730 | Cost: 0.363048 | Acc: 80.28% (Best: 80.83% @ Ep4566) | LR: 0.000130 | Rev: 0/99999
Epoch 4731 | Cost: 0.367725 | Acc: 80.00% (Best: 80.83% @ Ep4566) | LR: 0.000130 | Rev: 1/99999
Epoch 4732 | Cost: 0.359771 | Acc: 80.00% (Best: 80.83% @ Ep4566) | LR: 0.000130 | Rev: 0/99999
Epoch 4733 | Cost: 0.358987 | Acc: 79.17% (Best: 80.83% @ Ep4566) | LR: 0.000130 | Rev: 0/99999
Epoch 4734 | Cost: 0.358883 | Acc: 79.72% (Best: 80.83% @ Ep4566) | LR: 0.000130 | Rev: 0/99999
Epoch 4735 | Cost: 0.370690 | Acc: 80.56% (Best: 80.83% @ Ep4566) | LR: 0.000130 | Rev: 1/99999
Epoch 4736 | Cost: 0.375006 | Acc: 80.00% (Best: 80.83% @ Ep4566) | LR: 0.000140 | Rev: 2/99999
Epoch 4737 | Cost: 0.387269 | Acc: 80.00% (Best: 80.83% @ Ep4566) | LR: 0.000140 | Rev: 3/99999
Epoch 4738 | Cost: 0.372248 | Acc: 80.00% (Best: 80.83% @ Ep4566) | LR: 0.000140 | Rev: 0/99999
Epoch 4739 | Cost: 0.357951 | Acc: 79.72% (Best: 80.83% @ Ep4566) | LR: 0.000140 | Rev: 0/99999
Epoch 4740 | Cost: 0.362853 | Acc: 80.56% (Best: 80.83% @ Ep4566) | LR: 0.000140 | Rev: 1/99999
Epoch 4741 | Cost: 0.371737 | Acc: 80.28% (Best: 80.83% @ Ep4566) | LR: 0.000140 | Rev: 2/99999
Epoch 4742 | Cost: 0.369619 | Acc: 79.72% (Best: 80.83% @ Ep4566) | LR: 0.000140 | Rev: 0/99999
Epoch 4743 | Cost: 0.366339 | Acc: 80.00% (Best: 80.83% @ Ep4566) | LR: 0.000140 | Rev: 0/99999
Epoch 4744 | Cost: 0.375568 | Acc: 79.72% (Best: 80.83% @ Ep4566) | LR: 0.000140 | Rev: 1/99999
Epoch 4745 | Cost: 0.367237 | Acc: 79.44% (Best: 80.83% @ Ep4566) | LR: 0.000140 | Rev: 0/99999
Epoch 4746 | Cost: 0.366492 | Acc: 80.56% (Best: 80.83% @ Ep4566) | LR: 0.000150 | Rev: 0/99999
Epoch 4747 | Cost: 0.378804 | Acc: 80.00% (Best: 80.83% @ Ep4566) | LR: 0.000150 | Rev: 1/99999
Epoch 4748 | Cost: 0.357341 | Acc: 80.56% (Best: 80.83% @ Ep4566) | LR: 0.000150 | Rev: 0/99999
Epoch 4749 | Cost: 0.369427 | Acc: 79.72% (Best: 80.83% @ Ep4566) | LR: 0.000150 | Rev: 1/99999
Epoch 4750 | Cost: 0.368391 | Acc: 79.72% (Best: 80.83% @ Ep4566) | LR: 0.000150 | Rev: 0/99999
Epoch 4751 | Cost: 0.365969 | Acc: 80.28% (Best: 80.83% @ Ep4566) | LR: 0.000150 | Rev: 0/99999
Epoch 4752 | Cost: 0.355303 | Acc: 80.00% (Best: 80.83% @ Ep4566) | LR: 0.000150 | Rev: 0/99999
Epoch 4753 | Cost: 0.369366 | Acc: 80.28% (Best: 80.83% @ Ep4566) | LR: 0.000150 | Rev: 1/99999
Epoch 4754 | Cost: 0.374285 | Acc: 80.56% (Best: 80.83% @ Ep4566) | LR: 0.000150 | Rev: 2/99999
Epoch 4755 | Cost: 0.348771 | Acc: 79.72% (Best: 80.83% @ Ep4566) | LR: 0.000150 | Rev: 0/99999
Epoch 4756 | Cost: 0.345441 | Acc: 80.28% (Best: 80.83% @ Ep4566) | LR: 0.000160 | Rev: 0/99999
Epoch 4757 | Cost: 0.364280 | Acc: 80.00% (Best: 80.83% @ Ep4566) | LR: 0.000160 | Rev: 1/99999
Epoch 4758 | Cost: 0.376045 | Acc: 80.83% (Best: 80.83% @ Ep4566) | LR: 0.000160 | Rev: 2/99999
Epoch 4759 | Cost: 0.363034 | Acc: 79.44% (Best: 80.83% @ Ep4566) | LR: 0.000160 | Rev: 0/99999
Epoch 4760 | Cost: 0.357695 | Acc: 80.83% (Best: 80.83% @ Ep4566) | LR: 0.000160 | Rev: 0/99999
Epoch 4761 | Cost: 0.364248 | Acc: 80.83% (Best: 80.83% @ Ep4566) | LR: 0.000160 | Rev: 1/99999
Epoch 4762 | Cost: 0.346935 | Acc: 80.00% (Best: 80.83% @ Ep4566) | LR: 0.000160 | Rev: 0/99999
Epoch 4763 | Cost: 0.367266 | Acc: 79.17% (Best: 80.83% @ Ep4566) | LR: 0.000160 | Rev: 1/99999
Epoch 4764 | Cost: 0.371729 | Acc: 80.28% (Best: 80.83% @ Ep4566) | LR: 0.000160 | Rev: 2/99999
Epoch 4765 | Cost: 0.368418 | Acc: 80.00% (Best: 80.83% @ Ep4566) | LR: 0.000160 | Rev: 0/99999
Epoch 4766 | Cost: 0.379777 | Acc: 80.83% (Best: 80.83% @ Ep4566) | LR: 0.000170 | Rev: 1/99999
Epoch 4767 | Cost: 0.367664 | Acc: 80.56% (Best: 80.83% @ Ep4566) | LR: 0.000170 | Rev: 0/99999
Epoch 4768 | Cost: 0.354366 | Acc: 80.00% (Best: 80.83% @ Ep4566) | LR: 0.000170 | Rev: 0/99999
Epoch 4769 | Cost: 0.367824 | Acc: 79.44% (Best: 80.83% @ Ep4566) | LR: 0.000170 | Rev: 1/99999
Epoch 4770 | Cost: 0.395498 | Acc: 80.28% (Best: 80.83% @ Ep4566) | LR: 0.000170 | Rev: 2/99999
Epoch 4771 | Cost: 0.382977 | Acc: 80.00% (Best: 80.83% @ Ep4566) | LR: 0.000170 | Rev: 0/99999
Epoch 4772 | Cost: 0.350540 | Acc: 80.28% (Best: 80.83% @ Ep4566) | LR: 0.000170 | Rev: 0/99999
Epoch 4773 | Cost: 0.371078 | Acc: 79.72% (Best: 80.83% @ Ep4566) | LR: 0.000170 | Rev: 1/99999
Epoch 4774 | Cost: 0.385381 | Acc: 79.44% (Best: 80.83% @ Ep4566) | LR: 0.000170 | Rev: 2/99999
Epoch 4775 | Cost: 0.370813 | Acc: 80.00% (Best: 80.83% @ Ep4566) | LR: 0.000170 | Rev: 0/99999
Epoch 4776 | Cost: 0.367348 | Acc: 80.28% (Best: 80.83% @ Ep4566) | LR: 0.000180 | Rev: 0/99999
Epoch 4777 | Cost: 0.372712 | Acc: 79.17% (Best: 80.83% @ Ep4566) | LR: 0.000180 | Rev: 1/99999
Epoch 4778 | Cost: 0.375814 | Acc: 80.00% (Best: 80.83% @ Ep4566) | LR: 0.000180 | Rev: 2/99999
Epoch 4779 | Cost: 0.371424 | Acc: 80.28% (Best: 80.83% @ Ep4566) | LR: 0.000180 | Rev: 0/99999
Epoch 4780 | Cost: 0.365610 | Acc: 80.00% (Best: 80.83% @ Ep4566) | LR: 0.000180 | Rev: 0/99999
Epoch 4781 | Cost: 0.372643 | Acc: 79.44% (Best: 80.83% @ Ep4566) | LR: 0.000180 | Rev: 1/99999
Epoch 4782 | Cost: 0.372972 | Acc: 80.00% (Best: 80.83% @ Ep4566) | LR: 0.000180 | Rev: 2/99999
Epoch 4783 | Cost: 0.372046 | Acc: 80.00% (Best: 80.83% @ Ep4566) | LR: 0.000180 | Rev: 0/99999
Epoch 4784 | Cost: 0.367697 | Acc: 80.28% (Best: 80.83% @ Ep4566) | LR: 0.000180 | Rev: 0/99999
Epoch 4785 | Cost: 0.358000 | Acc: 80.28% (Best: 80.83% @ Ep4566) | LR: 0.000180 | Rev: 0/99999
Epoch 4786 | Cost: 0.362114 | Acc: 80.00% (Best: 80.83% @ Ep4566) | LR: 0.000190 | Rev: 1/99999
Epoch 4787 | Cost: 0.374001 | Acc: 80.28% (Best: 80.83% @ Ep4566) | LR: 0.000190 | Rev: 2/99999
Epoch 4788 | Cost: 0.368709 | Acc: 80.00% (Best: 80.83% @ Ep4566) | LR: 0.000190 | Rev: 0/99999
Epoch 4789 | Cost: 0.370137 | Acc: 79.44% (Best: 80.83% @ Ep4566) | LR: 0.000190 | Rev: 1/99999
Epoch 4790 | Cost: 0.377234 | Acc: 79.17% (Best: 80.83% @ Ep4566) | LR: 0.000190 | Rev: 2/99999
Epoch 4791 | Cost: 0.370965 | Acc: 79.72% (Best: 80.83% @ Ep4566) | LR: 0.000190 | Rev: 0/99999
Epoch 4792 | Cost: 0.373984 | Acc: 80.28% (Best: 80.83% @ Ep4566) | LR: 0.000190 | Rev: 1/99999
Epoch 4793 | Cost: 0.365654 | Acc: 79.72% (Best: 80.83% @ Ep4566) | LR: 0.000190 | Rev: 0/99999
Epoch 4794 | Cost: 0.371331 | Acc: 79.72% (Best: 80.83% @ Ep4566) | LR: 0.000190 | Rev: 1/99999
Epoch 4795 | Cost: 0.391741 | Acc: 79.17% (Best: 80.83% @ Ep4566) | LR: 0.000190 | Rev: 2/99999
Epoch 4796 | Cost: 0.369275 | Acc: 79.72% (Best: 80.83% @ Ep4566) | LR: 0.000200 | Rev: 0/99999
Epoch 4797 | Cost: 0.386409 | Acc: 80.28% (Best: 80.83% @ Ep4566) | LR: 0.000200 | Rev: 1/99999
Epoch 4798 | Cost: 0.370794 | Acc: 78.61% (Best: 80.83% @ Ep4566) | LR: 0.000200 | Rev: 0/99999
Epoch 4799 | Cost: 0.389050 | Acc: 80.28% (Best: 80.83% @ Ep4566) | LR: 0.000200 | Rev: 1/99999
Epoch 4800 | Cost: 0.378466 | Acc: 79.44% (Best: 80.83% @ Ep4566) | LR: 0.000200 | Rev: 0/99999
Epoch 4801 | Cost: 0.380053 | Acc: 79.44% (Best: 80.83% @ Ep4566) | LR: 0.000200 | Rev: 1/99999
Epoch 4802 | Cost: 0.368838 | Acc: 80.00% (Best: 80.83% @ Ep4566) | LR: 0.000200 | Rev: 0/99999
Epoch 4803 | Cost: 0.381943 | Acc: 80.00% (Best: 80.83% @ Ep4566) | LR: 0.000200 | Rev: 1/99999
Epoch 4804 | Cost: 0.367290 | Acc: 78.89% (Best: 80.83% @ Ep4566) | LR: 0.000200 | Rev: 0/99999
Epoch 4805 | Cost: 0.383546 | Acc: 79.17% (Best: 80.83% @ Ep4566) | LR: 0.000200 | Rev: 1/99999
Epoch 4806 | Cost: 0.378721 | Acc: 80.28% (Best: 80.83% @ Ep4566) | LR: 0.000210 | Rev: 0/99999
Epoch 4807 | Cost: 0.374732 | Acc: 80.56% (Best: 80.83% @ Ep4566) | LR: 0.000210 | Rev: 0/99999
Epoch 4808 | Cost: 0.357436 | Acc: 80.28% (Best: 80.83% @ Ep4566) | LR: 0.000210 | Rev: 0/99999
Epoch 4809 | Cost: 0.353337 | Acc: 80.00% (Best: 80.83% @ Ep4566) | LR: 0.000210 | Rev: 0/99999
Epoch 4810 | Cost: 0.357255 | Acc: 80.28% (Best: 80.83% @ Ep4566) | LR: 0.000210 | Rev: 1/99999
Epoch 4811 | Cost: 0.366427 | Acc: 80.00% (Best: 80.83% @ Ep4566) | LR: 0.000210 | Rev: 2/99999
Epoch 4812 | Cost: 0.367853 | Acc: 78.89% (Best: 80.83% @ Ep4566) | LR: 0.000210 | Rev: 3/99999
Epoch 4813 | Cost: 0.370876 | Acc: 79.72% (Best: 80.83% @ Ep4566) | LR: 0.000210 | Rev: 4/99999
Epoch 4814 | Cost: 0.366012 | Acc: 78.89% (Best: 80.83% @ Ep4566) | LR: 0.000210 | Rev: 0/99999
Epoch 4815 | Cost: 0.388534 | Acc: 79.72% (Best: 80.83% @ Ep4566) | LR: 0.000210 | Rev: 1/99999
Epoch 4816 | Cost: 0.377977 | Acc: 78.06% (Best: 80.83% @ Ep4566) | LR: 0.000220 | Rev: 0/99999
Epoch 4817 | Cost: 0.367016 | Acc: 80.28% (Best: 80.83% @ Ep4566) | LR: 0.000220 | Rev: 0/99999
Epoch 4818 | Cost: 0.368962 | Acc: 79.72% (Best: 80.83% @ Ep4566) | LR: 0.000220 | Rev: 1/99999
Epoch 4819 | Cost: 0.367669 | Acc: 80.00% (Best: 80.83% @ Ep4566) | LR: 0.000220 | Rev: 0/99999
Epoch 4820 | Cost: 0.374882 | Acc: 79.17% (Best: 80.83% @ Ep4566) | LR: 0.000220 | Rev: 1/99999
Epoch 4821 | Cost: 0.364086 | Acc: 79.44% (Best: 80.83% @ Ep4566) | LR: 0.000220 | Rev: 0/99999
Epoch 4822 | Cost: 0.359611 | Acc: 79.44% (Best: 80.83% @ Ep4566) | LR: 0.000220 | Rev: 0/99999
Epoch 4823 | Cost: 0.381178 | Acc: 80.28% (Best: 80.83% @ Ep4566) | LR: 0.000220 | Rev: 1/99999
Epoch 4824 | Cost: 0.355692 | Acc: 80.00% (Best: 80.83% @ Ep4566) | LR: 0.000220 | Rev: 0/99999
Epoch 4825 | Cost: 0.364842 | Acc: 80.28% (Best: 80.83% @ Ep4566) | LR: 0.000220 | Rev: 1/99999
Epoch 4826 | Cost: 0.374629 | Acc: 80.00% (Best: 80.83% @ Ep4566) | LR: 0.000230 | Rev: 2/99999
Epoch 4827 | Cost: 0.367927 | Acc: 78.33% (Best: 80.83% @ Ep4566) | LR: 0.000230 | Rev: 0/99999
Epoch 4828 | Cost: 0.387324 | Acc: 78.89% (Best: 80.83% @ Ep4566) | LR: 0.000230 | Rev: 1/99999
Epoch 4829 | Cost: 0.379132 | Acc: 80.28% (Best: 80.83% @ Ep4566) | LR: 0.000230 | Rev: 0/99999
Epoch 4830 | Cost: 0.381800 | Acc: 80.00% (Best: 80.83% @ Ep4566) | LR: 0.000230 | Rev: 1/99999
Epoch 4831 | Cost: 0.404814 | Acc: 78.33% (Best: 80.83% @ Ep4566) | LR: 0.000230 | Rev: 2/99999
Epoch 4832 | Cost: 0.359005 | Acc: 79.44% (Best: 80.83% @ Ep4566) | LR: 0.000230 | Rev: 0/99999
Epoch 4833 | Cost: 0.391921 | Acc: 80.28% (Best: 80.83% @ Ep4566) | LR: 0.000230 | Rev: 1/99999
Epoch 4834 | Cost: 0.361714 | Acc: 80.00% (Best: 80.83% @ Ep4566) | LR: 0.000230 | Rev: 0/99999
Epoch 4835 | Cost: 0.375401 | Acc: 81.11% (Best: 81.11% @ Ep4835) | LR: 0.000010 | Rev: 1/99999
Epoch 4836 | Cost: 0.346746 | Acc: 80.83% (Best: 81.11% @ Ep4835) | LR: 0.000010 | Rev: 0/99999
Epoch 4837 | Cost: 0.364818 | Acc: 80.83% (Best: 81.11% @ Ep4835) | LR: 0.000010 | Rev: 1/99999
Epoch 4838 | Cost: 0.356112 | Acc: 80.56% (Best: 81.11% @ Ep4835) | LR: 0.000010 | Rev: 0/99999
Epoch 4839 | Cost: 0.359163 | Acc: 80.56% (Best: 81.11% @ Ep4835) | LR: 0.000010 | Rev: 1/99999
Epoch 4840 | Cost: 0.333449 | Acc: 80.28% (Best: 81.11% @ Ep4835) | LR: 0.000010 | Rev: 0/99999
Epoch 4841 | Cost: 0.349983 | Acc: 80.28% (Best: 81.11% @ Ep4835) | LR: 0.000010 | Rev: 1/99999
Epoch 4842 | Cost: 0.349861 | Acc: 80.28% (Best: 81.11% @ Ep4835) | LR: 0.000010 | Rev: 0/99999
Epoch 4843 | Cost: 0.362563 | Acc: 80.28% (Best: 81.11% @ Ep4835) | LR: 0.000010 | Rev: 1/99999
Epoch 4844 | Cost: 0.367545 | Acc: 80.56% (Best: 81.11% @ Ep4835) | LR: 0.000010 | Rev: 2/99999
Epoch 4845 | Cost: 0.345038 | Acc: 80.83% (Best: 81.11% @ Ep4835) | LR: 0.000010 | Rev: 0/99999
Epoch 4846 | Cost: 0.346391 | Acc: 80.56% (Best: 81.11% @ Ep4835) | LR: 0.000010 | Rev: 1/99999
Epoch 4847 | Cost: 0.368887 | Acc: 80.56% (Best: 81.11% @ Ep4835) | LR: 0.000010 | Rev: 2/99999
Epoch 4848 | Cost: 0.344950 | Acc: 80.56% (Best: 81.11% @ Ep4835) | LR: 0.000010 | Rev: 0/99999
Epoch 4849 | Cost: 0.337088 | Acc: 80.56% (Best: 81.11% @ Ep4835) | LR: 0.000010 | Rev: 0/99999
Epoch 4850 | Cost: 0.356656 | Acc: 80.56% (Best: 81.11% @ Ep4835) | LR: 0.000010 | Rev: 1/99999
Epoch 4851 | Cost: 0.364425 | Acc: 80.56% (Best: 81.11% @ Ep4835) | LR: 0.000010 | Rev: 2/99999
Epoch 4852 | Cost: 0.354183 | Acc: 80.56% (Best: 81.11% @ Ep4835) | LR: 0.000010 | Rev: 0/99999
Epoch 4853 | Cost: 0.349403 | Acc: 80.56% (Best: 81.11% @ Ep4835) | LR: 0.000010 | Rev: 0/99999
Epoch 4854 | Cost: 0.329305 | Acc: 80.56% (Best: 81.11% @ Ep4835) | LR: 0.000010 | Rev: 0/99999
Epoch 4855 | Cost: 0.356545 | Acc: 80.56% (Best: 81.11% @ Ep4835) | LR: 0.000010 | Rev: 1/99999
Epoch 4856 | Cost: 0.350338 | Acc: 80.56% (Best: 81.11% @ Ep4835) | LR: 0.000010 | Rev: 0/99999
Epoch 4857 | Cost: 0.346551 | Acc: 80.56% (Best: 81.11% @ Ep4835) | LR: 0.000010 | Rev: 0/99999
Epoch 4858 | Cost: 0.348466 | Acc: 80.56% (Best: 81.11% @ Ep4835) | LR: 0.000010 | Rev: 1/99999
Epoch 4859 | Cost: 0.363059 | Acc: 80.56% (Best: 81.11% @ Ep4835) | LR: 0.000010 | Rev: 2/99999
Epoch 4860 | Cost: 0.351615 | Acc: 80.56% (Best: 81.11% @ Ep4835) | LR: 0.000010 | Rev: 0/99999
Epoch 4861 | Cost: 0.364501 | Acc: 80.28% (Best: 81.11% @ Ep4835) | LR: 0.000010 | Rev: 1/99999
Epoch 4862 | Cost: 0.357016 | Acc: 80.56% (Best: 81.11% @ Ep4835) | LR: 0.000010 | Rev: 0/99999
Epoch 4863 | Cost: 0.372123 | Acc: 80.56% (Best: 81.11% @ Ep4835) | LR: 0.000010 | Rev: 1/99999
Epoch 4864 | Cost: 0.344796 | Acc: 80.56% (Best: 81.11% @ Ep4835) | LR: 0.000010 | Rev: 0/99999
Epoch 4865 | Cost: 0.369736 | Acc: 80.28% (Best: 81.11% @ Ep4835) | LR: 0.000010 | Rev: 1/99999
Epoch 4866 | Cost: 0.355654 | Acc: 80.56% (Best: 81.11% @ Ep4835) | LR: 0.000010 | Rev: 0/99999
Epoch 4867 | Cost: 0.334014 | Acc: 80.56% (Best: 81.11% @ Ep4835) | LR: 0.000010 | Rev: 0/99999
Epoch 4868 | Cost: 0.346951 | Acc: 80.28% (Best: 81.11% @ Ep4835) | LR: 0.000010 | Rev: 1/99999
Epoch 4869 | Cost: 0.350388 | Acc: 80.28% (Best: 81.11% @ Ep4835) | LR: 0.000010 | Rev: 2/99999
Epoch 4870 | Cost: 0.338487 | Acc: 80.28% (Best: 81.11% @ Ep4835) | LR: 0.000010 | Rev: 0/99999
Epoch 4871 | Cost: 0.337309 | Acc: 80.00% (Best: 81.11% @ Ep4835) | LR: 0.000010 | Rev: 0/99999
Epoch 4872 | Cost: 0.364079 | Acc: 80.00% (Best: 81.11% @ Ep4835) | LR: 0.000010 | Rev: 1/99999
Epoch 4873 | Cost: 0.342739 | Acc: 80.28% (Best: 81.11% @ Ep4835) | LR: 0.000010 | Rev: 0/99999
Epoch 4874 | Cost: 0.333618 | Acc: 80.28% (Best: 81.11% @ Ep4835) | LR: 0.000010 | Rev: 0/99999
Epoch 4875 | Cost: 0.347320 | Acc: 80.28% (Best: 81.11% @ Ep4835) | LR: 0.000010 | Rev: 1/99999
Epoch 4876 | Cost: 0.344931 | Acc: 80.28% (Best: 81.11% @ Ep4835) | LR: 0.000010 | Rev: 0/99999
Epoch 4877 | Cost: 0.358223 | Acc: 80.28% (Best: 81.11% @ Ep4835) | LR: 0.000010 | Rev: 1/99999
Epoch 4878 | Cost: 0.350939 | Acc: 80.28% (Best: 81.11% @ Ep4835) | LR: 0.000010 | Rev: 0/99999
Epoch 4879 | Cost: 0.351274 | Acc: 80.28% (Best: 81.11% @ Ep4835) | LR: 0.000010 | Rev: 1/99999
Epoch 4880 | Cost: 0.352774 | Acc: 80.28% (Best: 81.11% @ Ep4835) | LR: 0.000010 | Rev: 2/99999
Epoch 4881 | Cost: 0.358684 | Acc: 80.28% (Best: 81.11% @ Ep4835) | LR: 0.000010 | Rev: 3/99999
Epoch 4882 | Cost: 0.340975 | Acc: 80.28% (Best: 81.11% @ Ep4835) | LR: 0.000010 | Rev: 0/99999
Epoch 4883 | Cost: 0.367857 | Acc: 80.28% (Best: 81.11% @ Ep4835) | LR: 0.000010 | Rev: 1/99999
Epoch 4884 | Cost: 0.354205 | Acc: 80.28% (Best: 81.11% @ Ep4835) | LR: 0.000010 | Rev: 0/99999
Epoch 4885 | Cost: 0.353867 | Acc: 79.72% (Best: 81.11% @ Ep4835) | LR: 0.000020 | Rev: 0/99999
Epoch 4886 | Cost: 0.346047 | Acc: 79.72% (Best: 81.11% @ Ep4835) | LR: 0.000020 | Rev: 0/99999
Epoch 4887 | Cost: 0.360571 | Acc: 80.00% (Best: 81.11% @ Ep4835) | LR: 0.000020 | Rev: 1/99999
Epoch 4888 | Cost: 0.348323 | Acc: 80.28% (Best: 81.11% @ Ep4835) | LR: 0.000020 | Rev: 0/99999
Epoch 4889 | Cost: 0.337212 | Acc: 80.56% (Best: 81.11% @ Ep4835) | LR: 0.000020 | Rev: 0/99999
Epoch 4890 | Cost: 0.349123 | Acc: 80.00% (Best: 81.11% @ Ep4835) | LR: 0.000020 | Rev: 1/99999
Epoch 4891 | Cost: 0.359868 | Acc: 80.56% (Best: 81.11% @ Ep4835) | LR: 0.000020 | Rev: 2/99999
Epoch 4892 | Cost: 0.354017 | Acc: 80.56% (Best: 81.11% @ Ep4835) | LR: 0.000020 | Rev: 0/99999
Epoch 4893 | Cost: 0.342289 | Acc: 80.56% (Best: 81.11% @ Ep4835) | LR: 0.000020 | Rev: 0/99999
Epoch 4894 | Cost: 0.343245 | Acc: 80.28% (Best: 81.11% @ Ep4835) | LR: 0.000020 | Rev: 1/99999
Epoch 4895 | Cost: 0.350641 | Acc: 80.56% (Best: 81.11% @ Ep4835) | LR: 0.000030 | Rev: 2/99999
Epoch 4896 | Cost: 0.337427 | Acc: 80.28% (Best: 81.11% @ Ep4835) | LR: 0.000030 | Rev: 0/99999
Epoch 4897 | Cost: 0.350612 | Acc: 80.28% (Best: 81.11% @ Ep4835) | LR: 0.000030 | Rev: 1/99999
Epoch 4898 | Cost: 0.365449 | Acc: 80.28% (Best: 81.11% @ Ep4835) | LR: 0.000030 | Rev: 2/99999
Epoch 4899 | Cost: 0.355728 | Acc: 80.28% (Best: 81.11% @ Ep4835) | LR: 0.000030 | Rev: 0/99999
Epoch 4900 | Cost: 0.357262 | Acc: 80.56% (Best: 81.11% @ Ep4835) | LR: 0.000030 | Rev: 1/99999
Epoch 4901 | Cost: 0.357611 | Acc: 80.28% (Best: 81.11% @ Ep4835) | LR: 0.000030 | Rev: 2/99999
Epoch 4902 | Cost: 0.348426 | Acc: 80.00% (Best: 81.11% @ Ep4835) | LR: 0.000030 | Rev: 0/99999
Epoch 4903 | Cost: 0.352752 | Acc: 80.28% (Best: 81.11% @ Ep4835) | LR: 0.000030 | Rev: 1/99999
Epoch 4904 | Cost: 0.361572 | Acc: 80.28% (Best: 81.11% @ Ep4835) | LR: 0.000030 | Rev: 2/99999
Epoch 4905 | Cost: 0.338566 | Acc: 80.56% (Best: 81.11% @ Ep4835) | LR: 0.000040 | Rev: 0/99999
Epoch 4906 | Cost: 0.360446 | Acc: 80.28% (Best: 81.11% @ Ep4835) | LR: 0.000040 | Rev: 1/99999
Epoch 4907 | Cost: 0.338798 | Acc: 80.56% (Best: 81.11% @ Ep4835) | LR: 0.000040 | Rev: 0/99999
Epoch 4908 | Cost: 0.329233 | Acc: 80.28% (Best: 81.11% @ Ep4835) | LR: 0.000040 | Rev: 0/99999
Epoch 4909 | Cost: 0.344461 | Acc: 80.28% (Best: 81.11% @ Ep4835) | LR: 0.000040 | Rev: 1/99999
Epoch 4910 | Cost: 0.344804 | Acc: 80.56% (Best: 81.11% @ Ep4835) | LR: 0.000040 | Rev: 2/99999
Epoch 4911 | Cost: 0.339180 | Acc: 80.28% (Best: 81.11% @ Ep4835) | LR: 0.000040 | Rev: 0/99999
Epoch 4912 | Cost: 0.364223 | Acc: 80.56% (Best: 81.11% @ Ep4835) | LR: 0.000040 | Rev: 1/99999
Epoch 4913 | Cost: 0.343950 | Acc: 80.28% (Best: 81.11% @ Ep4835) | LR: 0.000040 | Rev: 0/99999
Epoch 4914 | Cost: 0.344381 | Acc: 80.00% (Best: 81.11% @ Ep4835) | LR: 0.000040 | Rev: 1/99999
Epoch 4915 | Cost: 0.343044 | Acc: 80.00% (Best: 81.11% @ Ep4835) | LR: 0.000050 | Rev: 0/99999
Epoch 4916 | Cost: 0.354805 | Acc: 79.44% (Best: 81.11% @ Ep4835) | LR: 0.000050 | Rev: 1/99999
Epoch 4917 | Cost: 0.348752 | Acc: 80.00% (Best: 81.11% @ Ep4835) | LR: 0.000050 | Rev: 0/99999
Epoch 4918 | Cost: 0.352573 | Acc: 80.00% (Best: 81.11% @ Ep4835) | LR: 0.000050 | Rev: 1/99999
Epoch 4919 | Cost: 0.360584 | Acc: 79.72% (Best: 81.11% @ Ep4835) | LR: 0.000050 | Rev: 2/99999
Epoch 4920 | Cost: 0.348344 | Acc: 80.00% (Best: 81.11% @ Ep4835) | LR: 0.000050 | Rev: 0/99999
Epoch 4921 | Cost: 0.331579 | Acc: 80.28% (Best: 81.11% @ Ep4835) | LR: 0.000050 | Rev: 0/99999
Epoch 4922 | Cost: 0.338140 | Acc: 80.28% (Best: 81.11% @ Ep4835) | LR: 0.000050 | Rev: 1/99999
Epoch 4923 | Cost: 0.346495 | Acc: 80.28% (Best: 81.11% @ Ep4835) | LR: 0.000050 | Rev: 2/99999
Epoch 4924 | Cost: 0.328711 | Acc: 80.56% (Best: 81.11% @ Ep4835) | LR: 0.000050 | Rev: 0/99999
Epoch 4925 | Cost: 0.340515 | Acc: 80.56% (Best: 81.11% @ Ep4835) | LR: 0.000060 | Rev: 1/99999
Epoch 4926 | Cost: 0.345141 | Acc: 80.00% (Best: 81.11% @ Ep4835) | LR: 0.000060 | Rev: 2/99999
Epoch 4927 | Cost: 0.384963 | Acc: 79.72% (Best: 81.11% @ Ep4835) | LR: 0.000060 | Rev: 3/99999
Epoch 4928 | Cost: 0.346247 | Acc: 81.11% (Best: 81.11% @ Ep4835) | LR: 0.000060 | Rev: 0/99999
Epoch 4929 | Cost: 0.356645 | Acc: 80.28% (Best: 81.11% @ Ep4835) | LR: 0.000060 | Rev: 1/99999
Epoch 4930 | Cost: 0.342863 | Acc: 80.00% (Best: 81.11% @ Ep4835) | LR: 0.000060 | Rev: 0/99999
Epoch 4931 | Cost: 0.348660 | Acc: 80.83% (Best: 81.11% @ Ep4835) | LR: 0.000060 | Rev: 1/99999
Epoch 4932 | Cost: 0.344205 | Acc: 80.28% (Best: 81.11% @ Ep4835) | LR: 0.000060 | Rev: 0/99999
Epoch 4933 | Cost: 0.340077 | Acc: 80.28% (Best: 81.11% @ Ep4835) | LR: 0.000060 | Rev: 0/99999
Epoch 4934 | Cost: 0.341049 | Acc: 80.28% (Best: 81.11% @ Ep4835) | LR: 0.000060 | Rev: 1/99999
Epoch 4935 | Cost: 0.380944 | Acc: 80.28% (Best: 81.11% @ Ep4835) | LR: 0.000070 | Rev: 2/99999
Epoch 4936 | Cost: 0.344616 | Acc: 80.56% (Best: 81.11% @ Ep4835) | LR: 0.000070 | Rev: 0/99999
Epoch 4937 | Cost: 0.362420 | Acc: 79.72% (Best: 81.11% @ Ep4835) | LR: 0.000070 | Rev: 1/99999
Epoch 4938 | Cost: 0.358349 | Acc: 80.00% (Best: 81.11% @ Ep4835) | LR: 0.000070 | Rev: 0/99999
Epoch 4939 | Cost: 0.345599 | Acc: 80.00% (Best: 81.11% @ Ep4835) | LR: 0.000070 | Rev: 0/99999
Epoch 4940 | Cost: 0.346405 | Acc: 80.00% (Best: 81.11% @ Ep4835) | LR: 0.000070 | Rev: 1/99999
Epoch 4941 | Cost: 0.352580 | Acc: 80.28% (Best: 81.11% @ Ep4835) | LR: 0.000070 | Rev: 2/99999
Epoch 4942 | Cost: 0.360297 | Acc: 80.00% (Best: 81.11% @ Ep4835) | LR: 0.000070 | Rev: 3/99999
Epoch 4943 | Cost: 0.363417 | Acc: 80.00% (Best: 81.11% @ Ep4835) | LR: 0.000070 | Rev: 4/99999
Epoch 4944 | Cost: 0.333568 | Acc: 80.56% (Best: 81.11% @ Ep4835) | LR: 0.000070 | Rev: 0/99999
Epoch 4945 | Cost: 0.348416 | Acc: 80.00% (Best: 81.11% @ Ep4835) | LR: 0.000080 | Rev: 1/99999
Epoch 4946 | Cost: 0.344514 | Acc: 79.72% (Best: 81.11% @ Ep4835) | LR: 0.000080 | Rev: 0/99999
Epoch 4947 | Cost: 0.338964 | Acc: 80.28% (Best: 81.11% @ Ep4835) | LR: 0.000080 | Rev: 0/99999
Epoch 4948 | Cost: 0.359938 | Acc: 80.00% (Best: 81.11% @ Ep4835) | LR: 0.000080 | Rev: 1/99999
Epoch 4949 | Cost: 0.362059 | Acc: 79.72% (Best: 81.11% @ Ep4835) | LR: 0.000080 | Rev: 2/99999
Epoch 4950 | Cost: 0.346342 | Acc: 79.44% (Best: 81.11% @ Ep4835) | LR: 0.000080 | Rev: 0/99999
Epoch 4951 | Cost: 0.341951 | Acc: 80.56% (Best: 81.11% @ Ep4835) | LR: 0.000080 | Rev: 0/99999
Epoch 4952 | Cost: 0.367673 | Acc: 80.28% (Best: 81.11% @ Ep4835) | LR: 0.000080 | Rev: 1/99999
Epoch 4953 | Cost: 0.349584 | Acc: 80.00% (Best: 81.11% @ Ep4835) | LR: 0.000080 | Rev: 0/99999
Epoch 4954 | Cost: 0.352552 | Acc: 80.28% (Best: 81.11% @ Ep4835) | LR: 0.000080 | Rev: 1/99999
Epoch 4955 | Cost: 0.347600 | Acc: 80.56% (Best: 81.11% @ Ep4835) | LR: 0.000090 | Rev: 0/99999
Epoch 4956 | Cost: 0.352187 | Acc: 80.00% (Best: 81.11% @ Ep4835) | LR: 0.000090 | Rev: 1/99999
Epoch 4957 | Cost: 0.349829 | Acc: 79.72% (Best: 81.11% @ Ep4835) | LR: 0.000090 | Rev: 0/99999
Epoch 4958 | Cost: 0.354157 | Acc: 80.56% (Best: 81.11% @ Ep4835) | LR: 0.000090 | Rev: 1/99999
Epoch 4959 | Cost: 0.356514 | Acc: 80.56% (Best: 81.11% @ Ep4835) | LR: 0.000090 | Rev: 2/99999
Epoch 4960 | Cost: 0.344078 | Acc: 80.00% (Best: 81.11% @ Ep4835) | LR: 0.000090 | Rev: 0/99999
Epoch 4961 | Cost: 0.373716 | Acc: 80.00% (Best: 81.11% @ Ep4835) | LR: 0.000090 | Rev: 1/99999
Epoch 4962 | Cost: 0.348930 | Acc: 80.00% (Best: 81.11% @ Ep4835) | LR: 0.000090 | Rev: 0/99999
Epoch 4963 | Cost: 0.355105 | Acc: 80.28% (Best: 81.11% @ Ep4835) | LR: 0.000090 | Rev: 1/99999
Epoch 4964 | Cost: 0.341404 | Acc: 80.28% (Best: 81.11% @ Ep4835) | LR: 0.000090 | Rev: 0/99999
Epoch 4965 | Cost: 0.355685 | Acc: 80.28% (Best: 81.11% @ Ep4835) | LR: 0.000100 | Rev: 1/99999
Epoch 4966 | Cost: 0.347622 | Acc: 80.28% (Best: 81.11% @ Ep4835) | LR: 0.000100 | Rev: 0/99999
Epoch 4967 | Cost: 0.371922 | Acc: 80.00% (Best: 81.11% @ Ep4835) | LR: 0.000100 | Rev: 1/99999
Epoch 4968 | Cost: 0.352891 | Acc: 79.72% (Best: 81.11% @ Ep4835) | LR: 0.000100 | Rev: 0/99999
Epoch 4969 | Cost: 0.351769 | Acc: 80.56% (Best: 81.11% @ Ep4835) | LR: 0.000100 | Rev: 0/99999
Epoch 4970 | Cost: 0.369592 | Acc: 79.44% (Best: 81.11% @ Ep4835) | LR: 0.000100 | Rev: 1/99999
Epoch 4971 | Cost: 0.345524 | Acc: 80.00% (Best: 81.11% @ Ep4835) | LR: 0.000100 | Rev: 0/99999
Epoch 4972 | Cost: 0.356437 | Acc: 80.28% (Best: 81.11% @ Ep4835) | LR: 0.000100 | Rev: 1/99999
Epoch 4973 | Cost: 0.351677 | Acc: 79.72% (Best: 81.11% @ Ep4835) | LR: 0.000100 | Rev: 0/99999
Epoch 4974 | Cost: 0.345837 | Acc: 80.28% (Best: 81.11% @ Ep4835) | LR: 0.000100 | Rev: 0/99999
Epoch 4975 | Cost: 0.348578 | Acc: 80.83% (Best: 81.11% @ Ep4835) | LR: 0.000110 | Rev: 1/99999
Epoch 4976 | Cost: 0.360852 | Acc: 80.00% (Best: 81.11% @ Ep4835) | LR: 0.000110 | Rev: 2/99999
Epoch 4977 | Cost: 0.361237 | Acc: 79.44% (Best: 81.11% @ Ep4835) | LR: 0.000110 | Rev: 3/99999
Epoch 4978 | Cost: 0.369882 | Acc: 80.00% (Best: 81.11% @ Ep4835) | LR: 0.000110 | Rev: 4/99999
Epoch 4979 | Cost: 0.347979 | Acc: 80.28% (Best: 81.11% @ Ep4835) | LR: 0.000110 | Rev: 0/99999
Epoch 4980 | Cost: 0.343122 | Acc: 79.44% (Best: 81.11% @ Ep4835) | LR: 0.000110 | Rev: 0/99999
Epoch 4981 | Cost: 0.362423 | Acc: 80.56% (Best: 81.11% @ Ep4835) | LR: 0.000110 | Rev: 1/99999
Epoch 4982 | Cost: 0.349140 | Acc: 80.28% (Best: 81.11% @ Ep4835) | LR: 0.000110 | Rev: 0/99999
Epoch 4983 | Cost: 0.344494 | Acc: 80.00% (Best: 81.11% @ Ep4835) | LR: 0.000110 | Rev: 0/99999
Epoch 4984 | Cost: 0.343812 | Acc: 80.00% (Best: 81.11% @ Ep4835) | LR: 0.000110 | Rev: 0/99999
Epoch 4985 | Cost: 0.348594 | Acc: 79.72% (Best: 81.11% @ Ep4835) | LR: 0.000120 | Rev: 1/99999
Epoch 4986 | Cost: 0.358826 | Acc: 80.28% (Best: 81.11% @ Ep4835) | LR: 0.000120 | Rev: 2/99999
Epoch 4987 | Cost: 0.349351 | Acc: 80.00% (Best: 81.11% @ Ep4835) | LR: 0.000120 | Rev: 0/99999
Epoch 4988 | Cost: 0.344129 | Acc: 80.00% (Best: 81.11% @ Ep4835) | LR: 0.000120 | Rev: 0/99999
Epoch 4989 | Cost: 0.362301 | Acc: 80.56% (Best: 81.11% @ Ep4835) | LR: 0.000120 | Rev: 1/99999
Epoch 4990 | Cost: 0.348271 | Acc: 80.00% (Best: 81.11% @ Ep4835) | LR: 0.000120 | Rev: 0/99999
Epoch 4991 | Cost: 0.355349 | Acc: 81.11% (Best: 81.11% @ Ep4835) | LR: 0.000120 | Rev: 1/99999
Epoch 4992 | Cost: 0.363228 | Acc: 79.72% (Best: 81.11% @ Ep4835) | LR: 0.000120 | Rev: 2/99999
Epoch 4993 | Cost: 0.356775 | Acc: 80.00% (Best: 81.11% @ Ep4835) | LR: 0.000120 | Rev: 0/99999
Epoch 4994 | Cost: 0.358929 | Acc: 80.28% (Best: 81.11% @ Ep4835) | LR: 0.000120 | Rev: 1/99999
Epoch 4995 | Cost: 0.351603 | Acc: 80.28% (Best: 81.11% @ Ep4835) | LR: 0.000130 | Rev: 0/99999
Epoch 4996 | Cost: 0.353894 | Acc: 80.28% (Best: 81.11% @ Ep4835) | LR: 0.000130 | Rev: 1/99999
Epoch 4997 | Cost: 0.350982 | Acc: 80.00% (Best: 81.11% @ Ep4835) | LR: 0.000130 | Rev: 0/99999
Epoch 4998 | Cost: 0.347408 | Acc: 80.56% (Best: 81.11% @ Ep4835) | LR: 0.000130 | Rev: 0/99999
Epoch 4999 | Cost: 0.388424 | Acc: 80.83% (Best: 81.11% @ Ep4835) | LR: 0.000130 | Rev: 1/99999
Epoch 5000 | Cost: 0.376834 | Acc: 80.83% (Best: 81.11% @ Ep4835) | LR: 0.000130 | Rev: 0/99999
Epoch 5001 | Cost: 0.359929 | Acc: 80.56% (Best: 81.11% @ Ep4835) | LR: 0.000130 | Rev: 0/99999
Epoch 5002 | Cost: 0.360169 | Acc: 79.72% (Best: 81.11% @ Ep4835) | LR: 0.000130 | Rev: 1/99999
Epoch 5003 | Cost: 0.349588 | Acc: 80.00% (Best: 81.11% @ Ep4835) | LR: 0.000130 | Rev: 0/99999
Epoch 5004 | Cost: 0.372619 | Acc: 80.28% (Best: 81.11% @ Ep4835) | LR: 0.000130 | Rev: 1/99999
Epoch 5005 | Cost: 0.344728 | Acc: 79.72% (Best: 81.11% @ Ep4835) | LR: 0.000140 | Rev: 0/99999
Epoch 5006 | Cost: 0.349369 | Acc: 80.28% (Best: 81.11% @ Ep4835) | LR: 0.000140 | Rev: 1/99999
Epoch 5007 | Cost: 0.362535 | Acc: 80.00% (Best: 81.11% @ Ep4835) | LR: 0.000140 | Rev: 2/99999
Epoch 5008 | Cost: 0.356184 | Acc: 79.72% (Best: 81.11% @ Ep4835) | LR: 0.000140 | Rev: 0/99999
Epoch 5009 | Cost: 0.363550 | Acc: 79.72% (Best: 81.11% @ Ep4835) | LR: 0.000140 | Rev: 1/99999
Epoch 5010 | Cost: 0.358616 | Acc: 79.72% (Best: 81.11% @ Ep4835) | LR: 0.000140 | Rev: 0/99999
Epoch 5011 | Cost: 0.348839 | Acc: 79.44% (Best: 81.11% @ Ep4835) | LR: 0.000140 | Rev: 0/99999
Epoch 5012 | Cost: 0.353617 | Acc: 80.28% (Best: 81.11% @ Ep4835) | LR: 0.000140 | Rev: 1/99999
Epoch 5013 | Cost: 0.354435 | Acc: 80.00% (Best: 81.11% @ Ep4835) | LR: 0.000140 | Rev: 2/99999
Epoch 5014 | Cost: 0.373034 | Acc: 80.28% (Best: 81.11% @ Ep4835) | LR: 0.000140 | Rev: 3/99999
Epoch 5015 | Cost: 0.346520 | Acc: 80.28% (Best: 81.11% @ Ep4835) | LR: 0.000150 | Rev: 0/99999
Epoch 5016 | Cost: 0.345282 | Acc: 80.00% (Best: 81.11% @ Ep4835) | LR: 0.000150 | Rev: 0/99999
Epoch 5017 | Cost: 0.340235 | Acc: 79.72% (Best: 81.11% @ Ep4835) | LR: 0.000150 | Rev: 0/99999
Epoch 5018 | Cost: 0.355415 | Acc: 79.44% (Best: 81.11% @ Ep4835) | LR: 0.000150 | Rev: 1/99999
Epoch 5019 | Cost: 0.366544 | Acc: 80.00% (Best: 81.11% @ Ep4835) | LR: 0.000150 | Rev: 2/99999
Epoch 5020 | Cost: 0.361688 | Acc: 79.72% (Best: 81.11% @ Ep4835) | LR: 0.000150 | Rev: 0/99999
Epoch 5021 | Cost: 0.346502 | Acc: 80.00% (Best: 81.11% @ Ep4835) | LR: 0.000150 | Rev: 0/99999
Epoch 5022 | Cost: 0.367064 | Acc: 79.44% (Best: 81.11% @ Ep4835) | LR: 0.000150 | Rev: 1/99999
Epoch 5023 | Cost: 0.366081 | Acc: 79.72% (Best: 81.11% @ Ep4835) | LR: 0.000150 | Rev: 0/99999
Epoch 5024 | Cost: 0.358733 | Acc: 80.28% (Best: 81.11% @ Ep4835) | LR: 0.000150 | Rev: 0/99999
Epoch 5025 | Cost: 0.358644 | Acc: 80.56% (Best: 81.11% @ Ep4835) | LR: 0.000160 | Rev: 0/99999
Epoch 5026 | Cost: 0.352548 | Acc: 80.56% (Best: 81.11% @ Ep4835) | LR: 0.000160 | Rev: 0/99999
Epoch 5027 | Cost: 0.352792 | Acc: 80.83% (Best: 81.11% @ Ep4835) | LR: 0.000160 | Rev: 1/99999
Epoch 5028 | Cost: 0.354159 | Acc: 81.11% (Best: 81.11% @ Ep4835) | LR: 0.000160 | Rev: 2/99999
Epoch 5029 | Cost: 0.386985 | Acc: 80.28% (Best: 81.11% @ Ep4835) | LR: 0.000160 | Rev: 3/99999
Epoch 5030 | Cost: 0.376624 | Acc: 79.17% (Best: 81.11% @ Ep4835) | LR: 0.000160 | Rev: 0/99999
Epoch 5031 | Cost: 0.346340 | Acc: 80.56% (Best: 81.11% @ Ep4835) | LR: 0.000160 | Rev: 0/99999
Epoch 5032 | Cost: 0.360195 | Acc: 80.28% (Best: 81.11% @ Ep4835) | LR: 0.000160 | Rev: 1/99999
Epoch 5033 | Cost: 0.344987 | Acc: 80.56% (Best: 81.11% @ Ep4835) | LR: 0.000160 | Rev: 0/99999
Epoch 5034 | Cost: 0.351375 | Acc: 80.28% (Best: 81.11% @ Ep4835) | LR: 0.000160 | Rev: 1/99999
Epoch 5035 | Cost: 0.356306 | Acc: 79.72% (Best: 81.11% @ Ep4835) | LR: 0.000170 | Rev: 2/99999
Epoch 5036 | Cost: 0.344347 | Acc: 80.56% (Best: 81.11% @ Ep4835) | LR: 0.000170 | Rev: 0/99999
Epoch 5037 | Cost: 0.354029 | Acc: 80.00% (Best: 81.11% @ Ep4835) | LR: 0.000170 | Rev: 1/99999
Epoch 5038 | Cost: 0.360496 | Acc: 80.28% (Best: 81.11% @ Ep4835) | LR: 0.000170 | Rev: 2/99999
Epoch 5039 | Cost: 0.366709 | Acc: 80.28% (Best: 81.11% @ Ep4835) | LR: 0.000170 | Rev: 3/99999
Epoch 5040 | Cost: 0.371821 | Acc: 80.00% (Best: 81.11% @ Ep4835) | LR: 0.000170 | Rev: 4/99999
Epoch 5041 | Cost: 0.359110 | Acc: 79.72% (Best: 81.11% @ Ep4835) | LR: 0.000170 | Rev: 0/99999
Epoch 5042 | Cost: 0.356397 | Acc: 79.44% (Best: 81.11% @ Ep4835) | LR: 0.000170 | Rev: 0/99999
Epoch 5043 | Cost: 0.344872 | Acc: 79.44% (Best: 81.11% @ Ep4835) | LR: 0.000170 | Rev: 0/99999
Epoch 5044 | Cost: 0.351889 | Acc: 80.00% (Best: 81.11% @ Ep4835) | LR: 0.000170 | Rev: 1/99999
Epoch 5045 | Cost: 0.354729 | Acc: 80.28% (Best: 81.11% @ Ep4835) | LR: 0.000180 | Rev: 2/99999
Epoch 5046 | Cost: 0.348211 | Acc: 80.56% (Best: 81.11% @ Ep4835) | LR: 0.000180 | Rev: 0/99999
Epoch 5047 | Cost: 0.366358 | Acc: 79.72% (Best: 81.11% @ Ep4835) | LR: 0.000180 | Rev: 1/99999
Epoch 5048 | Cost: 0.363624 | Acc: 80.56% (Best: 81.11% @ Ep4835) | LR: 0.000180 | Rev: 0/99999
Epoch 5049 | Cost: 0.353173 | Acc: 79.17% (Best: 81.11% @ Ep4835) | LR: 0.000180 | Rev: 0/99999
Epoch 5050 | Cost: 0.355157 | Acc: 79.72% (Best: 81.11% @ Ep4835) | LR: 0.000180 | Rev: 1/99999
Epoch 5051 | Cost: 0.366982 | Acc: 79.72% (Best: 81.11% @ Ep4835) | LR: 0.000180 | Rev: 2/99999
Epoch 5052 | Cost: 0.344325 | Acc: 80.28% (Best: 81.11% @ Ep4835) | LR: 0.000180 | Rev: 0/99999
Epoch 5053 | Cost: 0.352994 | Acc: 80.00% (Best: 81.11% @ Ep4835) | LR: 0.000180 | Rev: 1/99999
Epoch 5054 | Cost: 0.357731 | Acc: 80.00% (Best: 81.11% @ Ep4835) | LR: 0.000180 | Rev: 2/99999
Epoch 5055 | Cost: 0.357078 | Acc: 79.44% (Best: 81.11% @ Ep4835) | LR: 0.000190 | Rev: 0/99999
Epoch 5056 | Cost: 0.368311 | Acc: 80.00% (Best: 81.11% @ Ep4835) | LR: 0.000190 | Rev: 1/99999
Epoch 5057 | Cost: 0.351137 | Acc: 81.11% (Best: 81.11% @ Ep4835) | LR: 0.000190 | Rev: 0/99999
Epoch 5058 | Cost: 0.343638 | Acc: 79.72% (Best: 81.11% @ Ep4835) | LR: 0.000190 | Rev: 0/99999
Epoch 5059 | Cost: 0.362130 | Acc: 80.28% (Best: 81.11% @ Ep4835) | LR: 0.000190 | Rev: 1/99999
Epoch 5060 | Cost: 0.359906 | Acc: 80.00% (Best: 81.11% @ Ep4835) | LR: 0.000190 | Rev: 0/99999
Epoch 5061 | Cost: 0.353114 | Acc: 80.00% (Best: 81.11% @ Ep4835) | LR: 0.000190 | Rev: 0/99999
Epoch 5062 | Cost: 0.361234 | Acc: 79.17% (Best: 81.11% @ Ep4835) | LR: 0.000190 | Rev: 1/99999
Epoch 5063 | Cost: 0.375123 | Acc: 80.00% (Best: 81.11% @ Ep4835) | LR: 0.000190 | Rev: 2/99999
Epoch 5064 | Cost: 0.343119 | Acc: 80.00% (Best: 81.11% @ Ep4835) | LR: 0.000190 | Rev: 0/99999
Epoch 5065 | Cost: 0.338648 | Acc: 79.72% (Best: 81.11% @ Ep4835) | LR: 0.000200 | Rev: 0/99999
Epoch 5066 | Cost: 0.349909 | Acc: 79.44% (Best: 81.11% @ Ep4835) | LR: 0.000200 | Rev: 1/99999
Epoch 5067 | Cost: 0.349905 | Acc: 79.72% (Best: 81.11% @ Ep4835) | LR: 0.000200 | Rev: 0/99999
Epoch 5068 | Cost: 0.357274 | Acc: 79.72% (Best: 81.11% @ Ep4835) | LR: 0.000200 | Rev: 1/99999
Epoch 5069 | Cost: 0.367970 | Acc: 80.83% (Best: 81.11% @ Ep4835) | LR: 0.000200 | Rev: 2/99999
Epoch 5070 | Cost: 0.358838 | Acc: 80.28% (Best: 81.11% @ Ep4835) | LR: 0.000200 | Rev: 0/99999
Epoch 5071 | Cost: 0.373106 | Acc: 79.44% (Best: 81.11% @ Ep4835) | LR: 0.000200 | Rev: 1/99999
Epoch 5072 | Cost: 0.353627 | Acc: 79.17% (Best: 81.11% @ Ep4835) | LR: 0.000200 | Rev: 0/99999
Epoch 5073 | Cost: 0.359269 | Acc: 79.72% (Best: 81.11% @ Ep4835) | LR: 0.000200 | Rev: 1/99999
Epoch 5074 | Cost: 0.352780 | Acc: 80.00% (Best: 81.11% @ Ep4835) | LR: 0.000200 | Rev: 0/99999
Epoch 5075 | Cost: 0.362202 | Acc: 79.72% (Best: 81.11% @ Ep4835) | LR: 0.000210 | Rev: 1/99999
Epoch 5076 | Cost: 0.352256 | Acc: 80.28% (Best: 81.11% @ Ep4835) | LR: 0.000210 | Rev: 0/99999
Epoch 5077 | Cost: 0.358779 | Acc: 79.72% (Best: 81.11% @ Ep4835) | LR: 0.000210 | Rev: 1/99999
Epoch 5078 | Cost: 0.350977 | Acc: 80.83% (Best: 81.11% @ Ep4835) | LR: 0.000210 | Rev: 0/99999
Epoch 5079 | Cost: 0.358762 | Acc: 80.00% (Best: 81.11% @ Ep4835) | LR: 0.000210 | Rev: 1/99999
Epoch 5080 | Cost: 0.347539 | Acc: 79.44% (Best: 81.11% @ Ep4835) | LR: 0.000210 | Rev: 0/99999
Epoch 5081 | Cost: 0.360766 | Acc: 79.72% (Best: 81.11% @ Ep4835) | LR: 0.000210 | Rev: 1/99999
Epoch 5082 | Cost: 0.367096 | Acc: 80.00% (Best: 81.11% @ Ep4835) | LR: 0.000210 | Rev: 2/99999
Epoch 5083 | Cost: 0.360598 | Acc: 79.44% (Best: 81.11% @ Ep4835) | LR: 0.000210 | Rev: 0/99999
Epoch 5084 | Cost: 0.357281 | Acc: 80.00% (Best: 81.11% @ Ep4835) | LR: 0.000210 | Rev: 0/99999
Epoch 5085 | Cost: 0.355157 | Acc: 80.00% (Best: 81.11% @ Ep4835) | LR: 0.000220 | Rev: 0/99999
Epoch 5086 | Cost: 0.345339 | Acc: 80.83% (Best: 81.11% @ Ep4835) | LR: 0.000220 | Rev: 0/99999
Epoch 5087 | Cost: 0.367100 | Acc: 79.72% (Best: 81.11% @ Ep4835) | LR: 0.000220 | Rev: 1/99999
Epoch 5088 | Cost: 0.352008 | Acc: 79.44% (Best: 81.11% @ Ep4835) | LR: 0.000220 | Rev: 0/99999
Epoch 5089 | Cost: 0.359835 | Acc: 80.28% (Best: 81.11% @ Ep4835) | LR: 0.000220 | Rev: 1/99999
Epoch 5090 | Cost: 0.346117 | Acc: 79.72% (Best: 81.11% @ Ep4835) | LR: 0.000220 | Rev: 0/99999
Epoch 5091 | Cost: 0.363361 | Acc: 78.61% (Best: 81.11% @ Ep4835) | LR: 0.000220 | Rev: 1/99999
Epoch 5092 | Cost: 0.344014 | Acc: 79.17% (Best: 81.11% @ Ep4835) | LR: 0.000220 | Rev: 0/99999
Epoch 5093 | Cost: 0.349023 | Acc: 79.72% (Best: 81.11% @ Ep4835) | LR: 0.000220 | Rev: 1/99999
Epoch 5094 | Cost: 0.347640 | Acc: 79.44% (Best: 81.11% @ Ep4835) | LR: 0.000220 | Rev: 0/99999
Epoch 5095 | Cost: 0.338971 | Acc: 79.72% (Best: 81.11% @ Ep4835) | LR: 0.000230 | Rev: 0/99999
Epoch 5096 | Cost: 0.346251 | Acc: 80.00% (Best: 81.11% @ Ep4835) | LR: 0.000230 | Rev: 1/99999
Epoch 5097 | Cost: 0.352311 | Acc: 80.83% (Best: 81.11% @ Ep4835) | LR: 0.000230 | Rev: 2/99999
Epoch 5098 | Cost: 0.356789 | Acc: 79.17% (Best: 81.11% @ Ep4835) | LR: 0.000230 | Rev: 3/99999
Epoch 5099 | Cost: 0.365918 | Acc: 79.44% (Best: 81.11% @ Ep4835) | LR: 0.000230 | Rev: 4/99999
Epoch 5100 | Cost: 0.356484 | Acc: 80.56% (Best: 81.11% @ Ep4835) | LR: 0.000230 | Rev: 0/99999
Epoch 5101 | Cost: 0.346267 | Acc: 80.28% (Best: 81.11% @ Ep4835) | LR: 0.000230 | Rev: 0/99999
Epoch 5102 | Cost: 0.371183 | Acc: 80.00% (Best: 81.11% @ Ep4835) | LR: 0.000230 | Rev: 1/99999
Epoch 5103 | Cost: 0.351613 | Acc: 80.00% (Best: 81.11% @ Ep4835) | LR: 0.000230 | Rev: 0/99999
Epoch 5104 | Cost: 0.363260 | Acc: 80.00% (Best: 81.11% @ Ep4835) | LR: 0.000230 | Rev: 1/99999
Epoch 5105 | Cost: 0.348931 | Acc: 79.72% (Best: 81.11% @ Ep4835) | LR: 0.000240 | Rev: 0/99999
Epoch 5106 | Cost: 0.342483 | Acc: 81.39% (Best: 81.39% @ Ep5106) | LR: 0.000010 | Rev: 0/99999
Epoch 5107 | Cost: 0.342025 | Acc: 81.39% (Best: 81.39% @ Ep5106) | LR: 0.000010 | Rev: 0/99999
Epoch 5108 | Cost: 0.352607 | Acc: 80.56% (Best: 81.39% @ Ep5106) | LR: 0.000010 | Rev: 1/99999
Epoch 5109 | Cost: 0.341651 | Acc: 80.28% (Best: 81.39% @ Ep5106) | LR: 0.000010 | Rev: 0/99999
Epoch 5110 | Cost: 0.354674 | Acc: 80.28% (Best: 81.39% @ Ep5106) | LR: 0.000010 | Rev: 1/99999
Epoch 5111 | Cost: 0.338146 | Acc: 80.28% (Best: 81.39% @ Ep5106) | LR: 0.000010 | Rev: 0/99999
Epoch 5112 | Cost: 0.327191 | Acc: 80.00% (Best: 81.39% @ Ep5106) | LR: 0.000010 | Rev: 0/99999
Epoch 5113 | Cost: 0.337960 | Acc: 80.00% (Best: 81.39% @ Ep5106) | LR: 0.000010 | Rev: 1/99999
Epoch 5114 | Cost: 0.342960 | Acc: 80.00% (Best: 81.39% @ Ep5106) | LR: 0.000010 | Rev: 2/99999
Epoch 5115 | Cost: 0.329717 | Acc: 80.00% (Best: 81.39% @ Ep5106) | LR: 0.000010 | Rev: 0/99999
Epoch 5116 | Cost: 0.329809 | Acc: 80.00% (Best: 81.39% @ Ep5106) | LR: 0.000010 | Rev: 1/99999
Epoch 5117 | Cost: 0.334004 | Acc: 80.00% (Best: 81.39% @ Ep5106) | LR: 0.000010 | Rev: 2/99999
Epoch 5118 | Cost: 0.330299 | Acc: 80.00% (Best: 81.39% @ Ep5106) | LR: 0.000010 | Rev: 0/99999
Epoch 5119 | Cost: 0.334747 | Acc: 80.00% (Best: 81.39% @ Ep5106) | LR: 0.000010 | Rev: 1/99999
Epoch 5120 | Cost: 0.349062 | Acc: 80.00% (Best: 81.39% @ Ep5106) | LR: 0.000010 | Rev: 2/99999
Epoch 5121 | Cost: 0.349045 | Acc: 80.28% (Best: 81.39% @ Ep5106) | LR: 0.000010 | Rev: 0/99999
Epoch 5122 | Cost: 0.330024 | Acc: 80.28% (Best: 81.39% @ Ep5106) | LR: 0.000010 | Rev: 0/99999
Epoch 5123 | Cost: 0.340650 | Acc: 80.28% (Best: 81.39% @ Ep5106) | LR: 0.000010 | Rev: 1/99999
Epoch 5124 | Cost: 0.337752 | Acc: 80.28% (Best: 81.39% @ Ep5106) | LR: 0.000010 | Rev: 0/99999
Epoch 5125 | Cost: 0.334774 | Acc: 80.28% (Best: 81.39% @ Ep5106) | LR: 0.000010 | Rev: 0/99999
Epoch 5126 | Cost: 0.340363 | Acc: 80.28% (Best: 81.39% @ Ep5106) | LR: 0.000010 | Rev: 1/99999
Epoch 5127 | Cost: 0.351186 | Acc: 80.28% (Best: 81.39% @ Ep5106) | LR: 0.000010 | Rev: 2/99999
Epoch 5128 | Cost: 0.353337 | Acc: 80.28% (Best: 81.39% @ Ep5106) | LR: 0.000010 | Rev: 3/99999
Epoch 5129 | Cost: 0.336065 | Acc: 80.28% (Best: 81.39% @ Ep5106) | LR: 0.000010 | Rev: 0/99999
Epoch 5130 | Cost: 0.347942 | Acc: 80.28% (Best: 81.39% @ Ep5106) | LR: 0.000010 | Rev: 1/99999
Epoch 5131 | Cost: 0.330907 | Acc: 80.28% (Best: 81.39% @ Ep5106) | LR: 0.000010 | Rev: 0/99999
Epoch 5132 | Cost: 0.349415 | Acc: 80.00% (Best: 81.39% @ Ep5106) | LR: 0.000010 | Rev: 1/99999
Epoch 5133 | Cost: 0.344303 | Acc: 80.00% (Best: 81.39% @ Ep5106) | LR: 0.000010 | Rev: 0/99999
Epoch 5134 | Cost: 0.332301 | Acc: 80.00% (Best: 81.39% @ Ep5106) | LR: 0.000010 | Rev: 0/99999
Epoch 5135 | Cost: 0.338827 | Acc: 80.00% (Best: 81.39% @ Ep5106) | LR: 0.000010 | Rev: 1/99999
Epoch 5136 | Cost: 0.335100 | Acc: 80.28% (Best: 81.39% @ Ep5106) | LR: 0.000010 | Rev: 0/99999
Epoch 5137 | Cost: 0.356912 | Acc: 80.28% (Best: 81.39% @ Ep5106) | LR: 0.000010 | Rev: 1/99999
Epoch 5138 | Cost: 0.348624 | Acc: 80.28% (Best: 81.39% @ Ep5106) | LR: 0.000010 | Rev: 0/99999
Epoch 5139 | Cost: 0.354154 | Acc: 80.28% (Best: 81.39% @ Ep5106) | LR: 0.000010 | Rev: 1/99999
Epoch 5140 | Cost: 0.344256 | Acc: 80.28% (Best: 81.39% @ Ep5106) | LR: 0.000010 | Rev: 0/99999
Epoch 5141 | Cost: 0.337302 | Acc: 80.28% (Best: 81.39% @ Ep5106) | LR: 0.000010 | Rev: 0/99999
Epoch 5142 | Cost: 0.329756 | Acc: 80.28% (Best: 81.39% @ Ep5106) | LR: 0.000010 | Rev: 0/99999
Epoch 5143 | Cost: 0.325584 | Acc: 80.28% (Best: 81.39% @ Ep5106) | LR: 0.000010 | Rev: 0/99999
Epoch 5144 | Cost: 0.353432 | Acc: 80.00% (Best: 81.39% @ Ep5106) | LR: 0.000010 | Rev: 1/99999
Epoch 5145 | Cost: 0.342435 | Acc: 80.00% (Best: 81.39% @ Ep5106) | LR: 0.000010 | Rev: 0/99999
Epoch 5146 | Cost: 0.349882 | Acc: 80.28% (Best: 81.39% @ Ep5106) | LR: 0.000010 | Rev: 1/99999
Epoch 5147 | Cost: 0.334228 | Acc: 80.00% (Best: 81.39% @ Ep5106) | LR: 0.000010 | Rev: 0/99999
Epoch 5148 | Cost: 0.336547 | Acc: 80.28% (Best: 81.39% @ Ep5106) | LR: 0.000010 | Rev: 1/99999
Epoch 5149 | Cost: 0.336812 | Acc: 80.00% (Best: 81.39% @ Ep5106) | LR: 0.000010 | Rev: 2/99999
Epoch 5150 | Cost: 0.338878 | Acc: 80.00% (Best: 81.39% @ Ep5106) | LR: 0.000010 | Rev: 3/99999
Epoch 5151 | Cost: 0.335885 | Acc: 79.72% (Best: 81.39% @ Ep5106) | LR: 0.000010 | Rev: 0/99999
Epoch 5152 | Cost: 0.331829 | Acc: 79.72% (Best: 81.39% @ Ep5106) | LR: 0.000010 | Rev: 0/99999
Epoch 5153 | Cost: 0.333977 | Acc: 80.00% (Best: 81.39% @ Ep5106) | LR: 0.000010 | Rev: 1/99999
Epoch 5154 | Cost: 0.337225 | Acc: 80.00% (Best: 81.39% @ Ep5106) | LR: 0.000010 | Rev: 2/99999
Epoch 5155 | Cost: 0.330860 | Acc: 80.00% (Best: 81.39% @ Ep5106) | LR: 0.000010 | Rev: 0/99999
Epoch 5156 | Cost: 0.341955 | Acc: 80.00% (Best: 81.39% @ Ep5106) | LR: 0.000020 | Rev: 1/99999
Epoch 5157 | Cost: 0.355588 | Acc: 80.28% (Best: 81.39% @ Ep5106) | LR: 0.000020 | Rev: 2/99999
Epoch 5158 | Cost: 0.325136 | Acc: 80.28% (Best: 81.39% @ Ep5106) | LR: 0.000020 | Rev: 0/99999
Epoch 5159 | Cost: 0.335959 | Acc: 80.56% (Best: 81.39% @ Ep5106) | LR: 0.000020 | Rev: 1/99999
Epoch 5160 | Cost: 0.327285 | Acc: 80.56% (Best: 81.39% @ Ep5106) | LR: 0.000020 | Rev: 0/99999
Epoch 5161 | Cost: 0.356594 | Acc: 80.56% (Best: 81.39% @ Ep5106) | LR: 0.000020 | Rev: 1/99999
Epoch 5162 | Cost: 0.330138 | Acc: 80.28% (Best: 81.39% @ Ep5106) | LR: 0.000020 | Rev: 0/99999
Epoch 5163 | Cost: 0.349644 | Acc: 80.28% (Best: 81.39% @ Ep5106) | LR: 0.000020 | Rev: 1/99999
Epoch 5164 | Cost: 0.337486 | Acc: 80.00% (Best: 81.39% @ Ep5106) | LR: 0.000020 | Rev: 0/99999
Epoch 5165 | Cost: 0.330285 | Acc: 80.00% (Best: 81.39% @ Ep5106) | LR: 0.000020 | Rev: 0/99999
Epoch 5166 | Cost: 0.335777 | Acc: 80.00% (Best: 81.39% @ Ep5106) | LR: 0.000030 | Rev: 1/99999
Epoch 5167 | Cost: 0.352577 | Acc: 79.72% (Best: 81.39% @ Ep5106) | LR: 0.000030 | Rev: 2/99999
Epoch 5168 | Cost: 0.339578 | Acc: 79.72% (Best: 81.39% @ Ep5106) | LR: 0.000030 | Rev: 0/99999
Epoch 5169 | Cost: 0.346797 | Acc: 80.00% (Best: 81.39% @ Ep5106) | LR: 0.000030 | Rev: 1/99999
Epoch 5170 | Cost: 0.335575 | Acc: 80.28% (Best: 81.39% @ Ep5106) | LR: 0.000030 | Rev: 0/99999
Epoch 5171 | Cost: 0.356603 | Acc: 80.00% (Best: 81.39% @ Ep5106) | LR: 0.000030 | Rev: 1/99999
Epoch 5172 | Cost: 0.340774 | Acc: 80.56% (Best: 81.39% @ Ep5106) | LR: 0.000030 | Rev: 0/99999
Epoch 5173 | Cost: 0.359510 | Acc: 80.28% (Best: 81.39% @ Ep5106) | LR: 0.000030 | Rev: 1/99999
Epoch 5174 | Cost: 0.333720 | Acc: 80.56% (Best: 81.39% @ Ep5106) | LR: 0.000030 | Rev: 0/99999
Epoch 5175 | Cost: 0.341474 | Acc: 80.28% (Best: 81.39% @ Ep5106) | LR: 0.000030 | Rev: 1/99999
Epoch 5176 | Cost: 0.351718 | Acc: 80.28% (Best: 81.39% @ Ep5106) | LR: 0.000040 | Rev: 2/99999
Epoch 5177 | Cost: 0.337001 | Acc: 79.44% (Best: 81.39% @ Ep5106) | LR: 0.000040 | Rev: 0/99999
Epoch 5178 | Cost: 0.344698 | Acc: 80.00% (Best: 81.39% @ Ep5106) | LR: 0.000040 | Rev: 1/99999
Epoch 5179 | Cost: 0.343063 | Acc: 80.56% (Best: 81.39% @ Ep5106) | LR: 0.000040 | Rev: 0/99999
Epoch 5180 | Cost: 0.345021 | Acc: 80.56% (Best: 81.39% @ Ep5106) | LR: 0.000040 | Rev: 1/99999
Epoch 5181 | Cost: 0.324750 | Acc: 80.56% (Best: 81.39% @ Ep5106) | LR: 0.000040 | Rev: 0/99999
Epoch 5182 | Cost: 0.339284 | Acc: 79.72% (Best: 81.39% @ Ep5106) | LR: 0.000040 | Rev: 1/99999
Epoch 5183 | Cost: 0.333832 | Acc: 80.00% (Best: 81.39% @ Ep5106) | LR: 0.000040 | Rev: 0/99999
Epoch 5184 | Cost: 0.357399 | Acc: 80.00% (Best: 81.39% @ Ep5106) | LR: 0.000040 | Rev: 1/99999
Epoch 5185 | Cost: 0.340316 | Acc: 79.72% (Best: 81.39% @ Ep5106) | LR: 0.000040 | Rev: 0/99999
Epoch 5186 | Cost: 0.351605 | Acc: 80.00% (Best: 81.39% @ Ep5106) | LR: 0.000050 | Rev: 1/99999
Epoch 5187 | Cost: 0.347145 | Acc: 79.44% (Best: 81.39% @ Ep5106) | LR: 0.000050 | Rev: 0/99999
Epoch 5188 | Cost: 0.342879 | Acc: 79.72% (Best: 81.39% @ Ep5106) | LR: 0.000050 | Rev: 0/99999
Epoch 5189 | Cost: 0.329999 | Acc: 79.72% (Best: 81.39% @ Ep5106) | LR: 0.000050 | Rev: 0/99999
Epoch 5190 | Cost: 0.340569 | Acc: 80.28% (Best: 81.39% @ Ep5106) | LR: 0.000050 | Rev: 1/99999
Epoch 5191 | Cost: 0.341229 | Acc: 80.28% (Best: 81.39% @ Ep5106) | LR: 0.000050 | Rev: 2/99999
Epoch 5192 | Cost: 0.333011 | Acc: 80.00% (Best: 81.39% @ Ep5106) | LR: 0.000050 | Rev: 0/99999
Epoch 5193 | Cost: 0.329703 | Acc: 80.00% (Best: 81.39% @ Ep5106) | LR: 0.000050 | Rev: 0/99999
Epoch 5194 | Cost: 0.344664 | Acc: 80.00% (Best: 81.39% @ Ep5106) | LR: 0.000050 | Rev: 1/99999
Epoch 5195 | Cost: 0.351955 | Acc: 80.00% (Best: 81.39% @ Ep5106) | LR: 0.000050 | Rev: 2/99999
Epoch 5196 | Cost: 0.347301 | Acc: 80.00% (Best: 81.39% @ Ep5106) | LR: 0.000060 | Rev: 0/99999
Epoch 5197 | Cost: 0.348762 | Acc: 80.56% (Best: 81.39% @ Ep5106) | LR: 0.000060 | Rev: 1/99999
Epoch 5198 | Cost: 0.326045 | Acc: 80.00% (Best: 81.39% @ Ep5106) | LR: 0.000060 | Rev: 0/99999
Epoch 5199 | Cost: 0.338872 | Acc: 80.00% (Best: 81.39% @ Ep5106) | LR: 0.000060 | Rev: 1/99999
Epoch 5200 | Cost: 0.334356 | Acc: 80.00% (Best: 81.39% @ Ep5106) | LR: 0.000060 | Rev: 0/99999
Epoch 5201 | Cost: 0.344227 | Acc: 80.83% (Best: 81.39% @ Ep5106) | LR: 0.000060 | Rev: 1/99999
Epoch 5202 | Cost: 0.334676 | Acc: 79.72% (Best: 81.39% @ Ep5106) | LR: 0.000060 | Rev: 0/99999
Epoch 5203 | Cost: 0.342105 | Acc: 80.28% (Best: 81.39% @ Ep5106) | LR: 0.000060 | Rev: 1/99999
Epoch 5204 | Cost: 0.342101 | Acc: 79.72% (Best: 81.39% @ Ep5106) | LR: 0.000060 | Rev: 0/99999
Epoch 5205 | Cost: 0.332865 | Acc: 79.72% (Best: 81.39% @ Ep5106) | LR: 0.000060 | Rev: 0/99999
Epoch 5206 | Cost: 0.331411 | Acc: 79.72% (Best: 81.39% @ Ep5106) | LR: 0.000070 | Rev: 0/99999
Epoch 5207 | Cost: 0.342246 | Acc: 79.72% (Best: 81.39% @ Ep5106) | LR: 0.000070 | Rev: 1/99999
Epoch 5208 | Cost: 0.329972 | Acc: 79.72% (Best: 81.39% @ Ep5106) | LR: 0.000070 | Rev: 0/99999
Epoch 5209 | Cost: 0.367567 | Acc: 80.28% (Best: 81.39% @ Ep5106) | LR: 0.000070 | Rev: 1/99999
Epoch 5210 | Cost: 0.330366 | Acc: 80.28% (Best: 81.39% @ Ep5106) | LR: 0.000070 | Rev: 0/99999
Epoch 5211 | Cost: 0.344031 | Acc: 80.28% (Best: 81.39% @ Ep5106) | LR: 0.000070 | Rev: 1/99999
Epoch 5212 | Cost: 0.328783 | Acc: 80.83% (Best: 81.39% @ Ep5106) | LR: 0.000070 | Rev: 0/99999
Epoch 5213 | Cost: 0.336173 | Acc: 79.72% (Best: 81.39% @ Ep5106) | LR: 0.000070 | Rev: 1/99999
Epoch 5214 | Cost: 0.359946 | Acc: 79.72% (Best: 81.39% @ Ep5106) | LR: 0.000070 | Rev: 2/99999
Epoch 5215 | Cost: 0.337096 | Acc: 80.00% (Best: 81.39% @ Ep5106) | LR: 0.000070 | Rev: 0/99999
Epoch 5216 | Cost: 0.341778 | Acc: 80.28% (Best: 81.39% @ Ep5106) | LR: 0.000080 | Rev: 1/99999
Epoch 5217 | Cost: 0.341576 | Acc: 79.72% (Best: 81.39% @ Ep5106) | LR: 0.000080 | Rev: 0/99999
Epoch 5218 | Cost: 0.353916 | Acc: 80.00% (Best: 81.39% @ Ep5106) | LR: 0.000080 | Rev: 1/99999
Epoch 5219 | Cost: 0.345099 | Acc: 80.28% (Best: 81.39% @ Ep5106) | LR: 0.000080 | Rev: 0/99999
Epoch 5220 | Cost: 0.358887 | Acc: 79.44% (Best: 81.39% @ Ep5106) | LR: 0.000080 | Rev: 1/99999
Epoch 5221 | Cost: 0.351602 | Acc: 80.28% (Best: 81.39% @ Ep5106) | LR: 0.000080 | Rev: 0/99999
Epoch 5222 | Cost: 0.337176 | Acc: 80.00% (Best: 81.39% @ Ep5106) | LR: 0.000080 | Rev: 0/99999
Epoch 5223 | Cost: 0.331431 | Acc: 79.44% (Best: 81.39% @ Ep5106) | LR: 0.000080 | Rev: 0/99999
Epoch 5224 | Cost: 0.330089 | Acc: 79.72% (Best: 81.39% @ Ep5106) | LR: 0.000080 | Rev: 0/99999
Epoch 5225 | Cost: 0.349429 | Acc: 80.00% (Best: 81.39% @ Ep5106) | LR: 0.000080 | Rev: 1/99999
Epoch 5226 | Cost: 0.337969 | Acc: 79.44% (Best: 81.39% @ Ep5106) | LR: 0.000090 | Rev: 0/99999
Epoch 5227 | Cost: 0.341855 | Acc: 80.00% (Best: 81.39% @ Ep5106) | LR: 0.000090 | Rev: 1/99999
Epoch 5228 | Cost: 0.330034 | Acc: 80.28% (Best: 81.39% @ Ep5106) | LR: 0.000090 | Rev: 0/99999
Epoch 5229 | Cost: 0.364547 | Acc: 80.00% (Best: 81.39% @ Ep5106) | LR: 0.000090 | Rev: 1/99999
Epoch 5230 | Cost: 0.356097 | Acc: 79.44% (Best: 81.39% @ Ep5106) | LR: 0.000090 | Rev: 0/99999
Epoch 5231 | Cost: 0.327255 | Acc: 81.11% (Best: 81.39% @ Ep5106) | LR: 0.000090 | Rev: 0/99999
Epoch 5232 | Cost: 0.335718 | Acc: 80.00% (Best: 81.39% @ Ep5106) | LR: 0.000090 | Rev: 1/99999
Epoch 5233 | Cost: 0.333727 | Acc: 79.72% (Best: 81.39% @ Ep5106) | LR: 0.000090 | Rev: 0/99999
Epoch 5234 | Cost: 0.327910 | Acc: 80.00% (Best: 81.39% @ Ep5106) | LR: 0.000090 | Rev: 0/99999
Epoch 5235 | Cost: 0.335439 | Acc: 80.00% (Best: 81.39% @ Ep5106) | LR: 0.000090 | Rev: 1/99999
Epoch 5236 | Cost: 0.346362 | Acc: 79.72% (Best: 81.39% @ Ep5106) | LR: 0.000100 | Rev: 2/99999
Epoch 5237 | Cost: 0.338073 | Acc: 79.72% (Best: 81.39% @ Ep5106) | LR: 0.000100 | Rev: 0/99999
Epoch 5238 | Cost: 0.348198 | Acc: 80.56% (Best: 81.39% @ Ep5106) | LR: 0.000100 | Rev: 1/99999
Epoch 5239 | Cost: 0.355389 | Acc: 79.72% (Best: 81.39% @ Ep5106) | LR: 0.000100 | Rev: 2/99999
Epoch 5240 | Cost: 0.348979 | Acc: 80.00% (Best: 81.39% @ Ep5106) | LR: 0.000100 | Rev: 0/99999
Epoch 5241 | Cost: 0.342120 | Acc: 79.72% (Best: 81.39% @ Ep5106) | LR: 0.000100 | Rev: 0/99999
Epoch 5242 | Cost: 0.333756 | Acc: 79.44% (Best: 81.39% @ Ep5106) | LR: 0.000100 | Rev: 0/99999
Epoch 5243 | Cost: 0.333380 | Acc: 79.44% (Best: 81.39% @ Ep5106) | LR: 0.000100 | Rev: 0/99999
Epoch 5244 | Cost: 0.342938 | Acc: 80.00% (Best: 81.39% @ Ep5106) | LR: 0.000100 | Rev: 1/99999
Epoch 5245 | Cost: 0.348061 | Acc: 80.00% (Best: 81.39% @ Ep5106) | LR: 0.000100 | Rev: 2/99999
Epoch 5246 | Cost: 0.356223 | Acc: 79.44% (Best: 81.39% @ Ep5106) | LR: 0.000110 | Rev: 3/99999
Epoch 5247 | Cost: 0.351512 | Acc: 79.17% (Best: 81.39% @ Ep5106) | LR: 0.000110 | Rev: 0/99999
Epoch 5248 | Cost: 0.342665 | Acc: 80.00% (Best: 81.39% @ Ep5106) | LR: 0.000110 | Rev: 0/99999
Epoch 5249 | Cost: 0.339630 | Acc: 80.56% (Best: 81.39% @ Ep5106) | LR: 0.000110 | Rev: 0/99999
Epoch 5250 | Cost: 0.371596 | Acc: 80.00% (Best: 81.39% @ Ep5106) | LR: 0.000110 | Rev: 1/99999
Epoch 5251 | Cost: 0.366809 | Acc: 80.28% (Best: 81.39% @ Ep5106) | LR: 0.000110 | Rev: 0/99999
Epoch 5252 | Cost: 0.341065 | Acc: 79.72% (Best: 81.39% @ Ep5106) | LR: 0.000110 | Rev: 0/99999
Epoch 5253 | Cost: 0.364642 | Acc: 80.56% (Best: 81.39% @ Ep5106) | LR: 0.000110 | Rev: 1/99999
Epoch 5254 | Cost: 0.333077 | Acc: 80.00% (Best: 81.39% @ Ep5106) | LR: 0.000110 | Rev: 0/99999
Epoch 5255 | Cost: 0.326060 | Acc: 80.28% (Best: 81.39% @ Ep5106) | LR: 0.000110 | Rev: 0/99999
Epoch 5256 | Cost: 0.341328 | Acc: 80.28% (Best: 81.39% @ Ep5106) | LR: 0.000120 | Rev: 1/99999
Epoch 5257 | Cost: 0.346970 | Acc: 80.28% (Best: 81.39% @ Ep5106) | LR: 0.000120 | Rev: 2/99999
Epoch 5258 | Cost: 0.349880 | Acc: 79.72% (Best: 81.39% @ Ep5106) | LR: 0.000120 | Rev: 3/99999
Epoch 5259 | Cost: 0.370813 | Acc: 79.44% (Best: 81.39% @ Ep5106) | LR: 0.000120 | Rev: 4/99999
Epoch 5260 | Cost: 0.344198 | Acc: 80.56% (Best: 81.39% @ Ep5106) | LR: 0.000120 | Rev: 0/99999
Epoch 5261 | Cost: 0.347232 | Acc: 80.28% (Best: 81.39% @ Ep5106) | LR: 0.000120 | Rev: 1/99999
Epoch 5262 | Cost: 0.343527 | Acc: 79.72% (Best: 81.39% @ Ep5106) | LR: 0.000120 | Rev: 0/99999
Epoch 5263 | Cost: 0.348467 | Acc: 79.44% (Best: 81.39% @ Ep5106) | LR: 0.000120 | Rev: 1/99999
Epoch 5264 | Cost: 0.338829 | Acc: 80.56% (Best: 81.39% @ Ep5106) | LR: 0.000120 | Rev: 0/99999
Epoch 5265 | Cost: 0.344944 | Acc: 80.28% (Best: 81.39% @ Ep5106) | LR: 0.000120 | Rev: 1/99999
Epoch 5266 | Cost: 0.321924 | Acc: 80.00% (Best: 81.39% @ Ep5106) | LR: 0.000130 | Rev: 0/99999
Epoch 5267 | Cost: 0.345013 | Acc: 80.00% (Best: 81.39% @ Ep5106) | LR: 0.000130 | Rev: 1/99999
Epoch 5268 | Cost: 0.360526 | Acc: 80.28% (Best: 81.39% @ Ep5106) | LR: 0.000130 | Rev: 2/99999
Epoch 5269 | Cost: 0.349938 | Acc: 80.56% (Best: 81.39% @ Ep5106) | LR: 0.000130 | Rev: 0/99999
Epoch 5270 | Cost: 0.331978 | Acc: 79.72% (Best: 81.39% @ Ep5106) | LR: 0.000130 | Rev: 0/99999
Epoch 5271 | Cost: 0.367938 | Acc: 79.72% (Best: 81.39% @ Ep5106) | LR: 0.000130 | Rev: 1/99999
Epoch 5272 | Cost: 0.341153 | Acc: 80.83% (Best: 81.39% @ Ep5106) | LR: 0.000130 | Rev: 0/99999
Epoch 5273 | Cost: 0.360981 | Acc: 79.72% (Best: 81.39% @ Ep5106) | LR: 0.000130 | Rev: 1/99999
Epoch 5274 | Cost: 0.354149 | Acc: 79.44% (Best: 81.39% @ Ep5106) | LR: 0.000130 | Rev: 0/99999
Epoch 5275 | Cost: 0.337402 | Acc: 79.72% (Best: 81.39% @ Ep5106) | LR: 0.000130 | Rev: 0/99999
Epoch 5276 | Cost: 0.340973 | Acc: 79.72% (Best: 81.39% @ Ep5106) | LR: 0.000140 | Rev: 1/99999
Epoch 5277 | Cost: 0.337063 | Acc: 79.72% (Best: 81.39% @ Ep5106) | LR: 0.000140 | Rev: 0/99999
Epoch 5278 | Cost: 0.342389 | Acc: 79.17% (Best: 81.39% @ Ep5106) | LR: 0.000140 | Rev: 1/99999
Epoch 5279 | Cost: 0.351341 | Acc: 80.56% (Best: 81.39% @ Ep5106) | LR: 0.000140 | Rev: 2/99999
Epoch 5280 | Cost: 0.350165 | Acc: 79.44% (Best: 81.39% @ Ep5106) | LR: 0.000140 | Rev: 0/99999
Epoch 5281 | Cost: 0.342219 | Acc: 80.28% (Best: 81.39% @ Ep5106) | LR: 0.000140 | Rev: 0/99999
Epoch 5282 | Cost: 0.337189 | Acc: 80.00% (Best: 81.39% @ Ep5106) | LR: 0.000140 | Rev: 0/99999
Epoch 5283 | Cost: 0.336368 | Acc: 80.00% (Best: 81.39% @ Ep5106) | LR: 0.000140 | Rev: 0/99999
Epoch 5284 | Cost: 0.351857 | Acc: 80.28% (Best: 81.39% @ Ep5106) | LR: 0.000140 | Rev: 1/99999
Epoch 5285 | Cost: 0.343846 | Acc: 80.28% (Best: 81.39% @ Ep5106) | LR: 0.000140 | Rev: 0/99999
Epoch 5286 | Cost: 0.341767 | Acc: 80.00% (Best: 81.39% @ Ep5106) | LR: 0.000150 | Rev: 0/99999
Epoch 5287 | Cost: 0.352010 | Acc: 80.00% (Best: 81.39% @ Ep5106) | LR: 0.000150 | Rev: 1/99999
Epoch 5288 | Cost: 0.342861 | Acc: 80.28% (Best: 81.39% @ Ep5106) | LR: 0.000150 | Rev: 0/99999
Epoch 5289 | Cost: 0.340639 | Acc: 80.56% (Best: 81.39% @ Ep5106) | LR: 0.000150 | Rev: 0/99999
Epoch 5290 | Cost: 0.355772 | Acc: 79.72% (Best: 81.39% @ Ep5106) | LR: 0.000150 | Rev: 1/99999
Epoch 5291 | Cost: 0.347409 | Acc: 80.28% (Best: 81.39% @ Ep5106) | LR: 0.000150 | Rev: 0/99999
Epoch 5292 | Cost: 0.346865 | Acc: 79.72% (Best: 81.39% @ Ep5106) | LR: 0.000150 | Rev: 0/99999
Epoch 5293 | Cost: 0.328812 | Acc: 79.44% (Best: 81.39% @ Ep5106) | LR: 0.000150 | Rev: 0/99999
Epoch 5294 | Cost: 0.354272 | Acc: 79.72% (Best: 81.39% @ Ep5106) | LR: 0.000150 | Rev: 1/99999
Epoch 5295 | Cost: 0.323564 | Acc: 80.00% (Best: 81.39% @ Ep5106) | LR: 0.000150 | Rev: 0/99999
Epoch 5296 | Cost: 0.336569 | Acc: 80.00% (Best: 81.39% @ Ep5106) | LR: 0.000160 | Rev: 1/99999
Epoch 5297 | Cost: 0.339131 | Acc: 80.28% (Best: 81.39% @ Ep5106) | LR: 0.000160 | Rev: 2/99999
Epoch 5298 | Cost: 0.351505 | Acc: 80.28% (Best: 81.39% @ Ep5106) | LR: 0.000160 | Rev: 3/99999
Epoch 5299 | Cost: 0.339090 | Acc: 79.44% (Best: 81.39% @ Ep5106) | LR: 0.000160 | Rev: 0/99999
Epoch 5300 | Cost: 0.351000 | Acc: 79.44% (Best: 81.39% @ Ep5106) | LR: 0.000160 | Rev: 1/99999
Epoch 5301 | Cost: 0.355437 | Acc: 80.00% (Best: 81.39% @ Ep5106) | LR: 0.000160 | Rev: 2/99999
Epoch 5302 | Cost: 0.360261 | Acc: 80.00% (Best: 81.39% @ Ep5106) | LR: 0.000160 | Rev: 3/99999
Epoch 5303 | Cost: 0.345160 | Acc: 81.67% (Best: 81.67% @ Ep5303) | LR: 0.000010 | Rev: 0/99999
Epoch 5304 | Cost: 0.343815 | Acc: 81.39% (Best: 81.67% @ Ep5303) | LR: 0.000010 | Rev: 0/99999
Epoch 5305 | Cost: 0.350536 | Acc: 81.11% (Best: 81.67% @ Ep5303) | LR: 0.000010 | Rev: 1/99999
Epoch 5306 | Cost: 0.328013 | Acc: 80.83% (Best: 81.67% @ Ep5303) | LR: 0.000010 | Rev: 0/99999
Epoch 5307 | Cost: 0.335698 | Acc: 80.56% (Best: 81.67% @ Ep5303) | LR: 0.000010 | Rev: 1/99999
Epoch 5308 | Cost: 0.332870 | Acc: 80.28% (Best: 81.67% @ Ep5303) | LR: 0.000010 | Rev: 0/99999
Epoch 5309 | Cost: 0.339542 | Acc: 80.28% (Best: 81.67% @ Ep5303) | LR: 0.000010 | Rev: 1/99999
Epoch 5310 | Cost: 0.336752 | Acc: 80.28% (Best: 81.67% @ Ep5303) | LR: 0.000010 | Rev: 0/99999
Epoch 5311 | Cost: 0.332894 | Acc: 80.28% (Best: 81.67% @ Ep5303) | LR: 0.000010 | Rev: 0/99999
Epoch 5312 | Cost: 0.349762 | Acc: 80.28% (Best: 81.67% @ Ep5303) | LR: 0.000010 | Rev: 1/99999
Epoch 5313 | Cost: 0.336780 | Acc: 80.28% (Best: 81.67% @ Ep5303) | LR: 0.000010 | Rev: 0/99999
Epoch 5314 | Cost: 0.338389 | Acc: 80.00% (Best: 81.67% @ Ep5303) | LR: 0.000010 | Rev: 1/99999
Epoch 5315 | Cost: 0.330498 | Acc: 80.00% (Best: 81.67% @ Ep5303) | LR: 0.000010 | Rev: 0/99999
Epoch 5316 | Cost: 0.336385 | Acc: 80.28% (Best: 81.67% @ Ep5303) | LR: 0.000010 | Rev: 1/99999
Epoch 5317 | Cost: 0.335589 | Acc: 80.28% (Best: 81.67% @ Ep5303) | LR: 0.000010 | Rev: 0/99999
Epoch 5318 | Cost: 0.357105 | Acc: 80.00% (Best: 81.67% @ Ep5303) | LR: 0.000010 | Rev: 1/99999
Epoch 5319 | Cost: 0.326483 | Acc: 80.00% (Best: 81.67% @ Ep5303) | LR: 0.000010 | Rev: 0/99999
Epoch 5320 | Cost: 0.337298 | Acc: 80.00% (Best: 81.67% @ Ep5303) | LR: 0.000010 | Rev: 1/99999
Epoch 5321 | Cost: 0.337526 | Acc: 80.00% (Best: 81.67% @ Ep5303) | LR: 0.000010 | Rev: 2/99999
Epoch 5322 | Cost: 0.332557 | Acc: 80.00% (Best: 81.67% @ Ep5303) | LR: 0.000010 | Rev: 0/99999
Epoch 5323 | Cost: 0.334996 | Acc: 79.72% (Best: 81.67% @ Ep5303) | LR: 0.000010 | Rev: 1/99999
Epoch 5324 | Cost: 0.347290 | Acc: 79.72% (Best: 81.67% @ Ep5303) | LR: 0.000010 | Rev: 2/99999
Epoch 5325 | Cost: 0.329268 | Acc: 79.72% (Best: 81.67% @ Ep5303) | LR: 0.000010 | Rev: 0/99999
Epoch 5326 | Cost: 0.328035 | Acc: 79.72% (Best: 81.67% @ Ep5303) | LR: 0.000010 | Rev: 0/99999
Epoch 5327 | Cost: 0.348491 | Acc: 79.72% (Best: 81.67% @ Ep5303) | LR: 0.000010 | Rev: 1/99999
Epoch 5328 | Cost: 0.335521 | Acc: 79.72% (Best: 81.67% @ Ep5303) | LR: 0.000010 | Rev: 0/99999
Epoch 5329 | Cost: 0.346817 | Acc: 79.72% (Best: 81.67% @ Ep5303) | LR: 0.000010 | Rev: 1/99999
Epoch 5330 | Cost: 0.330029 | Acc: 79.72% (Best: 81.67% @ Ep5303) | LR: 0.000010 | Rev: 0/99999
Epoch 5331 | Cost: 0.338952 | Acc: 80.00% (Best: 81.67% @ Ep5303) | LR: 0.000010 | Rev: 1/99999
Epoch 5332 | Cost: 0.351256 | Acc: 79.72% (Best: 81.67% @ Ep5303) | LR: 0.000010 | Rev: 2/99999
Epoch 5333 | Cost: 0.326955 | Acc: 80.28% (Best: 81.67% @ Ep5303) | LR: 0.000010 | Rev: 0/99999
Epoch 5334 | Cost: 0.313228 | Acc: 80.28% (Best: 81.67% @ Ep5303) | LR: 0.000010 | Rev: 0/99999
Epoch 5335 | Cost: 0.347660 | Acc: 80.28% (Best: 81.67% @ Ep5303) | LR: 0.000010 | Rev: 1/99999
Epoch 5336 | Cost: 0.343862 | Acc: 80.00% (Best: 81.67% @ Ep5303) | LR: 0.000010 | Rev: 0/99999
Epoch 5337 | Cost: 0.327944 | Acc: 80.00% (Best: 81.67% @ Ep5303) | LR: 0.000010 | Rev: 0/99999
Epoch 5338 | Cost: 0.328320 | Acc: 79.72% (Best: 81.67% @ Ep5303) | LR: 0.000010 | Rev: 1/99999
Epoch 5339 | Cost: 0.333269 | Acc: 79.72% (Best: 81.67% @ Ep5303) | LR: 0.000010 | Rev: 2/99999
Epoch 5340 | Cost: 0.357106 | Acc: 79.72% (Best: 81.67% @ Ep5303) | LR: 0.000010 | Rev: 3/99999
Epoch 5341 | Cost: 0.346905 | Acc: 79.72% (Best: 81.67% @ Ep5303) | LR: 0.000010 | Rev: 0/99999
Epoch 5342 | Cost: 0.338051 | Acc: 79.72% (Best: 81.67% @ Ep5303) | LR: 0.000010 | Rev: 0/99999
Epoch 5343 | Cost: 0.321119 | Acc: 79.72% (Best: 81.67% @ Ep5303) | LR: 0.000010 | Rev: 0/99999
Epoch 5344 | Cost: 0.328910 | Acc: 79.72% (Best: 81.67% @ Ep5303) | LR: 0.000010 | Rev: 1/99999
Epoch 5345 | Cost: 0.324536 | Acc: 79.72% (Best: 81.67% @ Ep5303) | LR: 0.000010 | Rev: 0/99999
Epoch 5346 | Cost: 0.329517 | Acc: 79.72% (Best: 81.67% @ Ep5303) | LR: 0.000010 | Rev: 1/99999
Epoch 5347 | Cost: 0.341783 | Acc: 79.72% (Best: 81.67% @ Ep5303) | LR: 0.000010 | Rev: 2/99999
Epoch 5348 | Cost: 0.342611 | Acc: 79.72% (Best: 81.67% @ Ep5303) | LR: 0.000010 | Rev: 3/99999
Epoch 5349 | Cost: 0.336360 | Acc: 79.72% (Best: 81.67% @ Ep5303) | LR: 0.000010 | Rev: 0/99999
Epoch 5350 | Cost: 0.358528 | Acc: 79.72% (Best: 81.67% @ Ep5303) | LR: 0.000010 | Rev: 1/99999
Epoch 5351 | Cost: 0.337126 | Acc: 79.72% (Best: 81.67% @ Ep5303) | LR: 0.000010 | Rev: 0/99999
Epoch 5352 | Cost: 0.329440 | Acc: 79.72% (Best: 81.67% @ Ep5303) | LR: 0.000010 | Rev: 0/99999
Epoch 5353 | Cost: 0.334966 | Acc: 79.72% (Best: 81.67% @ Ep5303) | LR: 0.000020 | Rev: 1/99999
Epoch 5354 | Cost: 0.323382 | Acc: 79.72% (Best: 81.67% @ Ep5303) | LR: 0.000020 | Rev: 0/99999
Epoch 5355 | Cost: 0.338415 | Acc: 79.72% (Best: 81.67% @ Ep5303) | LR: 0.000020 | Rev: 1/99999
Epoch 5356 | Cost: 0.329495 | Acc: 79.72% (Best: 81.67% @ Ep5303) | LR: 0.000020 | Rev: 0/99999
Epoch 5357 | Cost: 0.332754 | Acc: 79.72% (Best: 81.67% @ Ep5303) | LR: 0.000020 | Rev: 1/99999
Epoch 5358 | Cost: 0.328130 | Acc: 79.72% (Best: 81.67% @ Ep5303) | LR: 0.000020 | Rev: 0/99999
Epoch 5359 | Cost: 0.335851 | Acc: 80.00% (Best: 81.67% @ Ep5303) | LR: 0.000020 | Rev: 1/99999
Epoch 5360 | Cost: 0.330247 | Acc: 79.72% (Best: 81.67% @ Ep5303) | LR: 0.000020 | Rev: 0/99999
Epoch 5361 | Cost: 0.330347 | Acc: 79.44% (Best: 81.67% @ Ep5303) | LR: 0.000020 | Rev: 1/99999
Epoch 5362 | Cost: 0.335696 | Acc: 79.72% (Best: 81.67% @ Ep5303) | LR: 0.000020 | Rev: 2/99999
Epoch 5363 | Cost: 0.325449 | Acc: 79.44% (Best: 81.67% @ Ep5303) | LR: 0.000030 | Rev: 0/99999
Epoch 5364 | Cost: 0.333898 | Acc: 80.00% (Best: 81.67% @ Ep5303) | LR: 0.000030 | Rev: 1/99999
Epoch 5365 | Cost: 0.331633 | Acc: 80.28% (Best: 81.67% @ Ep5303) | LR: 0.000030 | Rev: 0/99999
Epoch 5366 | Cost: 0.334977 | Acc: 80.28% (Best: 81.67% @ Ep5303) | LR: 0.000030 | Rev: 1/99999
Epoch 5367 | Cost: 0.334738 | Acc: 80.28% (Best: 81.67% @ Ep5303) | LR: 0.000030 | Rev: 0/99999
Epoch 5368 | Cost: 0.329995 | Acc: 80.28% (Best: 81.67% @ Ep5303) | LR: 0.000030 | Rev: 0/99999
Epoch 5369 | Cost: 0.341183 | Acc: 80.00% (Best: 81.67% @ Ep5303) | LR: 0.000030 | Rev: 1/99999
Epoch 5370 | Cost: 0.343930 | Acc: 80.00% (Best: 81.67% @ Ep5303) | LR: 0.000030 | Rev: 2/99999
Epoch 5371 | Cost: 0.331414 | Acc: 80.00% (Best: 81.67% @ Ep5303) | LR: 0.000030 | Rev: 0/99999
Epoch 5372 | Cost: 0.339239 | Acc: 80.00% (Best: 81.67% @ Ep5303) | LR: 0.000030 | Rev: 1/99999
Epoch 5373 | Cost: 0.340605 | Acc: 80.00% (Best: 81.67% @ Ep5303) | LR: 0.000040 | Rev: 2/99999
Epoch 5374 | Cost: 0.345746 | Acc: 80.00% (Best: 81.67% @ Ep5303) | LR: 0.000040 | Rev: 3/99999
Epoch 5375 | Cost: 0.345945 | Acc: 80.28% (Best: 81.67% @ Ep5303) | LR: 0.000040 | Rev: 4/99999
Epoch 5376 | Cost: 0.333447 | Acc: 80.56% (Best: 81.67% @ Ep5303) | LR: 0.000040 | Rev: 0/99999
Epoch 5377 | Cost: 0.329905 | Acc: 80.56% (Best: 81.67% @ Ep5303) | LR: 0.000040 | Rev: 0/99999
Epoch 5378 | Cost: 0.349728 | Acc: 80.00% (Best: 81.67% @ Ep5303) | LR: 0.000040 | Rev: 1/99999
Epoch 5379 | Cost: 0.332756 | Acc: 80.00% (Best: 81.67% @ Ep5303) | LR: 0.000040 | Rev: 0/99999
Epoch 5380 | Cost: 0.362709 | Acc: 80.28% (Best: 81.67% @ Ep5303) | LR: 0.000040 | Rev: 1/99999
Epoch 5381 | Cost: 0.330100 | Acc: 80.28% (Best: 81.67% @ Ep5303) | LR: 0.000040 | Rev: 0/99999
Epoch 5382 | Cost: 0.337820 | Acc: 80.56% (Best: 81.67% @ Ep5303) | LR: 0.000040 | Rev: 1/99999
Epoch 5383 | Cost: 0.332655 | Acc: 80.28% (Best: 81.67% @ Ep5303) | LR: 0.000050 | Rev: 0/99999
Epoch 5384 | Cost: 0.322501 | Acc: 80.28% (Best: 81.67% @ Ep5303) | LR: 0.000050 | Rev: 0/99999
Epoch 5385 | Cost: 0.340134 | Acc: 80.00% (Best: 81.67% @ Ep5303) | LR: 0.000050 | Rev: 1/99999
Epoch 5386 | Cost: 0.333151 | Acc: 80.00% (Best: 81.67% @ Ep5303) | LR: 0.000050 | Rev: 0/99999
Epoch 5387 | Cost: 0.340677 | Acc: 80.28% (Best: 81.67% @ Ep5303) | LR: 0.000050 | Rev: 1/99999
Epoch 5388 | Cost: 0.331065 | Acc: 79.44% (Best: 81.67% @ Ep5303) | LR: 0.000050 | Rev: 0/99999
Epoch 5389 | Cost: 0.326613 | Acc: 79.72% (Best: 81.67% @ Ep5303) | LR: 0.000050 | Rev: 0/99999
Epoch 5390 | Cost: 0.327576 | Acc: 79.44% (Best: 81.67% @ Ep5303) | LR: 0.000050 | Rev: 1/99999
Epoch 5391 | Cost: 0.331181 | Acc: 79.44% (Best: 81.67% @ Ep5303) | LR: 0.000050 | Rev: 2/99999
Epoch 5392 | Cost: 0.340493 | Acc: 79.72% (Best: 81.67% @ Ep5303) | LR: 0.000050 | Rev: 3/99999
Epoch 5393 | Cost: 0.331548 | Acc: 80.00% (Best: 81.67% @ Ep5303) | LR: 0.000060 | Rev: 0/99999
Epoch 5394 | Cost: 0.330273 | Acc: 79.17% (Best: 81.67% @ Ep5303) | LR: 0.000060 | Rev: 0/99999
Epoch 5395 | Cost: 0.354015 | Acc: 80.28% (Best: 81.67% @ Ep5303) | LR: 0.000060 | Rev: 1/99999
Epoch 5396 | Cost: 0.337104 | Acc: 80.28% (Best: 81.67% @ Ep5303) | LR: 0.000060 | Rev: 0/99999
Epoch 5397 | Cost: 0.355138 | Acc: 80.28% (Best: 81.67% @ Ep5303) | LR: 0.000060 | Rev: 1/99999
Epoch 5398 | Cost: 0.328946 | Acc: 80.28% (Best: 81.67% @ Ep5303) | LR: 0.000060 | Rev: 0/99999
Epoch 5399 | Cost: 0.331520 | Acc: 80.00% (Best: 81.67% @ Ep5303) | LR: 0.000060 | Rev: 1/99999
Epoch 5400 | Cost: 0.326545 | Acc: 79.72% (Best: 81.67% @ Ep5303) | LR: 0.000060 | Rev: 0/99999
Epoch 5401 | Cost: 0.330851 | Acc: 79.72% (Best: 81.67% @ Ep5303) | LR: 0.000060 | Rev: 1/99999
Epoch 5402 | Cost: 0.338569 | Acc: 79.72% (Best: 81.67% @ Ep5303) | LR: 0.000060 | Rev: 2/99999
Epoch 5403 | Cost: 0.327054 | Acc: 79.72% (Best: 81.67% @ Ep5303) | LR: 0.000070 | Rev: 0/99999
Epoch 5404 | Cost: 0.338416 | Acc: 80.00% (Best: 81.67% @ Ep5303) | LR: 0.000070 | Rev: 1/99999
Epoch 5405 | Cost: 0.328188 | Acc: 79.72% (Best: 81.67% @ Ep5303) | LR: 0.000070 | Rev: 0/99999
Epoch 5406 | Cost: 0.338091 | Acc: 80.28% (Best: 81.67% @ Ep5303) | LR: 0.000070 | Rev: 1/99999
Epoch 5407 | Cost: 0.333690 | Acc: 80.28% (Best: 81.67% @ Ep5303) | LR: 0.000070 | Rev: 0/99999
Epoch 5408 | Cost: 0.356463 | Acc: 80.00% (Best: 81.67% @ Ep5303) | LR: 0.000070 | Rev: 1/99999
Epoch 5409 | Cost: 0.352821 | Acc: 80.83% (Best: 81.67% @ Ep5303) | LR: 0.000070 | Rev: 0/99999
Epoch 5410 | Cost: 0.340857 | Acc: 81.11% (Best: 81.67% @ Ep5303) | LR: 0.000070 | Rev: 0/99999
Epoch 5411 | Cost: 0.338014 | Acc: 80.56% (Best: 81.67% @ Ep5303) | LR: 0.000070 | Rev: 0/99999
Epoch 5412 | Cost: 0.327107 | Acc: 80.56% (Best: 81.67% @ Ep5303) | LR: 0.000070 | Rev: 0/99999
Epoch 5413 | Cost: 0.335092 | Acc: 80.28% (Best: 81.67% @ Ep5303) | LR: 0.000080 | Rev: 1/99999
Epoch 5414 | Cost: 0.348469 | Acc: 80.28% (Best: 81.67% @ Ep5303) | LR: 0.000080 | Rev: 2/99999
Epoch 5415 | Cost: 0.330710 | Acc: 80.28% (Best: 81.67% @ Ep5303) | LR: 0.000080 | Rev: 0/99999
Epoch 5416 | Cost: 0.335483 | Acc: 80.28% (Best: 81.67% @ Ep5303) | LR: 0.000080 | Rev: 1/99999
Epoch 5417 | Cost: 0.342670 | Acc: 81.11% (Best: 81.67% @ Ep5303) | LR: 0.000080 | Rev: 2/99999
Epoch 5418 | Cost: 0.329195 | Acc: 79.72% (Best: 81.67% @ Ep5303) | LR: 0.000080 | Rev: 0/99999
Epoch 5419 | Cost: 0.344215 | Acc: 80.28% (Best: 81.67% @ Ep5303) | LR: 0.000080 | Rev: 1/99999
Epoch 5420 | Cost: 0.351703 | Acc: 80.28% (Best: 81.67% @ Ep5303) | LR: 0.000080 | Rev: 2/99999
Epoch 5421 | Cost: 0.326982 | Acc: 79.72% (Best: 81.67% @ Ep5303) | LR: 0.000080 | Rev: 0/99999
Epoch 5422 | Cost: 0.339644 | Acc: 80.00% (Best: 81.67% @ Ep5303) | LR: 0.000080 | Rev: 1/99999
Epoch 5423 | Cost: 0.325970 | Acc: 80.00% (Best: 81.67% @ Ep5303) | LR: 0.000090 | Rev: 0/99999
Epoch 5424 | Cost: 0.334467 | Acc: 80.00% (Best: 81.67% @ Ep5303) | LR: 0.000090 | Rev: 1/99999
Epoch 5425 | Cost: 0.342357 | Acc: 80.56% (Best: 81.67% @ Ep5303) | LR: 0.000090 | Rev: 2/99999
Epoch 5426 | Cost: 0.335922 | Acc: 80.00% (Best: 81.67% @ Ep5303) | LR: 0.000090 | Rev: 0/99999
Epoch 5427 | Cost: 0.347485 | Acc: 79.44% (Best: 81.67% @ Ep5303) | LR: 0.000090 | Rev: 1/99999
Epoch 5428 | Cost: 0.335803 | Acc: 79.72% (Best: 81.67% @ Ep5303) | LR: 0.000090 | Rev: 0/99999
Epoch 5429 | Cost: 0.327303 | Acc: 80.56% (Best: 81.67% @ Ep5303) | LR: 0.000090 | Rev: 0/99999
Epoch 5430 | Cost: 0.325024 | Acc: 79.72% (Best: 81.67% @ Ep5303) | LR: 0.000090 | Rev: 0/99999
Epoch 5431 | Cost: 0.328454 | Acc: 79.72% (Best: 81.67% @ Ep5303) | LR: 0.000090 | Rev: 1/99999
Epoch 5432 | Cost: 0.344511 | Acc: 80.00% (Best: 81.67% @ Ep5303) | LR: 0.000090 | Rev: 2/99999
Epoch 5433 | Cost: 0.340292 | Acc: 79.72% (Best: 81.67% @ Ep5303) | LR: 0.000100 | Rev: 0/99999
Epoch 5434 | Cost: 0.329637 | Acc: 80.00% (Best: 81.67% @ Ep5303) | LR: 0.000100 | Rev: 0/99999
Epoch 5435 | Cost: 0.327352 | Acc: 79.72% (Best: 81.67% @ Ep5303) | LR: 0.000100 | Rev: 0/99999
Epoch 5436 | Cost: 0.350749 | Acc: 79.44% (Best: 81.67% @ Ep5303) | LR: 0.000100 | Rev: 1/99999
Epoch 5437 | Cost: 0.337275 | Acc: 79.72% (Best: 81.67% @ Ep5303) | LR: 0.000100 | Rev: 0/99999
Epoch 5438 | Cost: 0.349764 | Acc: 79.72% (Best: 81.67% @ Ep5303) | LR: 0.000100 | Rev: 1/99999
Epoch 5439 | Cost: 0.330769 | Acc: 79.44% (Best: 81.67% @ Ep5303) | LR: 0.000100 | Rev: 0/99999
Epoch 5440 | Cost: 0.345113 | Acc: 80.00% (Best: 81.67% @ Ep5303) | LR: 0.000100 | Rev: 1/99999
Epoch 5441 | Cost: 0.337151 | Acc: 80.28% (Best: 81.67% @ Ep5303) | LR: 0.000100 | Rev: 0/99999
Epoch 5442 | Cost: 0.331727 | Acc: 79.72% (Best: 81.67% @ Ep5303) | LR: 0.000100 | Rev: 0/99999
Epoch 5443 | Cost: 0.336362 | Acc: 79.72% (Best: 81.67% @ Ep5303) | LR: 0.000110 | Rev: 1/99999
Epoch 5444 | Cost: 0.335993 | Acc: 79.72% (Best: 81.67% @ Ep5303) | LR: 0.000110 | Rev: 0/99999
Epoch 5445 | Cost: 0.330230 | Acc: 80.00% (Best: 81.67% @ Ep5303) | LR: 0.000110 | Rev: 0/99999
Epoch 5446 | Cost: 0.352310 | Acc: 80.00% (Best: 81.67% @ Ep5303) | LR: 0.000110 | Rev: 1/99999
Epoch 5447 | Cost: 0.357345 | Acc: 79.44% (Best: 81.67% @ Ep5303) | LR: 0.000110 | Rev: 2/99999
Epoch 5448 | Cost: 0.342582 | Acc: 80.28% (Best: 81.67% @ Ep5303) | LR: 0.000110 | Rev: 0/99999
Epoch 5449 | Cost: 0.354535 | Acc: 80.00% (Best: 81.67% @ Ep5303) | LR: 0.000110 | Rev: 1/99999
Epoch 5450 | Cost: 0.348802 | Acc: 80.56% (Best: 81.67% @ Ep5303) | LR: 0.000110 | Rev: 0/99999
Epoch 5451 | Cost: 0.358660 | Acc: 79.44% (Best: 81.67% @ Ep5303) | LR: 0.000110 | Rev: 1/99999
Epoch 5452 | Cost: 0.334894 | Acc: 79.44% (Best: 81.67% @ Ep5303) | LR: 0.000110 | Rev: 0/99999
Epoch 5453 | Cost: 0.344750 | Acc: 80.00% (Best: 81.67% @ Ep5303) | LR: 0.000120 | Rev: 1/99999
Epoch 5454 | Cost: 0.336977 | Acc: 79.72% (Best: 81.67% @ Ep5303) | LR: 0.000120 | Rev: 0/99999
Epoch 5455 | Cost: 0.328558 | Acc: 80.00% (Best: 81.67% @ Ep5303) | LR: 0.000120 | Rev: 0/99999
Epoch 5456 | Cost: 0.356450 | Acc: 80.00% (Best: 81.67% @ Ep5303) | LR: 0.000120 | Rev: 1/99999
Epoch 5457 | Cost: 0.341515 | Acc: 80.28% (Best: 81.67% @ Ep5303) | LR: 0.000120 | Rev: 0/99999
Epoch 5458 | Cost: 0.346279 | Acc: 79.44% (Best: 81.67% @ Ep5303) | LR: 0.000120 | Rev: 1/99999
Epoch 5459 | Cost: 0.332699 | Acc: 80.00% (Best: 81.67% @ Ep5303) | LR: 0.000120 | Rev: 0/99999
Epoch 5460 | Cost: 0.333225 | Acc: 80.28% (Best: 81.67% @ Ep5303) | LR: 0.000120 | Rev: 1/99999
Epoch 5461 | Cost: 0.361809 | Acc: 80.00% (Best: 81.67% @ Ep5303) | LR: 0.000120 | Rev: 2/99999
Epoch 5462 | Cost: 0.333409 | Acc: 79.72% (Best: 81.67% @ Ep5303) | LR: 0.000120 | Rev: 0/99999
Epoch 5463 | Cost: 0.338043 | Acc: 79.72% (Best: 81.67% @ Ep5303) | LR: 0.000130 | Rev: 1/99999
Epoch 5464 | Cost: 0.348408 | Acc: 79.72% (Best: 81.67% @ Ep5303) | LR: 0.000130 | Rev: 2/99999
Epoch 5465 | Cost: 0.331608 | Acc: 80.56% (Best: 81.67% @ Ep5303) | LR: 0.000130 | Rev: 0/99999
Epoch 5466 | Cost: 0.351942 | Acc: 79.44% (Best: 81.67% @ Ep5303) | LR: 0.000130 | Rev: 1/99999
Epoch 5467 | Cost: 0.340940 | Acc: 79.72% (Best: 81.67% @ Ep5303) | LR: 0.000130 | Rev: 0/99999
Epoch 5468 | Cost: 0.344112 | Acc: 80.00% (Best: 81.67% @ Ep5303) | LR: 0.000130 | Rev: 1/99999
Epoch 5469 | Cost: 0.341226 | Acc: 80.00% (Best: 81.67% @ Ep5303) | LR: 0.000130 | Rev: 0/99999
Epoch 5470 | Cost: 0.330552 | Acc: 80.28% (Best: 81.67% @ Ep5303) | LR: 0.000130 | Rev: 0/99999
Epoch 5471 | Cost: 0.348312 | Acc: 80.00% (Best: 81.67% @ Ep5303) | LR: 0.000130 | Rev: 1/99999
Epoch 5472 | Cost: 0.332450 | Acc: 80.56% (Best: 81.67% @ Ep5303) | LR: 0.000130 | Rev: 0/99999
Epoch 5473 | Cost: 0.341417 | Acc: 80.28% (Best: 81.67% @ Ep5303) | LR: 0.000140 | Rev: 1/99999
Epoch 5474 | Cost: 0.343251 | Acc: 80.28% (Best: 81.67% @ Ep5303) | LR: 0.000140 | Rev: 2/99999
Epoch 5475 | Cost: 0.331606 | Acc: 79.72% (Best: 81.67% @ Ep5303) | LR: 0.000140 | Rev: 0/99999
Epoch 5476 | Cost: 0.344474 | Acc: 79.72% (Best: 81.67% @ Ep5303) | LR: 0.000140 | Rev: 1/99999
Epoch 5477 | Cost: 0.351027 | Acc: 80.00% (Best: 81.67% @ Ep5303) | LR: 0.000140 | Rev: 2/99999
Epoch 5478 | Cost: 0.344698 | Acc: 79.72% (Best: 81.67% @ Ep5303) | LR: 0.000140 | Rev: 0/99999
Epoch 5479 | Cost: 0.341657 | Acc: 80.00% (Best: 81.67% @ Ep5303) | LR: 0.000140 | Rev: 0/99999
Epoch 5480 | Cost: 0.328024 | Acc: 79.72% (Best: 81.67% @ Ep5303) | LR: 0.000140 | Rev: 0/99999
Epoch 5481 | Cost: 0.327963 | Acc: 80.00% (Best: 81.67% @ Ep5303) | LR: 0.000140 | Rev: 0/99999
Epoch 5482 | Cost: 0.363052 | Acc: 81.11% (Best: 81.67% @ Ep5303) | LR: 0.000140 | Rev: 1/99999
Epoch 5483 | Cost: 0.351709 | Acc: 79.72% (Best: 81.67% @ Ep5303) | LR: 0.000150 | Rev: 0/99999
Epoch 5484 | Cost: 0.340198 | Acc: 80.28% (Best: 81.67% @ Ep5303) | LR: 0.000150 | Rev: 0/99999
Epoch 5485 | Cost: 0.324726 | Acc: 79.72% (Best: 81.67% @ Ep5303) | LR: 0.000150 | Rev: 0/99999
Epoch 5486 | Cost: 0.332161 | Acc: 79.72% (Best: 81.67% @ Ep5303) | LR: 0.000150 | Rev: 1/99999
Epoch 5487 | Cost: 0.330087 | Acc: 79.44% (Best: 81.67% @ Ep5303) | LR: 0.000150 | Rev: 0/99999
Epoch 5488 | Cost: 0.348363 | Acc: 80.00% (Best: 81.67% @ Ep5303) | LR: 0.000150 | Rev: 1/99999
Epoch 5489 | Cost: 0.333074 | Acc: 79.44% (Best: 81.67% @ Ep5303) | LR: 0.000150 | Rev: 0/99999
Epoch 5490 | Cost: 0.352785 | Acc: 80.56% (Best: 81.67% @ Ep5303) | LR: 0.000150 | Rev: 1/99999
Epoch 5491 | Cost: 0.339770 | Acc: 80.56% (Best: 81.67% @ Ep5303) | LR: 0.000150 | Rev: 0/99999
Epoch 5492 | Cost: 0.340465 | Acc: 79.44% (Best: 81.67% @ Ep5303) | LR: 0.000150 | Rev: 1/99999
Epoch 5493 | Cost: 0.353628 | Acc: 79.44% (Best: 81.67% @ Ep5303) | LR: 0.000160 | Rev: 2/99999
Epoch 5494 | Cost: 0.338986 | Acc: 79.44% (Best: 81.67% @ Ep5303) | LR: 0.000160 | Rev: 0/99999
Epoch 5495 | Cost: 0.329883 | Acc: 80.00% (Best: 81.67% @ Ep5303) | LR: 0.000160 | Rev: 0/99999
Epoch 5496 | Cost: 0.325200 | Acc: 79.72% (Best: 81.67% @ Ep5303) | LR: 0.000160 | Rev: 0/99999
Epoch 5497 | Cost: 0.336257 | Acc: 80.28% (Best: 81.67% @ Ep5303) | LR: 0.000160 | Rev: 1/99999
Epoch 5498 | Cost: 0.343428 | Acc: 80.83% (Best: 81.67% @ Ep5303) | LR: 0.000160 | Rev: 2/99999
Epoch 5499 | Cost: 0.356248 | Acc: 80.56% (Best: 81.67% @ Ep5303) | LR: 0.000160 | Rev: 3/99999
Epoch 5500 | Cost: 0.367289 | Acc: 80.28% (Best: 81.67% @ Ep5303) | LR: 0.000160 | Rev: 4/99999
Epoch 5501 | Cost: 0.337268 | Acc: 80.56% (Best: 81.67% @ Ep5303) | LR: 0.000160 | Rev: 0/99999
Epoch 5502 | Cost: 0.344245 | Acc: 80.28% (Best: 81.67% @ Ep5303) | LR: 0.000160 | Rev: 1/99999
Epoch 5503 | Cost: 0.342992 | Acc: 80.28% (Best: 81.67% @ Ep5303) | LR: 0.000170 | Rev: 0/99999
Epoch 5504 | Cost: 0.345807 | Acc: 80.56% (Best: 81.67% @ Ep5303) | LR: 0.000170 | Rev: 1/99999
Epoch 5505 | Cost: 0.329993 | Acc: 81.11% (Best: 81.67% @ Ep5303) | LR: 0.000170 | Rev: 0/99999
Epoch 5506 | Cost: 0.337602 | Acc: 79.44% (Best: 81.67% @ Ep5303) | LR: 0.000170 | Rev: 1/99999
Epoch 5507 | Cost: 0.334835 | Acc: 79.72% (Best: 81.67% @ Ep5303) | LR: 0.000170 | Rev: 0/99999
Epoch 5508 | Cost: 0.346809 | Acc: 80.28% (Best: 81.67% @ Ep5303) | LR: 0.000170 | Rev: 1/99999
Epoch 5509 | Cost: 0.371715 | Acc: 80.00% (Best: 81.67% @ Ep5303) | LR: 0.000170 | Rev: 2/99999
Epoch 5510 | Cost: 0.344065 | Acc: 79.72% (Best: 81.67% @ Ep5303) | LR: 0.000170 | Rev: 0/99999
Epoch 5511 | Cost: 0.343924 | Acc: 79.44% (Best: 81.67% @ Ep5303) | LR: 0.000170 | Rev: 0/99999
Epoch 5512 | Cost: 0.353494 | Acc: 79.72% (Best: 81.67% @ Ep5303) | LR: 0.000170 | Rev: 1/99999
Epoch 5513 | Cost: 0.343254 | Acc: 79.44% (Best: 81.67% @ Ep5303) | LR: 0.000180 | Rev: 0/99999
Epoch 5514 | Cost: 0.341144 | Acc: 80.00% (Best: 81.67% @ Ep5303) | LR: 0.000180 | Rev: 0/99999
Epoch 5515 | Cost: 0.338133 | Acc: 79.44% (Best: 81.67% @ Ep5303) | LR: 0.000180 | Rev: 0/99999
Epoch 5516 | Cost: 0.335428 | Acc: 80.00% (Best: 81.67% @ Ep5303) | LR: 0.000180 | Rev: 0/99999
Epoch 5517 | Cost: 0.339635 | Acc: 79.17% (Best: 81.67% @ Ep5303) | LR: 0.000180 | Rev: 1/99999
Epoch 5518 | Cost: 0.339958 | Acc: 79.44% (Best: 81.67% @ Ep5303) | LR: 0.000180 | Rev: 2/99999
Epoch 5519 | Cost: 0.348889 | Acc: 80.00% (Best: 81.67% @ Ep5303) | LR: 0.000180 | Rev: 3/99999
Epoch 5520 | Cost: 0.325717 | Acc: 80.00% (Best: 81.67% @ Ep5303) | LR: 0.000180 | Rev: 0/99999
Epoch 5521 | Cost: 0.342356 | Acc: 80.28% (Best: 81.67% @ Ep5303) | LR: 0.000180 | Rev: 1/99999
Epoch 5522 | Cost: 0.346817 | Acc: 79.44% (Best: 81.67% @ Ep5303) | LR: 0.000180 | Rev: 2/99999
Epoch 5523 | Cost: 0.342134 | Acc: 79.17% (Best: 81.67% @ Ep5303) | LR: 0.000190 | Rev: 0/99999
Epoch 5524 | Cost: 0.343210 | Acc: 80.28% (Best: 81.67% @ Ep5303) | LR: 0.000190 | Rev: 1/99999
Epoch 5525 | Cost: 0.341762 | Acc: 79.44% (Best: 81.67% @ Ep5303) | LR: 0.000190 | Rev: 0/99999
Epoch 5526 | Cost: 0.348664 | Acc: 80.28% (Best: 81.67% @ Ep5303) | LR: 0.000190 | Rev: 1/99999
Epoch 5527 | Cost: 0.351913 | Acc: 80.56% (Best: 81.67% @ Ep5303) | LR: 0.000190 | Rev: 2/99999
Epoch 5528 | Cost: 0.344485 | Acc: 79.17% (Best: 81.67% @ Ep5303) | LR: 0.000190 | Rev: 0/99999
Epoch 5529 | Cost: 0.329024 | Acc: 79.72% (Best: 81.67% @ Ep5303) | LR: 0.000190 | Rev: 0/99999
Epoch 5530 | Cost: 0.351014 | Acc: 80.00% (Best: 81.67% @ Ep5303) | LR: 0.000190 | Rev: 1/99999
Epoch 5531 | Cost: 0.345901 | Acc: 79.44% (Best: 81.67% @ Ep5303) | LR: 0.000190 | Rev: 0/99999
Epoch 5532 | Cost: 0.349667 | Acc: 80.28% (Best: 81.67% @ Ep5303) | LR: 0.000190 | Rev: 1/99999
Epoch 5533 | Cost: 0.348906 | Acc: 79.72% (Best: 81.67% @ Ep5303) | LR: 0.000200 | Rev: 0/99999
Epoch 5534 | Cost: 0.326459 | Acc: 79.17% (Best: 81.67% @ Ep5303) | LR: 0.000200 | Rev: 0/99999
Epoch 5535 | Cost: 0.333423 | Acc: 79.17% (Best: 81.67% @ Ep5303) | LR: 0.000200 | Rev: 1/99999
Epoch 5536 | Cost: 0.353672 | Acc: 80.28% (Best: 81.67% @ Ep5303) | LR: 0.000200 | Rev: 2/99999
Epoch 5537 | Cost: 0.362515 | Acc: 79.44% (Best: 81.67% @ Ep5303) | LR: 0.000200 | Rev: 3/99999
Epoch 5538 | Cost: 0.332584 | Acc: 80.00% (Best: 81.67% @ Ep5303) | LR: 0.000200 | Rev: 0/99999
Epoch 5539 | Cost: 0.338699 | Acc: 80.28% (Best: 81.67% @ Ep5303) | LR: 0.000200 | Rev: 1/99999
Epoch 5540 | Cost: 0.341921 | Acc: 80.28% (Best: 81.67% @ Ep5303) | LR: 0.000200 | Rev: 2/99999
Epoch 5541 | Cost: 0.329163 | Acc: 80.56% (Best: 81.67% @ Ep5303) | LR: 0.000200 | Rev: 0/99999
Epoch 5542 | Cost: 0.330115 | Acc: 81.11% (Best: 81.67% @ Ep5303) | LR: 0.000200 | Rev: 1/99999
Epoch 5543 | Cost: 0.327094 | Acc: 79.72% (Best: 81.67% @ Ep5303) | LR: 0.000210 | Rev: 0/99999
Epoch 5544 | Cost: 0.333047 | Acc: 80.83% (Best: 81.67% @ Ep5303) | LR: 0.000210 | Rev: 1/99999
Epoch 5545 | Cost: 0.332345 | Acc: 80.28% (Best: 81.67% @ Ep5303) | LR: 0.000210 | Rev: 0/99999
Epoch 5546 | Cost: 0.343991 | Acc: 79.44% (Best: 81.67% @ Ep5303) | LR: 0.000210 | Rev: 1/99999
Epoch 5547 | Cost: 0.347369 | Acc: 79.72% (Best: 81.67% @ Ep5303) | LR: 0.000210 | Rev: 2/99999
Epoch 5548 | Cost: 0.331638 | Acc: 79.72% (Best: 81.67% @ Ep5303) | LR: 0.000210 | Rev: 0/99999
Epoch 5549 | Cost: 0.333569 | Acc: 80.56% (Best: 81.67% @ Ep5303) | LR: 0.000210 | Rev: 1/99999
Epoch 5550 | Cost: 0.328703 | Acc: 80.28% (Best: 81.67% @ Ep5303) | LR: 0.000210 | Rev: 0/99999
Epoch 5551 | Cost: 0.350130 | Acc: 79.17% (Best: 81.67% @ Ep5303) | LR: 0.000210 | Rev: 1/99999
Epoch 5552 | Cost: 0.337369 | Acc: 79.44% (Best: 81.67% @ Ep5303) | LR: 0.000210 | Rev: 0/99999
Epoch 5553 | Cost: 0.352083 | Acc: 80.28% (Best: 81.67% @ Ep5303) | LR: 0.000220 | Rev: 1/99999
Epoch 5554 | Cost: 0.338757 | Acc: 80.56% (Best: 81.67% @ Ep5303) | LR: 0.000220 | Rev: 0/99999
Epoch 5555 | Cost: 0.357905 | Acc: 79.72% (Best: 81.67% @ Ep5303) | LR: 0.000220 | Rev: 1/99999
Epoch 5556 | Cost: 0.328330 | Acc: 80.28% (Best: 81.67% @ Ep5303) | LR: 0.000220 | Rev: 0/99999
Epoch 5557 | Cost: 0.338380 | Acc: 79.44% (Best: 81.67% @ Ep5303) | LR: 0.000220 | Rev: 1/99999
Epoch 5558 | Cost: 0.345610 | Acc: 80.00% (Best: 81.67% @ Ep5303) | LR: 0.000220 | Rev: 2/99999
Epoch 5559 | Cost: 0.361928 | Acc: 79.44% (Best: 81.67% @ Ep5303) | LR: 0.000220 | Rev: 3/99999
Epoch 5560 | Cost: 0.354898 | Acc: 79.72% (Best: 81.67% @ Ep5303) | LR: 0.000220 | Rev: 0/99999
Epoch 5561 | Cost: 0.343875 | Acc: 79.17% (Best: 81.67% @ Ep5303) | LR: 0.000220 | Rev: 0/99999
Epoch 5562 | Cost: 0.340675 | Acc: 80.28% (Best: 81.67% @ Ep5303) | LR: 0.000220 | Rev: 0/99999
Epoch 5563 | Cost: 0.357341 | Acc: 79.44% (Best: 81.67% @ Ep5303) | LR: 0.000230 | Rev: 1/99999
Epoch 5564 | Cost: 0.327549 | Acc: 79.72% (Best: 81.67% @ Ep5303) | LR: 0.000230 | Rev: 0/99999
Epoch 5565 | Cost: 0.346167 | Acc: 79.17% (Best: 81.67% @ Ep5303) | LR: 0.000230 | Rev: 1/99999
Epoch 5566 | Cost: 0.336465 | Acc: 80.28% (Best: 81.67% @ Ep5303) | LR: 0.000230 | Rev: 0/99999
Epoch 5567 | Cost: 0.319996 | Acc: 80.56% (Best: 81.67% @ Ep5303) | LR: 0.000230 | Rev: 0/99999
Epoch 5568 | Cost: 0.332773 | Acc: 80.56% (Best: 81.67% @ Ep5303) | LR: 0.000230 | Rev: 1/99999
Epoch 5569 | Cost: 0.357815 | Acc: 79.44% (Best: 81.67% @ Ep5303) | LR: 0.000230 | Rev: 2/99999
Epoch 5570 | Cost: 0.322314 | Acc: 79.72% (Best: 81.67% @ Ep5303) | LR: 0.000230 | Rev: 0/99999
Epoch 5571 | Cost: 0.342732 | Acc: 80.28% (Best: 81.67% @ Ep5303) | LR: 0.000230 | Rev: 1/99999
Epoch 5572 | Cost: 0.323817 | Acc: 80.28% (Best: 81.67% @ Ep5303) | LR: 0.000230 | Rev: 0/99999
Epoch 5573 | Cost: 0.327805 | Acc: 80.00% (Best: 81.67% @ Ep5303) | LR: 0.000240 | Rev: 1/99999
Epoch 5574 | Cost: 0.351536 | Acc: 79.44% (Best: 81.67% @ Ep5303) | LR: 0.000240 | Rev: 2/99999
Epoch 5575 | Cost: 0.329087 | Acc: 79.17% (Best: 81.67% @ Ep5303) | LR: 0.000240 | Rev: 0/99999
Epoch 5576 | Cost: 0.391752 | Acc: 79.72% (Best: 81.67% @ Ep5303) | LR: 0.000240 | Rev: 1/99999
Epoch 5577 | Cost: 0.337279 | Acc: 80.56% (Best: 81.67% @ Ep5303) | LR: 0.000240 | Rev: 0/99999
Epoch 5578 | Cost: 0.335139 | Acc: 79.72% (Best: 81.67% @ Ep5303) | LR: 0.000240 | Rev: 0/99999
Epoch 5579 | Cost: 0.363796 | Acc: 81.11% (Best: 81.67% @ Ep5303) | LR: 0.000240 | Rev: 1/99999
Epoch 5580 | Cost: 0.350703 | Acc: 79.17% (Best: 81.67% @ Ep5303) | LR: 0.000240 | Rev: 0/99999
Epoch 5581 | Cost: 0.337194 | Acc: 80.00% (Best: 81.67% @ Ep5303) | LR: 0.000240 | Rev: 0/99999
Epoch 5582 | Cost: 0.342332 | Acc: 80.28% (Best: 81.67% @ Ep5303) | LR: 0.000240 | Rev: 1/99999
Epoch 5583 | Cost: 0.355246 | Acc: 79.72% (Best: 81.67% @ Ep5303) | LR: 0.000250 | Rev: 2/99999
Epoch 5584 | Cost: 0.321285 | Acc: 79.44% (Best: 81.67% @ Ep5303) | LR: 0.000250 | Rev: 0/99999
Epoch 5585 | Cost: 0.359365 | Acc: 80.83% (Best: 81.67% @ Ep5303) | LR: 0.000250 | Rev: 1/99999
Epoch 5586 | Cost: 0.317561 | Acc: 81.11% (Best: 81.67% @ Ep5303) | LR: 0.000250 | Rev: 0/99999
Epoch 5587 | Cost: 0.354454 | Acc: 80.56% (Best: 81.67% @ Ep5303) | LR: 0.000250 | Rev: 1/99999
Epoch 5588 | Cost: 0.338251 | Acc: 80.00% (Best: 81.67% @ Ep5303) | LR: 0.000250 | Rev: 0/99999
Epoch 5589 | Cost: 0.324455 | Acc: 79.72% (Best: 81.67% @ Ep5303) | LR: 0.000250 | Rev: 0/99999
Epoch 5590 | Cost: 0.338839 | Acc: 79.72% (Best: 81.67% @ Ep5303) | LR: 0.000250 | Rev: 1/99999
Epoch 5591 | Cost: 0.354110 | Acc: 79.72% (Best: 81.67% @ Ep5303) | LR: 0.000250 | Rev: 2/99999
Epoch 5592 | Cost: 0.332756 | Acc: 80.83% (Best: 81.67% @ Ep5303) | LR: 0.000250 | Rev: 0/99999
Epoch 5593 | Cost: 0.338762 | Acc: 79.44% (Best: 81.67% @ Ep5303) | LR: 0.000260 | Rev: 1/99999
Epoch 5594 | Cost: 0.359903 | Acc: 80.56% (Best: 81.67% @ Ep5303) | LR: 0.000260 | Rev: 2/99999
Epoch 5595 | Cost: 0.332662 | Acc: 79.17% (Best: 81.67% @ Ep5303) | LR: 0.000260 | Rev: 0/99999
Epoch 5596 | Cost: 0.348057 | Acc: 80.00% (Best: 81.67% @ Ep5303) | LR: 0.000260 | Rev: 1/99999
Epoch 5597 | Cost: 0.328235 | Acc: 80.00% (Best: 81.67% @ Ep5303) | LR: 0.000260 | Rev: 0/99999
Epoch 5598 | Cost: 0.340574 | Acc: 80.00% (Best: 81.67% @ Ep5303) | LR: 0.000260 | Rev: 1/99999
Epoch 5599 | Cost: 0.347367 | Acc: 78.89% (Best: 81.67% @ Ep5303) | LR: 0.000260 | Rev: 2/99999
Epoch 5600 | Cost: 0.359757 | Acc: 79.72% (Best: 81.67% @ Ep5303) | LR: 0.000260 | Rev: 3/99999
Epoch 5601 | Cost: 0.349409 | Acc: 80.28% (Best: 81.67% @ Ep5303) | LR: 0.000260 | Rev: 0/99999
Epoch 5602 | Cost: 0.343845 | Acc: 78.61% (Best: 81.67% @ Ep5303) | LR: 0.000260 | Rev: 0/99999
Epoch 5603 | Cost: 0.366909 | Acc: 81.39% (Best: 81.67% @ Ep5303) | LR: 0.000270 | Rev: 1/99999
Epoch 5604 | Cost: 0.347785 | Acc: 79.17% (Best: 81.67% @ Ep5303) | LR: 0.000270 | Rev: 0/99999
Epoch 5605 | Cost: 0.336947 | Acc: 79.72% (Best: 81.67% @ Ep5303) | LR: 0.000270 | Rev: 0/99999
Epoch 5606 | Cost: 0.332857 | Acc: 79.72% (Best: 81.67% @ Ep5303) | LR: 0.000270 | Rev: 0/99999
Epoch 5607 | Cost: 0.351944 | Acc: 79.44% (Best: 81.67% @ Ep5303) | LR: 0.000270 | Rev: 1/99999
Epoch 5608 | Cost: 0.324828 | Acc: 79.72% (Best: 81.67% @ Ep5303) | LR: 0.000270 | Rev: 0/99999
Epoch 5609 | Cost: 0.357430 | Acc: 79.44% (Best: 81.67% @ Ep5303) | LR: 0.000270 | Rev: 1/99999
Epoch 5610 | Cost: 0.361019 | Acc: 79.72% (Best: 81.67% @ Ep5303) | LR: 0.000270 | Rev: 2/99999
Epoch 5611 | Cost: 0.349371 | Acc: 80.00% (Best: 81.67% @ Ep5303) | LR: 0.000270 | Rev: 0/99999
Epoch 5612 | Cost: 0.332546 | Acc: 80.00% (Best: 81.67% @ Ep5303) | LR: 0.000270 | Rev: 0/99999
Epoch 5613 | Cost: 0.332912 | Acc: 80.28% (Best: 81.67% @ Ep5303) | LR: 0.000280 | Rev: 1/99999
Epoch 5614 | Cost: 0.333365 | Acc: 77.78% (Best: 81.67% @ Ep5303) | LR: 0.000280 | Rev: 2/99999
Epoch 5615 | Cost: 0.345367 | Acc: 79.72% (Best: 81.67% @ Ep5303) | LR: 0.000280 | Rev: 3/99999
Epoch 5616 | Cost: 0.330852 | Acc: 80.56% (Best: 81.67% @ Ep5303) | LR: 0.000280 | Rev: 0/99999
Epoch 5617 | Cost: 0.329499 | Acc: 80.00% (Best: 81.67% @ Ep5303) | LR: 0.000280 | Rev: 0/99999
Epoch 5618 | Cost: 0.335301 | Acc: 80.00% (Best: 81.67% @ Ep5303) | LR: 0.000280 | Rev: 1/99999
Epoch 5619 | Cost: 0.325581 | Acc: 79.72% (Best: 81.67% @ Ep5303) | LR: 0.000280 | Rev: 0/99999
Epoch 5620 | Cost: 0.358654 | Acc: 80.56% (Best: 81.67% @ Ep5303) | LR: 0.000280 | Rev: 1/99999
Epoch 5621 | Cost: 0.369672 | Acc: 81.11% (Best: 81.67% @ Ep5303) | LR: 0.000280 | Rev: 2/99999
Epoch 5622 | Cost: 0.345890 | Acc: 80.28% (Best: 81.67% @ Ep5303) | LR: 0.000280 | Rev: 0/99999
Epoch 5623 | Cost: 0.353668 | Acc: 79.72% (Best: 81.67% @ Ep5303) | LR: 0.000290 | Rev: 1/99999
Epoch 5624 | Cost: 0.349605 | Acc: 78.06% (Best: 81.67% @ Ep5303) | LR: 0.000290 | Rev: 0/99999
Epoch 5625 | Cost: 0.351531 | Acc: 80.28% (Best: 81.67% @ Ep5303) | LR: 0.000290 | Rev: 1/99999
Epoch 5626 | Cost: 0.352440 | Acc: 80.83% (Best: 81.67% @ Ep5303) | LR: 0.000290 | Rev: 2/99999
Epoch 5627 | Cost: 0.363756 | Acc: 80.00% (Best: 81.67% @ Ep5303) | LR: 0.000290 | Rev: 3/99999
Epoch 5628 | Cost: 0.335585 | Acc: 80.00% (Best: 81.67% @ Ep5303) | LR: 0.000290 | Rev: 0/99999
Epoch 5629 | Cost: 0.330846 | Acc: 80.00% (Best: 81.67% @ Ep5303) | LR: 0.000290 | Rev: 0/99999
Epoch 5630 | Cost: 0.333324 | Acc: 80.83% (Best: 81.67% @ Ep5303) | LR: 0.000290 | Rev: 1/99999
Epoch 5631 | Cost: 0.343711 | Acc: 80.00% (Best: 81.67% @ Ep5303) | LR: 0.000290 | Rev: 2/99999
Epoch 5632 | Cost: 0.364582 | Acc: 81.11% (Best: 81.67% @ Ep5303) | LR: 0.000290 | Rev: 3/99999
Epoch 5633 | Cost: 0.343434 | Acc: 79.72% (Best: 81.67% @ Ep5303) | LR: 0.000300 | Rev: 0/99999
Epoch 5634 | Cost: 0.357568 | Acc: 79.17% (Best: 81.67% @ Ep5303) | LR: 0.000300 | Rev: 1/99999
Epoch 5635 | Cost: 0.331971 | Acc: 80.00% (Best: 81.67% @ Ep5303) | LR: 0.000300 | Rev: 0/99999
Epoch 5636 | Cost: 0.344804 | Acc: 80.28% (Best: 81.67% @ Ep5303) | LR: 0.000300 | Rev: 1/99999
Epoch 5637 | Cost: 0.336656 | Acc: 79.72% (Best: 81.67% @ Ep5303) | LR: 0.000300 | Rev: 0/99999
Epoch 5638 | Cost: 0.323308 | Acc: 79.72% (Best: 81.67% @ Ep5303) | LR: 0.000300 | Rev: 0/99999
Epoch 5639 | Cost: 0.334901 | Acc: 79.44% (Best: 81.67% @ Ep5303) | LR: 0.000300 | Rev: 1/99999
Epoch 5640 | Cost: 0.344256 | Acc: 79.17% (Best: 81.67% @ Ep5303) | LR: 0.000300 | Rev: 2/99999
Epoch 5641 | Cost: 0.343067 | Acc: 80.28% (Best: 81.67% @ Ep5303) | LR: 0.000300 | Rev: 0/99999
Epoch 5642 | Cost: 0.355041 | Acc: 80.83% (Best: 81.67% @ Ep5303) | LR: 0.000300 | Rev: 1/99999
Epoch 5643 | Cost: 0.346061 | Acc: 80.00% (Best: 81.67% @ Ep5303) | LR: 0.000300 | Rev: 0/99999
Epoch 5644 | Cost: 0.344407 | Acc: 80.00% (Best: 81.67% @ Ep5303) | LR: 0.000300 | Rev: 0/99999
Epoch 5645 | Cost: 0.350193 | Acc: 80.83% (Best: 81.67% @ Ep5303) | LR: 0.000300 | Rev: 1/99999
Epoch 5646 | Cost: 0.328707 | Acc: 80.00% (Best: 81.67% @ Ep5303) | LR: 0.000300 | Rev: 0/99999
Epoch 5647 | Cost: 0.337987 | Acc: 79.44% (Best: 81.67% @ Ep5303) | LR: 0.000300 | Rev: 1/99999
Epoch 5648 | Cost: 0.340547 | Acc: 79.17% (Best: 81.67% @ Ep5303) | LR: 0.000300 | Rev: 2/99999
Epoch 5649 | Cost: 0.331973 | Acc: 81.11% (Best: 81.67% @ Ep5303) | LR: 0.000300 | Rev: 0/99999
Epoch 5650 | Cost: 0.333243 | Acc: 80.00% (Best: 81.67% @ Ep5303) | LR: 0.000300 | Rev: 1/99999
Epoch 5651 | Cost: 0.337582 | Acc: 79.44% (Best: 81.67% @ Ep5303) | LR: 0.000300 | Rev: 2/99999
Epoch 5652 | Cost: 0.343061 | Acc: 80.83% (Best: 81.67% @ Ep5303) | LR: 0.000300 | Rev: 3/99999
Epoch 5653 | Cost: 0.339295 | Acc: 80.56% (Best: 81.67% @ Ep5303) | LR: 0.000300 | Rev: 0/99999
Epoch 5654 | Cost: 0.340165 | Acc: 81.67% (Best: 81.67% @ Ep5303) | LR: 0.000300 | Rev: 1/99999
Epoch 5655 | Cost: 0.337017 | Acc: 79.44% (Best: 81.67% @ Ep5303) | LR: 0.000300 | Rev: 0/99999
Epoch 5656 | Cost: 0.324899 | Acc: 80.83% (Best: 81.67% @ Ep5303) | LR: 0.000300 | Rev: 0/99999
Epoch 5657 | Cost: 0.345146 | Acc: 79.72% (Best: 81.67% @ Ep5303) | LR: 0.000300 | Rev: 1/99999
Epoch 5658 | Cost: 0.350624 | Acc: 80.28% (Best: 81.67% @ Ep5303) | LR: 0.000300 | Rev: 2/99999
Epoch 5659 | Cost: 0.328365 | Acc: 79.72% (Best: 81.67% @ Ep5303) | LR: 0.000300 | Rev: 0/99999
Epoch 5660 | Cost: 0.332069 | Acc: 80.00% (Best: 81.67% @ Ep5303) | LR: 0.000300 | Rev: 1/99999
Epoch 5661 | Cost: 0.329271 | Acc: 78.33% (Best: 81.67% @ Ep5303) | LR: 0.000300 | Rev: 0/99999
Epoch 5662 | Cost: 0.323931 | Acc: 79.44% (Best: 81.67% @ Ep5303) | LR: 0.000300 | Rev: 0/99999
Epoch 5663 | Cost: 0.325787 | Acc: 79.44% (Best: 81.67% @ Ep5303) | LR: 0.000300 | Rev: 1/99999
Epoch 5664 | Cost: 0.324646 | Acc: 80.28% (Best: 81.67% @ Ep5303) | LR: 0.000300 | Rev: 0/99999
Epoch 5665 | Cost: 0.338591 | Acc: 79.44% (Best: 81.67% @ Ep5303) | LR: 0.000300 | Rev: 1/99999
Epoch 5666 | Cost: 0.338443 | Acc: 80.00% (Best: 81.67% @ Ep5303) | LR: 0.000300 | Rev: 0/99999
Epoch 5667 | Cost: 0.327856 | Acc: 80.00% (Best: 81.67% @ Ep5303) | LR: 0.000300 | Rev: 0/99999
Epoch 5668 | Cost: 0.329952 | Acc: 80.28% (Best: 81.67% @ Ep5303) | LR: 0.000300 | Rev: 1/99999
Epoch 5669 | Cost: 0.343331 | Acc: 78.89% (Best: 81.67% @ Ep5303) | LR: 0.000300 | Rev: 2/99999
Epoch 5670 | Cost: 0.345823 | Acc: 80.00% (Best: 81.67% @ Ep5303) | LR: 0.000300 | Rev: 3/99999
Epoch 5671 | Cost: 0.336828 | Acc: 79.17% (Best: 81.67% @ Ep5303) | LR: 0.000300 | Rev: 0/99999
Epoch 5672 | Cost: 0.350294 | Acc: 80.56% (Best: 81.67% @ Ep5303) | LR: 0.000300 | Rev: 1/99999
Epoch 5673 | Cost: 0.322257 | Acc: 80.00% (Best: 81.67% @ Ep5303) | LR: 0.000300 | Rev: 0/99999
Epoch 5674 | Cost: 0.337577 | Acc: 80.28% (Best: 81.67% @ Ep5303) | LR: 0.000300 | Rev: 1/99999
Epoch 5675 | Cost: 0.346799 | Acc: 80.28% (Best: 81.67% @ Ep5303) | LR: 0.000300 | Rev: 2/99999
Epoch 5676 | Cost: 0.347163 | Acc: 80.28% (Best: 81.67% @ Ep5303) | LR: 0.000300 | Rev: 3/99999
Epoch 5677 | Cost: 0.319719 | Acc: 80.00% (Best: 81.67% @ Ep5303) | LR: 0.000300 | Rev: 0/99999
Epoch 5678 | Cost: 0.344269 | Acc: 81.11% (Best: 81.67% @ Ep5303) | LR: 0.000300 | Rev: 1/99999
Epoch 5679 | Cost: 0.344895 | Acc: 80.83% (Best: 81.67% @ Ep5303) | LR: 0.000300 | Rev: 2/99999
Epoch 5680 | Cost: 0.345643 | Acc: 80.28% (Best: 81.67% @ Ep5303) | LR: 0.000300 | Rev: 3/99999
Epoch 5681 | Cost: 0.386026 | Acc: 80.00% (Best: 81.67% @ Ep5303) | LR: 0.000300 | Rev: 4/99999
Epoch 5682 | Cost: 0.359033 | Acc: 79.44% (Best: 81.67% @ Ep5303) | LR: 0.000300 | Rev: 0/99999
Epoch 5683 | Cost: 0.351673 | Acc: 80.28% (Best: 81.67% @ Ep5303) | LR: 0.000300 | Rev: 0/99999
Epoch 5684 | Cost: 0.360462 | Acc: 79.44% (Best: 81.67% @ Ep5303) | LR: 0.000300 | Rev: 1/99999
Epoch 5685 | Cost: 0.327578 | Acc: 80.28% (Best: 81.67% @ Ep5303) | LR: 0.000300 | Rev: 0/99999
Epoch 5686 | Cost: 0.324757 | Acc: 78.61% (Best: 81.67% @ Ep5303) | LR: 0.000300 | Rev: 0/99999
Epoch 5687 | Cost: 0.353808 | Acc: 80.00% (Best: 81.67% @ Ep5303) | LR: 0.000300 | Rev: 1/99999
Epoch 5688 | Cost: 0.324378 | Acc: 79.72% (Best: 81.67% @ Ep5303) | LR: 0.000300 | Rev: 0/99999
Epoch 5689 | Cost: 0.335446 | Acc: 78.89% (Best: 81.67% @ Ep5303) | LR: 0.000300 | Rev: 1/99999
Epoch 5690 | Cost: 0.326842 | Acc: 80.00% (Best: 81.67% @ Ep5303) | LR: 0.000300 | Rev: 0/99999
Epoch 5691 | Cost: 0.322131 | Acc: 80.00% (Best: 81.67% @ Ep5303) | LR: 0.000300 | Rev: 0/99999
Epoch 5692 | Cost: 0.334716 | Acc: 80.00% (Best: 81.67% @ Ep5303) | LR: 0.000300 | Rev: 1/99999
Epoch 5693 | Cost: 0.349754 | Acc: 80.00% (Best: 81.67% @ Ep5303) | LR: 0.000300 | Rev: 2/99999
Epoch 5694 | Cost: 0.341141 | Acc: 80.00% (Best: 81.67% @ Ep5303) | LR: 0.000300 | Rev: 0/99999
Epoch 5695 | Cost: 0.379980 | Acc: 80.83% (Best: 81.67% @ Ep5303) | LR: 0.000300 | Rev: 1/99999
Epoch 5696 | Cost: 0.324755 | Acc: 79.72% (Best: 81.67% @ Ep5303) | LR: 0.000300 | Rev: 0/99999
Epoch 5697 | Cost: 0.327106 | Acc: 79.72% (Best: 81.67% @ Ep5303) | LR: 0.000300 | Rev: 1/99999
Epoch 5698 | Cost: 0.339615 | Acc: 79.44% (Best: 81.67% @ Ep5303) | LR: 0.000300 | Rev: 2/99999
Epoch 5699 | Cost: 0.334974 | Acc: 79.17% (Best: 81.67% @ Ep5303) | LR: 0.000300 | Rev: 0/99999
Epoch 5700 | Cost: 0.343671 | Acc: 79.44% (Best: 81.67% @ Ep5303) | LR: 0.000300 | Rev: 1/99999
Epoch 5701 | Cost: 0.336378 | Acc: 80.56% (Best: 81.67% @ Ep5303) | LR: 0.000300 | Rev: 0/99999
Epoch 5702 | Cost: 0.326007 | Acc: 80.28% (Best: 81.67% @ Ep5303) | LR: 0.000300 | Rev: 0/99999
Epoch 5703 | Cost: 0.336834 | Acc: 80.56% (Best: 81.67% @ Ep5303) | LR: 0.000300 | Rev: 1/99999
Epoch 5704 | Cost: 0.359978 | Acc: 78.89% (Best: 81.67% @ Ep5303) | LR: 0.000300 | Rev: 2/99999
Epoch 5705 | Cost: 0.322007 | Acc: 80.28% (Best: 81.67% @ Ep5303) | LR: 0.000300 | Rev: 0/99999
Epoch 5706 | Cost: 0.342579 | Acc: 80.28% (Best: 81.67% @ Ep5303) | LR: 0.000300 | Rev: 1/99999
Epoch 5707 | Cost: 0.335369 | Acc: 79.72% (Best: 81.67% @ Ep5303) | LR: 0.000300 | Rev: 0/99999
Epoch 5708 | Cost: 0.317258 | Acc: 79.44% (Best: 81.67% @ Ep5303) | LR: 0.000300 | Rev: 0/99999
Epoch 5709 | Cost: 0.337500 | Acc: 80.28% (Best: 81.67% @ Ep5303) | LR: 0.000300 | Rev: 1/99999
Epoch 5710 | Cost: 0.355909 | Acc: 81.11% (Best: 81.67% @ Ep5303) | LR: 0.000300 | Rev: 2/99999
Epoch 5711 | Cost: 0.329500 | Acc: 80.56% (Best: 81.67% @ Ep5303) | LR: 0.000300 | Rev: 0/99999
Epoch 5712 | Cost: 0.323463 | Acc: 81.11% (Best: 81.67% @ Ep5303) | LR: 0.000300 | Rev: 0/99999
Epoch 5713 | Cost: 0.319750 | Acc: 80.28% (Best: 81.67% @ Ep5303) | LR: 0.000300 | Rev: 0/99999
Epoch 5714 | Cost: 0.335792 | Acc: 79.72% (Best: 81.67% @ Ep5303) | LR: 0.000300 | Rev: 1/99999
Epoch 5715 | Cost: 0.340792 | Acc: 80.28% (Best: 81.67% @ Ep5303) | LR: 0.000300 | Rev: 2/99999
Epoch 5716 | Cost: 0.328511 | Acc: 79.44% (Best: 81.67% @ Ep5303) | LR: 0.000300 | Rev: 0/99999
Epoch 5717 | Cost: 0.340017 | Acc: 80.83% (Best: 81.67% @ Ep5303) | LR: 0.000300 | Rev: 1/99999
Epoch 5718 | Cost: 0.330870 | Acc: 80.56% (Best: 81.67% @ Ep5303) | LR: 0.000300 | Rev: 0/99999
Epoch 5719 | Cost: 0.326582 | Acc: 79.72% (Best: 81.67% @ Ep5303) | LR: 0.000300 | Rev: 0/99999
Epoch 5720 | Cost: 0.333860 | Acc: 80.83% (Best: 81.67% @ Ep5303) | LR: 0.000300 | Rev: 1/99999
Epoch 5721 | Cost: 0.339383 | Acc: 80.56% (Best: 81.67% @ Ep5303) | LR: 0.000300 | Rev: 2/99999
Epoch 5722 | Cost: 0.324093 | Acc: 80.28% (Best: 81.67% @ Ep5303) | LR: 0.000300 | Rev: 0/99999
Epoch 5723 | Cost: 0.333462 | Acc: 80.28% (Best: 81.67% @ Ep5303) | LR: 0.000300 | Rev: 1/99999
Epoch 5724 | Cost: 0.316624 | Acc: 79.17% (Best: 81.67% @ Ep5303) | LR: 0.000300 | Rev: 0/99999
Epoch 5725 | Cost: 0.331920 | Acc: 80.83% (Best: 81.67% @ Ep5303) | LR: 0.000300 | Rev: 1/99999
Epoch 5726 | Cost: 0.351681 | Acc: 80.56% (Best: 81.67% @ Ep5303) | LR: 0.000300 | Rev: 2/99999
Epoch 5727 | Cost: 0.339648 | Acc: 79.44% (Best: 81.67% @ Ep5303) | LR: 0.000300 | Rev: 0/99999
Epoch 5728 | Cost: 0.322229 | Acc: 80.56% (Best: 81.67% @ Ep5303) | LR: 0.000300 | Rev: 0/99999
Epoch 5729 | Cost: 0.316113 | Acc: 80.83% (Best: 81.67% @ Ep5303) | LR: 0.000300 | Rev: 0/99999
Epoch 5730 | Cost: 0.343752 | Acc: 80.83% (Best: 81.67% @ Ep5303) | LR: 0.000300 | Rev: 1/99999
Epoch 5731 | Cost: 0.335643 | Acc: 79.72% (Best: 81.67% @ Ep5303) | LR: 0.000300 | Rev: 0/99999
Epoch 5732 | Cost: 0.315438 | Acc: 79.72% (Best: 81.67% @ Ep5303) | LR: 0.000300 | Rev: 0/99999
Epoch 5733 | Cost: 0.330638 | Acc: 80.00% (Best: 81.67% @ Ep5303) | LR: 0.000300 | Rev: 1/99999
Epoch 5734 | Cost: 0.328523 | Acc: 80.83% (Best: 81.67% @ Ep5303) | LR: 0.000300 | Rev: 0/99999
Epoch 5735 | Cost: 0.340258 | Acc: 79.72% (Best: 81.67% @ Ep5303) | LR: 0.000300 | Rev: 1/99999
Epoch 5736 | Cost: 0.324495 | Acc: 80.56% (Best: 81.67% @ Ep5303) | LR: 0.000300 | Rev: 0/99999
Epoch 5737 | Cost: 0.360068 | Acc: 80.83% (Best: 81.67% @ Ep5303) | LR: 0.000300 | Rev: 1/99999
Epoch 5738 | Cost: 0.345260 | Acc: 79.44% (Best: 81.67% @ Ep5303) | LR: 0.000300 | Rev: 0/99999
Epoch 5739 | Cost: 0.318522 | Acc: 80.83% (Best: 81.67% @ Ep5303) | LR: 0.000300 | Rev: 0/99999
Epoch 5740 | Cost: 0.352059 | Acc: 81.39% (Best: 81.67% @ Ep5303) | LR: 0.000300 | Rev: 1/99999
Epoch 5741 | Cost: 0.329739 | Acc: 80.00% (Best: 81.67% @ Ep5303) | LR: 0.000300 | Rev: 0/99999
Epoch 5742 | Cost: 0.343251 | Acc: 80.56% (Best: 81.67% @ Ep5303) | LR: 0.000300 | Rev: 1/99999
Epoch 5743 | Cost: 0.326780 | Acc: 81.39% (Best: 81.67% @ Ep5303) | LR: 0.000300 | Rev: 0/99999
Epoch 5744 | Cost: 0.329673 | Acc: 81.67% (Best: 81.67% @ Ep5303) | LR: 0.000300 | Rev: 1/99999
Epoch 5745 | Cost: 0.344987 | Acc: 80.28% (Best: 81.67% @ Ep5303) | LR: 0.000300 | Rev: 2/99999
Epoch 5746 | Cost: 0.338974 | Acc: 80.00% (Best: 81.67% @ Ep5303) | LR: 0.000300 | Rev: 0/99999
Epoch 5747 | Cost: 0.329382 | Acc: 80.00% (Best: 81.67% @ Ep5303) | LR: 0.000300 | Rev: 0/99999
Epoch 5748 | Cost: 0.320908 | Acc: 79.44% (Best: 81.67% @ Ep5303) | LR: 0.000300 | Rev: 0/99999
Epoch 5749 | Cost: 0.318704 | Acc: 80.00% (Best: 81.67% @ Ep5303) | LR: 0.000300 | Rev: 0/99999
Epoch 5750 | Cost: 0.327583 | Acc: 80.83% (Best: 81.67% @ Ep5303) | LR: 0.000300 | Rev: 1/99999
Epoch 5751 | Cost: 0.353208 | Acc: 80.83% (Best: 81.67% @ Ep5303) | LR: 0.000300 | Rev: 2/99999
Epoch 5752 | Cost: 0.328087 | Acc: 80.83% (Best: 81.67% @ Ep5303) | LR: 0.000300 | Rev: 0/99999
Epoch 5753 | Cost: 0.335921 | Acc: 81.11% (Best: 81.67% @ Ep5303) | LR: 0.000300 | Rev: 1/99999
Epoch 5754 | Cost: 0.335456 | Acc: 80.28% (Best: 81.67% @ Ep5303) | LR: 0.000300 | Rev: 0/99999
Epoch 5755 | Cost: 0.319052 | Acc: 80.00% (Best: 81.67% @ Ep5303) | LR: 0.000300 | Rev: 0/99999
Epoch 5756 | Cost: 0.310828 | Acc: 79.72% (Best: 81.67% @ Ep5303) | LR: 0.000300 | Rev: 0/99999
Epoch 5757 | Cost: 0.339109 | Acc: 80.56% (Best: 81.67% @ Ep5303) | LR: 0.000300 | Rev: 1/99999
Epoch 5758 | Cost: 0.332173 | Acc: 80.56% (Best: 81.67% @ Ep5303) | LR: 0.000300 | Rev: 0/99999
Epoch 5759 | Cost: 0.335143 | Acc: 79.72% (Best: 81.67% @ Ep5303) | LR: 0.000300 | Rev: 1/99999
Epoch 5760 | Cost: 0.319457 | Acc: 81.11% (Best: 81.67% @ Ep5303) | LR: 0.000300 | Rev: 0/99999
Epoch 5761 | Cost: 0.316741 | Acc: 81.11% (Best: 81.67% @ Ep5303) | LR: 0.000300 | Rev: 0/99999
Epoch 5762 | Cost: 0.364863 | Acc: 80.28% (Best: 81.67% @ Ep5303) | LR: 0.000300 | Rev: 1/99999
Epoch 5763 | Cost: 0.329979 | Acc: 80.28% (Best: 81.67% @ Ep5303) | LR: 0.000300 | Rev: 0/99999
Epoch 5764 | Cost: 0.332297 | Acc: 79.72% (Best: 81.67% @ Ep5303) | LR: 0.000300 | Rev: 1/99999
Epoch 5765 | Cost: 0.331633 | Acc: 80.28% (Best: 81.67% @ Ep5303) | LR: 0.000300 | Rev: 0/99999
Epoch 5766 | Cost: 0.313894 | Acc: 80.00% (Best: 81.67% @ Ep5303) | LR: 0.000300 | Rev: 0/99999
Epoch 5767 | Cost: 0.328501 | Acc: 79.44% (Best: 81.67% @ Ep5303) | LR: 0.000300 | Rev: 1/99999
Epoch 5768 | Cost: 0.334595 | Acc: 78.61% (Best: 81.67% @ Ep5303) | LR: 0.000300 | Rev: 2/99999
Epoch 5769 | Cost: 0.317750 | Acc: 79.72% (Best: 81.67% @ Ep5303) | LR: 0.000300 | Rev: 0/99999
Epoch 5770 | Cost: 0.321314 | Acc: 80.83% (Best: 81.67% @ Ep5303) | LR: 0.000300 | Rev: 1/99999
Epoch 5771 | Cost: 0.343599 | Acc: 78.89% (Best: 81.67% @ Ep5303) | LR: 0.000300 | Rev: 2/99999
Epoch 5772 | Cost: 0.335231 | Acc: 80.00% (Best: 81.67% @ Ep5303) | LR: 0.000300 | Rev: 0/99999
Epoch 5773 | Cost: 0.352862 | Acc: 79.44% (Best: 81.67% @ Ep5303) | LR: 0.000300 | Rev: 1/99999
Epoch 5774 | Cost: 0.329638 | Acc: 80.00% (Best: 81.67% @ Ep5303) | LR: 0.000300 | Rev: 0/99999
Epoch 5775 | Cost: 0.318410 | Acc: 80.56% (Best: 81.67% @ Ep5303) | LR: 0.000300 | Rev: 0/99999
Epoch 5776 | Cost: 0.334445 | Acc: 80.00% (Best: 81.67% @ Ep5303) | LR: 0.000300 | Rev: 1/99999
Epoch 5777 | Cost: 0.321917 | Acc: 80.56% (Best: 81.67% @ Ep5303) | LR: 0.000300 | Rev: 0/99999
Epoch 5778 | Cost: 0.315165 | Acc: 81.67% (Best: 81.67% @ Ep5303) | LR: 0.000300 | Rev: 0/99999
Epoch 5779 | Cost: 0.327464 | Acc: 80.28% (Best: 81.67% @ Ep5303) | LR: 0.000300 | Rev: 1/99999
Epoch 5780 | Cost: 0.318441 | Acc: 80.28% (Best: 81.67% @ Ep5303) | LR: 0.000300 | Rev: 0/99999
Epoch 5781 | Cost: 0.321422 | Acc: 80.83% (Best: 81.67% @ Ep5303) | LR: 0.000300 | Rev: 1/99999
Epoch 5782 | Cost: 0.317944 | Acc: 80.56% (Best: 81.67% @ Ep5303) | LR: 0.000300 | Rev: 0/99999
Epoch 5783 | Cost: 0.308513 | Acc: 78.89% (Best: 81.67% @ Ep5303) | LR: 0.000300 | Rev: 0/99999
Epoch 5784 | Cost: 0.326942 | Acc: 79.72% (Best: 81.67% @ Ep5303) | LR: 0.000300 | Rev: 1/99999
Epoch 5785 | Cost: 0.324384 | Acc: 80.56% (Best: 81.67% @ Ep5303) | LR: 0.000300 | Rev: 0/99999
Epoch 5786 | Cost: 0.328897 | Acc: 80.83% (Best: 81.67% @ Ep5303) | LR: 0.000300 | Rev: 1/99999
Epoch 5787 | Cost: 0.314888 | Acc: 80.00% (Best: 81.67% @ Ep5303) | LR: 0.000300 | Rev: 0/99999
Epoch 5788 | Cost: 0.356081 | Acc: 80.83% (Best: 81.67% @ Ep5303) | LR: 0.000300 | Rev: 1/99999
Epoch 5789 | Cost: 0.328308 | Acc: 79.17% (Best: 81.67% @ Ep5303) | LR: 0.000300 | Rev: 0/99999
Epoch 5790 | Cost: 0.325323 | Acc: 81.11% (Best: 81.67% @ Ep5303) | LR: 0.000300 | Rev: 0/99999
Epoch 5791 | Cost: 0.325415 | Acc: 80.56% (Best: 81.67% @ Ep5303) | LR: 0.000300 | Rev: 1/99999
Epoch 5792 | Cost: 0.362689 | Acc: 80.28% (Best: 81.67% @ Ep5303) | LR: 0.000300 | Rev: 2/99999
Epoch 5793 | Cost: 0.323043 | Acc: 79.72% (Best: 81.67% @ Ep5303) | LR: 0.000300 | Rev: 0/99999
Epoch 5794 | Cost: 0.338988 | Acc: 81.11% (Best: 81.67% @ Ep5303) | LR: 0.000300 | Rev: 1/99999
Epoch 5795 | Cost: 0.323537 | Acc: 82.22% (Best: 82.22% @ Ep5795) | LR: 0.000010 | Rev: 0/99999
Epoch 5796 | Cost: 0.307561 | Acc: 82.22% (Best: 82.22% @ Ep5795) | LR: 0.000010 | Rev: 0/99999
Epoch 5797 | Cost: 0.311804 | Acc: 81.94% (Best: 82.22% @ Ep5795) | LR: 0.000010 | Rev: 1/99999
Epoch 5798 | Cost: 0.316392 | Acc: 81.39% (Best: 82.22% @ Ep5795) | LR: 0.000010 | Rev: 2/99999
Epoch 5799 | Cost: 0.306951 | Acc: 81.39% (Best: 82.22% @ Ep5795) | LR: 0.000010 | Rev: 0/99999
Epoch 5800 | Cost: 0.305649 | Acc: 81.39% (Best: 82.22% @ Ep5795) | LR: 0.000010 | Rev: 0/99999
Epoch 5801 | Cost: 0.315568 | Acc: 81.67% (Best: 82.22% @ Ep5795) | LR: 0.000010 | Rev: 1/99999
Epoch 5802 | Cost: 0.313668 | Acc: 81.39% (Best: 82.22% @ Ep5795) | LR: 0.000010 | Rev: 0/99999
Epoch 5803 | Cost: 0.305537 | Acc: 81.39% (Best: 82.22% @ Ep5795) | LR: 0.000010 | Rev: 0/99999
Epoch 5804 | Cost: 0.300600 | Acc: 81.39% (Best: 82.22% @ Ep5795) | LR: 0.000010 | Rev: 0/99999
Epoch 5805 | Cost: 0.298978 | Acc: 81.67% (Best: 82.22% @ Ep5795) | LR: 0.000010 | Rev: 0/99999
Epoch 5806 | Cost: 0.293175 | Acc: 81.94% (Best: 82.22% @ Ep5795) | LR: 0.000010 | Rev: 0/99999
Epoch 5807 | Cost: 0.297486 | Acc: 81.94% (Best: 82.22% @ Ep5795) | LR: 0.000010 | Rev: 1/99999
Epoch 5808 | Cost: 0.294897 | Acc: 81.39% (Best: 82.22% @ Ep5795) | LR: 0.000010 | Rev: 0/99999
Epoch 5809 | Cost: 0.298360 | Acc: 81.39% (Best: 82.22% @ Ep5795) | LR: 0.000010 | Rev: 1/99999
Epoch 5810 | Cost: 0.308934 | Acc: 81.67% (Best: 82.22% @ Ep5795) | LR: 0.000010 | Rev: 2/99999
Epoch 5811 | Cost: 0.305765 | Acc: 81.67% (Best: 82.22% @ Ep5795) | LR: 0.000010 | Rev: 0/99999
Epoch 5812 | Cost: 0.316277 | Acc: 81.67% (Best: 82.22% @ Ep5795) | LR: 0.000010 | Rev: 1/99999
Epoch 5813 | Cost: 0.305641 | Acc: 81.39% (Best: 82.22% @ Ep5795) | LR: 0.000010 | Rev: 0/99999
Epoch 5814 | Cost: 0.301779 | Acc: 81.39% (Best: 82.22% @ Ep5795) | LR: 0.000010 | Rev: 0/99999
Epoch 5815 | Cost: 0.310846 | Acc: 81.39% (Best: 82.22% @ Ep5795) | LR: 0.000010 | Rev: 1/99999
Epoch 5816 | Cost: 0.311003 | Acc: 81.39% (Best: 82.22% @ Ep5795) | LR: 0.000010 | Rev: 2/99999
Epoch 5817 | Cost: 0.293315 | Acc: 81.39% (Best: 82.22% @ Ep5795) | LR: 0.000010 | Rev: 0/99999
Epoch 5818 | Cost: 0.297675 | Acc: 81.67% (Best: 82.22% @ Ep5795) | LR: 0.000010 | Rev: 1/99999
Epoch 5819 | Cost: 0.299318 | Acc: 81.67% (Best: 82.22% @ Ep5795) | LR: 0.000010 | Rev: 2/99999
Epoch 5820 | Cost: 0.300060 | Acc: 81.11% (Best: 82.22% @ Ep5795) | LR: 0.000010 | Rev: 3/99999
Epoch 5821 | Cost: 0.300830 | Acc: 81.39% (Best: 82.22% @ Ep5795) | LR: 0.000010 | Rev: 4/99999
Epoch 5822 | Cost: 0.326101 | Acc: 80.83% (Best: 82.22% @ Ep5795) | LR: 0.000010 | Rev: 5/99999
Epoch 5823 | Cost: 0.296086 | Acc: 80.83% (Best: 82.22% @ Ep5795) | LR: 0.000010 | Rev: 0/99999
Epoch 5824 | Cost: 0.314109 | Acc: 81.11% (Best: 82.22% @ Ep5795) | LR: 0.000010 | Rev: 1/99999
Epoch 5825 | Cost: 0.292126 | Acc: 80.83% (Best: 82.22% @ Ep5795) | LR: 0.000010 | Rev: 0/99999
Epoch 5826 | Cost: 0.303616 | Acc: 81.11% (Best: 82.22% @ Ep5795) | LR: 0.000010 | Rev: 1/99999
Epoch 5827 | Cost: 0.297229 | Acc: 80.56% (Best: 82.22% @ Ep5795) | LR: 0.000010 | Rev: 0/99999
Epoch 5828 | Cost: 0.300857 | Acc: 80.83% (Best: 82.22% @ Ep5795) | LR: 0.000010 | Rev: 1/99999
Epoch 5829 | Cost: 0.307402 | Acc: 80.28% (Best: 82.22% @ Ep5795) | LR: 0.000010 | Rev: 2/99999
Epoch 5830 | Cost: 0.316468 | Acc: 80.28% (Best: 82.22% @ Ep5795) | LR: 0.000010 | Rev: 3/99999
Epoch 5831 | Cost: 0.298733 | Acc: 80.28% (Best: 82.22% @ Ep5795) | LR: 0.000010 | Rev: 0/99999
Epoch 5832 | Cost: 0.302750 | Acc: 80.28% (Best: 82.22% @ Ep5795) | LR: 0.000010 | Rev: 1/99999
Epoch 5833 | Cost: 0.294106 | Acc: 80.56% (Best: 82.22% @ Ep5795) | LR: 0.000010 | Rev: 0/99999
Epoch 5834 | Cost: 0.308689 | Acc: 80.28% (Best: 82.22% @ Ep5795) | LR: 0.000010 | Rev: 1/99999
Epoch 5835 | Cost: 0.311674 | Acc: 80.28% (Best: 82.22% @ Ep5795) | LR: 0.000010 | Rev: 2/99999
Epoch 5836 | Cost: 0.304716 | Acc: 80.00% (Best: 82.22% @ Ep5795) | LR: 0.000010 | Rev: 0/99999
Epoch 5837 | Cost: 0.306236 | Acc: 80.28% (Best: 82.22% @ Ep5795) | LR: 0.000010 | Rev: 1/99999
Epoch 5838 | Cost: 0.295916 | Acc: 80.28% (Best: 82.22% @ Ep5795) | LR: 0.000010 | Rev: 0/99999
Epoch 5839 | Cost: 0.315687 | Acc: 80.28% (Best: 82.22% @ Ep5795) | LR: 0.000010 | Rev: 1/99999
Epoch 5840 | Cost: 0.314848 | Acc: 80.00% (Best: 82.22% @ Ep5795) | LR: 0.000010 | Rev: 0/99999
Epoch 5841 | Cost: 0.291220 | Acc: 80.00% (Best: 82.22% @ Ep5795) | LR: 0.000010 | Rev: 0/99999
Epoch 5842 | Cost: 0.307545 | Acc: 80.28% (Best: 82.22% @ Ep5795) | LR: 0.000010 | Rev: 1/99999
Epoch 5843 | Cost: 0.290049 | Acc: 80.28% (Best: 82.22% @ Ep5795) | LR: 0.000010 | Rev: 0/99999
Epoch 5844 | Cost: 0.297633 | Acc: 80.28% (Best: 82.22% @ Ep5795) | LR: 0.000010 | Rev: 1/99999
Epoch 5845 | Cost: 0.295015 | Acc: 80.28% (Best: 82.22% @ Ep5795) | LR: 0.000020 | Rev: 0/99999
Epoch 5846 | Cost: 0.301165 | Acc: 80.28% (Best: 82.22% @ Ep5795) | LR: 0.000020 | Rev: 1/99999
Epoch 5847 | Cost: 0.308627 | Acc: 80.28% (Best: 82.22% @ Ep5795) | LR: 0.000020 | Rev: 2/99999
Epoch 5848 | Cost: 0.320586 | Acc: 80.28% (Best: 82.22% @ Ep5795) | LR: 0.000020 | Rev: 3/99999
Epoch 5849 | Cost: 0.296754 | Acc: 80.28% (Best: 82.22% @ Ep5795) | LR: 0.000020 | Rev: 0/99999
Epoch 5850 | Cost: 0.292271 | Acc: 80.28% (Best: 82.22% @ Ep5795) | LR: 0.000020 | Rev: 0/99999
Epoch 5851 | Cost: 0.317596 | Acc: 80.00% (Best: 82.22% @ Ep5795) | LR: 0.000020 | Rev: 1/99999
Epoch 5852 | Cost: 0.308049 | Acc: 80.00% (Best: 82.22% @ Ep5795) | LR: 0.000020 | Rev: 0/99999
Epoch 5853 | Cost: 0.310530 | Acc: 80.00% (Best: 82.22% @ Ep5795) | LR: 0.000020 | Rev: 1/99999
Epoch 5854 | Cost: 0.309920 | Acc: 80.28% (Best: 82.22% @ Ep5795) | LR: 0.000020 | Rev: 0/99999
Epoch 5855 | Cost: 0.303170 | Acc: 80.00% (Best: 82.22% @ Ep5795) | LR: 0.000030 | Rev: 0/99999
Epoch 5856 | Cost: 0.326282 | Acc: 80.00% (Best: 82.22% @ Ep5795) | LR: 0.000030 | Rev: 1/99999
Epoch 5857 | Cost: 0.318746 | Acc: 80.00% (Best: 82.22% @ Ep5795) | LR: 0.000030 | Rev: 0/99999
Epoch 5858 | Cost: 0.297547 | Acc: 80.00% (Best: 82.22% @ Ep5795) | LR: 0.000030 | Rev: 0/99999
Epoch 5859 | Cost: 0.305421 | Acc: 80.00% (Best: 82.22% @ Ep5795) | LR: 0.000030 | Rev: 1/99999
Epoch 5860 | Cost: 0.287557 | Acc: 80.28% (Best: 82.22% @ Ep5795) | LR: 0.000030 | Rev: 0/99999
Epoch 5861 | Cost: 0.295345 | Acc: 80.00% (Best: 82.22% @ Ep5795) | LR: 0.000030 | Rev: 1/99999
Epoch 5862 | Cost: 0.290260 | Acc: 80.28% (Best: 82.22% @ Ep5795) | LR: 0.000030 | Rev: 0/99999
Epoch 5863 | Cost: 0.313058 | Acc: 80.28% (Best: 82.22% @ Ep5795) | LR: 0.000030 | Rev: 1/99999
Epoch 5864 | Cost: 0.313960 | Acc: 80.28% (Best: 82.22% @ Ep5795) | LR: 0.000030 | Rev: 2/99999
Epoch 5865 | Cost: 0.301145 | Acc: 80.56% (Best: 82.22% @ Ep5795) | LR: 0.000040 | Rev: 0/99999
Epoch 5866 | Cost: 0.310849 | Acc: 80.00% (Best: 82.22% @ Ep5795) | LR: 0.000040 | Rev: 1/99999
Epoch 5867 | Cost: 0.313058 | Acc: 80.28% (Best: 82.22% @ Ep5795) | LR: 0.000040 | Rev: 2/99999
Epoch 5868 | Cost: 0.314610 | Acc: 80.56% (Best: 82.22% @ Ep5795) | LR: 0.000040 | Rev: 3/99999
Epoch 5869 | Cost: 0.301216 | Acc: 80.83% (Best: 82.22% @ Ep5795) | LR: 0.000040 | Rev: 0/99999
Epoch 5870 | Cost: 0.301522 | Acc: 80.00% (Best: 82.22% @ Ep5795) | LR: 0.000040 | Rev: 1/99999
Epoch 5871 | Cost: 0.305355 | Acc: 80.00% (Best: 82.22% @ Ep5795) | LR: 0.000040 | Rev: 2/99999
Epoch 5872 | Cost: 0.299783 | Acc: 80.28% (Best: 82.22% @ Ep5795) | LR: 0.000040 | Rev: 0/99999
Epoch 5873 | Cost: 0.319475 | Acc: 80.00% (Best: 82.22% @ Ep5795) | LR: 0.000040 | Rev: 1/99999
Epoch 5874 | Cost: 0.305952 | Acc: 80.28% (Best: 82.22% @ Ep5795) | LR: 0.000040 | Rev: 0/99999
Epoch 5875 | Cost: 0.300911 | Acc: 80.56% (Best: 82.22% @ Ep5795) | LR: 0.000050 | Rev: 0/99999
Epoch 5876 | Cost: 0.297053 | Acc: 80.56% (Best: 82.22% @ Ep5795) | LR: 0.000050 | Rev: 0/99999
Epoch 5877 | Cost: 0.310774 | Acc: 80.56% (Best: 82.22% @ Ep5795) | LR: 0.000050 | Rev: 1/99999
Epoch 5878 | Cost: 0.305501 | Acc: 80.56% (Best: 82.22% @ Ep5795) | LR: 0.000050 | Rev: 0/99999
Epoch 5879 | Cost: 0.322820 | Acc: 80.56% (Best: 82.22% @ Ep5795) | LR: 0.000050 | Rev: 1/99999
Epoch 5880 | Cost: 0.316694 | Acc: 80.83% (Best: 82.22% @ Ep5795) | LR: 0.000050 | Rev: 0/99999
Epoch 5881 | Cost: 0.327832 | Acc: 80.56% (Best: 82.22% @ Ep5795) | LR: 0.000050 | Rev: 1/99999
Epoch 5882 | Cost: 0.304919 | Acc: 80.56% (Best: 82.22% @ Ep5795) | LR: 0.000050 | Rev: 0/99999
Epoch 5883 | Cost: 0.332280 | Acc: 81.11% (Best: 82.22% @ Ep5795) | LR: 0.000050 | Rev: 1/99999
Epoch 5884 | Cost: 0.310437 | Acc: 80.83% (Best: 82.22% @ Ep5795) | LR: 0.000050 | Rev: 0/99999
Epoch 5885 | Cost: 0.297010 | Acc: 80.56% (Best: 82.22% @ Ep5795) | LR: 0.000060 | Rev: 0/99999
Epoch 5886 | Cost: 0.304556 | Acc: 80.83% (Best: 82.22% @ Ep5795) | LR: 0.000060 | Rev: 1/99999
Epoch 5887 | Cost: 0.296634 | Acc: 80.56% (Best: 82.22% @ Ep5795) | LR: 0.000060 | Rev: 0/99999
Epoch 5888 | Cost: 0.304923 | Acc: 80.56% (Best: 82.22% @ Ep5795) | LR: 0.000060 | Rev: 1/99999
Epoch 5889 | Cost: 0.301769 | Acc: 80.56% (Best: 82.22% @ Ep5795) | LR: 0.000060 | Rev: 0/99999
Epoch 5890 | Cost: 0.303849 | Acc: 80.28% (Best: 82.22% @ Ep5795) | LR: 0.000060 | Rev: 1/99999
Epoch 5891 | Cost: 0.309215 | Acc: 80.28% (Best: 82.22% @ Ep5795) | LR: 0.000060 | Rev: 2/99999
Epoch 5892 | Cost: 0.304779 | Acc: 80.56% (Best: 82.22% @ Ep5795) | LR: 0.000060 | Rev: 0/99999
Epoch 5893 | Cost: 0.304848 | Acc: 80.28% (Best: 82.22% @ Ep5795) | LR: 0.000060 | Rev: 1/99999
Epoch 5894 | Cost: 0.297251 | Acc: 80.56% (Best: 82.22% @ Ep5795) | LR: 0.000060 | Rev: 0/99999
Epoch 5895 | Cost: 0.301893 | Acc: 80.56% (Best: 82.22% @ Ep5795) | LR: 0.000070 | Rev: 1/99999
Epoch 5896 | Cost: 0.332158 | Acc: 80.28% (Best: 82.22% @ Ep5795) | LR: 0.000070 | Rev: 2/99999
Epoch 5897 | Cost: 0.315594 | Acc: 80.56% (Best: 82.22% @ Ep5795) | LR: 0.000070 | Rev: 0/99999
Epoch 5898 | Cost: 0.304655 | Acc: 80.28% (Best: 82.22% @ Ep5795) | LR: 0.000070 | Rev: 0/99999
Epoch 5899 | Cost: 0.318561 | Acc: 80.28% (Best: 82.22% @ Ep5795) | LR: 0.000070 | Rev: 1/99999
Epoch 5900 | Cost: 0.301534 | Acc: 80.28% (Best: 82.22% @ Ep5795) | LR: 0.000070 | Rev: 0/99999
Epoch 5901 | Cost: 0.325590 | Acc: 80.28% (Best: 82.22% @ Ep5795) | LR: 0.000070 | Rev: 1/99999
Epoch 5902 | Cost: 0.313211 | Acc: 80.00% (Best: 82.22% @ Ep5795) | LR: 0.000070 | Rev: 0/99999
Epoch 5903 | Cost: 0.329463 | Acc: 80.28% (Best: 82.22% @ Ep5795) | LR: 0.000070 | Rev: 1/99999
Epoch 5904 | Cost: 0.322180 | Acc: 80.28% (Best: 82.22% @ Ep5795) | LR: 0.000070 | Rev: 0/99999
Epoch 5905 | Cost: 0.319829 | Acc: 80.56% (Best: 82.22% @ Ep5795) | LR: 0.000080 | Rev: 0/99999
Epoch 5906 | Cost: 0.319287 | Acc: 80.28% (Best: 82.22% @ Ep5795) | LR: 0.000080 | Rev: 0/99999
Epoch 5907 | Cost: 0.311651 | Acc: 80.00% (Best: 82.22% @ Ep5795) | LR: 0.000080 | Rev: 0/99999
Epoch 5908 | Cost: 0.328171 | Acc: 80.83% (Best: 82.22% @ Ep5795) | LR: 0.000080 | Rev: 1/99999
Epoch 5909 | Cost: 0.317140 | Acc: 80.00% (Best: 82.22% @ Ep5795) | LR: 0.000080 | Rev: 0/99999
Epoch 5910 | Cost: 0.307074 | Acc: 80.56% (Best: 82.22% @ Ep5795) | LR: 0.000080 | Rev: 0/99999
Epoch 5911 | Cost: 0.309087 | Acc: 80.56% (Best: 82.22% @ Ep5795) | LR: 0.000080 | Rev: 1/99999
Epoch 5912 | Cost: 0.302622 | Acc: 80.56% (Best: 82.22% @ Ep5795) | LR: 0.000080 | Rev: 0/99999
Epoch 5913 | Cost: 0.305669 | Acc: 80.28% (Best: 82.22% @ Ep5795) | LR: 0.000080 | Rev: 1/99999
Epoch 5914 | Cost: 0.319946 | Acc: 80.00% (Best: 82.22% @ Ep5795) | LR: 0.000080 | Rev: 2/99999
Epoch 5915 | Cost: 0.296001 | Acc: 80.28% (Best: 82.22% @ Ep5795) | LR: 0.000090 | Rev: 0/99999
Epoch 5916 | Cost: 0.308982 | Acc: 80.83% (Best: 82.22% @ Ep5795) | LR: 0.000090 | Rev: 1/99999
Epoch 5917 | Cost: 0.301622 | Acc: 80.56% (Best: 82.22% @ Ep5795) | LR: 0.000090 | Rev: 0/99999
Epoch 5918 | Cost: 0.307688 | Acc: 80.28% (Best: 82.22% @ Ep5795) | LR: 0.000090 | Rev: 1/99999
Epoch 5919 | Cost: 0.324165 | Acc: 79.44% (Best: 82.22% @ Ep5795) | LR: 0.000090 | Rev: 2/99999
Epoch 5920 | Cost: 0.307358 | Acc: 79.44% (Best: 82.22% @ Ep5795) | LR: 0.000090 | Rev: 0/99999
Epoch 5921 | Cost: 0.328287 | Acc: 80.00% (Best: 82.22% @ Ep5795) | LR: 0.000090 | Rev: 1/99999
Epoch 5922 | Cost: 0.307034 | Acc: 80.00% (Best: 82.22% @ Ep5795) | LR: 0.000090 | Rev: 0/99999
Epoch 5923 | Cost: 0.310393 | Acc: 80.00% (Best: 82.22% @ Ep5795) | LR: 0.000090 | Rev: 1/99999
Epoch 5924 | Cost: 0.318755 | Acc: 80.83% (Best: 82.22% @ Ep5795) | LR: 0.000090 | Rev: 2/99999
Epoch 5925 | Cost: 0.308931 | Acc: 80.00% (Best: 82.22% @ Ep5795) | LR: 0.000100 | Rev: 0/99999
Epoch 5926 | Cost: 0.299882 | Acc: 80.00% (Best: 82.22% @ Ep5795) | LR: 0.000100 | Rev: 0/99999
Epoch 5927 | Cost: 0.297979 | Acc: 80.00% (Best: 82.22% @ Ep5795) | LR: 0.000100 | Rev: 0/99999
Epoch 5928 | Cost: 0.308914 | Acc: 79.72% (Best: 82.22% @ Ep5795) | LR: 0.000100 | Rev: 1/99999
Epoch 5929 | Cost: 0.303020 | Acc: 80.00% (Best: 82.22% @ Ep5795) | LR: 0.000100 | Rev: 0/99999
Epoch 5930 | Cost: 0.303036 | Acc: 80.56% (Best: 82.22% @ Ep5795) | LR: 0.000100 | Rev: 1/99999
Epoch 5931 | Cost: 0.314647 | Acc: 80.56% (Best: 82.22% @ Ep5795) | LR: 0.000100 | Rev: 2/99999
Epoch 5932 | Cost: 0.305771 | Acc: 80.28% (Best: 82.22% @ Ep5795) | LR: 0.000100 | Rev: 0/99999
Epoch 5933 | Cost: 0.315701 | Acc: 80.56% (Best: 82.22% @ Ep5795) | LR: 0.000100 | Rev: 1/99999
Epoch 5934 | Cost: 0.310246 | Acc: 80.56% (Best: 82.22% @ Ep5795) | LR: 0.000100 | Rev: 0/99999
Epoch 5935 | Cost: 0.314763 | Acc: 80.56% (Best: 82.22% @ Ep5795) | LR: 0.000110 | Rev: 1/99999
Epoch 5936 | Cost: 0.304721 | Acc: 80.28% (Best: 82.22% @ Ep5795) | LR: 0.000110 | Rev: 0/99999
Epoch 5937 | Cost: 0.296292 | Acc: 79.72% (Best: 82.22% @ Ep5795) | LR: 0.000110 | Rev: 0/99999
Epoch 5938 | Cost: 0.309382 | Acc: 80.28% (Best: 82.22% @ Ep5795) | LR: 0.000110 | Rev: 1/99999
Epoch 5939 | Cost: 0.294929 | Acc: 80.28% (Best: 82.22% @ Ep5795) | LR: 0.000110 | Rev: 0/99999
Epoch 5940 | Cost: 0.338248 | Acc: 80.83% (Best: 82.22% @ Ep5795) | LR: 0.000110 | Rev: 1/99999
Epoch 5941 | Cost: 0.293548 | Acc: 80.00% (Best: 82.22% @ Ep5795) | LR: 0.000110 | Rev: 0/99999
Epoch 5942 | Cost: 0.299175 | Acc: 80.00% (Best: 82.22% @ Ep5795) | LR: 0.000110 | Rev: 1/99999
Epoch 5943 | Cost: 0.326665 | Acc: 80.28% (Best: 82.22% @ Ep5795) | LR: 0.000110 | Rev: 2/99999
Epoch 5944 | Cost: 0.312115 | Acc: 80.28% (Best: 82.22% @ Ep5795) | LR: 0.000110 | Rev: 0/99999
Epoch 5945 | Cost: 0.288535 | Acc: 80.56% (Best: 82.22% @ Ep5795) | LR: 0.000120 | Rev: 0/99999
Epoch 5946 | Cost: 0.313424 | Acc: 80.28% (Best: 82.22% @ Ep5795) | LR: 0.000120 | Rev: 1/99999
Epoch 5947 | Cost: 0.310970 | Acc: 79.72% (Best: 82.22% @ Ep5795) | LR: 0.000120 | Rev: 0/99999
Epoch 5948 | Cost: 0.305827 | Acc: 80.28% (Best: 82.22% @ Ep5795) | LR: 0.000120 | Rev: 0/99999
Epoch 5949 | Cost: 0.306861 | Acc: 80.00% (Best: 82.22% @ Ep5795) | LR: 0.000120 | Rev: 1/99999
Epoch 5950 | Cost: 0.298074 | Acc: 79.72% (Best: 82.22% @ Ep5795) | LR: 0.000120 | Rev: 0/99999
Epoch 5951 | Cost: 0.300038 | Acc: 80.28% (Best: 82.22% @ Ep5795) | LR: 0.000120 | Rev: 1/99999
Epoch 5952 | Cost: 0.319024 | Acc: 80.00% (Best: 82.22% @ Ep5795) | LR: 0.000120 | Rev: 2/99999
Epoch 5953 | Cost: 0.308133 | Acc: 80.00% (Best: 82.22% @ Ep5795) | LR: 0.000120 | Rev: 0/99999
Epoch 5954 | Cost: 0.301999 | Acc: 80.28% (Best: 82.22% @ Ep5795) | LR: 0.000120 | Rev: 0/99999
Epoch 5955 | Cost: 0.319378 | Acc: 80.28% (Best: 82.22% @ Ep5795) | LR: 0.000130 | Rev: 1/99999
Epoch 5956 | Cost: 0.319336 | Acc: 79.72% (Best: 82.22% @ Ep5795) | LR: 0.000130 | Rev: 0/99999
Epoch 5957 | Cost: 0.296609 | Acc: 80.56% (Best: 82.22% @ Ep5795) | LR: 0.000130 | Rev: 0/99999
Epoch 5958 | Cost: 0.297718 | Acc: 80.56% (Best: 82.22% @ Ep5795) | LR: 0.000130 | Rev: 1/99999
Epoch 5959 | Cost: 0.313937 | Acc: 80.28% (Best: 82.22% @ Ep5795) | LR: 0.000130 | Rev: 2/99999
Epoch 5960 | Cost: 0.308720 | Acc: 80.00% (Best: 82.22% @ Ep5795) | LR: 0.000130 | Rev: 0/99999
Epoch 5961 | Cost: 0.301380 | Acc: 80.28% (Best: 82.22% @ Ep5795) | LR: 0.000130 | Rev: 0/99999
Epoch 5962 | Cost: 0.321531 | Acc: 80.56% (Best: 82.22% @ Ep5795) | LR: 0.000130 | Rev: 1/99999
Epoch 5963 | Cost: 0.313008 | Acc: 80.00% (Best: 82.22% @ Ep5795) | LR: 0.000130 | Rev: 0/99999
Epoch 5964 | Cost: 0.313618 | Acc: 80.56% (Best: 82.22% @ Ep5795) | LR: 0.000130 | Rev: 1/99999
Epoch 5965 | Cost: 0.312595 | Acc: 80.00% (Best: 82.22% @ Ep5795) | LR: 0.000140 | Rev: 0/99999
Epoch 5966 | Cost: 0.298234 | Acc: 80.56% (Best: 82.22% @ Ep5795) | LR: 0.000140 | Rev: 0/99999
Epoch 5967 | Cost: 0.324617 | Acc: 80.56% (Best: 82.22% @ Ep5795) | LR: 0.000140 | Rev: 1/99999
Epoch 5968 | Cost: 0.307723 | Acc: 80.28% (Best: 82.22% @ Ep5795) | LR: 0.000140 | Rev: 0/99999
Epoch 5969 | Cost: 0.312457 | Acc: 80.56% (Best: 82.22% @ Ep5795) | LR: 0.000140 | Rev: 1/99999
Epoch 5970 | Cost: 0.313725 | Acc: 80.56% (Best: 82.22% @ Ep5795) | LR: 0.000140 | Rev: 2/99999
Epoch 5971 | Cost: 0.314675 | Acc: 81.11% (Best: 82.22% @ Ep5795) | LR: 0.000140 | Rev: 3/99999
Epoch 5972 | Cost: 0.310967 | Acc: 81.11% (Best: 82.22% @ Ep5795) | LR: 0.000140 | Rev: 0/99999
Epoch 5973 | Cost: 0.320328 | Acc: 80.00% (Best: 82.22% @ Ep5795) | LR: 0.000140 | Rev: 1/99999
Epoch 5974 | Cost: 0.302409 | Acc: 81.11% (Best: 82.22% @ Ep5795) | LR: 0.000140 | Rev: 0/99999
Epoch 5975 | Cost: 0.321472 | Acc: 80.56% (Best: 82.22% @ Ep5795) | LR: 0.000150 | Rev: 1/99999
Epoch 5976 | Cost: 0.326640 | Acc: 80.28% (Best: 82.22% @ Ep5795) | LR: 0.000150 | Rev: 2/99999
Epoch 5977 | Cost: 0.317977 | Acc: 80.83% (Best: 82.22% @ Ep5795) | LR: 0.000150 | Rev: 0/99999
Epoch 5978 | Cost: 0.298557 | Acc: 80.28% (Best: 82.22% @ Ep5795) | LR: 0.000150 | Rev: 0/99999
Epoch 5979 | Cost: 0.301933 | Acc: 80.28% (Best: 82.22% @ Ep5795) | LR: 0.000150 | Rev: 1/99999
Epoch 5980 | Cost: 0.309117 | Acc: 80.28% (Best: 82.22% @ Ep5795) | LR: 0.000150 | Rev: 2/99999
Epoch 5981 | Cost: 0.328440 | Acc: 80.28% (Best: 82.22% @ Ep5795) | LR: 0.000150 | Rev: 3/99999
Epoch 5982 | Cost: 0.302479 | Acc: 80.56% (Best: 82.22% @ Ep5795) | LR: 0.000150 | Rev: 0/99999
Epoch 5983 | Cost: 0.306014 | Acc: 81.11% (Best: 82.22% @ Ep5795) | LR: 0.000150 | Rev: 1/99999
Epoch 5984 | Cost: 0.300342 | Acc: 80.00% (Best: 82.22% @ Ep5795) | LR: 0.000150 | Rev: 0/99999
Epoch 5985 | Cost: 0.313123 | Acc: 80.83% (Best: 82.22% @ Ep5795) | LR: 0.000160 | Rev: 1/99999
Epoch 5986 | Cost: 0.302921 | Acc: 80.00% (Best: 82.22% @ Ep5795) | LR: 0.000160 | Rev: 0/99999
Epoch 5987 | Cost: 0.317273 | Acc: 80.00% (Best: 82.22% @ Ep5795) | LR: 0.000160 | Rev: 1/99999
Epoch 5988 | Cost: 0.295994 | Acc: 80.00% (Best: 82.22% @ Ep5795) | LR: 0.000160 | Rev: 0/99999
Epoch 5989 | Cost: 0.312421 | Acc: 80.83% (Best: 82.22% @ Ep5795) | LR: 0.000160 | Rev: 1/99999
Epoch 5990 | Cost: 0.320605 | Acc: 79.72% (Best: 82.22% @ Ep5795) | LR: 0.000160 | Rev: 2/99999
Epoch 5991 | Cost: 0.304895 | Acc: 81.11% (Best: 82.22% @ Ep5795) | LR: 0.000160 | Rev: 0/99999
Epoch 5992 | Cost: 0.309314 | Acc: 80.00% (Best: 82.22% @ Ep5795) | LR: 0.000160 | Rev: 1/99999
Epoch 5993 | Cost: 0.302186 | Acc: 80.83% (Best: 82.22% @ Ep5795) | LR: 0.000160 | Rev: 0/99999
Epoch 5994 | Cost: 0.309696 | Acc: 80.56% (Best: 82.22% @ Ep5795) | LR: 0.000160 | Rev: 1/99999
Epoch 5995 | Cost: 0.306388 | Acc: 80.83% (Best: 82.22% @ Ep5795) | LR: 0.000170 | Rev: 0/99999
Epoch 5996 | Cost: 0.320982 | Acc: 80.00% (Best: 82.22% @ Ep5795) | LR: 0.000170 | Rev: 1/99999
Epoch 5997 | Cost: 0.315784 | Acc: 80.56% (Best: 82.22% @ Ep5795) | LR: 0.000170 | Rev: 0/99999
Epoch 5998 | Cost: 0.313633 | Acc: 79.72% (Best: 82.22% @ Ep5795) | LR: 0.000170 | Rev: 0/99999
Epoch 5999 | Cost: 0.306798 | Acc: 80.28% (Best: 82.22% @ Ep5795) | LR: 0.000170 | Rev: 0/99999
Epoch 6000 | Cost: 0.301743 | Acc: 80.28% (Best: 82.22% @ Ep5795) | LR: 0.000170 | Rev: 0/99999
Epoch 6001 | Cost: 0.307190 | Acc: 80.28% (Best: 82.22% @ Ep5795) | LR: 0.000170 | Rev: 1/99999
Epoch 6002 | Cost: 0.316440 | Acc: 80.28% (Best: 82.22% @ Ep5795) | LR: 0.000170 | Rev: 2/99999
Epoch 6003 | Cost: 0.308309 | Acc: 80.00% (Best: 82.22% @ Ep5795) | LR: 0.000170 | Rev: 0/99999
Epoch 6004 | Cost: 0.310814 | Acc: 80.00% (Best: 82.22% @ Ep5795) | LR: 0.000170 | Rev: 1/99999
Epoch 6005 | Cost: 0.293738 | Acc: 80.56% (Best: 82.22% @ Ep5795) | LR: 0.000180 | Rev: 0/99999
Epoch 6006 | Cost: 0.301807 | Acc: 80.00% (Best: 82.22% @ Ep5795) | LR: 0.000180 | Rev: 1/99999
Epoch 6007 | Cost: 0.296401 | Acc: 80.28% (Best: 82.22% @ Ep5795) | LR: 0.000180 | Rev: 0/99999
Epoch 6008 | Cost: 0.296575 | Acc: 80.56% (Best: 82.22% @ Ep5795) | LR: 0.000180 | Rev: 1/99999
Epoch 6009 | Cost: 0.334791 | Acc: 80.28% (Best: 82.22% @ Ep5795) | LR: 0.000180 | Rev: 2/99999
Epoch 6010 | Cost: 0.303067 | Acc: 80.00% (Best: 82.22% @ Ep5795) | LR: 0.000180 | Rev: 0/99999
Epoch 6011 | Cost: 0.304031 | Acc: 80.28% (Best: 82.22% @ Ep5795) | LR: 0.000180 | Rev: 1/99999
Epoch 6012 | Cost: 0.312284 | Acc: 80.28% (Best: 82.22% @ Ep5795) | LR: 0.000180 | Rev: 2/99999
Epoch 6013 | Cost: 0.304135 | Acc: 80.28% (Best: 82.22% @ Ep5795) | LR: 0.000180 | Rev: 0/99999
Epoch 6014 | Cost: 0.296491 | Acc: 80.28% (Best: 82.22% @ Ep5795) | LR: 0.000180 | Rev: 0/99999
Epoch 6015 | Cost: 0.319604 | Acc: 80.28% (Best: 82.22% @ Ep5795) | LR: 0.000190 | Rev: 1/99999
Epoch 6016 | Cost: 0.302865 | Acc: 81.11% (Best: 82.22% @ Ep5795) | LR: 0.000190 | Rev: 0/99999
Epoch 6017 | Cost: 0.319326 | Acc: 80.56% (Best: 82.22% @ Ep5795) | LR: 0.000190 | Rev: 1/99999
Epoch 6018 | Cost: 0.303501 | Acc: 80.56% (Best: 82.22% @ Ep5795) | LR: 0.000190 | Rev: 0/99999
Epoch 6019 | Cost: 0.305350 | Acc: 81.11% (Best: 82.22% @ Ep5795) | LR: 0.000190 | Rev: 1/99999
Epoch 6020 | Cost: 0.303667 | Acc: 81.11% (Best: 82.22% @ Ep5795) | LR: 0.000190 | Rev: 0/99999
Epoch 6021 | Cost: 0.317747 | Acc: 80.56% (Best: 82.22% @ Ep5795) | LR: 0.000190 | Rev: 1/99999
Epoch 6022 | Cost: 0.321561 | Acc: 79.72% (Best: 82.22% @ Ep5795) | LR: 0.000190 | Rev: 2/99999
Epoch 6023 | Cost: 0.336762 | Acc: 80.83% (Best: 82.22% @ Ep5795) | LR: 0.000190 | Rev: 3/99999
Epoch 6024 | Cost: 0.304626 | Acc: 80.28% (Best: 82.22% @ Ep5795) | LR: 0.000190 | Rev: 0/99999
Epoch 6025 | Cost: 0.298949 | Acc: 80.28% (Best: 82.22% @ Ep5795) | LR: 0.000200 | Rev: 0/99999
Epoch 6026 | Cost: 0.306269 | Acc: 80.28% (Best: 82.22% @ Ep5795) | LR: 0.000200 | Rev: 1/99999
Epoch 6027 | Cost: 0.318559 | Acc: 80.56% (Best: 82.22% @ Ep5795) | LR: 0.000200 | Rev: 2/99999
Epoch 6028 | Cost: 0.311964 | Acc: 80.56% (Best: 82.22% @ Ep5795) | LR: 0.000200 | Rev: 0/99999
Epoch 6029 | Cost: 0.325935 | Acc: 79.72% (Best: 82.22% @ Ep5795) | LR: 0.000200 | Rev: 1/99999
Epoch 6030 | Cost: 0.308766 | Acc: 80.56% (Best: 82.22% @ Ep5795) | LR: 0.000200 | Rev: 0/99999
Epoch 6031 | Cost: 0.309121 | Acc: 80.56% (Best: 82.22% @ Ep5795) | LR: 0.000200 | Rev: 1/99999
Epoch 6032 | Cost: 0.307882 | Acc: 80.83% (Best: 82.22% @ Ep5795) | LR: 0.000200 | Rev: 0/99999
Epoch 6033 | Cost: 0.300305 | Acc: 80.28% (Best: 82.22% @ Ep5795) | LR: 0.000200 | Rev: 0/99999
Epoch 6034 | Cost: 0.322848 | Acc: 80.00% (Best: 82.22% @ Ep5795) | LR: 0.000200 | Rev: 1/99999
Epoch 6035 | Cost: 0.304318 | Acc: 80.28% (Best: 82.22% @ Ep5795) | LR: 0.000210 | Rev: 0/99999
Epoch 6036 | Cost: 0.314343 | Acc: 80.28% (Best: 82.22% @ Ep5795) | LR: 0.000210 | Rev: 1/99999
Epoch 6037 | Cost: 0.300487 | Acc: 80.00% (Best: 82.22% @ Ep5795) | LR: 0.000210 | Rev: 0/99999
Epoch 6038 | Cost: 0.329484 | Acc: 79.72% (Best: 82.22% @ Ep5795) | LR: 0.000210 | Rev: 1/99999
Epoch 6039 | Cost: 0.298136 | Acc: 80.00% (Best: 82.22% @ Ep5795) | LR: 0.000210 | Rev: 0/99999
Epoch 6040 | Cost: 0.321786 | Acc: 80.83% (Best: 82.22% @ Ep5795) | LR: 0.000210 | Rev: 1/99999
Epoch 6041 | Cost: 0.327085 | Acc: 80.83% (Best: 82.22% @ Ep5795) | LR: 0.000210 | Rev: 2/99999
Epoch 6042 | Cost: 0.313921 | Acc: 80.28% (Best: 82.22% @ Ep5795) | LR: 0.000210 | Rev: 0/99999
Epoch 6043 | Cost: 0.297172 | Acc: 79.72% (Best: 82.22% @ Ep5795) | LR: 0.000210 | Rev: 0/99999
Epoch 6044 | Cost: 0.304293 | Acc: 80.28% (Best: 82.22% @ Ep5795) | LR: 0.000210 | Rev: 1/99999
Epoch 6045 | Cost: 0.296106 | Acc: 80.28% (Best: 82.22% @ Ep5795) | LR: 0.000220 | Rev: 0/99999
Epoch 6046 | Cost: 0.307243 | Acc: 80.00% (Best: 82.22% @ Ep5795) | LR: 0.000220 | Rev: 1/99999
Epoch 6047 | Cost: 0.311543 | Acc: 80.56% (Best: 82.22% @ Ep5795) | LR: 0.000220 | Rev: 2/99999
Epoch 6048 | Cost: 0.306088 | Acc: 81.11% (Best: 82.22% @ Ep5795) | LR: 0.000220 | Rev: 0/99999
Epoch 6049 | Cost: 0.321704 | Acc: 80.28% (Best: 82.22% @ Ep5795) | LR: 0.000220 | Rev: 1/99999
Epoch 6050 | Cost: 0.302494 | Acc: 80.00% (Best: 82.22% @ Ep5795) | LR: 0.000220 | Rev: 0/99999
Epoch 6051 | Cost: 0.301766 | Acc: 80.00% (Best: 82.22% @ Ep5795) | LR: 0.000220 | Rev: 0/99999
Epoch 6052 | Cost: 0.297852 | Acc: 80.83% (Best: 82.22% @ Ep5795) | LR: 0.000220 | Rev: 0/99999
Epoch 6053 | Cost: 0.313037 | Acc: 80.28% (Best: 82.22% @ Ep5795) | LR: 0.000220 | Rev: 1/99999
Epoch 6054 | Cost: 0.302364 | Acc: 81.11% (Best: 82.22% @ Ep5795) | LR: 0.000220 | Rev: 0/99999
Epoch 6055 | Cost: 0.302614 | Acc: 79.72% (Best: 82.22% @ Ep5795) | LR: 0.000230 | Rev: 1/99999
Epoch 6056 | Cost: 0.297117 | Acc: 80.28% (Best: 82.22% @ Ep5795) | LR: 0.000230 | Rev: 0/99999
Epoch 6057 | Cost: 0.311930 | Acc: 80.83% (Best: 82.22% @ Ep5795) | LR: 0.000230 | Rev: 1/99999
Epoch 6058 | Cost: 0.321890 | Acc: 80.56% (Best: 82.22% @ Ep5795) | LR: 0.000230 | Rev: 2/99999
Epoch 6059 | Cost: 0.298678 | Acc: 80.28% (Best: 82.22% @ Ep5795) | LR: 0.000230 | Rev: 0/99999
Epoch 6060 | Cost: 0.323446 | Acc: 80.56% (Best: 82.22% @ Ep5795) | LR: 0.000230 | Rev: 1/99999
Epoch 6061 | Cost: 0.307946 | Acc: 80.28% (Best: 82.22% @ Ep5795) | LR: 0.000230 | Rev: 0/99999
Epoch 6062 | Cost: 0.312745 | Acc: 80.28% (Best: 82.22% @ Ep5795) | LR: 0.000230 | Rev: 1/99999
Epoch 6063 | Cost: 0.315606 | Acc: 80.83% (Best: 82.22% @ Ep5795) | LR: 0.000230 | Rev: 2/99999
Epoch 6064 | Cost: 0.308489 | Acc: 80.28% (Best: 82.22% @ Ep5795) | LR: 0.000230 | Rev: 0/99999
Epoch 6065 | Cost: 0.320811 | Acc: 80.56% (Best: 82.22% @ Ep5795) | LR: 0.000240 | Rev: 1/99999
Epoch 6066 | Cost: 0.323826 | Acc: 79.72% (Best: 82.22% @ Ep5795) | LR: 0.000240 | Rev: 2/99999
Epoch 6067 | Cost: 0.319888 | Acc: 80.83% (Best: 82.22% @ Ep5795) | LR: 0.000240 | Rev: 0/99999
Epoch 6068 | Cost: 0.310624 | Acc: 79.72% (Best: 82.22% @ Ep5795) | LR: 0.000240 | Rev: 0/99999
Epoch 6069 | Cost: 0.319851 | Acc: 79.44% (Best: 82.22% @ Ep5795) | LR: 0.000240 | Rev: 1/99999
Epoch 6070 | Cost: 0.313252 | Acc: 80.28% (Best: 82.22% @ Ep5795) | LR: 0.000240 | Rev: 0/99999
Epoch 6071 | Cost: 0.312976 | Acc: 80.28% (Best: 82.22% @ Ep5795) | LR: 0.000240 | Rev: 0/99999
Epoch 6072 | Cost: 0.304367 | Acc: 80.56% (Best: 82.22% @ Ep5795) | LR: 0.000240 | Rev: 0/99999
Epoch 6073 | Cost: 0.306862 | Acc: 80.83% (Best: 82.22% @ Ep5795) | LR: 0.000240 | Rev: 1/99999
Epoch 6074 | Cost: 0.298333 | Acc: 80.00% (Best: 82.22% @ Ep5795) | LR: 0.000240 | Rev: 0/99999
Epoch 6075 | Cost: 0.307245 | Acc: 80.56% (Best: 82.22% @ Ep5795) | LR: 0.000250 | Rev: 1/99999
Epoch 6076 | Cost: 0.317136 | Acc: 80.56% (Best: 82.22% @ Ep5795) | LR: 0.000250 | Rev: 2/99999
Epoch 6077 | Cost: 0.320991 | Acc: 80.83% (Best: 82.22% @ Ep5795) | LR: 0.000250 | Rev: 3/99999
Epoch 6078 | Cost: 0.334593 | Acc: 79.72% (Best: 82.22% @ Ep5795) | LR: 0.000250 | Rev: 4/99999
Epoch 6079 | Cost: 0.321396 | Acc: 79.17% (Best: 82.22% @ Ep5795) | LR: 0.000250 | Rev: 0/99999
Epoch 6080 | Cost: 0.305615 | Acc: 80.28% (Best: 82.22% @ Ep5795) | LR: 0.000250 | Rev: 0/99999
Epoch 6081 | Cost: 0.305752 | Acc: 80.00% (Best: 82.22% @ Ep5795) | LR: 0.000250 | Rev: 1/99999
Epoch 6082 | Cost: 0.299227 | Acc: 80.83% (Best: 82.22% @ Ep5795) | LR: 0.000250 | Rev: 0/99999
Epoch 6083 | Cost: 0.326508 | Acc: 79.44% (Best: 82.22% @ Ep5795) | LR: 0.000250 | Rev: 1/99999
Epoch 6084 | Cost: 0.318705 | Acc: 80.28% (Best: 82.22% @ Ep5795) | LR: 0.000250 | Rev: 0/99999
Epoch 6085 | Cost: 0.311911 | Acc: 79.17% (Best: 82.22% @ Ep5795) | LR: 0.000260 | Rev: 0/99999
Epoch 6086 | Cost: 0.308037 | Acc: 80.00% (Best: 82.22% @ Ep5795) | LR: 0.000260 | Rev: 0/99999
Epoch 6087 | Cost: 0.308824 | Acc: 80.56% (Best: 82.22% @ Ep5795) | LR: 0.000260 | Rev: 1/99999
Epoch 6088 | Cost: 0.292967 | Acc: 80.56% (Best: 82.22% @ Ep5795) | LR: 0.000260 | Rev: 0/99999
Epoch 6089 | Cost: 0.304315 | Acc: 79.72% (Best: 82.22% @ Ep5795) | LR: 0.000260 | Rev: 1/99999
Epoch 6090 | Cost: 0.313875 | Acc: 80.00% (Best: 82.22% @ Ep5795) | LR: 0.000260 | Rev: 2/99999
Epoch 6091 | Cost: 0.305100 | Acc: 80.56% (Best: 82.22% @ Ep5795) | LR: 0.000260 | Rev: 0/99999
Epoch 6092 | Cost: 0.310118 | Acc: 80.56% (Best: 82.22% @ Ep5795) | LR: 0.000260 | Rev: 1/99999
Epoch 6093 | Cost: 0.341332 | Acc: 79.44% (Best: 82.22% @ Ep5795) | LR: 0.000260 | Rev: 2/99999
Epoch 6094 | Cost: 0.308705 | Acc: 79.72% (Best: 82.22% @ Ep5795) | LR: 0.000260 | Rev: 0/99999
Epoch 6095 | Cost: 0.305975 | Acc: 80.56% (Best: 82.22% @ Ep5795) | LR: 0.000270 | Rev: 0/99999
Epoch 6096 | Cost: 0.291462 | Acc: 79.72% (Best: 82.22% @ Ep5795) | LR: 0.000270 | Rev: 0/99999
Epoch 6097 | Cost: 0.309780 | Acc: 80.56% (Best: 82.22% @ Ep5795) | LR: 0.000270 | Rev: 1/99999
Epoch 6098 | Cost: 0.309443 | Acc: 80.28% (Best: 82.22% @ Ep5795) | LR: 0.000270 | Rev: 0/99999
Epoch 6099 | Cost: 0.322395 | Acc: 80.56% (Best: 82.22% @ Ep5795) | LR: 0.000270 | Rev: 1/99999
Epoch 6100 | Cost: 0.310672 | Acc: 80.56% (Best: 82.22% @ Ep5795) | LR: 0.000270 | Rev: 0/99999
Epoch 6101 | Cost: 0.329349 | Acc: 81.11% (Best: 82.22% @ Ep5795) | LR: 0.000270 | Rev: 1/99999
Epoch 6102 | Cost: 0.318518 | Acc: 79.44% (Best: 82.22% @ Ep5795) | LR: 0.000270 | Rev: 0/99999
Epoch 6103 | Cost: 0.315592 | Acc: 80.56% (Best: 82.22% @ Ep5795) | LR: 0.000270 | Rev: 0/99999
Epoch 6104 | Cost: 0.306478 | Acc: 80.00% (Best: 82.22% @ Ep5795) | LR: 0.000270 | Rev: 0/99999
Epoch 6105 | Cost: 0.310536 | Acc: 80.28% (Best: 82.22% @ Ep5795) | LR: 0.000280 | Rev: 1/99999
Epoch 6106 | Cost: 0.301973 | Acc: 80.56% (Best: 82.22% @ Ep5795) | LR: 0.000280 | Rev: 0/99999
Epoch 6107 | Cost: 0.299607 | Acc: 80.56% (Best: 82.22% @ Ep5795) | LR: 0.000280 | Rev: 0/99999
Epoch 6108 | Cost: 0.323066 | Acc: 80.00% (Best: 82.22% @ Ep5795) | LR: 0.000280 | Rev: 1/99999
Epoch 6109 | Cost: 0.309847 | Acc: 80.28% (Best: 82.22% @ Ep5795) | LR: 0.000280 | Rev: 0/99999
Epoch 6110 | Cost: 0.329449 | Acc: 80.56% (Best: 82.22% @ Ep5795) | LR: 0.000280 | Rev: 1/99999
Epoch 6111 | Cost: 0.321640 | Acc: 80.00% (Best: 82.22% @ Ep5795) | LR: 0.000280 | Rev: 0/99999
Epoch 6112 | Cost: 0.316335 | Acc: 80.28% (Best: 82.22% @ Ep5795) | LR: 0.000280 | Rev: 0/99999
Epoch 6113 | Cost: 0.327386 | Acc: 81.11% (Best: 82.22% @ Ep5795) | LR: 0.000280 | Rev: 1/99999
Epoch 6114 | Cost: 0.315566 | Acc: 80.83% (Best: 82.22% @ Ep5795) | LR: 0.000280 | Rev: 0/99999
Epoch 6115 | Cost: 0.310481 | Acc: 80.83% (Best: 82.22% @ Ep5795) | LR: 0.000290 | Rev: 0/99999
Epoch 6116 | Cost: 0.302064 | Acc: 81.11% (Best: 82.22% @ Ep5795) | LR: 0.000290 | Rev: 0/99999
Epoch 6117 | Cost: 0.292755 | Acc: 80.28% (Best: 82.22% @ Ep5795) | LR: 0.000290 | Rev: 0/99999
Epoch 6118 | Cost: 0.300976 | Acc: 80.28% (Best: 82.22% @ Ep5795) | LR: 0.000290 | Rev: 1/99999
Epoch 6119 | Cost: 0.305793 | Acc: 79.72% (Best: 82.22% @ Ep5795) | LR: 0.000290 | Rev: 2/99999
Epoch 6120 | Cost: 0.307016 | Acc: 79.17% (Best: 82.22% @ Ep5795) | LR: 0.000290 | Rev: 3/99999
Epoch 6121 | Cost: 0.328285 | Acc: 80.00% (Best: 82.22% @ Ep5795) | LR: 0.000290 | Rev: 4/99999
Epoch 6122 | Cost: 0.300764 | Acc: 80.56% (Best: 82.22% @ Ep5795) | LR: 0.000290 | Rev: 0/99999
Epoch 6123 | Cost: 0.297229 | Acc: 80.28% (Best: 82.22% @ Ep5795) | LR: 0.000290 | Rev: 0/99999
Epoch 6124 | Cost: 0.306614 | Acc: 80.00% (Best: 82.22% @ Ep5795) | LR: 0.000290 | Rev: 1/99999
Epoch 6125 | Cost: 0.306089 | Acc: 79.72% (Best: 82.22% @ Ep5795) | LR: 0.000300 | Rev: 0/99999
Epoch 6126 | Cost: 0.315799 | Acc: 80.28% (Best: 82.22% @ Ep5795) | LR: 0.000300 | Rev: 1/99999
Epoch 6127 | Cost: 0.322458 | Acc: 81.39% (Best: 82.22% @ Ep5795) | LR: 0.000300 | Rev: 2/99999
Epoch 6128 | Cost: 0.312116 | Acc: 81.11% (Best: 82.22% @ Ep5795) | LR: 0.000300 | Rev: 0/99999
Epoch 6129 | Cost: 0.311243 | Acc: 80.83% (Best: 82.22% @ Ep5795) | LR: 0.000300 | Rev: 0/99999
Epoch 6130 | Cost: 0.323121 | Acc: 80.56% (Best: 82.22% @ Ep5795) | LR: 0.000300 | Rev: 1/99999
Epoch 6131 | Cost: 0.293146 | Acc: 80.83% (Best: 82.22% @ Ep5795) | LR: 0.000300 | Rev: 0/99999
Epoch 6132 | Cost: 0.321245 | Acc: 80.28% (Best: 82.22% @ Ep5795) | LR: 0.000300 | Rev: 1/99999
Epoch 6133 | Cost: 0.316341 | Acc: 80.28% (Best: 82.22% @ Ep5795) | LR: 0.000300 | Rev: 0/99999
Epoch 6134 | Cost: 0.322873 | Acc: 80.56% (Best: 82.22% @ Ep5795) | LR: 0.000300 | Rev: 1/99999
Epoch 6135 | Cost: 0.322036 | Acc: 79.17% (Best: 82.22% @ Ep5795) | LR: 0.000300 | Rev: 0/99999
Epoch 6136 | Cost: 0.309111 | Acc: 80.83% (Best: 82.22% @ Ep5795) | LR: 0.000300 | Rev: 0/99999
Epoch 6137 | Cost: 0.313604 | Acc: 80.00% (Best: 82.22% @ Ep5795) | LR: 0.000300 | Rev: 1/99999
Epoch 6138 | Cost: 0.306977 | Acc: 80.83% (Best: 82.22% @ Ep5795) | LR: 0.000300 | Rev: 0/99999
Epoch 6139 | Cost: 0.303744 | Acc: 80.83% (Best: 82.22% @ Ep5795) | LR: 0.000300 | Rev: 0/99999
Epoch 6140 | Cost: 0.301936 | Acc: 80.00% (Best: 82.22% @ Ep5795) | LR: 0.000300 | Rev: 0/99999
Epoch 6141 | Cost: 0.307521 | Acc: 80.56% (Best: 82.22% @ Ep5795) | LR: 0.000300 | Rev: 1/99999
Epoch 6142 | Cost: 0.311331 | Acc: 80.83% (Best: 82.22% @ Ep5795) | LR: 0.000300 | Rev: 2/99999
Epoch 6143 | Cost: 0.317252 | Acc: 80.28% (Best: 82.22% @ Ep5795) | LR: 0.000300 | Rev: 3/99999
Epoch 6144 | Cost: 0.336178 | Acc: 80.28% (Best: 82.22% @ Ep5795) | LR: 0.000300 | Rev: 4/99999
Epoch 6145 | Cost: 0.314318 | Acc: 79.44% (Best: 82.22% @ Ep5795) | LR: 0.000300 | Rev: 0/99999
Epoch 6146 | Cost: 0.303012 | Acc: 80.83% (Best: 82.22% @ Ep5795) | LR: 0.000300 | Rev: 0/99999
Epoch 6147 | Cost: 0.302497 | Acc: 80.00% (Best: 82.22% @ Ep5795) | LR: 0.000300 | Rev: 0/99999
Epoch 6148 | Cost: 0.315835 | Acc: 81.39% (Best: 82.22% @ Ep5795) | LR: 0.000300 | Rev: 1/99999
Epoch 6149 | Cost: 0.299490 | Acc: 80.56% (Best: 82.22% @ Ep5795) | LR: 0.000300 | Rev: 0/99999
Epoch 6150 | Cost: 0.305437 | Acc: 80.56% (Best: 82.22% @ Ep5795) | LR: 0.000300 | Rev: 1/99999
Epoch 6151 | Cost: 0.290824 | Acc: 80.56% (Best: 82.22% @ Ep5795) | LR: 0.000300 | Rev: 0/99999
Epoch 6152 | Cost: 0.314553 | Acc: 80.00% (Best: 82.22% @ Ep5795) | LR: 0.000300 | Rev: 1/99999
Epoch 6153 | Cost: 0.291594 | Acc: 79.72% (Best: 82.22% @ Ep5795) | LR: 0.000300 | Rev: 0/99999
Epoch 6154 | Cost: 0.313560 | Acc: 80.56% (Best: 82.22% @ Ep5795) | LR: 0.000300 | Rev: 1/99999
Epoch 6155 | Cost: 0.314235 | Acc: 80.00% (Best: 82.22% @ Ep5795) | LR: 0.000300 | Rev: 2/99999
Epoch 6156 | Cost: 0.301277 | Acc: 80.83% (Best: 82.22% @ Ep5795) | LR: 0.000300 | Rev: 0/99999
Epoch 6157 | Cost: 0.323676 | Acc: 79.72% (Best: 82.22% @ Ep5795) | LR: 0.000300 | Rev: 1/99999
Epoch 6158 | Cost: 0.309316 | Acc: 80.83% (Best: 82.22% @ Ep5795) | LR: 0.000300 | Rev: 0/99999
Epoch 6159 | Cost: 0.308411 | Acc: 80.28% (Best: 82.22% @ Ep5795) | LR: 0.000300 | Rev: 0/99999
Epoch 6160 | Cost: 0.299308 | Acc: 79.72% (Best: 82.22% @ Ep5795) | LR: 0.000300 | Rev: 0/99999
Epoch 6161 | Cost: 0.303121 | Acc: 80.00% (Best: 82.22% @ Ep5795) | LR: 0.000300 | Rev: 1/99999
Epoch 6162 | Cost: 0.311801 | Acc: 80.00% (Best: 82.22% @ Ep5795) | LR: 0.000300 | Rev: 2/99999
Epoch 6163 | Cost: 0.304366 | Acc: 80.56% (Best: 82.22% @ Ep5795) | LR: 0.000300 | Rev: 0/99999
Epoch 6164 | Cost: 0.316981 | Acc: 80.83% (Best: 82.22% @ Ep5795) | LR: 0.000300 | Rev: 1/99999
Epoch 6165 | Cost: 0.302563 | Acc: 80.28% (Best: 82.22% @ Ep5795) | LR: 0.000300 | Rev: 0/99999
Epoch 6166 | Cost: 0.301914 | Acc: 79.72% (Best: 82.22% @ Ep5795) | LR: 0.000300 | Rev: 0/99999
Epoch 6167 | Cost: 0.301354 | Acc: 81.11% (Best: 82.22% @ Ep5795) | LR: 0.000300 | Rev: 0/99999
Epoch 6168 | Cost: 0.321462 | Acc: 81.39% (Best: 82.22% @ Ep5795) | LR: 0.000300 | Rev: 1/99999
Epoch 6169 | Cost: 0.304750 | Acc: 80.00% (Best: 82.22% @ Ep5795) | LR: 0.000300 | Rev: 0/99999
Epoch 6170 | Cost: 0.315990 | Acc: 80.00% (Best: 82.22% @ Ep5795) | LR: 0.000300 | Rev: 1/99999
Epoch 6171 | Cost: 0.289529 | Acc: 80.56% (Best: 82.22% @ Ep5795) | LR: 0.000300 | Rev: 0/99999
Epoch 6172 | Cost: 0.308347 | Acc: 80.83% (Best: 82.22% @ Ep5795) | LR: 0.000300 | Rev: 1/99999
Epoch 6173 | Cost: 0.317990 | Acc: 80.83% (Best: 82.22% @ Ep5795) | LR: 0.000300 | Rev: 2/99999
Epoch 6174 | Cost: 0.298782 | Acc: 80.56% (Best: 82.22% @ Ep5795) | LR: 0.000300 | Rev: 0/99999
Epoch 6175 | Cost: 0.318029 | Acc: 80.83% (Best: 82.22% @ Ep5795) | LR: 0.000300 | Rev: 1/99999
Epoch 6176 | Cost: 0.304086 | Acc: 80.83% (Best: 82.22% @ Ep5795) | LR: 0.000300 | Rev: 0/99999
Epoch 6177 | Cost: 0.310062 | Acc: 80.56% (Best: 82.22% @ Ep5795) | LR: 0.000300 | Rev: 1/99999
Epoch 6178 | Cost: 0.304538 | Acc: 80.56% (Best: 82.22% @ Ep5795) | LR: 0.000300 | Rev: 0/99999
Epoch 6179 | Cost: 0.297120 | Acc: 80.00% (Best: 82.22% @ Ep5795) | LR: 0.000300 | Rev: 0/99999
Epoch 6180 | Cost: 0.299195 | Acc: 80.56% (Best: 82.22% @ Ep5795) | LR: 0.000300 | Rev: 1/99999
Epoch 6181 | Cost: 0.296995 | Acc: 80.56% (Best: 82.22% @ Ep5795) | LR: 0.000300 | Rev: 0/99999
Epoch 6182 | Cost: 0.312882 | Acc: 81.11% (Best: 82.22% @ Ep5795) | LR: 0.000300 | Rev: 1/99999
Epoch 6183 | Cost: 0.298505 | Acc: 80.00% (Best: 82.22% @ Ep5795) | LR: 0.000300 | Rev: 0/99999
Epoch 6184 | Cost: 0.303204 | Acc: 80.56% (Best: 82.22% @ Ep5795) | LR: 0.000300 | Rev: 1/99999
Epoch 6185 | Cost: 0.306734 | Acc: 80.28% (Best: 82.22% @ Ep5795) | LR: 0.000300 | Rev: 2/99999
Epoch 6186 | Cost: 0.307534 | Acc: 80.00% (Best: 82.22% @ Ep5795) | LR: 0.000300 | Rev: 3/99999
Epoch 6187 | Cost: 0.307567 | Acc: 81.11% (Best: 82.22% @ Ep5795) | LR: 0.000300 | Rev: 4/99999
Epoch 6188 | Cost: 0.303856 | Acc: 80.00% (Best: 82.22% @ Ep5795) | LR: 0.000300 | Rev: 0/99999
Epoch 6189 | Cost: 0.309714 | Acc: 79.72% (Best: 82.22% @ Ep5795) | LR: 0.000300 | Rev: 1/99999
Epoch 6190 | Cost: 0.306752 | Acc: 80.83% (Best: 82.22% @ Ep5795) | LR: 0.000300 | Rev: 0/99999
Epoch 6191 | Cost: 0.314665 | Acc: 80.00% (Best: 82.22% @ Ep5795) | LR: 0.000300 | Rev: 1/99999
Epoch 6192 | Cost: 0.315927 | Acc: 80.83% (Best: 82.22% @ Ep5795) | LR: 0.000300 | Rev: 2/99999
Epoch 6193 | Cost: 0.298939 | Acc: 80.56% (Best: 82.22% @ Ep5795) | LR: 0.000300 | Rev: 0/99999
Epoch 6194 | Cost: 0.313333 | Acc: 79.72% (Best: 82.22% @ Ep5795) | LR: 0.000300 | Rev: 1/99999
Epoch 6195 | Cost: 0.318674 | Acc: 81.11% (Best: 82.22% @ Ep5795) | LR: 0.000300 | Rev: 2/99999
Epoch 6196 | Cost: 0.309852 | Acc: 79.72% (Best: 82.22% @ Ep5795) | LR: 0.000300 | Rev: 0/99999
Epoch 6197 | Cost: 0.313335 | Acc: 80.56% (Best: 82.22% @ Ep5795) | LR: 0.000300 | Rev: 1/99999
Epoch 6198 | Cost: 0.321164 | Acc: 79.44% (Best: 82.22% @ Ep5795) | LR: 0.000300 | Rev: 2/99999
Epoch 6199 | Cost: 0.320366 | Acc: 79.44% (Best: 82.22% @ Ep5795) | LR: 0.000300 | Rev: 0/99999
Epoch 6200 | Cost: 0.314098 | Acc: 79.44% (Best: 82.22% @ Ep5795) | LR: 0.000300 | Rev: 0/99999
Epoch 6201 | Cost: 0.309208 | Acc: 80.56% (Best: 82.22% @ Ep5795) | LR: 0.000300 | Rev: 0/99999
Epoch 6202 | Cost: 0.317721 | Acc: 80.56% (Best: 82.22% @ Ep5795) | LR: 0.000300 | Rev: 1/99999
Epoch 6203 | Cost: 0.299088 | Acc: 80.83% (Best: 82.22% @ Ep5795) | LR: 0.000300 | Rev: 0/99999
Epoch 6204 | Cost: 0.293102 | Acc: 81.39% (Best: 82.22% @ Ep5795) | LR: 0.000300 | Rev: 0/99999
Epoch 6205 | Cost: 0.306956 | Acc: 80.56% (Best: 82.22% @ Ep5795) | LR: 0.000300 | Rev: 1/99999
Epoch 6206 | Cost: 0.301829 | Acc: 80.83% (Best: 82.22% @ Ep5795) | LR: 0.000300 | Rev: 0/99999
Epoch 6207 | Cost: 0.315179 | Acc: 80.28% (Best: 82.22% @ Ep5795) | LR: 0.000300 | Rev: 1/99999
Epoch 6208 | Cost: 0.276091 | Acc: 79.44% (Best: 82.22% @ Ep5795) | LR: 0.000300 | Rev: 0/99999
Epoch 6209 | Cost: 0.279746 | Acc: 79.44% (Best: 82.22% @ Ep5795) | LR: 0.000300 | Rev: 1/99999
Epoch 6210 | Cost: 0.298661 | Acc: 80.83% (Best: 82.22% @ Ep5795) | LR: 0.000300 | Rev: 2/99999
Epoch 6211 | Cost: 0.291432 | Acc: 81.11% (Best: 82.22% @ Ep5795) | LR: 0.000300 | Rev: 0/99999
Epoch 6212 | Cost: 0.291345 | Acc: 80.56% (Best: 82.22% @ Ep5795) | LR: 0.000300 | Rev: 0/99999
Epoch 6213 | Cost: 0.288906 | Acc: 81.11% (Best: 82.22% @ Ep5795) | LR: 0.000300 | Rev: 0/99999
Epoch 6214 | Cost: 0.281517 | Acc: 80.56% (Best: 82.22% @ Ep5795) | LR: 0.000300 | Rev: 0/99999
Epoch 6215 | Cost: 0.299475 | Acc: 80.28% (Best: 82.22% @ Ep5795) | LR: 0.000300 | Rev: 1/99999
Epoch 6216 | Cost: 0.300383 | Acc: 81.39% (Best: 82.22% @ Ep5795) | LR: 0.000300 | Rev: 2/99999
Epoch 6217 | Cost: 0.305369 | Acc: 81.39% (Best: 82.22% @ Ep5795) | LR: 0.000300 | Rev: 3/99999
Epoch 6218 | Cost: 0.301933 | Acc: 80.00% (Best: 82.22% @ Ep5795) | LR: 0.000300 | Rev: 0/99999
Epoch 6219 | Cost: 0.289918 | Acc: 81.11% (Best: 82.22% @ Ep5795) | LR: 0.000300 | Rev: 0/99999
Epoch 6220 | Cost: 0.298557 | Acc: 80.56% (Best: 82.22% @ Ep5795) | LR: 0.000300 | Rev: 1/99999
Epoch 6221 | Cost: 0.301970 | Acc: 80.83% (Best: 82.22% @ Ep5795) | LR: 0.000300 | Rev: 2/99999
Epoch 6222 | Cost: 0.290088 | Acc: 80.56% (Best: 82.22% @ Ep5795) | LR: 0.000300 | Rev: 0/99999
Epoch 6223 | Cost: 0.325350 | Acc: 81.11% (Best: 82.22% @ Ep5795) | LR: 0.000300 | Rev: 1/99999
Epoch 6224 | Cost: 0.286844 | Acc: 80.83% (Best: 82.22% @ Ep5795) | LR: 0.000300 | Rev: 0/99999
Epoch 6225 | Cost: 0.300235 | Acc: 80.56% (Best: 82.22% @ Ep5795) | LR: 0.000300 | Rev: 1/99999
Epoch 6226 | Cost: 0.315240 | Acc: 81.67% (Best: 82.22% @ Ep5795) | LR: 0.000300 | Rev: 2/99999
Epoch 6227 | Cost: 0.320609 | Acc: 80.56% (Best: 82.22% @ Ep5795) | LR: 0.000300 | Rev: 3/99999
Epoch 6228 | Cost: 0.308469 | Acc: 81.39% (Best: 82.22% @ Ep5795) | LR: 0.000300 | Rev: 0/99999
Epoch 6229 | Cost: 0.288810 | Acc: 81.11% (Best: 82.22% @ Ep5795) | LR: 0.000300 | Rev: 0/99999
Epoch 6230 | Cost: 0.297873 | Acc: 80.56% (Best: 82.22% @ Ep5795) | LR: 0.000300 | Rev: 1/99999
Epoch 6231 | Cost: 0.286466 | Acc: 80.83% (Best: 82.22% @ Ep5795) | LR: 0.000300 | Rev: 0/99999
Epoch 6232 | Cost: 0.303082 | Acc: 80.83% (Best: 82.22% @ Ep5795) | LR: 0.000300 | Rev: 1/99999
Epoch 6233 | Cost: 0.282688 | Acc: 80.83% (Best: 82.22% @ Ep5795) | LR: 0.000300 | Rev: 0/99999
Epoch 6234 | Cost: 0.336960 | Acc: 80.83% (Best: 82.22% @ Ep5795) | LR: 0.000300 | Rev: 1/99999
Epoch 6235 | Cost: 0.303709 | Acc: 80.56% (Best: 82.22% @ Ep5795) | LR: 0.000300 | Rev: 0/99999
Epoch 6236 | Cost: 0.295905 | Acc: 80.83% (Best: 82.22% @ Ep5795) | LR: 0.000300 | Rev: 0/99999
Epoch 6237 | Cost: 0.291755 | Acc: 80.56% (Best: 82.22% @ Ep5795) | LR: 0.000300 | Rev: 0/99999
Epoch 6238 | Cost: 0.293016 | Acc: 79.72% (Best: 82.22% @ Ep5795) | LR: 0.000300 | Rev: 1/99999
Epoch 6239 | Cost: 0.291749 | Acc: 80.00% (Best: 82.22% @ Ep5795) | LR: 0.000300 | Rev: 0/99999
Epoch 6240 | Cost: 0.309463 | Acc: 80.28% (Best: 82.22% @ Ep5795) | LR: 0.000300 | Rev: 1/99999
Epoch 6241 | Cost: 0.292982 | Acc: 80.83% (Best: 82.22% @ Ep5795) | LR: 0.000300 | Rev: 0/99999
Epoch 6242 | Cost: 0.303054 | Acc: 80.28% (Best: 82.22% @ Ep5795) | LR: 0.000300 | Rev: 1/99999
Epoch 6243 | Cost: 0.295051 | Acc: 81.11% (Best: 82.22% @ Ep5795) | LR: 0.000300 | Rev: 0/99999
Epoch 6244 | Cost: 0.283115 | Acc: 80.83% (Best: 82.22% @ Ep5795) | LR: 0.000300 | Rev: 0/99999
Epoch 6245 | Cost: 0.289401 | Acc: 80.28% (Best: 82.22% @ Ep5795) | LR: 0.000300 | Rev: 1/99999
Epoch 6246 | Cost: 0.300415 | Acc: 80.28% (Best: 82.22% @ Ep5795) | LR: 0.000300 | Rev: 2/99999
Epoch 6247 | Cost: 0.296416 | Acc: 80.28% (Best: 82.22% @ Ep5795) | LR: 0.000300 | Rev: 0/99999
Epoch 6248 | Cost: 0.310109 | Acc: 79.72% (Best: 82.22% @ Ep5795) | LR: 0.000300 | Rev: 1/99999
Epoch 6249 | Cost: 0.292043 | Acc: 81.11% (Best: 82.22% @ Ep5795) | LR: 0.000300 | Rev: 0/99999
Epoch 6250 | Cost: 0.301783 | Acc: 80.28% (Best: 82.22% @ Ep5795) | LR: 0.000300 | Rev: 1/99999
Epoch 6251 | Cost: 0.294340 | Acc: 81.11% (Best: 82.22% @ Ep5795) | LR: 0.000300 | Rev: 0/99999
Epoch 6252 | Cost: 0.302552 | Acc: 80.56% (Best: 82.22% @ Ep5795) | LR: 0.000300 | Rev: 1/99999
Epoch 6253 | Cost: 0.294384 | Acc: 80.56% (Best: 82.22% @ Ep5795) | LR: 0.000300 | Rev: 0/99999
Epoch 6254 | Cost: 0.316291 | Acc: 81.11% (Best: 82.22% @ Ep5795) | LR: 0.000300 | Rev: 1/99999
Epoch 6255 | Cost: 0.308974 | Acc: 81.39% (Best: 82.22% @ Ep5795) | LR: 0.000300 | Rev: 0/99999
Epoch 6256 | Cost: 0.284530 | Acc: 80.28% (Best: 82.22% @ Ep5795) | LR: 0.000300 | Rev: 0/99999
Epoch 6257 | Cost: 0.284235 | Acc: 80.28% (Best: 82.22% @ Ep5795) | LR: 0.000300 | Rev: 0/99999
Epoch 6258 | Cost: 0.282954 | Acc: 81.39% (Best: 82.22% @ Ep5795) | LR: 0.000300 | Rev: 0/99999
Epoch 6259 | Cost: 0.309362 | Acc: 81.67% (Best: 82.22% @ Ep5795) | LR: 0.000300 | Rev: 1/99999
Epoch 6260 | Cost: 0.315905 | Acc: 79.44% (Best: 82.22% @ Ep5795) | LR: 0.000300 | Rev: 2/99999
Epoch 6261 | Cost: 0.299287 | Acc: 80.83% (Best: 82.22% @ Ep5795) | LR: 0.000300 | Rev: 0/99999
Epoch 6262 | Cost: 0.324716 | Acc: 80.00% (Best: 82.22% @ Ep5795) | LR: 0.000300 | Rev: 1/99999
Epoch 6263 | Cost: 0.295696 | Acc: 80.28% (Best: 82.22% @ Ep5795) | LR: 0.000300 | Rev: 0/99999
Epoch 6264 | Cost: 0.285664 | Acc: 80.00% (Best: 82.22% @ Ep5795) | LR: 0.000300 | Rev: 0/99999
Epoch 6265 | Cost: 0.302799 | Acc: 81.11% (Best: 82.22% @ Ep5795) | LR: 0.000300 | Rev: 1/99999
Epoch 6266 | Cost: 0.300109 | Acc: 81.11% (Best: 82.22% @ Ep5795) | LR: 0.000300 | Rev: 0/99999
Epoch 6267 | Cost: 0.285520 | Acc: 79.72% (Best: 82.22% @ Ep5795) | LR: 0.000300 | Rev: 0/99999
Epoch 6268 | Cost: 0.303665 | Acc: 80.28% (Best: 82.22% @ Ep5795) | LR: 0.000300 | Rev: 1/99999
Epoch 6269 | Cost: 0.299687 | Acc: 80.56% (Best: 82.22% @ Ep5795) | LR: 0.000300 | Rev: 0/99999
Epoch 6270 | Cost: 0.299149 | Acc: 81.67% (Best: 82.22% @ Ep5795) | LR: 0.000300 | Rev: 0/99999
Epoch 6271 | Cost: 0.285784 | Acc: 81.11% (Best: 82.22% @ Ep5795) | LR: 0.000300 | Rev: 0/99999
Epoch 6272 | Cost: 0.308078 | Acc: 80.56% (Best: 82.22% @ Ep5795) | LR: 0.000300 | Rev: 1/99999
Epoch 6273 | Cost: 0.292522 | Acc: 81.11% (Best: 82.22% @ Ep5795) | LR: 0.000300 | Rev: 0/99999
Epoch 6274 | Cost: 0.312104 | Acc: 80.00% (Best: 82.22% @ Ep5795) | LR: 0.000300 | Rev: 1/99999
Epoch 6275 | Cost: 0.323590 | Acc: 80.83% (Best: 82.22% @ Ep5795) | LR: 0.000300 | Rev: 2/99999
Epoch 6276 | Cost: 0.285856 | Acc: 81.39% (Best: 82.22% @ Ep5795) | LR: 0.000300 | Rev: 0/99999
Epoch 6277 | Cost: 0.307514 | Acc: 81.11% (Best: 82.22% @ Ep5795) | LR: 0.000300 | Rev: 1/99999
Epoch 6278 | Cost: 0.312044 | Acc: 80.28% (Best: 82.22% @ Ep5795) | LR: 0.000300 | Rev: 2/99999
Epoch 6279 | Cost: 0.297383 | Acc: 80.56% (Best: 82.22% @ Ep5795) | LR: 0.000300 | Rev: 0/99999
Epoch 6280 | Cost: 0.299872 | Acc: 81.39% (Best: 82.22% @ Ep5795) | LR: 0.000300 | Rev: 1/99999
Epoch 6281 | Cost: 0.286767 | Acc: 80.83% (Best: 82.22% @ Ep5795) | LR: 0.000300 | Rev: 0/99999
Epoch 6282 | Cost: 0.289866 | Acc: 80.83% (Best: 82.22% @ Ep5795) | LR: 0.000300 | Rev: 1/99999
Epoch 6283 | Cost: 0.290074 | Acc: 80.28% (Best: 82.22% @ Ep5795) | LR: 0.000300 | Rev: 2/99999
Epoch 6284 | Cost: 0.304450 | Acc: 80.83% (Best: 82.22% @ Ep5795) | LR: 0.000300 | Rev: 3/99999
Epoch 6285 | Cost: 0.285754 | Acc: 80.83% (Best: 82.22% @ Ep5795) | LR: 0.000300 | Rev: 0/99999
Epoch 6286 | Cost: 0.313010 | Acc: 80.56% (Best: 82.22% @ Ep5795) | LR: 0.000300 | Rev: 1/99999
Epoch 6287 | Cost: 0.309661 | Acc: 80.83% (Best: 82.22% @ Ep5795) | LR: 0.000300 | Rev: 0/99999
Epoch 6288 | Cost: 0.298059 | Acc: 82.22% (Best: 82.22% @ Ep5795) | LR: 0.000300 | Rev: 0/99999
Epoch 6289 | Cost: 0.297912 | Acc: 81.39% (Best: 82.22% @ Ep5795) | LR: 0.000300 | Rev: 0/99999
Epoch 6290 | Cost: 0.290881 | Acc: 80.83% (Best: 82.22% @ Ep5795) | LR: 0.000300 | Rev: 0/99999
Epoch 6291 | Cost: 0.305741 | Acc: 80.28% (Best: 82.22% @ Ep5795) | LR: 0.000300 | Rev: 1/99999
Epoch 6292 | Cost: 0.301304 | Acc: 80.83% (Best: 82.22% @ Ep5795) | LR: 0.000300 | Rev: 0/99999
Epoch 6293 | Cost: 0.307441 | Acc: 80.83% (Best: 82.22% @ Ep5795) | LR: 0.000300 | Rev: 1/99999
Epoch 6294 | Cost: 0.293706 | Acc: 80.83% (Best: 82.22% @ Ep5795) | LR: 0.000300 | Rev: 0/99999
Epoch 6295 | Cost: 0.295275 | Acc: 81.11% (Best: 82.22% @ Ep5795) | LR: 0.000300 | Rev: 1/99999
Epoch 6296 | Cost: 0.296516 | Acc: 81.11% (Best: 82.22% @ Ep5795) | LR: 0.000300 | Rev: 2/99999
Epoch 6297 | Cost: 0.289360 | Acc: 81.11% (Best: 82.22% @ Ep5795) | LR: 0.000300 | Rev: 0/99999
Epoch 6298 | Cost: 0.315142 | Acc: 80.28% (Best: 82.22% @ Ep5795) | LR: 0.000300 | Rev: 1/99999
Epoch 6299 | Cost: 0.295934 | Acc: 80.00% (Best: 82.22% @ Ep5795) | LR: 0.000300 | Rev: 0/99999
Epoch 6300 | Cost: 0.305280 | Acc: 79.72% (Best: 82.22% @ Ep5795) | LR: 0.000300 | Rev: 1/99999
Epoch 6301 | Cost: 0.289006 | Acc: 80.00% (Best: 82.22% @ Ep5795) | LR: 0.000300 | Rev: 0/99999
Epoch 6302 | Cost: 0.295241 | Acc: 80.56% (Best: 82.22% @ Ep5795) | LR: 0.000300 | Rev: 1/99999
Epoch 6303 | Cost: 0.293684 | Acc: 80.56% (Best: 82.22% @ Ep5795) | LR: 0.000300 | Rev: 0/99999
Epoch 6304 | Cost: 0.301926 | Acc: 80.56% (Best: 82.22% @ Ep5795) | LR: 0.000300 | Rev: 1/99999
Epoch 6305 | Cost: 0.298856 | Acc: 80.28% (Best: 82.22% @ Ep5795) | LR: 0.000300 | Rev: 0/99999
Epoch 6306 | Cost: 0.299479 | Acc: 80.83% (Best: 82.22% @ Ep5795) | LR: 0.000300 | Rev: 1/99999
Epoch 6307 | Cost: 0.295720 | Acc: 81.39% (Best: 82.22% @ Ep5795) | LR: 0.000300 | Rev: 0/99999
Epoch 6308 | Cost: 0.309498 | Acc: 80.83% (Best: 82.22% @ Ep5795) | LR: 0.000300 | Rev: 1/99999
Epoch 6309 | Cost: 0.289745 | Acc: 81.67% (Best: 82.22% @ Ep5795) | LR: 0.000300 | Rev: 0/99999
Epoch 6310 | Cost: 0.308241 | Acc: 80.56% (Best: 82.22% @ Ep5795) | LR: 0.000300 | Rev: 1/99999
Epoch 6311 | Cost: 0.285345 | Acc: 80.28% (Best: 82.22% @ Ep5795) | LR: 0.000300 | Rev: 0/99999
Epoch 6312 | Cost: 0.289654 | Acc: 80.56% (Best: 82.22% @ Ep5795) | LR: 0.000300 | Rev: 1/99999
Epoch 6313 | Cost: 0.270094 | Acc: 81.39% (Best: 82.22% @ Ep5795) | LR: 0.000300 | Rev: 0/99999
Epoch 6314 | Cost: 0.297891 | Acc: 80.56% (Best: 82.22% @ Ep5795) | LR: 0.000300 | Rev: 1/99999
Epoch 6315 | Cost: 0.286372 | Acc: 80.56% (Best: 82.22% @ Ep5795) | LR: 0.000300 | Rev: 0/99999
Epoch 6316 | Cost: 0.289066 | Acc: 80.28% (Best: 82.22% @ Ep5795) | LR: 0.000300 | Rev: 1/99999
Epoch 6317 | Cost: 0.303003 | Acc: 81.11% (Best: 82.22% @ Ep5795) | LR: 0.000300 | Rev: 2/99999
Epoch 6318 | Cost: 0.295694 | Acc: 80.28% (Best: 82.22% @ Ep5795) | LR: 0.000300 | Rev: 0/99999
Epoch 6319 | Cost: 0.292937 | Acc: 81.11% (Best: 82.22% @ Ep5795) | LR: 0.000300 | Rev: 0/99999
Epoch 6320 | Cost: 0.294212 | Acc: 81.11% (Best: 82.22% @ Ep5795) | LR: 0.000300 | Rev: 1/99999
Epoch 6321 | Cost: 0.276085 | Acc: 80.28% (Best: 82.22% @ Ep5795) | LR: 0.000300 | Rev: 0/99999
Epoch 6322 | Cost: 0.291816 | Acc: 80.56% (Best: 82.22% @ Ep5795) | LR: 0.000300 | Rev: 1/99999
Epoch 6323 | Cost: 0.303260 | Acc: 80.28% (Best: 82.22% @ Ep5795) | LR: 0.000300 | Rev: 2/99999
Epoch 6324 | Cost: 0.275427 | Acc: 80.28% (Best: 82.22% @ Ep5795) | LR: 0.000300 | Rev: 0/99999
Epoch 6325 | Cost: 0.293424 | Acc: 80.83% (Best: 82.22% @ Ep5795) | LR: 0.000300 | Rev: 1/99999
Epoch 6326 | Cost: 0.293487 | Acc: 80.28% (Best: 82.22% @ Ep5795) | LR: 0.000300 | Rev: 2/99999
Epoch 6327 | Cost: 0.279971 | Acc: 80.00% (Best: 82.22% @ Ep5795) | LR: 0.000300 | Rev: 0/99999
Epoch 6328 | Cost: 0.305239 | Acc: 80.28% (Best: 82.22% @ Ep5795) | LR: 0.000300 | Rev: 1/99999
Epoch 6329 | Cost: 0.312934 | Acc: 81.94% (Best: 82.22% @ Ep5795) | LR: 0.000300 | Rev: 2/99999
Epoch 6330 | Cost: 0.278143 | Acc: 80.56% (Best: 82.22% @ Ep5795) | LR: 0.000300 | Rev: 0/99999
Epoch 6331 | Cost: 0.273752 | Acc: 81.67% (Best: 82.22% @ Ep5795) | LR: 0.000300 | Rev: 0/99999
Epoch 6332 | Cost: 0.297474 | Acc: 80.00% (Best: 82.22% @ Ep5795) | LR: 0.000300 | Rev: 1/99999
Epoch 6333 | Cost: 0.302465 | Acc: 80.56% (Best: 82.22% @ Ep5795) | LR: 0.000300 | Rev: 2/99999
Epoch 6334 | Cost: 0.291426 | Acc: 80.28% (Best: 82.22% @ Ep5795) | LR: 0.000300 | Rev: 0/99999
Epoch 6335 | Cost: 0.278173 | Acc: 80.83% (Best: 82.22% @ Ep5795) | LR: 0.000300 | Rev: 0/99999
Epoch 6336 | Cost: 0.267978 | Acc: 80.83% (Best: 82.22% @ Ep5795) | LR: 0.000300 | Rev: 0/99999
Epoch 6337 | Cost: 0.288958 | Acc: 80.83% (Best: 82.22% @ Ep5795) | LR: 0.000300 | Rev: 1/99999
Epoch 6338 | Cost: 0.305854 | Acc: 81.11% (Best: 82.22% @ Ep5795) | LR: 0.000300 | Rev: 2/99999
Epoch 6339 | Cost: 0.287724 | Acc: 81.11% (Best: 82.22% @ Ep5795) | LR: 0.000300 | Rev: 0/99999
Epoch 6340 | Cost: 0.292421 | Acc: 81.11% (Best: 82.22% @ Ep5795) | LR: 0.000300 | Rev: 1/99999
Epoch 6341 | Cost: 0.288963 | Acc: 81.39% (Best: 82.22% @ Ep5795) | LR: 0.000300 | Rev: 0/99999
Epoch 6342 | Cost: 0.294276 | Acc: 81.94% (Best: 82.22% @ Ep5795) | LR: 0.000300 | Rev: 1/99999
Epoch 6343 | Cost: 0.291420 | Acc: 80.56% (Best: 82.22% @ Ep5795) | LR: 0.000300 | Rev: 0/99999
Epoch 6344 | Cost: 0.293370 | Acc: 80.56% (Best: 82.22% @ Ep5795) | LR: 0.000300 | Rev: 1/99999
Epoch 6345 | Cost: 0.308908 | Acc: 80.28% (Best: 82.22% @ Ep5795) | LR: 0.000300 | Rev: 2/99999
Epoch 6346 | Cost: 0.277537 | Acc: 80.00% (Best: 82.22% @ Ep5795) | LR: 0.000300 | Rev: 0/99999
Epoch 6347 | Cost: 0.311626 | Acc: 80.56% (Best: 82.22% @ Ep5795) | LR: 0.000300 | Rev: 1/99999
Epoch 6348 | Cost: 0.294604 | Acc: 82.22% (Best: 82.22% @ Ep5795) | LR: 0.000300 | Rev: 0/99999
Epoch 6349 | Cost: 0.296873 | Acc: 80.28% (Best: 82.22% @ Ep5795) | LR: 0.000300 | Rev: 1/99999
Epoch 6350 | Cost: 0.286487 | Acc: 81.11% (Best: 82.22% @ Ep5795) | LR: 0.000300 | Rev: 0/99999
Epoch 6351 | Cost: 0.278387 | Acc: 81.67% (Best: 82.22% @ Ep5795) | LR: 0.000300 | Rev: 0/99999
Epoch 6352 | Cost: 0.277711 | Acc: 80.83% (Best: 82.22% @ Ep5795) | LR: 0.000300 | Rev: 0/99999
Epoch 6353 | Cost: 0.278528 | Acc: 81.39% (Best: 82.22% @ Ep5795) | LR: 0.000300 | Rev: 1/99999
Epoch 6354 | Cost: 0.300624 | Acc: 81.67% (Best: 82.22% @ Ep5795) | LR: 0.000300 | Rev: 2/99999
Epoch 6355 | Cost: 0.293468 | Acc: 80.28% (Best: 82.22% @ Ep5795) | LR: 0.000300 | Rev: 0/99999
Epoch 6356 | Cost: 0.290154 | Acc: 81.39% (Best: 82.22% @ Ep5795) | LR: 0.000300 | Rev: 0/99999
Epoch 6357 | Cost: 0.299160 | Acc: 80.83% (Best: 82.22% @ Ep5795) | LR: 0.000300 | Rev: 1/99999
Epoch 6358 | Cost: 0.302201 | Acc: 80.28% (Best: 82.22% @ Ep5795) | LR: 0.000300 | Rev: 2/99999
Epoch 6359 | Cost: 0.290898 | Acc: 81.11% (Best: 82.22% @ Ep5795) | LR: 0.000300 | Rev: 0/99999
Epoch 6360 | Cost: 0.297047 | Acc: 80.28% (Best: 82.22% @ Ep5795) | LR: 0.000300 | Rev: 1/99999
Epoch 6361 | Cost: 0.290122 | Acc: 80.56% (Best: 82.22% @ Ep5795) | LR: 0.000300 | Rev: 0/99999
Epoch 6362 | Cost: 0.299447 | Acc: 80.56% (Best: 82.22% @ Ep5795) | LR: 0.000300 | Rev: 1/99999
Epoch 6363 | Cost: 0.290272 | Acc: 81.67% (Best: 82.22% @ Ep5795) | LR: 0.000300 | Rev: 0/99999
Epoch 6364 | Cost: 0.293565 | Acc: 82.22% (Best: 82.22% @ Ep5795) | LR: 0.000300 | Rev: 1/99999
Epoch 6365 | Cost: 0.285433 | Acc: 80.83% (Best: 82.22% @ Ep5795) | LR: 0.000300 | Rev: 0/99999
Epoch 6366 | Cost: 0.308094 | Acc: 81.11% (Best: 82.22% @ Ep5795) | LR: 0.000300 | Rev: 1/99999
Epoch 6367 | Cost: 0.312757 | Acc: 80.83% (Best: 82.22% @ Ep5795) | LR: 0.000300 | Rev: 2/99999
Epoch 6368 | Cost: 0.300699 | Acc: 80.83% (Best: 82.22% @ Ep5795) | LR: 0.000300 | Rev: 0/99999
Epoch 6369 | Cost: 0.289142 | Acc: 80.28% (Best: 82.22% @ Ep5795) | LR: 0.000300 | Rev: 0/99999
Epoch 6370 | Cost: 0.279928 | Acc: 81.94% (Best: 82.22% @ Ep5795) | LR: 0.000300 | Rev: 0/99999
Epoch 6371 | Cost: 0.295017 | Acc: 80.00% (Best: 82.22% @ Ep5795) | LR: 0.000300 | Rev: 1/99999
Epoch 6372 | Cost: 0.275355 | Acc: 80.56% (Best: 82.22% @ Ep5795) | LR: 0.000300 | Rev: 0/99999
Epoch 6373 | Cost: 0.287960 | Acc: 80.83% (Best: 82.22% @ Ep5795) | LR: 0.000300 | Rev: 1/99999
Epoch 6374 | Cost: 0.274021 | Acc: 81.11% (Best: 82.22% @ Ep5795) | LR: 0.000300 | Rev: 0/99999
Epoch 6375 | Cost: 0.283514 | Acc: 81.11% (Best: 82.22% @ Ep5795) | LR: 0.000300 | Rev: 1/99999
Epoch 6376 | Cost: 0.303585 | Acc: 81.11% (Best: 82.22% @ Ep5795) | LR: 0.000300 | Rev: 2/99999
Epoch 6377 | Cost: 0.288712 | Acc: 80.83% (Best: 82.22% @ Ep5795) | LR: 0.000300 | Rev: 0/99999
Epoch 6378 | Cost: 0.295973 | Acc: 80.28% (Best: 82.22% @ Ep5795) | LR: 0.000300 | Rev: 1/99999
Epoch 6379 | Cost: 0.285440 | Acc: 81.11% (Best: 82.22% @ Ep5795) | LR: 0.000300 | Rev: 0/99999
Epoch 6380 | Cost: 0.294787 | Acc: 80.83% (Best: 82.22% @ Ep5795) | LR: 0.000300 | Rev: 1/99999
Epoch 6381 | Cost: 0.303854 | Acc: 80.83% (Best: 82.22% @ Ep5795) | LR: 0.000300 | Rev: 2/99999
Epoch 6382 | Cost: 0.283447 | Acc: 80.83% (Best: 82.22% @ Ep5795) | LR: 0.000300 | Rev: 0/99999
Epoch 6383 | Cost: 0.299167 | Acc: 80.83% (Best: 82.22% @ Ep5795) | LR: 0.000300 | Rev: 1/99999
Epoch 6384 | Cost: 0.299365 | Acc: 81.11% (Best: 82.22% @ Ep5795) | LR: 0.000300 | Rev: 2/99999
Epoch 6385 | Cost: 0.318577 | Acc: 81.11% (Best: 82.22% @ Ep5795) | LR: 0.000300 | Rev: 3/99999
Epoch 6386 | Cost: 0.278361 | Acc: 80.28% (Best: 82.22% @ Ep5795) | LR: 0.000300 | Rev: 0/99999
Epoch 6387 | Cost: 0.300684 | Acc: 80.56% (Best: 82.22% @ Ep5795) | LR: 0.000300 | Rev: 1/99999
Epoch 6388 | Cost: 0.297888 | Acc: 81.39% (Best: 82.22% @ Ep5795) | LR: 0.000300 | Rev: 0/99999
Epoch 6389 | Cost: 0.289462 | Acc: 80.28% (Best: 82.22% @ Ep5795) | LR: 0.000300 | Rev: 0/99999
Epoch 6390 | Cost: 0.279930 | Acc: 80.00% (Best: 82.22% @ Ep5795) | LR: 0.000300 | Rev: 0/99999
Epoch 6391 | Cost: 0.291767 | Acc: 79.72% (Best: 82.22% @ Ep5795) | LR: 0.000300 | Rev: 1/99999
Epoch 6392 | Cost: 0.299058 | Acc: 81.39% (Best: 82.22% @ Ep5795) | LR: 0.000300 | Rev: 2/99999
Epoch 6393 | Cost: 0.285482 | Acc: 81.11% (Best: 82.22% @ Ep5795) | LR: 0.000300 | Rev: 0/99999
Epoch 6394 | Cost: 0.290177 | Acc: 80.56% (Best: 82.22% @ Ep5795) | LR: 0.000300 | Rev: 1/99999
Epoch 6395 | Cost: 0.276080 | Acc: 80.83% (Best: 82.22% @ Ep5795) | LR: 0.000300 | Rev: 0/99999
Epoch 6396 | Cost: 0.298940 | Acc: 80.83% (Best: 82.22% @ Ep5795) | LR: 0.000300 | Rev: 1/99999
Epoch 6397 | Cost: 0.282377 | Acc: 81.39% (Best: 82.22% @ Ep5795) | LR: 0.000300 | Rev: 0/99999
Epoch 6398 | Cost: 0.292270 | Acc: 80.28% (Best: 82.22% @ Ep5795) | LR: 0.000300 | Rev: 1/99999
Epoch 6399 | Cost: 0.308103 | Acc: 80.83% (Best: 82.22% @ Ep5795) | LR: 0.000300 | Rev: 2/99999
Epoch 6400 | Cost: 0.295951 | Acc: 81.11% (Best: 82.22% @ Ep5795) | LR: 0.000300 | Rev: 0/99999
Epoch 6401 | Cost: 0.292459 | Acc: 80.28% (Best: 82.22% @ Ep5795) | LR: 0.000300 | Rev: 0/99999
Epoch 6402 | Cost: 0.296064 | Acc: 80.83% (Best: 82.22% @ Ep5795) | LR: 0.000300 | Rev: 1/99999
Epoch 6403 | Cost: 0.268514 | Acc: 80.56% (Best: 82.22% @ Ep5795) | LR: 0.000300 | Rev: 0/99999
Epoch 6404 | Cost: 0.290124 | Acc: 80.83% (Best: 82.22% @ Ep5795) | LR: 0.000300 | Rev: 1/99999
Epoch 6405 | Cost: 0.282752 | Acc: 80.83% (Best: 82.22% @ Ep5795) | LR: 0.000300 | Rev: 0/99999
Epoch 6406 | Cost: 0.289699 | Acc: 81.94% (Best: 82.22% @ Ep5795) | LR: 0.000300 | Rev: 1/99999
Epoch 6407 | Cost: 0.283183 | Acc: 80.83% (Best: 82.22% @ Ep5795) | LR: 0.000300 | Rev: 0/99999
Epoch 6408 | Cost: 0.300648 | Acc: 80.56% (Best: 82.22% @ Ep5795) | LR: 0.000300 | Rev: 1/99999
Epoch 6409 | Cost: 0.294667 | Acc: 81.94% (Best: 82.22% @ Ep5795) | LR: 0.000300 | Rev: 0/99999
Epoch 6410 | Cost: 0.288194 | Acc: 81.39% (Best: 82.22% @ Ep5795) | LR: 0.000300 | Rev: 0/99999
Epoch 6411 | Cost: 0.310531 | Acc: 81.39% (Best: 82.22% @ Ep5795) | LR: 0.000300 | Rev: 1/99999
Epoch 6412 | Cost: 0.309139 | Acc: 80.83% (Best: 82.22% @ Ep5795) | LR: 0.000300 | Rev: 0/99999
Epoch 6413 | Cost: 0.290700 | Acc: 81.67% (Best: 82.22% @ Ep5795) | LR: 0.000300 | Rev: 0/99999
Epoch 6414 | Cost: 0.298227 | Acc: 80.00% (Best: 82.22% @ Ep5795) | LR: 0.000300 | Rev: 1/99999
Epoch 6415 | Cost: 0.299148 | Acc: 81.11% (Best: 82.22% @ Ep5795) | LR: 0.000300 | Rev: 2/99999
Epoch 6416 | Cost: 0.317133 | Acc: 81.11% (Best: 82.22% @ Ep5795) | LR: 0.000300 | Rev: 3/99999
Epoch 6417 | Cost: 0.287321 | Acc: 81.39% (Best: 82.22% @ Ep5795) | LR: 0.000300 | Rev: 0/99999
Epoch 6418 | Cost: 0.304160 | Acc: 82.22% (Best: 82.22% @ Ep5795) | LR: 0.000300 | Rev: 1/99999
Epoch 6419 | Cost: 0.300393 | Acc: 82.50% (Best: 82.50% @ Ep6419) | LR: 0.000010 | Rev: 0/99999
Epoch 6420 | Cost: 0.272427 | Acc: 82.22% (Best: 82.50% @ Ep6419) | LR: 0.000010 | Rev: 0/99999
Epoch 6421 | Cost: 0.275774 | Acc: 82.22% (Best: 82.50% @ Ep6419) | LR: 0.000010 | Rev: 1/99999
Epoch 6422 | Cost: 0.277791 | Acc: 81.94% (Best: 82.50% @ Ep6419) | LR: 0.000010 | Rev: 2/99999
Epoch 6423 | Cost: 0.256096 | Acc: 81.67% (Best: 82.50% @ Ep6419) | LR: 0.000010 | Rev: 0/99999
Epoch 6424 | Cost: 0.258453 | Acc: 81.94% (Best: 82.50% @ Ep6419) | LR: 0.000010 | Rev: 1/99999
Epoch 6425 | Cost: 0.271030 | Acc: 81.94% (Best: 82.50% @ Ep6419) | LR: 0.000010 | Rev: 2/99999
Epoch 6426 | Cost: 0.274240 | Acc: 81.94% (Best: 82.50% @ Ep6419) | LR: 0.000010 | Rev: 3/99999
Epoch 6427 | Cost: 0.297976 | Acc: 81.94% (Best: 82.50% @ Ep6419) | LR: 0.000010 | Rev: 4/99999
Epoch 6428 | Cost: 0.269274 | Acc: 81.94% (Best: 82.50% @ Ep6419) | LR: 0.000010 | Rev: 0/99999
Epoch 6429 | Cost: 0.256750 | Acc: 81.94% (Best: 82.50% @ Ep6419) | LR: 0.000010 | Rev: 0/99999
Epoch 6430 | Cost: 0.281612 | Acc: 81.94% (Best: 82.50% @ Ep6419) | LR: 0.000010 | Rev: 1/99999
Epoch 6431 | Cost: 0.269481 | Acc: 81.67% (Best: 82.50% @ Ep6419) | LR: 0.000010 | Rev: 0/99999
Epoch 6432 | Cost: 0.276589 | Acc: 81.67% (Best: 82.50% @ Ep6419) | LR: 0.000010 | Rev: 1/99999
Epoch 6433 | Cost: 0.276188 | Acc: 81.67% (Best: 82.50% @ Ep6419) | LR: 0.000010 | Rev: 0/99999
Epoch 6434 | Cost: 0.253461 | Acc: 81.67% (Best: 82.50% @ Ep6419) | LR: 0.000010 | Rev: 0/99999
Epoch 6435 | Cost: 0.262445 | Acc: 81.67% (Best: 82.50% @ Ep6419) | LR: 0.000010 | Rev: 1/99999
Epoch 6436 | Cost: 0.273157 | Acc: 81.67% (Best: 82.50% @ Ep6419) | LR: 0.000010 | Rev: 2/99999
Epoch 6437 | Cost: 0.260847 | Acc: 81.67% (Best: 82.50% @ Ep6419) | LR: 0.000010 | Rev: 0/99999
Epoch 6438 | Cost: 0.264152 | Acc: 81.67% (Best: 82.50% @ Ep6419) | LR: 0.000010 | Rev: 1/99999
Epoch 6439 | Cost: 0.273343 | Acc: 81.67% (Best: 82.50% @ Ep6419) | LR: 0.000010 | Rev: 2/99999
Epoch 6440 | Cost: 0.281408 | Acc: 81.67% (Best: 82.50% @ Ep6419) | LR: 0.000010 | Rev: 3/99999
Epoch 6441 | Cost: 0.269716 | Acc: 81.67% (Best: 82.50% @ Ep6419) | LR: 0.000010 | Rev: 0/99999
Epoch 6442 | Cost: 0.262880 | Acc: 81.67% (Best: 82.50% @ Ep6419) | LR: 0.000010 | Rev: 0/99999
Epoch 6443 | Cost: 0.280002 | Acc: 81.67% (Best: 82.50% @ Ep6419) | LR: 0.000010 | Rev: 1/99999
Epoch 6444 | Cost: 0.268033 | Acc: 81.67% (Best: 82.50% @ Ep6419) | LR: 0.000010 | Rev: 0/99999
Epoch 6445 | Cost: 0.304771 | Acc: 81.67% (Best: 82.50% @ Ep6419) | LR: 0.000010 | Rev: 1/99999
Epoch 6446 | Cost: 0.273902 | Acc: 81.39% (Best: 82.50% @ Ep6419) | LR: 0.000010 | Rev: 0/99999
Epoch 6447 | Cost: 0.267509 | Acc: 81.67% (Best: 82.50% @ Ep6419) | LR: 0.000010 | Rev: 0/99999
Epoch 6448 | Cost: 0.282030 | Acc: 81.94% (Best: 82.50% @ Ep6419) | LR: 0.000010 | Rev: 1/99999
Epoch 6449 | Cost: 0.260547 | Acc: 81.67% (Best: 82.50% @ Ep6419) | LR: 0.000010 | Rev: 0/99999
Epoch 6450 | Cost: 0.279806 | Acc: 81.67% (Best: 82.50% @ Ep6419) | LR: 0.000010 | Rev: 1/99999
Epoch 6451 | Cost: 0.291836 | Acc: 81.67% (Best: 82.50% @ Ep6419) | LR: 0.000010 | Rev: 2/99999
Epoch 6452 | Cost: 0.278490 | Acc: 81.67% (Best: 82.50% @ Ep6419) | LR: 0.000010 | Rev: 0/99999
Epoch 6453 | Cost: 0.264192 | Acc: 81.67% (Best: 82.50% @ Ep6419) | LR: 0.000010 | Rev: 0/99999
Epoch 6454 | Cost: 0.267339 | Acc: 81.94% (Best: 82.50% @ Ep6419) | LR: 0.000010 | Rev: 1/99999
Epoch 6455 | Cost: 0.261951 | Acc: 81.94% (Best: 82.50% @ Ep6419) | LR: 0.000010 | Rev: 0/99999
Epoch 6456 | Cost: 0.288377 | Acc: 81.94% (Best: 82.50% @ Ep6419) | LR: 0.000010 | Rev: 1/99999
Epoch 6457 | Cost: 0.289309 | Acc: 81.94% (Best: 82.50% @ Ep6419) | LR: 0.000010 | Rev: 2/99999
Epoch 6458 | Cost: 0.258938 | Acc: 81.94% (Best: 82.50% @ Ep6419) | LR: 0.000010 | Rev: 0/99999
Epoch 6459 | Cost: 0.265417 | Acc: 81.94% (Best: 82.50% @ Ep6419) | LR: 0.000010 | Rev: 1/99999
Epoch 6460 | Cost: 0.278045 | Acc: 81.94% (Best: 82.50% @ Ep6419) | LR: 0.000010 | Rev: 2/99999
Epoch 6461 | Cost: 0.269999 | Acc: 81.94% (Best: 82.50% @ Ep6419) | LR: 0.000010 | Rev: 0/99999
Epoch 6462 | Cost: 0.271159 | Acc: 81.94% (Best: 82.50% @ Ep6419) | LR: 0.000010 | Rev: 1/99999
Epoch 6463 | Cost: 0.287442 | Acc: 81.94% (Best: 82.50% @ Ep6419) | LR: 0.000010 | Rev: 2/99999
Epoch 6464 | Cost: 0.278362 | Acc: 81.94% (Best: 82.50% @ Ep6419) | LR: 0.000010 | Rev: 0/99999
Epoch 6465 | Cost: 0.253456 | Acc: 81.94% (Best: 82.50% @ Ep6419) | LR: 0.000010 | Rev: 0/99999
Epoch 6466 | Cost: 0.277857 | Acc: 81.94% (Best: 82.50% @ Ep6419) | LR: 0.000010 | Rev: 1/99999
Epoch 6467 | Cost: 0.268641 | Acc: 81.67% (Best: 82.50% @ Ep6419) | LR: 0.000010 | Rev: 0/99999
Epoch 6468 | Cost: 0.255911 | Acc: 81.67% (Best: 82.50% @ Ep6419) | LR: 0.000010 | Rev: 0/99999
Epoch 6469 | Cost: 0.272759 | Acc: 81.67% (Best: 82.50% @ Ep6419) | LR: 0.000020 | Rev: 1/99999
Epoch 6470 | Cost: 0.267646 | Acc: 81.39% (Best: 82.50% @ Ep6419) | LR: 0.000020 | Rev: 0/99999
Epoch 6471 | Cost: 0.280949 | Acc: 81.11% (Best: 82.50% @ Ep6419) | LR: 0.000020 | Rev: 1/99999
Epoch 6472 | Cost: 0.276021 | Acc: 81.11% (Best: 82.50% @ Ep6419) | LR: 0.000020 | Rev: 0/99999
Epoch 6473 | Cost: 0.287969 | Acc: 81.11% (Best: 82.50% @ Ep6419) | LR: 0.000020 | Rev: 1/99999
Epoch 6474 | Cost: 0.270205 | Acc: 81.11% (Best: 82.50% @ Ep6419) | LR: 0.000020 | Rev: 0/99999
Epoch 6475 | Cost: 0.256715 | Acc: 81.11% (Best: 82.50% @ Ep6419) | LR: 0.000020 | Rev: 0/99999
Epoch 6476 | Cost: 0.291146 | Acc: 81.39% (Best: 82.50% @ Ep6419) | LR: 0.000020 | Rev: 1/99999
Epoch 6477 | Cost: 0.295593 | Acc: 81.39% (Best: 82.50% @ Ep6419) | LR: 0.000020 | Rev: 2/99999
Epoch 6478 | Cost: 0.260697 | Acc: 81.39% (Best: 82.50% @ Ep6419) | LR: 0.000020 | Rev: 0/99999
Epoch 6479 | Cost: 0.274886 | Acc: 81.39% (Best: 82.50% @ Ep6419) | LR: 0.000030 | Rev: 1/99999
Epoch 6480 | Cost: 0.269450 | Acc: 81.11% (Best: 82.50% @ Ep6419) | LR: 0.000030 | Rev: 0/99999
Epoch 6481 | Cost: 0.269843 | Acc: 81.39% (Best: 82.50% @ Ep6419) | LR: 0.000030 | Rev: 1/99999
Epoch 6482 | Cost: 0.262130 | Acc: 81.39% (Best: 82.50% @ Ep6419) | LR: 0.000030 | Rev: 0/99999
Epoch 6483 | Cost: 0.271934 | Acc: 81.11% (Best: 82.50% @ Ep6419) | LR: 0.000030 | Rev: 1/99999
Epoch 6484 | Cost: 0.265957 | Acc: 81.39% (Best: 82.50% @ Ep6419) | LR: 0.000030 | Rev: 0/99999
Epoch 6485 | Cost: 0.262991 | Acc: 81.11% (Best: 82.50% @ Ep6419) | LR: 0.000030 | Rev: 0/99999
Epoch 6486 | Cost: 0.255323 | Acc: 81.11% (Best: 82.50% @ Ep6419) | LR: 0.000030 | Rev: 0/99999
Epoch 6487 | Cost: 0.275813 | Acc: 81.11% (Best: 82.50% @ Ep6419) | LR: 0.000030 | Rev: 1/99999
Epoch 6488 | Cost: 0.287784 | Acc: 81.11% (Best: 82.50% @ Ep6419) | LR: 0.000030 | Rev: 2/99999
Epoch 6489 | Cost: 0.257843 | Acc: 81.67% (Best: 82.50% @ Ep6419) | LR: 0.000040 | Rev: 0/99999
Epoch 6490 | Cost: 0.270299 | Acc: 81.39% (Best: 82.50% @ Ep6419) | LR: 0.000040 | Rev: 1/99999
Epoch 6491 | Cost: 0.254521 | Acc: 81.39% (Best: 82.50% @ Ep6419) | LR: 0.000040 | Rev: 0/99999
Epoch 6492 | Cost: 0.273005 | Acc: 81.67% (Best: 82.50% @ Ep6419) | LR: 0.000040 | Rev: 1/99999
Epoch 6493 | Cost: 0.260520 | Acc: 81.11% (Best: 82.50% @ Ep6419) | LR: 0.000040 | Rev: 0/99999
Epoch 6494 | Cost: 0.286121 | Acc: 81.11% (Best: 82.50% @ Ep6419) | LR: 0.000040 | Rev: 1/99999
Epoch 6495 | Cost: 0.279193 | Acc: 81.39% (Best: 82.50% @ Ep6419) | LR: 0.000040 | Rev: 0/99999
Epoch 6496 | Cost: 0.272323 | Acc: 81.11% (Best: 82.50% @ Ep6419) | LR: 0.000040 | Rev: 0/99999
Epoch 6497 | Cost: 0.274416 | Acc: 81.67% (Best: 82.50% @ Ep6419) | LR: 0.000040 | Rev: 1/99999
Epoch 6498 | Cost: 0.263547 | Acc: 81.39% (Best: 82.50% @ Ep6419) | LR: 0.000040 | Rev: 0/99999
Epoch 6499 | Cost: 0.270661 | Acc: 81.67% (Best: 82.50% @ Ep6419) | LR: 0.000050 | Rev: 1/99999
Epoch 6500 | Cost: 0.282194 | Acc: 81.39% (Best: 82.50% @ Ep6419) | LR: 0.000050 | Rev: 2/99999
Epoch 6501 | Cost: 0.269906 | Acc: 81.39% (Best: 82.50% @ Ep6419) | LR: 0.000050 | Rev: 0/99999
Epoch 6502 | Cost: 0.266769 | Acc: 81.11% (Best: 82.50% @ Ep6419) | LR: 0.000050 | Rev: 0/99999
Epoch 6503 | Cost: 0.286208 | Acc: 81.11% (Best: 82.50% @ Ep6419) | LR: 0.000050 | Rev: 1/99999
Epoch 6504 | Cost: 0.260249 | Acc: 81.39% (Best: 82.50% @ Ep6419) | LR: 0.000050 | Rev: 0/99999
Epoch 6505 | Cost: 0.268055 | Acc: 81.11% (Best: 82.50% @ Ep6419) | LR: 0.000050 | Rev: 1/99999
Epoch 6506 | Cost: 0.262556 | Acc: 81.39% (Best: 82.50% @ Ep6419) | LR: 0.000050 | Rev: 0/99999
Epoch 6507 | Cost: 0.271905 | Acc: 81.39% (Best: 82.50% @ Ep6419) | LR: 0.000050 | Rev: 1/99999
Epoch 6508 | Cost: 0.276413 | Acc: 81.11% (Best: 82.50% @ Ep6419) | LR: 0.000050 | Rev: 2/99999
Epoch 6509 | Cost: 0.271071 | Acc: 81.67% (Best: 82.50% @ Ep6419) | LR: 0.000060 | Rev: 0/99999
Epoch 6510 | Cost: 0.273515 | Acc: 81.67% (Best: 82.50% @ Ep6419) | LR: 0.000060 | Rev: 1/99999
Epoch 6511 | Cost: 0.263035 | Acc: 81.67% (Best: 82.50% @ Ep6419) | LR: 0.000060 | Rev: 0/99999
Epoch 6512 | Cost: 0.279498 | Acc: 81.39% (Best: 82.50% @ Ep6419) | LR: 0.000060 | Rev: 1/99999
Epoch 6513 | Cost: 0.263759 | Acc: 81.39% (Best: 82.50% @ Ep6419) | LR: 0.000060 | Rev: 0/99999
Epoch 6514 | Cost: 0.281932 | Acc: 81.39% (Best: 82.50% @ Ep6419) | LR: 0.000060 | Rev: 1/99999
Epoch 6515 | Cost: 0.272120 | Acc: 81.11% (Best: 82.50% @ Ep6419) | LR: 0.000060 | Rev: 0/99999
Epoch 6516 | Cost: 0.252768 | Acc: 81.39% (Best: 82.50% @ Ep6419) | LR: 0.000060 | Rev: 0/99999
Epoch 6517 | Cost: 0.276936 | Acc: 81.67% (Best: 82.50% @ Ep6419) | LR: 0.000060 | Rev: 1/99999
Epoch 6518 | Cost: 0.284737 | Acc: 81.11% (Best: 82.50% @ Ep6419) | LR: 0.000060 | Rev: 2/99999
Epoch 6519 | Cost: 0.271806 | Acc: 81.11% (Best: 82.50% @ Ep6419) | LR: 0.000070 | Rev: 0/99999
Epoch 6520 | Cost: 0.285973 | Acc: 81.11% (Best: 82.50% @ Ep6419) | LR: 0.000070 | Rev: 1/99999
Epoch 6521 | Cost: 0.263003 | Acc: 80.83% (Best: 82.50% @ Ep6419) | LR: 0.000070 | Rev: 0/99999
Epoch 6522 | Cost: 0.285367 | Acc: 81.67% (Best: 82.50% @ Ep6419) | LR: 0.000070 | Rev: 1/99999
Epoch 6523 | Cost: 0.280219 | Acc: 81.11% (Best: 82.50% @ Ep6419) | LR: 0.000070 | Rev: 0/99999
Epoch 6524 | Cost: 0.286034 | Acc: 81.11% (Best: 82.50% @ Ep6419) | LR: 0.000070 | Rev: 1/99999
Epoch 6525 | Cost: 0.277145 | Acc: 81.39% (Best: 82.50% @ Ep6419) | LR: 0.000070 | Rev: 0/99999
Epoch 6526 | Cost: 0.277683 | Acc: 81.67% (Best: 82.50% @ Ep6419) | LR: 0.000070 | Rev: 1/99999
Epoch 6527 | Cost: 0.264270 | Acc: 81.39% (Best: 82.50% @ Ep6419) | LR: 0.000070 | Rev: 0/99999
Epoch 6528 | Cost: 0.269540 | Acc: 81.11% (Best: 82.50% @ Ep6419) | LR: 0.000070 | Rev: 1/99999
Epoch 6529 | Cost: 0.280064 | Acc: 80.83% (Best: 82.50% @ Ep6419) | LR: 0.000080 | Rev: 2/99999
Epoch 6530 | Cost: 0.278631 | Acc: 81.39% (Best: 82.50% @ Ep6419) | LR: 0.000080 | Rev: 0/99999
Epoch 6531 | Cost: 0.263207 | Acc: 81.39% (Best: 82.50% @ Ep6419) | LR: 0.000080 | Rev: 0/99999
Epoch 6532 | Cost: 0.274095 | Acc: 81.39% (Best: 82.50% @ Ep6419) | LR: 0.000080 | Rev: 1/99999
Epoch 6533 | Cost: 0.272848 | Acc: 80.83% (Best: 82.50% @ Ep6419) | LR: 0.000080 | Rev: 0/99999
Epoch 6534 | Cost: 0.273982 | Acc: 81.11% (Best: 82.50% @ Ep6419) | LR: 0.000080 | Rev: 1/99999
Epoch 6535 | Cost: 0.297849 | Acc: 81.11% (Best: 82.50% @ Ep6419) | LR: 0.000080 | Rev: 2/99999
Epoch 6536 | Cost: 0.271003 | Acc: 80.83% (Best: 82.50% @ Ep6419) | LR: 0.000080 | Rev: 0/99999
Epoch 6537 | Cost: 0.278540 | Acc: 80.83% (Best: 82.50% @ Ep6419) | LR: 0.000080 | Rev: 1/99999
Epoch 6538 | Cost: 0.282354 | Acc: 80.83% (Best: 82.50% @ Ep6419) | LR: 0.000080 | Rev: 2/99999
Epoch 6539 | Cost: 0.260533 | Acc: 81.11% (Best: 82.50% @ Ep6419) | LR: 0.000090 | Rev: 0/99999
Epoch 6540 | Cost: 0.273959 | Acc: 81.39% (Best: 82.50% @ Ep6419) | LR: 0.000090 | Rev: 1/99999
Epoch 6541 | Cost: 0.270191 | Acc: 81.11% (Best: 82.50% @ Ep6419) | LR: 0.000090 | Rev: 0/99999
Epoch 6542 | Cost: 0.287801 | Acc: 80.83% (Best: 82.50% @ Ep6419) | LR: 0.000090 | Rev: 1/99999
Epoch 6543 | Cost: 0.283630 | Acc: 81.11% (Best: 82.50% @ Ep6419) | LR: 0.000090 | Rev: 0/99999
Epoch 6544 | Cost: 0.273338 | Acc: 81.67% (Best: 82.50% @ Ep6419) | LR: 0.000090 | Rev: 0/99999
Epoch 6545 | Cost: 0.273456 | Acc: 81.11% (Best: 82.50% @ Ep6419) | LR: 0.000090 | Rev: 1/99999
Epoch 6546 | Cost: 0.260410 | Acc: 81.67% (Best: 82.50% @ Ep6419) | LR: 0.000090 | Rev: 0/99999
Epoch 6547 | Cost: 0.271118 | Acc: 81.39% (Best: 82.50% @ Ep6419) | LR: 0.000090 | Rev: 1/99999
Epoch 6548 | Cost: 0.266475 | Acc: 81.67% (Best: 82.50% @ Ep6419) | LR: 0.000090 | Rev: 0/99999
Epoch 6549 | Cost: 0.280124 | Acc: 81.67% (Best: 82.50% @ Ep6419) | LR: 0.000100 | Rev: 1/99999
Epoch 6550 | Cost: 0.275444 | Acc: 81.94% (Best: 82.50% @ Ep6419) | LR: 0.000100 | Rev: 0/99999
Epoch 6551 | Cost: 0.268152 | Acc: 81.39% (Best: 82.50% @ Ep6419) | LR: 0.000100 | Rev: 0/99999
Epoch 6552 | Cost: 0.275303 | Acc: 81.11% (Best: 82.50% @ Ep6419) | LR: 0.000100 | Rev: 1/99999
Epoch 6553 | Cost: 0.281189 | Acc: 81.39% (Best: 82.50% @ Ep6419) | LR: 0.000100 | Rev: 2/99999
Epoch 6554 | Cost: 0.264636 | Acc: 81.11% (Best: 82.50% @ Ep6419) | LR: 0.000100 | Rev: 0/99999
Epoch 6555 | Cost: 0.277883 | Acc: 81.11% (Best: 82.50% @ Ep6419) | LR: 0.000100 | Rev: 1/99999
Epoch 6556 | Cost: 0.270939 | Acc: 81.39% (Best: 82.50% @ Ep6419) | LR: 0.000100 | Rev: 0/99999
Epoch 6557 | Cost: 0.280870 | Acc: 81.39% (Best: 82.50% @ Ep6419) | LR: 0.000100 | Rev: 1/99999
Epoch 6558 | Cost: 0.279619 | Acc: 81.39% (Best: 82.50% @ Ep6419) | LR: 0.000100 | Rev: 0/99999
Epoch 6559 | Cost: 0.276612 | Acc: 81.67% (Best: 82.50% @ Ep6419) | LR: 0.000110 | Rev: 0/99999
Epoch 6560 | Cost: 0.281257 | Acc: 80.83% (Best: 82.50% @ Ep6419) | LR: 0.000110 | Rev: 1/99999
Epoch 6561 | Cost: 0.255861 | Acc: 81.11% (Best: 82.50% @ Ep6419) | LR: 0.000110 | Rev: 0/99999
Epoch 6562 | Cost: 0.264056 | Acc: 81.39% (Best: 82.50% @ Ep6419) | LR: 0.000110 | Rev: 1/99999
Epoch 6563 | Cost: 0.274777 | Acc: 81.39% (Best: 82.50% @ Ep6419) | LR: 0.000110 | Rev: 2/99999
Epoch 6564 | Cost: 0.277983 | Acc: 80.83% (Best: 82.50% @ Ep6419) | LR: 0.000110 | Rev: 3/99999
Epoch 6565 | Cost: 0.271130 | Acc: 80.28% (Best: 82.50% @ Ep6419) | LR: 0.000110 | Rev: 0/99999
Epoch 6566 | Cost: 0.287904 | Acc: 80.83% (Best: 82.50% @ Ep6419) | LR: 0.000110 | Rev: 1/99999
Epoch 6567 | Cost: 0.269487 | Acc: 81.11% (Best: 82.50% @ Ep6419) | LR: 0.000110 | Rev: 0/99999
Epoch 6568 | Cost: 0.279772 | Acc: 80.83% (Best: 82.50% @ Ep6419) | LR: 0.000110 | Rev: 1/99999
Epoch 6569 | Cost: 0.266761 | Acc: 80.83% (Best: 82.50% @ Ep6419) | LR: 0.000120 | Rev: 0/99999
Epoch 6570 | Cost: 0.261683 | Acc: 81.67% (Best: 82.50% @ Ep6419) | LR: 0.000120 | Rev: 0/99999
Epoch 6571 | Cost: 0.267764 | Acc: 81.39% (Best: 82.50% @ Ep6419) | LR: 0.000120 | Rev: 1/99999
Epoch 6572 | Cost: 0.270886 | Acc: 81.11% (Best: 82.50% @ Ep6419) | LR: 0.000120 | Rev: 2/99999
Epoch 6573 | Cost: 0.256175 | Acc: 81.11% (Best: 82.50% @ Ep6419) | LR: 0.000120 | Rev: 0/99999
Epoch 6574 | Cost: 0.266218 | Acc: 80.83% (Best: 82.50% @ Ep6419) | LR: 0.000120 | Rev: 1/99999
Epoch 6575 | Cost: 0.278803 | Acc: 81.67% (Best: 82.50% @ Ep6419) | LR: 0.000120 | Rev: 2/99999
Epoch 6576 | Cost: 0.273863 | Acc: 81.39% (Best: 82.50% @ Ep6419) | LR: 0.000120 | Rev: 0/99999
Epoch 6577 | Cost: 0.270234 | Acc: 81.67% (Best: 82.50% @ Ep6419) | LR: 0.000120 | Rev: 0/99999
Epoch 6578 | Cost: 0.300524 | Acc: 81.39% (Best: 82.50% @ Ep6419) | LR: 0.000120 | Rev: 1/99999
Epoch 6579 | Cost: 0.281529 | Acc: 81.67% (Best: 82.50% @ Ep6419) | LR: 0.000130 | Rev: 0/99999
Epoch 6580 | Cost: 0.269505 | Acc: 81.11% (Best: 82.50% @ Ep6419) | LR: 0.000130 | Rev: 0/99999
Epoch 6581 | Cost: 0.277149 | Acc: 80.56% (Best: 82.50% @ Ep6419) | LR: 0.000130 | Rev: 1/99999
Epoch 6582 | Cost: 0.299388 | Acc: 81.39% (Best: 82.50% @ Ep6419) | LR: 0.000130 | Rev: 2/99999
Epoch 6583 | Cost: 0.267275 | Acc: 80.83% (Best: 82.50% @ Ep6419) | LR: 0.000130 | Rev: 0/99999
Epoch 6584 | Cost: 0.275677 | Acc: 81.39% (Best: 82.50% @ Ep6419) | LR: 0.000130 | Rev: 1/99999
Epoch 6585 | Cost: 0.298854 | Acc: 81.11% (Best: 82.50% @ Ep6419) | LR: 0.000130 | Rev: 2/99999
Epoch 6586 | Cost: 0.275810 | Acc: 81.67% (Best: 82.50% @ Ep6419) | LR: 0.000130 | Rev: 0/99999
Epoch 6587 | Cost: 0.277052 | Acc: 81.39% (Best: 82.50% @ Ep6419) | LR: 0.000130 | Rev: 1/99999
Epoch 6588 | Cost: 0.282500 | Acc: 81.94% (Best: 82.50% @ Ep6419) | LR: 0.000130 | Rev: 2/99999
Epoch 6589 | Cost: 0.257963 | Acc: 81.67% (Best: 82.50% @ Ep6419) | LR: 0.000140 | Rev: 0/99999
Epoch 6590 | Cost: 0.273200 | Acc: 81.67% (Best: 82.50% @ Ep6419) | LR: 0.000140 | Rev: 1/99999
Epoch 6591 | Cost: 0.281987 | Acc: 81.39% (Best: 82.50% @ Ep6419) | LR: 0.000140 | Rev: 2/99999
Epoch 6592 | Cost: 0.283421 | Acc: 80.83% (Best: 82.50% @ Ep6419) | LR: 0.000140 | Rev: 3/99999
Epoch 6593 | Cost: 0.273109 | Acc: 81.11% (Best: 82.50% @ Ep6419) | LR: 0.000140 | Rev: 0/99999
Epoch 6594 | Cost: 0.265630 | Acc: 81.11% (Best: 82.50% @ Ep6419) | LR: 0.000140 | Rev: 0/99999
Epoch 6595 | Cost: 0.273365 | Acc: 81.39% (Best: 82.50% @ Ep6419) | LR: 0.000140 | Rev: 1/99999
Epoch 6596 | Cost: 0.268650 | Acc: 80.83% (Best: 82.50% @ Ep6419) | LR: 0.000140 | Rev: 0/99999
Epoch 6597 | Cost: 0.278711 | Acc: 81.39% (Best: 82.50% @ Ep6419) | LR: 0.000140 | Rev: 1/99999
Epoch 6598 | Cost: 0.270467 | Acc: 81.11% (Best: 82.50% @ Ep6419) | LR: 0.000140 | Rev: 0/99999
Epoch 6599 | Cost: 0.277193 | Acc: 81.39% (Best: 82.50% @ Ep6419) | LR: 0.000150 | Rev: 1/99999
Epoch 6600 | Cost: 0.305909 | Acc: 80.83% (Best: 82.50% @ Ep6419) | LR: 0.000150 | Rev: 2/99999
Epoch 6601 | Cost: 0.277490 | Acc: 81.11% (Best: 82.50% @ Ep6419) | LR: 0.000150 | Rev: 0/99999
Epoch 6602 | Cost: 0.269456 | Acc: 81.39% (Best: 82.50% @ Ep6419) | LR: 0.000150 | Rev: 0/99999
Epoch 6603 | Cost: 0.281481 | Acc: 81.11% (Best: 82.50% @ Ep6419) | LR: 0.000150 | Rev: 1/99999
Epoch 6604 | Cost: 0.268574 | Acc: 81.39% (Best: 82.50% @ Ep6419) | LR: 0.000150 | Rev: 0/99999
Epoch 6605 | Cost: 0.259239 | Acc: 80.00% (Best: 82.50% @ Ep6419) | LR: 0.000150 | Rev: 0/99999
Epoch 6606 | Cost: 0.277020 | Acc: 81.11% (Best: 82.50% @ Ep6419) | LR: 0.000150 | Rev: 1/99999
Epoch 6607 | Cost: 0.286022 | Acc: 81.11% (Best: 82.50% @ Ep6419) | LR: 0.000150 | Rev: 2/99999
Epoch 6608 | Cost: 0.262796 | Acc: 81.39% (Best: 82.50% @ Ep6419) | LR: 0.000150 | Rev: 0/99999
Epoch 6609 | Cost: 0.274151 | Acc: 81.39% (Best: 82.50% @ Ep6419) | LR: 0.000160 | Rev: 1/99999
Epoch 6610 | Cost: 0.268043 | Acc: 81.39% (Best: 82.50% @ Ep6419) | LR: 0.000160 | Rev: 0/99999
Epoch 6611 | Cost: 0.258579 | Acc: 81.67% (Best: 82.50% @ Ep6419) | LR: 0.000160 | Rev: 0/99999
Epoch 6612 | Cost: 0.255752 | Acc: 81.94% (Best: 82.50% @ Ep6419) | LR: 0.000160 | Rev: 0/99999
Epoch 6613 | Cost: 0.283281 | Acc: 81.94% (Best: 82.50% @ Ep6419) | LR: 0.000160 | Rev: 1/99999
Epoch 6614 | Cost: 0.279314 | Acc: 81.39% (Best: 82.50% @ Ep6419) | LR: 0.000160 | Rev: 0/99999
Epoch 6615 | Cost: 0.289872 | Acc: 81.11% (Best: 82.50% @ Ep6419) | LR: 0.000160 | Rev: 1/99999
Epoch 6616 | Cost: 0.276522 | Acc: 80.83% (Best: 82.50% @ Ep6419) | LR: 0.000160 | Rev: 0/99999
Epoch 6617 | Cost: 0.262443 | Acc: 80.83% (Best: 82.50% @ Ep6419) | LR: 0.000160 | Rev: 0/99999
Epoch 6618 | Cost: 0.280404 | Acc: 81.39% (Best: 82.50% @ Ep6419) | LR: 0.000160 | Rev: 1/99999
Epoch 6619 | Cost: 0.262386 | Acc: 81.11% (Best: 82.50% @ Ep6419) | LR: 0.000170 | Rev: 0/99999
Epoch 6620 | Cost: 0.267181 | Acc: 81.11% (Best: 82.50% @ Ep6419) | LR: 0.000170 | Rev: 1/99999
Epoch 6621 | Cost: 0.270906 | Acc: 81.11% (Best: 82.50% @ Ep6419) | LR: 0.000170 | Rev: 2/99999
Epoch 6622 | Cost: 0.269478 | Acc: 81.11% (Best: 82.50% @ Ep6419) | LR: 0.000170 | Rev: 0/99999
Epoch 6623 | Cost: 0.298847 | Acc: 80.83% (Best: 82.50% @ Ep6419) | LR: 0.000170 | Rev: 1/99999
Epoch 6624 | Cost: 0.272886 | Acc: 81.67% (Best: 82.50% @ Ep6419) | LR: 0.000170 | Rev: 0/99999
Epoch 6625 | Cost: 0.278344 | Acc: 81.11% (Best: 82.50% @ Ep6419) | LR: 0.000170 | Rev: 1/99999
Epoch 6626 | Cost: 0.268607 | Acc: 80.28% (Best: 82.50% @ Ep6419) | LR: 0.000170 | Rev: 0/99999
Epoch 6627 | Cost: 0.276371 | Acc: 80.83% (Best: 82.50% @ Ep6419) | LR: 0.000170 | Rev: 1/99999
Epoch 6628 | Cost: 0.271147 | Acc: 81.67% (Best: 82.50% @ Ep6419) | LR: 0.000170 | Rev: 0/99999
Epoch 6629 | Cost: 0.281004 | Acc: 80.83% (Best: 82.50% @ Ep6419) | LR: 0.000180 | Rev: 1/99999
Epoch 6630 | Cost: 0.262769 | Acc: 80.83% (Best: 82.50% @ Ep6419) | LR: 0.000180 | Rev: 0/99999
Epoch 6631 | Cost: 0.293771 | Acc: 81.94% (Best: 82.50% @ Ep6419) | LR: 0.000180 | Rev: 1/99999
Epoch 6632 | Cost: 0.276221 | Acc: 81.39% (Best: 82.50% @ Ep6419) | LR: 0.000180 | Rev: 0/99999
Epoch 6633 | Cost: 0.287627 | Acc: 81.11% (Best: 82.50% @ Ep6419) | LR: 0.000180 | Rev: 1/99999
Epoch 6634 | Cost: 0.270526 | Acc: 80.83% (Best: 82.50% @ Ep6419) | LR: 0.000180 | Rev: 0/99999
Epoch 6635 | Cost: 0.260470 | Acc: 81.11% (Best: 82.50% @ Ep6419) | LR: 0.000180 | Rev: 0/99999
Epoch 6636 | Cost: 0.297084 | Acc: 81.67% (Best: 82.50% @ Ep6419) | LR: 0.000180 | Rev: 1/99999
Epoch 6637 | Cost: 0.268787 | Acc: 81.94% (Best: 82.50% @ Ep6419) | LR: 0.000180 | Rev: 0/99999
Epoch 6638 | Cost: 0.272737 | Acc: 81.11% (Best: 82.50% @ Ep6419) | LR: 0.000180 | Rev: 1/99999
Epoch 6639 | Cost: 0.288046 | Acc: 80.56% (Best: 82.50% @ Ep6419) | LR: 0.000190 | Rev: 2/99999
Epoch 6640 | Cost: 0.278053 | Acc: 81.11% (Best: 82.50% @ Ep6419) | LR: 0.000190 | Rev: 0/99999
Epoch 6641 | Cost: 0.296400 | Acc: 80.83% (Best: 82.50% @ Ep6419) | LR: 0.000190 | Rev: 1/99999
Epoch 6642 | Cost: 0.284893 | Acc: 80.83% (Best: 82.50% @ Ep6419) | LR: 0.000190 | Rev: 0/99999
Epoch 6643 | Cost: 0.275028 | Acc: 81.11% (Best: 82.50% @ Ep6419) | LR: 0.000190 | Rev: 0/99999
Epoch 6644 | Cost: 0.276090 | Acc: 81.67% (Best: 82.50% @ Ep6419) | LR: 0.000190 | Rev: 1/99999
Epoch 6645 | Cost: 0.262743 | Acc: 81.39% (Best: 82.50% @ Ep6419) | LR: 0.000190 | Rev: 0/99999
Epoch 6646 | Cost: 0.278100 | Acc: 81.39% (Best: 82.50% @ Ep6419) | LR: 0.000190 | Rev: 1/99999
Epoch 6647 | Cost: 0.289671 | Acc: 80.83% (Best: 82.50% @ Ep6419) | LR: 0.000190 | Rev: 2/99999
Epoch 6648 | Cost: 0.288895 | Acc: 81.39% (Best: 82.50% @ Ep6419) | LR: 0.000190 | Rev: 0/99999
Epoch 6649 | Cost: 0.282535 | Acc: 80.83% (Best: 82.50% @ Ep6419) | LR: 0.000200 | Rev: 0/99999
Epoch 6650 | Cost: 0.281389 | Acc: 81.67% (Best: 82.50% @ Ep6419) | LR: 0.000200 | Rev: 0/99999
Epoch 6651 | Cost: 0.276501 | Acc: 81.39% (Best: 82.50% @ Ep6419) | LR: 0.000200 | Rev: 0/99999
Epoch 6652 | Cost: 0.282275 | Acc: 81.67% (Best: 82.50% @ Ep6419) | LR: 0.000200 | Rev: 1/99999
Epoch 6653 | Cost: 0.269055 | Acc: 81.11% (Best: 82.50% @ Ep6419) | LR: 0.000200 | Rev: 0/99999
Epoch 6654 | Cost: 0.274088 | Acc: 81.39% (Best: 82.50% @ Ep6419) | LR: 0.000200 | Rev: 1/99999
Epoch 6655 | Cost: 0.271366 | Acc: 81.67% (Best: 82.50% @ Ep6419) | LR: 0.000200 | Rev: 0/99999
Epoch 6656 | Cost: 0.272901 | Acc: 81.67% (Best: 82.50% @ Ep6419) | LR: 0.000200 | Rev: 1/99999
Epoch 6657 | Cost: 0.262290 | Acc: 81.39% (Best: 82.50% @ Ep6419) | LR: 0.000200 | Rev: 0/99999
Epoch 6658 | Cost: 0.272125 | Acc: 81.67% (Best: 82.50% @ Ep6419) | LR: 0.000200 | Rev: 1/99999
Epoch 6659 | Cost: 0.264155 | Acc: 81.39% (Best: 82.50% @ Ep6419) | LR: 0.000210 | Rev: 0/99999
Epoch 6660 | Cost: 0.253563 | Acc: 81.11% (Best: 82.50% @ Ep6419) | LR: 0.000210 | Rev: 0/99999
Epoch 6661 | Cost: 0.271985 | Acc: 81.39% (Best: 82.50% @ Ep6419) | LR: 0.000210 | Rev: 1/99999
Epoch 6662 | Cost: 0.280557 | Acc: 81.39% (Best: 82.50% @ Ep6419) | LR: 0.000210 | Rev: 2/99999
Epoch 6663 | Cost: 0.280100 | Acc: 82.22% (Best: 82.50% @ Ep6419) | LR: 0.000210 | Rev: 0/99999
Epoch 6664 | Cost: 0.281696 | Acc: 81.11% (Best: 82.50% @ Ep6419) | LR: 0.000210 | Rev: 1/99999
Epoch 6665 | Cost: 0.264603 | Acc: 80.28% (Best: 82.50% @ Ep6419) | LR: 0.000210 | Rev: 0/99999
Epoch 6666 | Cost: 0.280999 | Acc: 80.56% (Best: 82.50% @ Ep6419) | LR: 0.000210 | Rev: 1/99999
Epoch 6667 | Cost: 0.275708 | Acc: 80.83% (Best: 82.50% @ Ep6419) | LR: 0.000210 | Rev: 0/99999
Epoch 6668 | Cost: 0.277330 | Acc: 80.56% (Best: 82.50% @ Ep6419) | LR: 0.000210 | Rev: 1/99999
Epoch 6669 | Cost: 0.267560 | Acc: 80.83% (Best: 82.50% @ Ep6419) | LR: 0.000220 | Rev: 0/99999
Epoch 6670 | Cost: 0.277017 | Acc: 81.11% (Best: 82.50% @ Ep6419) | LR: 0.000220 | Rev: 1/99999
Epoch 6671 | Cost: 0.278966 | Acc: 81.67% (Best: 82.50% @ Ep6419) | LR: 0.000220 | Rev: 2/99999
Epoch 6672 | Cost: 0.279488 | Acc: 81.11% (Best: 82.50% @ Ep6419) | LR: 0.000220 | Rev: 3/99999
Epoch 6673 | Cost: 0.278780 | Acc: 80.83% (Best: 82.50% @ Ep6419) | LR: 0.000220 | Rev: 0/99999
Epoch 6674 | Cost: 0.281742 | Acc: 81.11% (Best: 82.50% @ Ep6419) | LR: 0.000220 | Rev: 1/99999
Epoch 6675 | Cost: 0.292026 | Acc: 80.83% (Best: 82.50% @ Ep6419) | LR: 0.000220 | Rev: 2/99999
Epoch 6676 | Cost: 0.290721 | Acc: 81.11% (Best: 82.50% @ Ep6419) | LR: 0.000220 | Rev: 0/99999
Epoch 6677 | Cost: 0.279618 | Acc: 80.56% (Best: 82.50% @ Ep6419) | LR: 0.000220 | Rev: 0/99999
Epoch 6678 | Cost: 0.274834 | Acc: 81.11% (Best: 82.50% @ Ep6419) | LR: 0.000220 | Rev: 0/99999
Epoch 6679 | Cost: 0.283198 | Acc: 81.11% (Best: 82.50% @ Ep6419) | LR: 0.000230 | Rev: 1/99999
Epoch 6680 | Cost: 0.271521 | Acc: 80.83% (Best: 82.50% @ Ep6419) | LR: 0.000230 | Rev: 0/99999
Epoch 6681 | Cost: 0.286200 | Acc: 81.39% (Best: 82.50% @ Ep6419) | LR: 0.000230 | Rev: 1/99999
Epoch 6682 | Cost: 0.269227 | Acc: 81.11% (Best: 82.50% @ Ep6419) | LR: 0.000230 | Rev: 0/99999
Epoch 6683 | Cost: 0.287045 | Acc: 80.56% (Best: 82.50% @ Ep6419) | LR: 0.000230 | Rev: 1/99999
Epoch 6684 | Cost: 0.284120 | Acc: 80.56% (Best: 82.50% @ Ep6419) | LR: 0.000230 | Rev: 0/99999
Epoch 6685 | Cost: 0.283101 | Acc: 80.83% (Best: 82.50% @ Ep6419) | LR: 0.000230 | Rev: 0/99999
Epoch 6686 | Cost: 0.273812 | Acc: 81.94% (Best: 82.50% @ Ep6419) | LR: 0.000230 | Rev: 0/99999
Epoch 6687 | Cost: 0.279774 | Acc: 80.83% (Best: 82.50% @ Ep6419) | LR: 0.000230 | Rev: 1/99999
Epoch 6688 | Cost: 0.292179 | Acc: 80.83% (Best: 82.50% @ Ep6419) | LR: 0.000230 | Rev: 2/99999
Epoch 6689 | Cost: 0.282036 | Acc: 80.83% (Best: 82.50% @ Ep6419) | LR: 0.000240 | Rev: 0/99999
Epoch 6690 | Cost: 0.273201 | Acc: 80.56% (Best: 82.50% @ Ep6419) | LR: 0.000240 | Rev: 0/99999
Epoch 6691 | Cost: 0.316575 | Acc: 81.67% (Best: 82.50% @ Ep6419) | LR: 0.000240 | Rev: 1/99999
Epoch 6692 | Cost: 0.266901 | Acc: 81.11% (Best: 82.50% @ Ep6419) | LR: 0.000240 | Rev: 0/99999
Epoch 6693 | Cost: 0.292133 | Acc: 81.11% (Best: 82.50% @ Ep6419) | LR: 0.000240 | Rev: 1/99999
Epoch 6694 | Cost: 0.287910 | Acc: 80.83% (Best: 82.50% @ Ep6419) | LR: 0.000240 | Rev: 0/99999
Epoch 6695 | Cost: 0.265671 | Acc: 81.39% (Best: 82.50% @ Ep6419) | LR: 0.000240 | Rev: 0/99999
Epoch 6696 | Cost: 0.287295 | Acc: 81.67% (Best: 82.50% @ Ep6419) | LR: 0.000240 | Rev: 1/99999
Epoch 6697 | Cost: 0.269523 | Acc: 81.11% (Best: 82.50% @ Ep6419) | LR: 0.000240 | Rev: 0/99999
Epoch 6698 | Cost: 0.272791 | Acc: 80.28% (Best: 82.50% @ Ep6419) | LR: 0.000240 | Rev: 1/99999
Epoch 6699 | Cost: 0.269081 | Acc: 81.39% (Best: 82.50% @ Ep6419) | LR: 0.000250 | Rev: 0/99999
Epoch 6700 | Cost: 0.274547 | Acc: 81.94% (Best: 82.50% @ Ep6419) | LR: 0.000250 | Rev: 1/99999
Epoch 6701 | Cost: 0.265132 | Acc: 80.83% (Best: 82.50% @ Ep6419) | LR: 0.000250 | Rev: 0/99999
Epoch 6702 | Cost: 0.273450 | Acc: 81.39% (Best: 82.50% @ Ep6419) | LR: 0.000250 | Rev: 1/99999
Epoch 6703 | Cost: 0.270507 | Acc: 81.67% (Best: 82.50% @ Ep6419) | LR: 0.000250 | Rev: 0/99999
Epoch 6704 | Cost: 0.282319 | Acc: 81.11% (Best: 82.50% @ Ep6419) | LR: 0.000250 | Rev: 1/99999
Epoch 6705 | Cost: 0.270217 | Acc: 81.39% (Best: 82.50% @ Ep6419) | LR: 0.000250 | Rev: 0/99999
Epoch 6706 | Cost: 0.284761 | Acc: 80.28% (Best: 82.50% @ Ep6419) | LR: 0.000250 | Rev: 1/99999
Epoch 6707 | Cost: 0.290552 | Acc: 80.83% (Best: 82.50% @ Ep6419) | LR: 0.000250 | Rev: 2/99999
Epoch 6708 | Cost: 0.278490 | Acc: 80.83% (Best: 82.50% @ Ep6419) | LR: 0.000250 | Rev: 0/99999
Epoch 6709 | Cost: 0.287757 | Acc: 81.39% (Best: 82.50% @ Ep6419) | LR: 0.000260 | Rev: 1/99999
Epoch 6710 | Cost: 0.279286 | Acc: 81.67% (Best: 82.50% @ Ep6419) | LR: 0.000260 | Rev: 0/99999
Epoch 6711 | Cost: 0.272002 | Acc: 81.39% (Best: 82.50% @ Ep6419) | LR: 0.000260 | Rev: 0/99999
Epoch 6712 | Cost: 0.284568 | Acc: 81.11% (Best: 82.50% @ Ep6419) | LR: 0.000260 | Rev: 1/99999
Epoch 6713 | Cost: 0.285087 | Acc: 81.67% (Best: 82.50% @ Ep6419) | LR: 0.000260 | Rev: 2/99999
Epoch 6714 | Cost: 0.265851 | Acc: 80.83% (Best: 82.50% @ Ep6419) | LR: 0.000260 | Rev: 0/99999
Epoch 6715 | Cost: 0.273768 | Acc: 81.11% (Best: 82.50% @ Ep6419) | LR: 0.000260 | Rev: 1/99999
Epoch 6716 | Cost: 0.276987 | Acc: 81.11% (Best: 82.50% @ Ep6419) | LR: 0.000260 | Rev: 2/99999
Epoch 6717 | Cost: 0.272928 | Acc: 80.56% (Best: 82.50% @ Ep6419) | LR: 0.000260 | Rev: 0/99999
Epoch 6718 | Cost: 0.281481 | Acc: 81.94% (Best: 82.50% @ Ep6419) | LR: 0.000260 | Rev: 1/99999
Epoch 6719 | Cost: 0.274580 | Acc: 81.67% (Best: 82.50% @ Ep6419) | LR: 0.000270 | Rev: 0/99999
Epoch 6720 | Cost: 0.257260 | Acc: 80.56% (Best: 82.50% @ Ep6419) | LR: 0.000270 | Rev: 0/99999
Epoch 6721 | Cost: 0.280804 | Acc: 81.11% (Best: 82.50% @ Ep6419) | LR: 0.000270 | Rev: 1/99999
Epoch 6722 | Cost: 0.300403 | Acc: 80.56% (Best: 82.50% @ Ep6419) | LR: 0.000270 | Rev: 2/99999
Epoch 6723 | Cost: 0.278141 | Acc: 81.94% (Best: 82.50% @ Ep6419) | LR: 0.000270 | Rev: 0/99999
Epoch 6724 | Cost: 0.282245 | Acc: 81.39% (Best: 82.50% @ Ep6419) | LR: 0.000270 | Rev: 1/99999
Epoch 6725 | Cost: 0.289226 | Acc: 81.11% (Best: 82.50% @ Ep6419) | LR: 0.000270 | Rev: 2/99999
Epoch 6726 | Cost: 0.284237 | Acc: 80.83% (Best: 82.50% @ Ep6419) | LR: 0.000270 | Rev: 0/99999
Epoch 6727 | Cost: 0.274860 | Acc: 81.39% (Best: 82.50% @ Ep6419) | LR: 0.000270 | Rev: 0/99999
Epoch 6728 | Cost: 0.289055 | Acc: 80.83% (Best: 82.50% @ Ep6419) | LR: 0.000270 | Rev: 1/99999
Epoch 6729 | Cost: 0.270548 | Acc: 81.39% (Best: 82.50% @ Ep6419) | LR: 0.000280 | Rev: 0/99999
Epoch 6730 | Cost: 0.274070 | Acc: 80.28% (Best: 82.50% @ Ep6419) | LR: 0.000280 | Rev: 1/99999
Epoch 6731 | Cost: 0.273760 | Acc: 80.83% (Best: 82.50% @ Ep6419) | LR: 0.000280 | Rev: 0/99999
Epoch 6732 | Cost: 0.278352 | Acc: 80.83% (Best: 82.50% @ Ep6419) | LR: 0.000280 | Rev: 1/99999
Epoch 6733 | Cost: 0.280626 | Acc: 81.11% (Best: 82.50% @ Ep6419) | LR: 0.000280 | Rev: 2/99999
Epoch 6734 | Cost: 0.264596 | Acc: 81.67% (Best: 82.50% @ Ep6419) | LR: 0.000280 | Rev: 0/99999
Epoch 6735 | Cost: 0.271557 | Acc: 81.39% (Best: 82.50% @ Ep6419) | LR: 0.000280 | Rev: 1/99999
Epoch 6736 | Cost: 0.287250 | Acc: 81.39% (Best: 82.50% @ Ep6419) | LR: 0.000280 | Rev: 2/99999
Epoch 6737 | Cost: 0.287728 | Acc: 81.39% (Best: 82.50% @ Ep6419) | LR: 0.000280 | Rev: 3/99999
Epoch 6738 | Cost: 0.271659 | Acc: 80.83% (Best: 82.50% @ Ep6419) | LR: 0.000280 | Rev: 0/99999
Epoch 6739 | Cost: 0.283737 | Acc: 81.67% (Best: 82.50% @ Ep6419) | LR: 0.000290 | Rev: 1/99999
Epoch 6740 | Cost: 0.272372 | Acc: 81.67% (Best: 82.50% @ Ep6419) | LR: 0.000290 | Rev: 0/99999
Epoch 6741 | Cost: 0.264606 | Acc: 81.11% (Best: 82.50% @ Ep6419) | LR: 0.000290 | Rev: 0/99999
Epoch 6742 | Cost: 0.278506 | Acc: 81.11% (Best: 82.50% @ Ep6419) | LR: 0.000290 | Rev: 1/99999
Epoch 6743 | Cost: 0.267805 | Acc: 81.39% (Best: 82.50% @ Ep6419) | LR: 0.000290 | Rev: 0/99999
Epoch 6744 | Cost: 0.278403 | Acc: 80.56% (Best: 82.50% @ Ep6419) | LR: 0.000290 | Rev: 1/99999
Epoch 6745 | Cost: 0.290813 | Acc: 79.44% (Best: 82.50% @ Ep6419) | LR: 0.000290 | Rev: 2/99999
Epoch 6746 | Cost: 0.310288 | Acc: 80.28% (Best: 82.50% @ Ep6419) | LR: 0.000290 | Rev: 3/99999
Epoch 6747 | Cost: 0.297036 | Acc: 79.72% (Best: 82.50% @ Ep6419) | LR: 0.000290 | Rev: 0/99999
Epoch 6748 | Cost: 0.283706 | Acc: 81.94% (Best: 82.50% @ Ep6419) | LR: 0.000290 | Rev: 0/99999
Epoch 6749 | Cost: 0.259475 | Acc: 80.28% (Best: 82.50% @ Ep6419) | LR: 0.000300 | Rev: 0/99999
Epoch 6750 | Cost: 0.289115 | Acc: 80.83% (Best: 82.50% @ Ep6419) | LR: 0.000300 | Rev: 1/99999
Epoch 6751 | Cost: 0.272158 | Acc: 81.11% (Best: 82.50% @ Ep6419) | LR: 0.000300 | Rev: 0/99999
Epoch 6752 | Cost: 0.275474 | Acc: 81.67% (Best: 82.50% @ Ep6419) | LR: 0.000300 | Rev: 1/99999
Epoch 6753 | Cost: 0.261935 | Acc: 80.83% (Best: 82.50% @ Ep6419) | LR: 0.000300 | Rev: 0/99999
Epoch 6754 | Cost: 0.278375 | Acc: 80.56% (Best: 82.50% @ Ep6419) | LR: 0.000300 | Rev: 1/99999
Epoch 6755 | Cost: 0.263940 | Acc: 80.56% (Best: 82.50% @ Ep6419) | LR: 0.000300 | Rev: 0/99999
Epoch 6756 | Cost: 0.265416 | Acc: 81.39% (Best: 82.50% @ Ep6419) | LR: 0.000300 | Rev: 1/99999
Epoch 6757 | Cost: 0.267430 | Acc: 81.94% (Best: 82.50% @ Ep6419) | LR: 0.000300 | Rev: 2/99999
Epoch 6758 | Cost: 0.261478 | Acc: 80.83% (Best: 82.50% @ Ep6419) | LR: 0.000300 | Rev: 0/99999
Epoch 6759 | Cost: 0.276837 | Acc: 81.67% (Best: 82.50% @ Ep6419) | LR: 0.000300 | Rev: 1/99999
Epoch 6760 | Cost: 0.251990 | Acc: 81.39% (Best: 82.50% @ Ep6419) | LR: 0.000300 | Rev: 0/99999
Epoch 6761 | Cost: 0.268044 | Acc: 81.39% (Best: 82.50% @ Ep6419) | LR: 0.000300 | Rev: 1/99999
Epoch 6762 | Cost: 0.279101 | Acc: 81.11% (Best: 82.50% @ Ep6419) | LR: 0.000300 | Rev: 2/99999
Epoch 6763 | Cost: 0.263464 | Acc: 81.94% (Best: 82.50% @ Ep6419) | LR: 0.000300 | Rev: 0/99999
Epoch 6764 | Cost: 0.291548 | Acc: 81.11% (Best: 82.50% @ Ep6419) | LR: 0.000300 | Rev: 1/99999
Epoch 6765 | Cost: 0.270174 | Acc: 81.67% (Best: 82.50% @ Ep6419) | LR: 0.000300 | Rev: 0/99999
Epoch 6766 | Cost: 0.273271 | Acc: 80.83% (Best: 82.50% @ Ep6419) | LR: 0.000300 | Rev: 1/99999
Epoch 6767 | Cost: 0.275737 | Acc: 80.56% (Best: 82.50% @ Ep6419) | LR: 0.000300 | Rev: 2/99999
Epoch 6768 | Cost: 0.297539 | Acc: 81.11% (Best: 82.50% @ Ep6419) | LR: 0.000300 | Rev: 3/99999
Epoch 6769 | Cost: 0.287901 | Acc: 81.11% (Best: 82.50% @ Ep6419) | LR: 0.000300 | Rev: 0/99999
Epoch 6770 | Cost: 0.273884 | Acc: 79.72% (Best: 82.50% @ Ep6419) | LR: 0.000300 | Rev: 0/99999
Epoch 6771 | Cost: 0.271721 | Acc: 80.83% (Best: 82.50% @ Ep6419) | LR: 0.000300 | Rev: 0/99999
Epoch 6772 | Cost: 0.274082 | Acc: 81.94% (Best: 82.50% @ Ep6419) | LR: 0.000300 | Rev: 1/99999
Epoch 6773 | Cost: 0.268186 | Acc: 81.94% (Best: 82.50% @ Ep6419) | LR: 0.000300 | Rev: 0/99999
Epoch 6774 | Cost: 0.280744 | Acc: 81.39% (Best: 82.50% @ Ep6419) | LR: 0.000300 | Rev: 1/99999
Epoch 6775 | Cost: 0.272025 | Acc: 81.67% (Best: 82.50% @ Ep6419) | LR: 0.000300 | Rev: 0/99999
Epoch 6776 | Cost: 0.262736 | Acc: 81.67% (Best: 82.50% @ Ep6419) | LR: 0.000300 | Rev: 0/99999
Epoch 6777 | Cost: 0.269400 | Acc: 81.39% (Best: 82.50% @ Ep6419) | LR: 0.000300 | Rev: 1/99999
Epoch 6778 | Cost: 0.276617 | Acc: 81.39% (Best: 82.50% @ Ep6419) | LR: 0.000300 | Rev: 2/99999
Epoch 6779 | Cost: 0.286360 | Acc: 80.28% (Best: 82.50% @ Ep6419) | LR: 0.000300 | Rev: 3/99999
Epoch 6780 | Cost: 0.252166 | Acc: 80.56% (Best: 82.50% @ Ep6419) | LR: 0.000300 | Rev: 0/99999
Epoch 6781 | Cost: 0.287895 | Acc: 81.39% (Best: 82.50% @ Ep6419) | LR: 0.000300 | Rev: 1/99999
Epoch 6782 | Cost: 0.275146 | Acc: 81.67% (Best: 82.50% @ Ep6419) | LR: 0.000300 | Rev: 0/99999
Epoch 6783 | Cost: 0.279322 | Acc: 80.56% (Best: 82.50% @ Ep6419) | LR: 0.000300 | Rev: 1/99999
Epoch 6784 | Cost: 0.276965 | Acc: 81.67% (Best: 82.50% @ Ep6419) | LR: 0.000300 | Rev: 0/99999
Epoch 6785 | Cost: 0.277950 | Acc: 80.83% (Best: 82.50% @ Ep6419) | LR: 0.000300 | Rev: 1/99999
Epoch 6786 | Cost: 0.285249 | Acc: 79.17% (Best: 82.50% @ Ep6419) | LR: 0.000300 | Rev: 2/99999
Epoch 6787 | Cost: 0.263806 | Acc: 81.39% (Best: 82.50% @ Ep6419) | LR: 0.000300 | Rev: 0/99999
Epoch 6788 | Cost: 0.299285 | Acc: 79.72% (Best: 82.50% @ Ep6419) | LR: 0.000300 | Rev: 1/99999
Epoch 6789 | Cost: 0.274218 | Acc: 81.11% (Best: 82.50% @ Ep6419) | LR: 0.000300 | Rev: 0/99999
Epoch 6790 | Cost: 0.273587 | Acc: 81.39% (Best: 82.50% @ Ep6419) | LR: 0.000300 | Rev: 0/99999
Epoch 6791 | Cost: 0.267408 | Acc: 81.39% (Best: 82.50% @ Ep6419) | LR: 0.000300 | Rev: 0/99999
Epoch 6792 | Cost: 0.271055 | Acc: 80.28% (Best: 82.50% @ Ep6419) | LR: 0.000300 | Rev: 1/99999
Epoch 6793 | Cost: 0.271301 | Acc: 80.56% (Best: 82.50% @ Ep6419) | LR: 0.000300 | Rev: 2/99999
Epoch 6794 | Cost: 0.259019 | Acc: 80.56% (Best: 82.50% @ Ep6419) | LR: 0.000300 | Rev: 0/99999
Epoch 6795 | Cost: 0.280566 | Acc: 81.39% (Best: 82.50% @ Ep6419) | LR: 0.000300 | Rev: 1/99999
Epoch 6796 | Cost: 0.266499 | Acc: 80.83% (Best: 82.50% @ Ep6419) | LR: 0.000300 | Rev: 0/99999
Epoch 6797 | Cost: 0.261086 | Acc: 81.11% (Best: 82.50% @ Ep6419) | LR: 0.000300 | Rev: 0/99999
Epoch 6798 | Cost: 0.274954 | Acc: 81.11% (Best: 82.50% @ Ep6419) | LR: 0.000300 | Rev: 1/99999
Epoch 6799 | Cost: 0.301079 | Acc: 80.28% (Best: 82.50% @ Ep6419) | LR: 0.000300 | Rev: 2/99999
Epoch 6800 | Cost: 0.276152 | Acc: 81.67% (Best: 82.50% @ Ep6419) | LR: 0.000300 | Rev: 0/99999
Epoch 6801 | Cost: 0.263245 | Acc: 80.83% (Best: 82.50% @ Ep6419) | LR: 0.000300 | Rev: 0/99999
Epoch 6802 | Cost: 0.275477 | Acc: 81.11% (Best: 82.50% @ Ep6419) | LR: 0.000300 | Rev: 1/99999
Epoch 6803 | Cost: 0.271553 | Acc: 80.56% (Best: 82.50% @ Ep6419) | LR: 0.000300 | Rev: 0/99999
Epoch 6804 | Cost: 0.270378 | Acc: 80.83% (Best: 82.50% @ Ep6419) | LR: 0.000300 | Rev: 0/99999
Epoch 6805 | Cost: 0.299876 | Acc: 81.39% (Best: 82.50% @ Ep6419) | LR: 0.000300 | Rev: 1/99999
Epoch 6806 | Cost: 0.272385 | Acc: 81.39% (Best: 82.50% @ Ep6419) | LR: 0.000300 | Rev: 0/99999
Epoch 6807 | Cost: 0.275737 | Acc: 81.11% (Best: 82.50% @ Ep6419) | LR: 0.000300 | Rev: 1/99999
Epoch 6808 | Cost: 0.272976 | Acc: 80.56% (Best: 82.50% @ Ep6419) | LR: 0.000300 | Rev: 0/99999
Epoch 6809 | Cost: 0.260302 | Acc: 80.28% (Best: 82.50% @ Ep6419) | LR: 0.000300 | Rev: 0/99999
Epoch 6810 | Cost: 0.277746 | Acc: 81.11% (Best: 82.50% @ Ep6419) | LR: 0.000300 | Rev: 1/99999
Epoch 6811 | Cost: 0.265132 | Acc: 81.67% (Best: 82.50% @ Ep6419) | LR: 0.000300 | Rev: 0/99999
Epoch 6812 | Cost: 0.290724 | Acc: 81.11% (Best: 82.50% @ Ep6419) | LR: 0.000300 | Rev: 1/99999
Epoch 6813 | Cost: 0.264557 | Acc: 81.11% (Best: 82.50% @ Ep6419) | LR: 0.000300 | Rev: 0/99999
Epoch 6814 | Cost: 0.281271 | Acc: 81.39% (Best: 82.50% @ Ep6419) | LR: 0.000300 | Rev: 1/99999
Epoch 6815 | Cost: 0.276129 | Acc: 80.56% (Best: 82.50% @ Ep6419) | LR: 0.000300 | Rev: 0/99999
Epoch 6816 | Cost: 0.271711 | Acc: 81.94% (Best: 82.50% @ Ep6419) | LR: 0.000300 | Rev: 0/99999
Epoch 6817 | Cost: 0.260710 | Acc: 81.67% (Best: 82.50% @ Ep6419) | LR: 0.000300 | Rev: 0/99999
Epoch 6818 | Cost: 0.267900 | Acc: 80.83% (Best: 82.50% @ Ep6419) | LR: 0.000300 | Rev: 1/99999
Epoch 6819 | Cost: 0.294024 | Acc: 80.83% (Best: 82.50% @ Ep6419) | LR: 0.000300 | Rev: 2/99999
Epoch 6820 | Cost: 0.264380 | Acc: 81.11% (Best: 82.50% @ Ep6419) | LR: 0.000300 | Rev: 0/99999
Epoch 6821 | Cost: 0.269888 | Acc: 80.83% (Best: 82.50% @ Ep6419) | LR: 0.000300 | Rev: 1/99999
Epoch 6822 | Cost: 0.268543 | Acc: 80.56% (Best: 82.50% @ Ep6419) | LR: 0.000300 | Rev: 0/99999
Epoch 6823 | Cost: 0.268801 | Acc: 81.11% (Best: 82.50% @ Ep6419) | LR: 0.000300 | Rev: 1/99999
Epoch 6824 | Cost: 0.252165 | Acc: 81.11% (Best: 82.50% @ Ep6419) | LR: 0.000300 | Rev: 0/99999
Epoch 6825 | Cost: 0.274412 | Acc: 81.39% (Best: 82.50% @ Ep6419) | LR: 0.000300 | Rev: 1/99999
Epoch 6826 | Cost: 0.276276 | Acc: 80.56% (Best: 82.50% @ Ep6419) | LR: 0.000300 | Rev: 2/99999
Epoch 6827 | Cost: 0.268265 | Acc: 81.39% (Best: 82.50% @ Ep6419) | LR: 0.000300 | Rev: 0/99999
Epoch 6828 | Cost: 0.275140 | Acc: 81.11% (Best: 82.50% @ Ep6419) | LR: 0.000300 | Rev: 1/99999
Epoch 6829 | Cost: 0.259478 | Acc: 81.11% (Best: 82.50% @ Ep6419) | LR: 0.000300 | Rev: 0/99999
Epoch 6830 | Cost: 0.264024 | Acc: 80.83% (Best: 82.50% @ Ep6419) | LR: 0.000300 | Rev: 1/99999
Epoch 6831 | Cost: 0.263741 | Acc: 82.50% (Best: 82.50% @ Ep6419) | LR: 0.000300 | Rev: 0/99999
Epoch 6832 | Cost: 0.285111 | Acc: 81.11% (Best: 82.50% @ Ep6419) | LR: 0.000300 | Rev: 1/99999
Epoch 6833 | Cost: 0.259773 | Acc: 81.39% (Best: 82.50% @ Ep6419) | LR: 0.000300 | Rev: 0/99999
Epoch 6834 | Cost: 0.282416 | Acc: 81.39% (Best: 82.50% @ Ep6419) | LR: 0.000300 | Rev: 1/99999
Epoch 6835 | Cost: 0.274683 | Acc: 81.67% (Best: 82.50% @ Ep6419) | LR: 0.000300 | Rev: 0/99999
Epoch 6836 | Cost: 0.271779 | Acc: 80.83% (Best: 82.50% @ Ep6419) | LR: 0.000300 | Rev: 0/99999
Epoch 6837 | Cost: 0.276443 | Acc: 80.83% (Best: 82.50% @ Ep6419) | LR: 0.000300 | Rev: 1/99999
Epoch 6838 | Cost: 0.271061 | Acc: 81.11% (Best: 82.50% @ Ep6419) | LR: 0.000300 | Rev: 0/99999
Epoch 6839 | Cost: 0.263576 | Acc: 81.67% (Best: 82.50% @ Ep6419) | LR: 0.000300 | Rev: 0/99999
Epoch 6840 | Cost: 0.268489 | Acc: 81.67% (Best: 82.50% @ Ep6419) | LR: 0.000300 | Rev: 1/99999
Epoch 6841 | Cost: 0.273854 | Acc: 80.83% (Best: 82.50% @ Ep6419) | LR: 0.000300 | Rev: 2/99999
Epoch 6842 | Cost: 0.266325 | Acc: 80.83% (Best: 82.50% @ Ep6419) | LR: 0.000300 | Rev: 0/99999
Epoch 6843 | Cost: 0.255489 | Acc: 81.39% (Best: 82.50% @ Ep6419) | LR: 0.000300 | Rev: 0/99999
Epoch 6844 | Cost: 0.274447 | Acc: 81.39% (Best: 82.50% @ Ep6419) | LR: 0.000300 | Rev: 1/99999
Epoch 6845 | Cost: 0.277124 | Acc: 81.11% (Best: 82.50% @ Ep6419) | LR: 0.000300 | Rev: 2/99999
Epoch 6846 | Cost: 0.259650 | Acc: 81.39% (Best: 82.50% @ Ep6419) | LR: 0.000300 | Rev: 0/99999
Epoch 6847 | Cost: 0.260887 | Acc: 81.39% (Best: 82.50% @ Ep6419) | LR: 0.000300 | Rev: 1/99999
Epoch 6848 | Cost: 0.264998 | Acc: 81.39% (Best: 82.50% @ Ep6419) | LR: 0.000300 | Rev: 2/99999
Epoch 6849 | Cost: 0.264967 | Acc: 81.11% (Best: 82.50% @ Ep6419) | LR: 0.000300 | Rev: 0/99999
Epoch 6850 | Cost: 0.275870 | Acc: 81.11% (Best: 82.50% @ Ep6419) | LR: 0.000300 | Rev: 1/99999
Epoch 6851 | Cost: 0.270463 | Acc: 81.67% (Best: 82.50% @ Ep6419) | LR: 0.000300 | Rev: 0/99999
Epoch 6852 | Cost: 0.289059 | Acc: 82.22% (Best: 82.50% @ Ep6419) | LR: 0.000300 | Rev: 1/99999
Epoch 6853 | Cost: 0.268754 | Acc: 81.11% (Best: 82.50% @ Ep6419) | LR: 0.000300 | Rev: 0/99999
Epoch 6854 | Cost: 0.270135 | Acc: 80.28% (Best: 82.50% @ Ep6419) | LR: 0.000300 | Rev: 1/99999
Epoch 6855 | Cost: 0.274090 | Acc: 80.56% (Best: 82.50% @ Ep6419) | LR: 0.000300 | Rev: 2/99999
Epoch 6856 | Cost: 0.276943 | Acc: 81.11% (Best: 82.50% @ Ep6419) | LR: 0.000300 | Rev: 3/99999
Epoch 6857 | Cost: 0.281594 | Acc: 81.67% (Best: 82.50% @ Ep6419) | LR: 0.000300 | Rev: 4/99999
Epoch 6858 | Cost: 0.262150 | Acc: 81.11% (Best: 82.50% @ Ep6419) | LR: 0.000300 | Rev: 0/99999
Epoch 6859 | Cost: 0.266129 | Acc: 82.50% (Best: 82.50% @ Ep6419) | LR: 0.000300 | Rev: 1/99999
Epoch 6860 | Cost: 0.266577 | Acc: 81.11% (Best: 82.50% @ Ep6419) | LR: 0.000300 | Rev: 2/99999
Epoch 6861 | Cost: 0.270370 | Acc: 81.94% (Best: 82.50% @ Ep6419) | LR: 0.000300 | Rev: 3/99999
Epoch 6862 | Cost: 0.259314 | Acc: 81.39% (Best: 82.50% @ Ep6419) | LR: 0.000300 | Rev: 0/99999
Epoch 6863 | Cost: 0.267460 | Acc: 80.00% (Best: 82.50% @ Ep6419) | LR: 0.000300 | Rev: 1/99999
Epoch 6864 | Cost: 0.274046 | Acc: 80.56% (Best: 82.50% @ Ep6419) | LR: 0.000300 | Rev: 2/99999
Epoch 6865 | Cost: 0.295751 | Acc: 81.67% (Best: 82.50% @ Ep6419) | LR: 0.000300 | Rev: 3/99999
Epoch 6866 | Cost: 0.259043 | Acc: 82.22% (Best: 82.50% @ Ep6419) | LR: 0.000300 | Rev: 0/99999
Epoch 6867 | Cost: 0.278233 | Acc: 81.11% (Best: 82.50% @ Ep6419) | LR: 0.000300 | Rev: 1/99999
Epoch 6868 | Cost: 0.268646 | Acc: 81.11% (Best: 82.50% @ Ep6419) | LR: 0.000300 | Rev: 0/99999
Epoch 6869 | Cost: 0.270554 | Acc: 80.28% (Best: 82.50% @ Ep6419) | LR: 0.000300 | Rev: 1/99999
Epoch 6870 | Cost: 0.268339 | Acc: 81.94% (Best: 82.50% @ Ep6419) | LR: 0.000300 | Rev: 0/99999
Epoch 6871 | Cost: 0.270306 | Acc: 81.67% (Best: 82.50% @ Ep6419) | LR: 0.000300 | Rev: 1/99999
Epoch 6872 | Cost: 0.246425 | Acc: 81.94% (Best: 82.50% @ Ep6419) | LR: 0.000300 | Rev: 0/99999
Epoch 6873 | Cost: 0.282138 | Acc: 81.11% (Best: 82.50% @ Ep6419) | LR: 0.000300 | Rev: 1/99999
Epoch 6874 | Cost: 0.259528 | Acc: 81.94% (Best: 82.50% @ Ep6419) | LR: 0.000300 | Rev: 0/99999
Epoch 6875 | Cost: 0.283095 | Acc: 80.83% (Best: 82.50% @ Ep6419) | LR: 0.000300 | Rev: 1/99999
Epoch 6876 | Cost: 0.257400 | Acc: 80.83% (Best: 82.50% @ Ep6419) | LR: 0.000300 | Rev: 0/99999
Epoch 6877 | Cost: 0.264010 | Acc: 80.83% (Best: 82.50% @ Ep6419) | LR: 0.000300 | Rev: 1/99999
Epoch 6878 | Cost: 0.271215 | Acc: 81.67% (Best: 82.50% @ Ep6419) | LR: 0.000300 | Rev: 2/99999
Epoch 6879 | Cost: 0.267499 | Acc: 80.56% (Best: 82.50% @ Ep6419) | LR: 0.000300 | Rev: 0/99999
Epoch 6880 | Cost: 0.271129 | Acc: 81.39% (Best: 82.50% @ Ep6419) | LR: 0.000300 | Rev: 1/99999
Epoch 6881 | Cost: 0.267243 | Acc: 81.11% (Best: 82.50% @ Ep6419) | LR: 0.000300 | Rev: 0/99999
Epoch 6882 | Cost: 0.282578 | Acc: 81.11% (Best: 82.50% @ Ep6419) | LR: 0.000300 | Rev: 1/99999
Epoch 6883 | Cost: 0.256631 | Acc: 81.39% (Best: 82.50% @ Ep6419) | LR: 0.000300 | Rev: 0/99999
Epoch 6884 | Cost: 0.295665 | Acc: 80.83% (Best: 82.50% @ Ep6419) | LR: 0.000300 | Rev: 1/99999
Epoch 6885 | Cost: 0.266788 | Acc: 81.39% (Best: 82.50% @ Ep6419) | LR: 0.000300 | Rev: 0/99999
Epoch 6886 | Cost: 0.281586 | Acc: 81.11% (Best: 82.50% @ Ep6419) | LR: 0.000300 | Rev: 1/99999
Epoch 6887 | Cost: 0.264773 | Acc: 81.11% (Best: 82.50% @ Ep6419) | LR: 0.000300 | Rev: 0/99999
Epoch 6888 | Cost: 0.270489 | Acc: 80.83% (Best: 82.50% @ Ep6419) | LR: 0.000300 | Rev: 1/99999
Epoch 6889 | Cost: 0.284176 | Acc: 81.11% (Best: 82.50% @ Ep6419) | LR: 0.000300 | Rev: 2/99999
Epoch 6890 | Cost: 0.265351 | Acc: 80.28% (Best: 82.50% @ Ep6419) | LR: 0.000300 | Rev: 0/99999
Epoch 6891 | Cost: 0.263423 | Acc: 80.28% (Best: 82.50% @ Ep6419) | LR: 0.000300 | Rev: 0/99999
Epoch 6892 | Cost: 0.269967 | Acc: 80.28% (Best: 82.50% @ Ep6419) | LR: 0.000300 | Rev: 1/99999
Epoch 6893 | Cost: 0.254040 | Acc: 81.39% (Best: 82.50% @ Ep6419) | LR: 0.000300 | Rev: 0/99999
Epoch 6894 | Cost: 0.275030 | Acc: 81.39% (Best: 82.50% @ Ep6419) | LR: 0.000300 | Rev: 1/99999
Epoch 6895 | Cost: 0.273113 | Acc: 81.67% (Best: 82.50% @ Ep6419) | LR: 0.000300 | Rev: 0/99999
Epoch 6896 | Cost: 0.275087 | Acc: 81.39% (Best: 82.50% @ Ep6419) | LR: 0.000300 | Rev: 1/99999
Epoch 6897 | Cost: 0.268570 | Acc: 81.67% (Best: 82.50% @ Ep6419) | LR: 0.000300 | Rev: 0/99999
Epoch 6898 | Cost: 0.269935 | Acc: 81.94% (Best: 82.50% @ Ep6419) | LR: 0.000300 | Rev: 1/99999
Epoch 6899 | Cost: 0.261330 | Acc: 82.22% (Best: 82.50% @ Ep6419) | LR: 0.000300 | Rev: 0/99999
Epoch 6900 | Cost: 0.247830 | Acc: 81.94% (Best: 82.50% @ Ep6419) | LR: 0.000300 | Rev: 0/99999
Epoch 6901 | Cost: 0.275531 | Acc: 81.39% (Best: 82.50% @ Ep6419) | LR: 0.000300 | Rev: 1/99999
Epoch 6902 | Cost: 0.260765 | Acc: 81.67% (Best: 82.50% @ Ep6419) | LR: 0.000300 | Rev: 0/99999
Epoch 6903 | Cost: 0.274865 | Acc: 82.50% (Best: 82.50% @ Ep6419) | LR: 0.000300 | Rev: 1/99999
Epoch 6904 | Cost: 0.256876 | Acc: 81.94% (Best: 82.50% @ Ep6419) | LR: 0.000300 | Rev: 0/99999
Epoch 6905 | Cost: 0.268061 | Acc: 81.39% (Best: 82.50% @ Ep6419) | LR: 0.000300 | Rev: 1/99999
Epoch 6906 | Cost: 0.268492 | Acc: 81.39% (Best: 82.50% @ Ep6419) | LR: 0.000300 | Rev: 2/99999
Epoch 6907 | Cost: 0.260877 | Acc: 81.11% (Best: 82.50% @ Ep6419) | LR: 0.000300 | Rev: 0/99999
Epoch 6908 | Cost: 0.277152 | Acc: 82.22% (Best: 82.50% @ Ep6419) | LR: 0.000300 | Rev: 1/99999
Epoch 6909 | Cost: 0.260671 | Acc: 81.67% (Best: 82.50% @ Ep6419) | LR: 0.000300 | Rev: 0/99999
Epoch 6910 | Cost: 0.260506 | Acc: 82.22% (Best: 82.50% @ Ep6419) | LR: 0.000300 | Rev: 0/99999
Epoch 6911 | Cost: 0.273710 | Acc: 81.67% (Best: 82.50% @ Ep6419) | LR: 0.000300 | Rev: 1/99999
Epoch 6912 | Cost: 0.272721 | Acc: 81.39% (Best: 82.50% @ Ep6419) | LR: 0.000300 | Rev: 0/99999
Epoch 6913 | Cost: 0.260678 | Acc: 81.94% (Best: 82.50% @ Ep6419) | LR: 0.000300 | Rev: 0/99999
Epoch 6914 | Cost: 0.265647 | Acc: 80.56% (Best: 82.50% @ Ep6419) | LR: 0.000300 | Rev: 1/99999
Epoch 6915 | Cost: 0.273225 | Acc: 81.11% (Best: 82.50% @ Ep6419) | LR: 0.000300 | Rev: 2/99999
Epoch 6916 | Cost: 0.278203 | Acc: 80.28% (Best: 82.50% @ Ep6419) | LR: 0.000300 | Rev: 3/99999
Epoch 6917 | Cost: 0.270127 | Acc: 81.67% (Best: 82.50% @ Ep6419) | LR: 0.000300 | Rev: 0/99999
Epoch 6918 | Cost: 0.265633 | Acc: 81.94% (Best: 82.50% @ Ep6419) | LR: 0.000300 | Rev: 0/99999
Epoch 6919 | Cost: 0.263979 | Acc: 80.83% (Best: 82.50% @ Ep6419) | LR: 0.000300 | Rev: 0/99999
Epoch 6920 | Cost: 0.261155 | Acc: 81.39% (Best: 82.50% @ Ep6419) | LR: 0.000300 | Rev: 0/99999
Epoch 6921 | Cost: 0.261909 | Acc: 81.11% (Best: 82.50% @ Ep6419) | LR: 0.000300 | Rev: 1/99999
Epoch 6922 | Cost: 0.255555 | Acc: 81.39% (Best: 82.50% @ Ep6419) | LR: 0.000300 | Rev: 0/99999
Epoch 6923 | Cost: 0.256280 | Acc: 81.67% (Best: 82.50% @ Ep6419) | LR: 0.000300 | Rev: 1/99999
Epoch 6924 | Cost: 0.277402 | Acc: 80.83% (Best: 82.50% @ Ep6419) | LR: 0.000300 | Rev: 2/99999
Epoch 6925 | Cost: 0.273377 | Acc: 80.83% (Best: 82.50% @ Ep6419) | LR: 0.000300 | Rev: 0/99999
Epoch 6926 | Cost: 0.273133 | Acc: 81.11% (Best: 82.50% @ Ep6419) | LR: 0.000300 | Rev: 0/99999
Epoch 6927 | Cost: 0.276528 | Acc: 81.11% (Best: 82.50% @ Ep6419) | LR: 0.000300 | Rev: 1/99999
Epoch 6928 | Cost: 0.260671 | Acc: 81.67% (Best: 82.50% @ Ep6419) | LR: 0.000300 | Rev: 0/99999
Epoch 6929 | Cost: 0.262090 | Acc: 81.11% (Best: 82.50% @ Ep6419) | LR: 0.000300 | Rev: 1/99999
Epoch 6930 | Cost: 0.259793 | Acc: 81.11% (Best: 82.50% @ Ep6419) | LR: 0.000300 | Rev: 0/99999
Epoch 6931 | Cost: 0.258616 | Acc: 81.39% (Best: 82.50% @ Ep6419) | LR: 0.000300 | Rev: 0/99999
Epoch 6932 | Cost: 0.269072 | Acc: 81.11% (Best: 82.50% @ Ep6419) | LR: 0.000300 | Rev: 1/99999
Epoch 6933 | Cost: 0.252495 | Acc: 80.56% (Best: 82.50% @ Ep6419) | LR: 0.000300 | Rev: 0/99999
Epoch 6934 | Cost: 0.263994 | Acc: 81.11% (Best: 82.50% @ Ep6419) | LR: 0.000300 | Rev: 1/99999
Epoch 6935 | Cost: 0.259535 | Acc: 81.67% (Best: 82.50% @ Ep6419) | LR: 0.000300 | Rev: 0/99999
Epoch 6936 | Cost: 0.269447 | Acc: 82.22% (Best: 82.50% @ Ep6419) | LR: 0.000300 | Rev: 1/99999
Epoch 6937 | Cost: 0.256469 | Acc: 81.39% (Best: 82.50% @ Ep6419) | LR: 0.000300 | Rev: 0/99999
Epoch 6938 | Cost: 0.274631 | Acc: 81.11% (Best: 82.50% @ Ep6419) | LR: 0.000300 | Rev: 1/99999
Epoch 6939 | Cost: 0.278616 | Acc: 81.39% (Best: 82.50% @ Ep6419) | LR: 0.000300 | Rev: 2/99999
Epoch 6940 | Cost: 0.268984 | Acc: 81.39% (Best: 82.50% @ Ep6419) | LR: 0.000300 | Rev: 0/99999
Epoch 6941 | Cost: 0.264992 | Acc: 81.39% (Best: 82.50% @ Ep6419) | LR: 0.000300 | Rev: 0/99999
Epoch 6942 | Cost: 0.257141 | Acc: 81.67% (Best: 82.50% @ Ep6419) | LR: 0.000300 | Rev: 0/99999
Epoch 6943 | Cost: 0.260285 | Acc: 81.94% (Best: 82.50% @ Ep6419) | LR: 0.000300 | Rev: 1/99999
Epoch 6944 | Cost: 0.261460 | Acc: 80.83% (Best: 82.50% @ Ep6419) | LR: 0.000300 | Rev: 2/99999
Epoch 6945 | Cost: 0.278355 | Acc: 80.56% (Best: 82.50% @ Ep6419) | LR: 0.000300 | Rev: 3/99999
Epoch 6946 | Cost: 0.263687 | Acc: 81.39% (Best: 82.50% @ Ep6419) | LR: 0.000300 | Rev: 0/99999
Epoch 6947 | Cost: 0.290734 | Acc: 82.22% (Best: 82.50% @ Ep6419) | LR: 0.000300 | Rev: 1/99999
Epoch 6948 | Cost: 0.264348 | Acc: 82.22% (Best: 82.50% @ Ep6419) | LR: 0.000300 | Rev: 0/99999
Epoch 6949 | Cost: 0.267130 | Acc: 81.94% (Best: 82.50% @ Ep6419) | LR: 0.000300 | Rev: 1/99999
Epoch 6950 | Cost: 0.270424 | Acc: 81.11% (Best: 82.50% @ Ep6419) | LR: 0.000300 | Rev: 2/99999
Epoch 6951 | Cost: 0.265708 | Acc: 81.94% (Best: 82.50% @ Ep6419) | LR: 0.000300 | Rev: 0/99999
Epoch 6952 | Cost: 0.259329 | Acc: 81.94% (Best: 82.50% @ Ep6419) | LR: 0.000300 | Rev: 0/99999
Epoch 6953 | Cost: 0.262569 | Acc: 81.67% (Best: 82.50% @ Ep6419) | LR: 0.000300 | Rev: 1/99999
Epoch 6954 | Cost: 0.268249 | Acc: 81.94% (Best: 82.50% @ Ep6419) | LR: 0.000300 | Rev: 2/99999
Epoch 6955 | Cost: 0.250803 | Acc: 81.67% (Best: 82.50% @ Ep6419) | LR: 0.000300 | Rev: 0/99999
Epoch 6956 | Cost: 0.247688 | Acc: 81.39% (Best: 82.50% @ Ep6419) | LR: 0.000300 | Rev: 0/99999
Epoch 6957 | Cost: 0.270147 | Acc: 81.11% (Best: 82.50% @ Ep6419) | LR: 0.000300 | Rev: 1/99999
Epoch 6958 | Cost: 0.266206 | Acc: 80.83% (Best: 82.50% @ Ep6419) | LR: 0.000300 | Rev: 0/99999
Epoch 6959 | Cost: 0.263772 | Acc: 81.67% (Best: 82.50% @ Ep6419) | LR: 0.000300 | Rev: 0/99999
Epoch 6960 | Cost: 0.279095 | Acc: 80.56% (Best: 82.50% @ Ep6419) | LR: 0.000300 | Rev: 1/99999
Epoch 6961 | Cost: 0.262088 | Acc: 80.28% (Best: 82.50% @ Ep6419) | LR: 0.000300 | Rev: 0/99999
Epoch 6962 | Cost: 0.256491 | Acc: 80.56% (Best: 82.50% @ Ep6419) | LR: 0.000300 | Rev: 0/99999
Epoch 6963 | Cost: 0.248933 | Acc: 80.83% (Best: 82.50% @ Ep6419) | LR: 0.000300 | Rev: 0/99999
Epoch 6964 | Cost: 0.256672 | Acc: 80.56% (Best: 82.50% @ Ep6419) | LR: 0.000300 | Rev: 1/99999
Epoch 6965 | Cost: 0.254223 | Acc: 81.39% (Best: 82.50% @ Ep6419) | LR: 0.000300 | Rev: 0/99999
Epoch 6966 | Cost: 0.255489 | Acc: 80.28% (Best: 82.50% @ Ep6419) | LR: 0.000300 | Rev: 1/99999
Epoch 6967 | Cost: 0.250559 | Acc: 81.67% (Best: 82.50% @ Ep6419) | LR: 0.000300 | Rev: 0/99999
Epoch 6968 | Cost: 0.256263 | Acc: 80.28% (Best: 82.50% @ Ep6419) | LR: 0.000300 | Rev: 1/99999
Epoch 6969 | Cost: 0.248274 | Acc: 81.39% (Best: 82.50% @ Ep6419) | LR: 0.000300 | Rev: 0/99999
Epoch 6970 | Cost: 0.272083 | Acc: 81.67% (Best: 82.50% @ Ep6419) | LR: 0.000300 | Rev: 1/99999
Epoch 6971 | Cost: 0.296474 | Acc: 80.83% (Best: 82.50% @ Ep6419) | LR: 0.000300 | Rev: 2/99999
Epoch 6972 | Cost: 0.289146 | Acc: 80.56% (Best: 82.50% @ Ep6419) | LR: 0.000300 | Rev: 0/99999
Epoch 6973 | Cost: 0.257490 | Acc: 80.28% (Best: 82.50% @ Ep6419) | LR: 0.000300 | Rev: 0/99999
Epoch 6974 | Cost: 0.266176 | Acc: 81.67% (Best: 82.50% @ Ep6419) | LR: 0.000300 | Rev: 1/99999
Epoch 6975 | Cost: 0.260423 | Acc: 82.22% (Best: 82.50% @ Ep6419) | LR: 0.000300 | Rev: 0/99999
Epoch 6976 | Cost: 0.259782 | Acc: 80.56% (Best: 82.50% @ Ep6419) | LR: 0.000300 | Rev: 0/99999
Epoch 6977 | Cost: 0.274178 | Acc: 81.67% (Best: 82.50% @ Ep6419) | LR: 0.000300 | Rev: 1/99999
Epoch 6978 | Cost: 0.272285 | Acc: 80.83% (Best: 82.50% @ Ep6419) | LR: 0.000300 | Rev: 0/99999
Epoch 6979 | Cost: 0.246533 | Acc: 81.67% (Best: 82.50% @ Ep6419) | LR: 0.000300 | Rev: 0/99999
Epoch 6980 | Cost: 0.263602 | Acc: 82.22% (Best: 82.50% @ Ep6419) | LR: 0.000300 | Rev: 1/99999
Epoch 6981 | Cost: 0.257524 | Acc: 82.22% (Best: 82.50% @ Ep6419) | LR: 0.000300 | Rev: 0/99999
Epoch 6982 | Cost: 0.256108 | Acc: 81.94% (Best: 82.50% @ Ep6419) | LR: 0.000300 | Rev: 0/99999
Epoch 6983 | Cost: 0.263436 | Acc: 82.22% (Best: 82.50% @ Ep6419) | LR: 0.000300 | Rev: 1/99999
Epoch 6984 | Cost: 0.256012 | Acc: 81.67% (Best: 82.50% @ Ep6419) | LR: 0.000300 | Rev: 0/99999
Epoch 6985 | Cost: 0.281660 | Acc: 81.39% (Best: 82.50% @ Ep6419) | LR: 0.000300 | Rev: 1/99999
Epoch 6986 | Cost: 0.274424 | Acc: 81.39% (Best: 82.50% @ Ep6419) | LR: 0.000300 | Rev: 0/99999
Epoch 6987 | Cost: 0.264432 | Acc: 81.94% (Best: 82.50% @ Ep6419) | LR: 0.000300 | Rev: 0/99999
Epoch 6988 | Cost: 0.253532 | Acc: 80.83% (Best: 82.50% @ Ep6419) | LR: 0.000300 | Rev: 0/99999
Epoch 6989 | Cost: 0.273350 | Acc: 81.94% (Best: 82.50% @ Ep6419) | LR: 0.000300 | Rev: 1/99999
Epoch 6990 | Cost: 0.260767 | Acc: 80.28% (Best: 82.50% @ Ep6419) | LR: 0.000300 | Rev: 0/99999
Epoch 6991 | Cost: 0.256851 | Acc: 81.94% (Best: 82.50% @ Ep6419) | LR: 0.000300 | Rev: 0/99999
Epoch 6992 | Cost: 0.256149 | Acc: 82.22% (Best: 82.50% @ Ep6419) | LR: 0.000300 | Rev: 0/99999
Epoch 6993 | Cost: 0.262592 | Acc: 81.67% (Best: 82.50% @ Ep6419) | LR: 0.000300 | Rev: 1/99999
Epoch 6994 | Cost: 0.254857 | Acc: 81.67% (Best: 82.50% @ Ep6419) | LR: 0.000300 | Rev: 0/99999
Epoch 6995 | Cost: 0.274237 | Acc: 81.67% (Best: 82.50% @ Ep6419) | LR: 0.000300 | Rev: 1/99999
Epoch 6996 | Cost: 0.278822 | Acc: 81.11% (Best: 82.50% @ Ep6419) | LR: 0.000300 | Rev: 2/99999
Epoch 6997 | Cost: 0.274019 | Acc: 81.67% (Best: 82.50% @ Ep6419) | LR: 0.000300 | Rev: 0/99999
Epoch 6998 | Cost: 0.281127 | Acc: 81.67% (Best: 82.50% @ Ep6419) | LR: 0.000300 | Rev: 1/99999
Epoch 6999 | Cost: 0.280653 | Acc: 81.39% (Best: 82.50% @ Ep6419) | LR: 0.000300 | Rev: 0/99999
Epoch 7000 | Cost: 0.259724 | Acc: 81.11% (Best: 82.50% @ Ep6419) | LR: 0.000300 | Rev: 0/99999
Epoch 7001 | Cost: 0.261100 | Acc: 81.94% (Best: 82.50% @ Ep6419) | LR: 0.000300 | Rev: 1/99999
Epoch 7002 | Cost: 0.245922 | Acc: 81.94% (Best: 82.50% @ Ep6419) | LR: 0.000300 | Rev: 0/99999
Epoch 7003 | Cost: 0.240135 | Acc: 81.67% (Best: 82.50% @ Ep6419) | LR: 0.000300 | Rev: 0/99999
Epoch 7004 | Cost: 0.258796 | Acc: 81.67% (Best: 82.50% @ Ep6419) | LR: 0.000300 | Rev: 1/99999
Epoch 7005 | Cost: 0.260469 | Acc: 81.11% (Best: 82.50% @ Ep6419) | LR: 0.000300 | Rev: 2/99999
Epoch 7006 | Cost: 0.256397 | Acc: 80.28% (Best: 82.50% @ Ep6419) | LR: 0.000300 | Rev: 0/99999
Epoch 7007 | Cost: 0.253583 | Acc: 81.11% (Best: 82.50% @ Ep6419) | LR: 0.000300 | Rev: 0/99999
Epoch 7008 | Cost: 0.262454 | Acc: 81.39% (Best: 82.50% @ Ep6419) | LR: 0.000300 | Rev: 1/99999
Epoch 7009 | Cost: 0.278754 | Acc: 81.94% (Best: 82.50% @ Ep6419) | LR: 0.000300 | Rev: 2/99999
Epoch 7010 | Cost: 0.310187 | Acc: 81.39% (Best: 82.50% @ Ep6419) | LR: 0.000300 | Rev: 3/99999
Epoch 7011 | Cost: 0.255160 | Acc: 81.67% (Best: 82.50% @ Ep6419) | LR: 0.000300 | Rev: 0/99999
Epoch 7012 | Cost: 0.277904 | Acc: 81.39% (Best: 82.50% @ Ep6419) | LR: 0.000300 | Rev: 1/99999
Epoch 7013 | Cost: 0.253587 | Acc: 81.11% (Best: 82.50% @ Ep6419) | LR: 0.000300 | Rev: 0/99999
Epoch 7014 | Cost: 0.248630 | Acc: 82.50% (Best: 82.50% @ Ep6419) | LR: 0.000300 | Rev: 0/99999
Epoch 7015 | Cost: 0.264068 | Acc: 81.11% (Best: 82.50% @ Ep6419) | LR: 0.000300 | Rev: 1/99999
Epoch 7016 | Cost: 0.263913 | Acc: 81.94% (Best: 82.50% @ Ep6419) | LR: 0.000300 | Rev: 0/99999
Epoch 7017 | Cost: 0.257765 | Acc: 81.11% (Best: 82.50% @ Ep6419) | LR: 0.000300 | Rev: 0/99999
Epoch 7018 | Cost: 0.262313 | Acc: 82.22% (Best: 82.50% @ Ep6419) | LR: 0.000300 | Rev: 1/99999
Epoch 7019 | Cost: 0.252495 | Acc: 81.67% (Best: 82.50% @ Ep6419) | LR: 0.000300 | Rev: 0/99999
Epoch 7020 | Cost: 0.240381 | Acc: 81.94% (Best: 82.50% @ Ep6419) | LR: 0.000300 | Rev: 0/99999
Epoch 7021 | Cost: 0.252698 | Acc: 82.22% (Best: 82.50% @ Ep6419) | LR: 0.000300 | Rev: 1/99999
Epoch 7022 | Cost: 0.276494 | Acc: 81.11% (Best: 82.50% @ Ep6419) | LR: 0.000300 | Rev: 2/99999
Epoch 7023 | Cost: 0.262026 | Acc: 81.39% (Best: 82.50% @ Ep6419) | LR: 0.000300 | Rev: 0/99999
Epoch 7024 | Cost: 0.268795 | Acc: 81.11% (Best: 82.50% @ Ep6419) | LR: 0.000300 | Rev: 1/99999
Epoch 7025 | Cost: 0.262862 | Acc: 80.56% (Best: 82.50% @ Ep6419) | LR: 0.000300 | Rev: 0/99999
Epoch 7026 | Cost: 0.265712 | Acc: 81.11% (Best: 82.50% @ Ep6419) | LR: 0.000300 | Rev: 1/99999
Epoch 7027 | Cost: 0.267645 | Acc: 81.67% (Best: 82.50% @ Ep6419) | LR: 0.000300 | Rev: 2/99999
Epoch 7028 | Cost: 0.269065 | Acc: 81.94% (Best: 82.50% @ Ep6419) | LR: 0.000300 | Rev: 3/99999
Epoch 7029 | Cost: 0.268372 | Acc: 81.94% (Best: 82.50% @ Ep6419) | LR: 0.000300 | Rev: 0/99999
Epoch 7030 | Cost: 0.264213 | Acc: 82.22% (Best: 82.50% @ Ep6419) | LR: 0.000300 | Rev: 0/99999
Epoch 7031 | Cost: 0.254701 | Acc: 81.39% (Best: 82.50% @ Ep6419) | LR: 0.000300 | Rev: 0/99999
Epoch 7032 | Cost: 0.268778 | Acc: 81.94% (Best: 82.50% @ Ep6419) | LR: 0.000300 | Rev: 1/99999
Epoch 7033 | Cost: 0.274854 | Acc: 81.39% (Best: 82.50% @ Ep6419) | LR: 0.000300 | Rev: 2/99999
Epoch 7034 | Cost: 0.258509 | Acc: 80.83% (Best: 82.50% @ Ep6419) | LR: 0.000300 | Rev: 0/99999
Epoch 7035 | Cost: 0.278409 | Acc: 80.83% (Best: 82.50% @ Ep6419) | LR: 0.000300 | Rev: 1/99999
Epoch 7036 | Cost: 0.248024 | Acc: 81.94% (Best: 82.50% @ Ep6419) | LR: 0.000300 | Rev: 0/99999
Epoch 7037 | Cost: 0.254734 | Acc: 80.83% (Best: 82.50% @ Ep6419) | LR: 0.000300 | Rev: 1/99999
Epoch 7038 | Cost: 0.264348 | Acc: 81.94% (Best: 82.50% @ Ep6419) | LR: 0.000300 | Rev: 2/99999
Epoch 7039 | Cost: 0.257299 | Acc: 81.67% (Best: 82.50% @ Ep6419) | LR: 0.000300 | Rev: 0/99999
Epoch 7040 | Cost: 0.264610 | Acc: 82.50% (Best: 82.50% @ Ep6419) | LR: 0.000300 | Rev: 1/99999
Epoch 7041 | Cost: 0.262532 | Acc: 81.67% (Best: 82.50% @ Ep6419) | LR: 0.000300 | Rev: 0/99999
Epoch 7042 | Cost: 0.252978 | Acc: 83.06% (Best: 83.06% @ Ep7042) | LR: 0.000010 | Rev: 0/99999
Epoch 7043 | Cost: 0.228291 | Acc: 82.78% (Best: 83.06% @ Ep7042) | LR: 0.000010 | Rev: 0/99999
Epoch 7044 | Cost: 0.246587 | Acc: 83.06% (Best: 83.06% @ Ep7042) | LR: 0.000010 | Rev: 1/99999
Epoch 7045 | Cost: 0.246504 | Acc: 82.78% (Best: 83.06% @ Ep7042) | LR: 0.000010 | Rev: 0/99999
Epoch 7046 | Cost: 0.243031 | Acc: 82.78% (Best: 83.06% @ Ep7042) | LR: 0.000010 | Rev: 0/99999
Epoch 7047 | Cost: 0.243028 | Acc: 82.78% (Best: 83.06% @ Ep7042) | LR: 0.000010 | Rev: 0/99999
Epoch 7048 | Cost: 0.243296 | Acc: 82.78% (Best: 83.06% @ Ep7042) | LR: 0.000010 | Rev: 1/99999
Epoch 7049 | Cost: 0.246349 | Acc: 82.50% (Best: 83.06% @ Ep7042) | LR: 0.000010 | Rev: 2/99999
Epoch 7050 | Cost: 0.260305 | Acc: 82.50% (Best: 83.06% @ Ep7042) | LR: 0.000010 | Rev: 3/99999
Epoch 7051 | Cost: 0.257856 | Acc: 82.50% (Best: 83.06% @ Ep7042) | LR: 0.000010 | Rev: 0/99999
Epoch 7052 | Cost: 0.262050 | Acc: 82.50% (Best: 83.06% @ Ep7042) | LR: 0.000010 | Rev: 1/99999
Epoch 7053 | Cost: 0.240344 | Acc: 82.50% (Best: 83.06% @ Ep7042) | LR: 0.000010 | Rev: 0/99999
Epoch 7054 | Cost: 0.258382 | Acc: 82.78% (Best: 83.06% @ Ep7042) | LR: 0.000010 | Rev: 1/99999
Epoch 7055 | Cost: 0.236368 | Acc: 82.78% (Best: 83.06% @ Ep7042) | LR: 0.000010 | Rev: 0/99999
Epoch 7056 | Cost: 0.269932 | Acc: 82.78% (Best: 83.06% @ Ep7042) | LR: 0.000010 | Rev: 1/99999
Epoch 7057 | Cost: 0.244822 | Acc: 82.50% (Best: 83.06% @ Ep7042) | LR: 0.000010 | Rev: 0/99999
Epoch 7058 | Cost: 0.247664 | Acc: 82.50% (Best: 83.06% @ Ep7042) | LR: 0.000010 | Rev: 1/99999
Epoch 7059 | Cost: 0.238912 | Acc: 82.50% (Best: 83.06% @ Ep7042) | LR: 0.000010 | Rev: 0/99999
Epoch 7060 | Cost: 0.263177 | Acc: 82.50% (Best: 83.06% @ Ep7042) | LR: 0.000010 | Rev: 1/99999
Epoch 7061 | Cost: 0.243639 | Acc: 82.50% (Best: 83.06% @ Ep7042) | LR: 0.000010 | Rev: 0/99999
Epoch 7062 | Cost: 0.257172 | Acc: 82.22% (Best: 83.06% @ Ep7042) | LR: 0.000010 | Rev: 1/99999
Epoch 7063 | Cost: 0.237985 | Acc: 82.22% (Best: 83.06% @ Ep7042) | LR: 0.000010 | Rev: 0/99999
Epoch 7064 | Cost: 0.244212 | Acc: 82.22% (Best: 83.06% @ Ep7042) | LR: 0.000010 | Rev: 1/99999
Epoch 7065 | Cost: 0.263358 | Acc: 82.22% (Best: 83.06% @ Ep7042) | LR: 0.000010 | Rev: 2/99999
Epoch 7066 | Cost: 0.240365 | Acc: 82.22% (Best: 83.06% @ Ep7042) | LR: 0.000010 | Rev: 0/99999
Epoch 7067 | Cost: 0.232337 | Acc: 82.22% (Best: 83.06% @ Ep7042) | LR: 0.000010 | Rev: 0/99999
Epoch 7068 | Cost: 0.239948 | Acc: 82.22% (Best: 83.06% @ Ep7042) | LR: 0.000010 | Rev: 1/99999
Epoch 7069 | Cost: 0.241764 | Acc: 82.50% (Best: 83.06% @ Ep7042) | LR: 0.000010 | Rev: 2/99999
Epoch 7070 | Cost: 0.237528 | Acc: 82.22% (Best: 83.06% @ Ep7042) | LR: 0.000010 | Rev: 0/99999
Epoch 7071 | Cost: 0.242471 | Acc: 82.22% (Best: 83.06% @ Ep7042) | LR: 0.000010 | Rev: 1/99999
Epoch 7072 | Cost: 0.235695 | Acc: 82.22% (Best: 83.06% @ Ep7042) | LR: 0.000010 | Rev: 0/99999
Epoch 7073 | Cost: 0.231105 | Acc: 82.22% (Best: 83.06% @ Ep7042) | LR: 0.000010 | Rev: 0/99999
Epoch 7074 | Cost: 0.240564 | Acc: 82.22% (Best: 83.06% @ Ep7042) | LR: 0.000010 | Rev: 1/99999
Epoch 7075 | Cost: 0.234333 | Acc: 82.22% (Best: 83.06% @ Ep7042) | LR: 0.000010 | Rev: 0/99999
Epoch 7076 | Cost: 0.243171 | Acc: 82.22% (Best: 83.06% @ Ep7042) | LR: 0.000010 | Rev: 1/99999
Epoch 7077 | Cost: 0.239645 | Acc: 82.22% (Best: 83.06% @ Ep7042) | LR: 0.000010 | Rev: 0/99999
Epoch 7078 | Cost: 0.244569 | Acc: 82.22% (Best: 83.06% @ Ep7042) | LR: 0.000010 | Rev: 1/99999
Epoch 7079 | Cost: 0.243613 | Acc: 82.22% (Best: 83.06% @ Ep7042) | LR: 0.000010 | Rev: 0/99999
Epoch 7080 | Cost: 0.244566 | Acc: 82.22% (Best: 83.06% @ Ep7042) | LR: 0.000010 | Rev: 1/99999
Epoch 7081 | Cost: 0.246269 | Acc: 82.22% (Best: 83.06% @ Ep7042) | LR: 0.000010 | Rev: 2/99999
Epoch 7082 | Cost: 0.243581 | Acc: 82.22% (Best: 83.06% @ Ep7042) | LR: 0.000010 | Rev: 0/99999
Epoch 7083 | Cost: 0.225999 | Acc: 82.22% (Best: 83.06% @ Ep7042) | LR: 0.000010 | Rev: 0/99999
Epoch 7084 | Cost: 0.244444 | Acc: 82.22% (Best: 83.06% @ Ep7042) | LR: 0.000010 | Rev: 1/99999
Epoch 7085 | Cost: 0.236234 | Acc: 82.22% (Best: 83.06% @ Ep7042) | LR: 0.000010 | Rev: 0/99999
Epoch 7086 | Cost: 0.252031 | Acc: 82.22% (Best: 83.06% @ Ep7042) | LR: 0.000010 | Rev: 1/99999
Epoch 7087 | Cost: 0.251335 | Acc: 82.22% (Best: 83.06% @ Ep7042) | LR: 0.000010 | Rev: 0/99999
Epoch 7088 | Cost: 0.249935 | Acc: 82.22% (Best: 83.06% @ Ep7042) | LR: 0.000010 | Rev: 0/99999
Epoch 7089 | Cost: 0.238112 | Acc: 82.22% (Best: 83.06% @ Ep7042) | LR: 0.000010 | Rev: 0/99999
Epoch 7090 | Cost: 0.232925 | Acc: 82.22% (Best: 83.06% @ Ep7042) | LR: 0.000010 | Rev: 0/99999
Epoch 7091 | Cost: 0.247013 | Acc: 82.22% (Best: 83.06% @ Ep7042) | LR: 0.000010 | Rev: 1/99999
Epoch 7092 | Cost: 0.248290 | Acc: 82.22% (Best: 83.06% @ Ep7042) | LR: 0.000020 | Rev: 2/99999
Epoch 7093 | Cost: 0.236864 | Acc: 82.22% (Best: 83.06% @ Ep7042) | LR: 0.000020 | Rev: 0/99999
Epoch 7094 | Cost: 0.245391 | Acc: 82.22% (Best: 83.06% @ Ep7042) | LR: 0.000020 | Rev: 1/99999
Epoch 7095 | Cost: 0.237266 | Acc: 82.22% (Best: 83.06% @ Ep7042) | LR: 0.000020 | Rev: 0/99999
Epoch 7096 | Cost: 0.234144 | Acc: 82.22% (Best: 83.06% @ Ep7042) | LR: 0.000020 | Rev: 0/99999
Epoch 7097 | Cost: 0.234535 | Acc: 81.94% (Best: 83.06% @ Ep7042) | LR: 0.000020 | Rev: 1/99999
Epoch 7098 | Cost: 0.255814 | Acc: 82.22% (Best: 83.06% @ Ep7042) | LR: 0.000020 | Rev: 2/99999
Epoch 7099 | Cost: 0.242752 | Acc: 82.22% (Best: 83.06% @ Ep7042) | LR: 0.000020 | Rev: 0/99999
Epoch 7100 | Cost: 0.249835 | Acc: 82.22% (Best: 83.06% @ Ep7042) | LR: 0.000020 | Rev: 1/99999
Epoch 7101 | Cost: 0.230063 | Acc: 82.22% (Best: 83.06% @ Ep7042) | LR: 0.000020 | Rev: 0/99999
Epoch 7102 | Cost: 0.246878 | Acc: 82.22% (Best: 83.06% @ Ep7042) | LR: 0.000030 | Rev: 1/99999
Epoch 7103 | Cost: 0.237043 | Acc: 82.22% (Best: 83.06% @ Ep7042) | LR: 0.000030 | Rev: 0/99999
Epoch 7104 | Cost: 0.246666 | Acc: 82.22% (Best: 83.06% @ Ep7042) | LR: 0.000030 | Rev: 1/99999
Epoch 7105 | Cost: 0.238370 | Acc: 82.22% (Best: 83.06% @ Ep7042) | LR: 0.000030 | Rev: 0/99999
Epoch 7106 | Cost: 0.234882 | Acc: 82.22% (Best: 83.06% @ Ep7042) | LR: 0.000030 | Rev: 0/99999
Epoch 7107 | Cost: 0.252936 | Acc: 82.22% (Best: 83.06% @ Ep7042) | LR: 0.000030 | Rev: 1/99999
Epoch 7108 | Cost: 0.246654 | Acc: 82.22% (Best: 83.06% @ Ep7042) | LR: 0.000030 | Rev: 0/99999
Epoch 7109 | Cost: 0.237294 | Acc: 81.94% (Best: 83.06% @ Ep7042) | LR: 0.000030 | Rev: 0/99999
Epoch 7110 | Cost: 0.245737 | Acc: 81.94% (Best: 83.06% @ Ep7042) | LR: 0.000030 | Rev: 1/99999
Epoch 7111 | Cost: 0.271282 | Acc: 82.22% (Best: 83.06% @ Ep7042) | LR: 0.000030 | Rev: 2/99999
Epoch 7112 | Cost: 0.257216 | Acc: 82.22% (Best: 83.06% @ Ep7042) | LR: 0.000040 | Rev: 0/99999
Epoch 7113 | Cost: 0.263652 | Acc: 82.22% (Best: 83.06% @ Ep7042) | LR: 0.000040 | Rev: 1/99999
Epoch 7114 | Cost: 0.241922 | Acc: 82.22% (Best: 83.06% @ Ep7042) | LR: 0.000040 | Rev: 0/99999
Epoch 7115 | Cost: 0.289136 | Acc: 82.22% (Best: 83.06% @ Ep7042) | LR: 0.000040 | Rev: 1/99999
Epoch 7116 | Cost: 0.260103 | Acc: 81.94% (Best: 83.06% @ Ep7042) | LR: 0.000040 | Rev: 0/99999
Epoch 7117 | Cost: 0.236128 | Acc: 81.67% (Best: 83.06% @ Ep7042) | LR: 0.000040 | Rev: 0/99999
Epoch 7118 | Cost: 0.239729 | Acc: 81.67% (Best: 83.06% @ Ep7042) | LR: 0.000040 | Rev: 1/99999
Epoch 7119 | Cost: 0.245911 | Acc: 81.94% (Best: 83.06% @ Ep7042) | LR: 0.000040 | Rev: 2/99999
Epoch 7120 | Cost: 0.246107 | Acc: 81.94% (Best: 83.06% @ Ep7042) | LR: 0.000040 | Rev: 3/99999
Epoch 7121 | Cost: 0.240065 | Acc: 81.94% (Best: 83.06% @ Ep7042) | LR: 0.000040 | Rev: 0/99999
Epoch 7122 | Cost: 0.236007 | Acc: 81.67% (Best: 83.06% @ Ep7042) | LR: 0.000050 | Rev: 0/99999
Epoch 7123 | Cost: 0.245167 | Acc: 81.39% (Best: 83.06% @ Ep7042) | LR: 0.000050 | Rev: 1/99999
Epoch 7124 | Cost: 0.241585 | Acc: 81.94% (Best: 83.06% @ Ep7042) | LR: 0.000050 | Rev: 0/99999
Epoch 7125 | Cost: 0.223984 | Acc: 81.39% (Best: 83.06% @ Ep7042) | LR: 0.000050 | Rev: 0/99999
Epoch 7126 | Cost: 0.242418 | Acc: 81.11% (Best: 83.06% @ Ep7042) | LR: 0.000050 | Rev: 1/99999
Epoch 7127 | Cost: 0.248919 | Acc: 81.39% (Best: 83.06% @ Ep7042) | LR: 0.000050 | Rev: 2/99999
Epoch 7128 | Cost: 0.237047 | Acc: 81.39% (Best: 83.06% @ Ep7042) | LR: 0.000050 | Rev: 0/99999
Epoch 7129 | Cost: 0.249974 | Acc: 81.39% (Best: 83.06% @ Ep7042) | LR: 0.000050 | Rev: 1/99999
Epoch 7130 | Cost: 0.247459 | Acc: 81.39% (Best: 83.06% @ Ep7042) | LR: 0.000050 | Rev: 0/99999
Epoch 7131 | Cost: 0.234317 | Acc: 81.39% (Best: 83.06% @ Ep7042) | LR: 0.000050 | Rev: 0/99999
Epoch 7132 | Cost: 0.250946 | Acc: 81.67% (Best: 83.06% @ Ep7042) | LR: 0.000060 | Rev: 1/99999
Epoch 7133 | Cost: 0.236360 | Acc: 81.67% (Best: 83.06% @ Ep7042) | LR: 0.000060 | Rev: 0/99999
Epoch 7134 | Cost: 0.239467 | Acc: 81.11% (Best: 83.06% @ Ep7042) | LR: 0.000060 | Rev: 1/99999
Epoch 7135 | Cost: 0.254768 | Acc: 81.67% (Best: 83.06% @ Ep7042) | LR: 0.000060 | Rev: 2/99999
Epoch 7136 | Cost: 0.249256 | Acc: 81.11% (Best: 83.06% @ Ep7042) | LR: 0.000060 | Rev: 0/99999
Epoch 7137 | Cost: 0.245928 | Acc: 81.39% (Best: 83.06% @ Ep7042) | LR: 0.000060 | Rev: 0/99999
Epoch 7138 | Cost: 0.256408 | Acc: 81.39% (Best: 83.06% @ Ep7042) | LR: 0.000060 | Rev: 1/99999
Epoch 7139 | Cost: 0.239352 | Acc: 81.67% (Best: 83.06% @ Ep7042) | LR: 0.000060 | Rev: 0/99999
Epoch 7140 | Cost: 0.253422 | Acc: 81.94% (Best: 83.06% @ Ep7042) | LR: 0.000060 | Rev: 1/99999
Epoch 7141 | Cost: 0.245261 | Acc: 81.67% (Best: 83.06% @ Ep7042) | LR: 0.000060 | Rev: 0/99999
Epoch 7142 | Cost: 0.237086 | Acc: 81.39% (Best: 83.06% @ Ep7042) | LR: 0.000070 | Rev: 0/99999
Epoch 7143 | Cost: 0.251399 | Acc: 81.67% (Best: 83.06% @ Ep7042) | LR: 0.000070 | Rev: 1/99999
Epoch 7144 | Cost: 0.252080 | Acc: 81.67% (Best: 83.06% @ Ep7042) | LR: 0.000070 | Rev: 2/99999
Epoch 7145 | Cost: 0.238173 | Acc: 81.11% (Best: 83.06% @ Ep7042) | LR: 0.000070 | Rev: 0/99999
Epoch 7146 | Cost: 0.248877 | Acc: 80.83% (Best: 83.06% @ Ep7042) | LR: 0.000070 | Rev: 1/99999
Epoch 7147 | Cost: 0.239973 | Acc: 81.67% (Best: 83.06% @ Ep7042) | LR: 0.000070 | Rev: 0/99999
Epoch 7148 | Cost: 0.252137 | Acc: 81.39% (Best: 83.06% @ Ep7042) | LR: 0.000070 | Rev: 1/99999
Epoch 7149 | Cost: 0.261411 | Acc: 81.67% (Best: 83.06% @ Ep7042) | LR: 0.000070 | Rev: 2/99999
Epoch 7150 | Cost: 0.253743 | Acc: 81.67% (Best: 83.06% @ Ep7042) | LR: 0.000070 | Rev: 0/99999
Epoch 7151 | Cost: 0.251541 | Acc: 81.67% (Best: 83.06% @ Ep7042) | LR: 0.000070 | Rev: 0/99999
Epoch 7152 | Cost: 0.236902 | Acc: 81.67% (Best: 83.06% @ Ep7042) | LR: 0.000080 | Rev: 0/99999
Epoch 7153 | Cost: 0.246706 | Acc: 81.94% (Best: 83.06% @ Ep7042) | LR: 0.000080 | Rev: 1/99999
Epoch 7154 | Cost: 0.246254 | Acc: 81.67% (Best: 83.06% @ Ep7042) | LR: 0.000080 | Rev: 0/99999
Epoch 7155 | Cost: 0.266274 | Acc: 81.67% (Best: 83.06% @ Ep7042) | LR: 0.000080 | Rev: 1/99999
Epoch 7156 | Cost: 0.247708 | Acc: 81.94% (Best: 83.06% @ Ep7042) | LR: 0.000080 | Rev: 0/99999
Epoch 7157 | Cost: 0.238610 | Acc: 82.22% (Best: 83.06% @ Ep7042) | LR: 0.000080 | Rev: 0/99999
Epoch 7158 | Cost: 0.235784 | Acc: 82.22% (Best: 83.06% @ Ep7042) | LR: 0.000080 | Rev: 0/99999
Epoch 7159 | Cost: 0.239058 | Acc: 81.11% (Best: 83.06% @ Ep7042) | LR: 0.000080 | Rev: 1/99999
Epoch 7160 | Cost: 0.266086 | Acc: 81.11% (Best: 83.06% @ Ep7042) | LR: 0.000080 | Rev: 2/99999
Epoch 7161 | Cost: 0.239448 | Acc: 81.39% (Best: 83.06% @ Ep7042) | LR: 0.000080 | Rev: 0/99999
Epoch 7162 | Cost: 0.232477 | Acc: 81.11% (Best: 83.06% @ Ep7042) | LR: 0.000090 | Rev: 0/99999
Epoch 7163 | Cost: 0.250551 | Acc: 81.94% (Best: 83.06% @ Ep7042) | LR: 0.000090 | Rev: 1/99999
Epoch 7164 | Cost: 0.259820 | Acc: 82.50% (Best: 83.06% @ Ep7042) | LR: 0.000090 | Rev: 2/99999
Epoch 7165 | Cost: 0.251620 | Acc: 82.50% (Best: 83.06% @ Ep7042) | LR: 0.000090 | Rev: 0/99999
Epoch 7166 | Cost: 0.261633 | Acc: 82.50% (Best: 83.06% @ Ep7042) | LR: 0.000090 | Rev: 1/99999
Epoch 7167 | Cost: 0.240047 | Acc: 81.11% (Best: 83.06% @ Ep7042) | LR: 0.000090 | Rev: 0/99999
Epoch 7168 | Cost: 0.250818 | Acc: 81.39% (Best: 83.06% @ Ep7042) | LR: 0.000090 | Rev: 1/99999
Epoch 7169 | Cost: 0.244136 | Acc: 82.22% (Best: 83.06% @ Ep7042) | LR: 0.000090 | Rev: 0/99999
Epoch 7170 | Cost: 0.248326 | Acc: 81.67% (Best: 83.06% @ Ep7042) | LR: 0.000090 | Rev: 1/99999
Epoch 7171 | Cost: 0.251202 | Acc: 81.94% (Best: 83.06% @ Ep7042) | LR: 0.000090 | Rev: 2/99999
Epoch 7172 | Cost: 0.261059 | Acc: 81.94% (Best: 83.06% @ Ep7042) | LR: 0.000100 | Rev: 3/99999
Epoch 7173 | Cost: 0.240232 | Acc: 82.22% (Best: 83.06% @ Ep7042) | LR: 0.000100 | Rev: 0/99999
Epoch 7174 | Cost: 0.258186 | Acc: 81.67% (Best: 83.06% @ Ep7042) | LR: 0.000100 | Rev: 1/99999
Epoch 7175 | Cost: 0.251547 | Acc: 81.39% (Best: 83.06% @ Ep7042) | LR: 0.000100 | Rev: 0/99999
Epoch 7176 | Cost: 0.254268 | Acc: 81.39% (Best: 83.06% @ Ep7042) | LR: 0.000100 | Rev: 1/99999
Epoch 7177 | Cost: 0.229832 | Acc: 81.67% (Best: 83.06% @ Ep7042) | LR: 0.000100 | Rev: 0/99999
Epoch 7178 | Cost: 0.247549 | Acc: 81.67% (Best: 83.06% @ Ep7042) | LR: 0.000100 | Rev: 1/99999
Epoch 7179 | Cost: 0.249213 | Acc: 81.39% (Best: 83.06% @ Ep7042) | LR: 0.000100 | Rev: 2/99999
Epoch 7180 | Cost: 0.252786 | Acc: 81.39% (Best: 83.06% @ Ep7042) | LR: 0.000100 | Rev: 3/99999
Epoch 7181 | Cost: 0.260224 | Acc: 81.94% (Best: 83.06% @ Ep7042) | LR: 0.000100 | Rev: 4/99999
Epoch 7182 | Cost: 0.241036 | Acc: 81.94% (Best: 83.06% @ Ep7042) | LR: 0.000110 | Rev: 0/99999
Epoch 7183 | Cost: 0.252594 | Acc: 81.39% (Best: 83.06% @ Ep7042) | LR: 0.000110 | Rev: 1/99999
Epoch 7184 | Cost: 0.252202 | Acc: 81.67% (Best: 83.06% @ Ep7042) | LR: 0.000110 | Rev: 0/99999
Epoch 7185 | Cost: 0.269813 | Acc: 82.22% (Best: 83.06% @ Ep7042) | LR: 0.000110 | Rev: 1/99999
Epoch 7186 | Cost: 0.245551 | Acc: 81.39% (Best: 83.06% @ Ep7042) | LR: 0.000110 | Rev: 0/99999
Epoch 7187 | Cost: 0.242139 | Acc: 81.11% (Best: 83.06% @ Ep7042) | LR: 0.000110 | Rev: 0/99999
Epoch 7188 | Cost: 0.257824 | Acc: 81.11% (Best: 83.06% @ Ep7042) | LR: 0.000110 | Rev: 1/99999
Epoch 7189 | Cost: 0.242214 | Acc: 81.39% (Best: 83.06% @ Ep7042) | LR: 0.000110 | Rev: 0/99999
Epoch 7190 | Cost: 0.252819 | Acc: 81.39% (Best: 83.06% @ Ep7042) | LR: 0.000110 | Rev: 1/99999
Epoch 7191 | Cost: 0.249841 | Acc: 81.94% (Best: 83.06% @ Ep7042) | LR: 0.000110 | Rev: 0/99999
Epoch 7192 | Cost: 0.260015 | Acc: 81.94% (Best: 83.06% @ Ep7042) | LR: 0.000120 | Rev: 1/99999
Epoch 7193 | Cost: 0.238664 | Acc: 81.11% (Best: 83.06% @ Ep7042) | LR: 0.000120 | Rev: 0/99999
Epoch 7194 | Cost: 0.247603 | Acc: 81.39% (Best: 83.06% @ Ep7042) | LR: 0.000120 | Rev: 1/99999
Epoch 7195 | Cost: 0.247511 | Acc: 81.94% (Best: 83.06% @ Ep7042) | LR: 0.000120 | Rev: 0/99999
Epoch 7196 | Cost: 0.259548 | Acc: 81.94% (Best: 83.06% @ Ep7042) | LR: 0.000120 | Rev: 1/99999
Epoch 7197 | Cost: 0.239655 | Acc: 81.94% (Best: 83.06% @ Ep7042) | LR: 0.000120 | Rev: 0/99999
Epoch 7198 | Cost: 0.255570 | Acc: 81.11% (Best: 83.06% @ Ep7042) | LR: 0.000120 | Rev: 1/99999
Epoch 7199 | Cost: 0.246264 | Acc: 82.22% (Best: 83.06% @ Ep7042) | LR: 0.000120 | Rev: 0/99999
Epoch 7200 | Cost: 0.233761 | Acc: 81.67% (Best: 83.06% @ Ep7042) | LR: 0.000120 | Rev: 0/99999
Epoch 7201 | Cost: 0.233615 | Acc: 81.67% (Best: 83.06% @ Ep7042) | LR: 0.000120 | Rev: 0/99999
Epoch 7202 | Cost: 0.255070 | Acc: 81.67% (Best: 83.06% @ Ep7042) | LR: 0.000130 | Rev: 1/99999
Epoch 7203 | Cost: 0.259336 | Acc: 81.94% (Best: 83.06% @ Ep7042) | LR: 0.000130 | Rev: 2/99999
Epoch 7204 | Cost: 0.247659 | Acc: 80.83% (Best: 83.06% @ Ep7042) | LR: 0.000130 | Rev: 0/99999
Epoch 7205 | Cost: 0.249239 | Acc: 81.67% (Best: 83.06% @ Ep7042) | LR: 0.000130 | Rev: 1/99999
Epoch 7206 | Cost: 0.242024 | Acc: 82.22% (Best: 83.06% @ Ep7042) | LR: 0.000130 | Rev: 0/99999
Epoch 7207 | Cost: 0.256450 | Acc: 81.39% (Best: 83.06% @ Ep7042) | LR: 0.000130 | Rev: 1/99999
Epoch 7208 | Cost: 0.262032 | Acc: 81.94% (Best: 83.06% @ Ep7042) | LR: 0.000130 | Rev: 2/99999
Epoch 7209 | Cost: 0.238863 | Acc: 82.22% (Best: 83.06% @ Ep7042) | LR: 0.000130 | Rev: 0/99999
Epoch 7210 | Cost: 0.247310 | Acc: 81.11% (Best: 83.06% @ Ep7042) | LR: 0.000130 | Rev: 1/99999
Epoch 7211 | Cost: 0.257928 | Acc: 82.22% (Best: 83.06% @ Ep7042) | LR: 0.000130 | Rev: 2/99999
Epoch 7212 | Cost: 0.244758 | Acc: 81.94% (Best: 83.06% @ Ep7042) | LR: 0.000140 | Rev: 0/99999
Epoch 7213 | Cost: 0.242659 | Acc: 81.39% (Best: 83.06% @ Ep7042) | LR: 0.000140 | Rev: 0/99999
Epoch 7214 | Cost: 0.242921 | Acc: 81.39% (Best: 83.06% @ Ep7042) | LR: 0.000140 | Rev: 1/99999
Epoch 7215 | Cost: 0.272913 | Acc: 80.83% (Best: 83.06% @ Ep7042) | LR: 0.000140 | Rev: 2/99999
Epoch 7216 | Cost: 0.246149 | Acc: 81.39% (Best: 83.06% @ Ep7042) | LR: 0.000140 | Rev: 0/99999
Epoch 7217 | Cost: 0.248761 | Acc: 81.67% (Best: 83.06% @ Ep7042) | LR: 0.000140 | Rev: 1/99999
Epoch 7218 | Cost: 0.254957 | Acc: 81.94% (Best: 83.06% @ Ep7042) | LR: 0.000140 | Rev: 2/99999
Epoch 7219 | Cost: 0.241194 | Acc: 81.11% (Best: 83.06% @ Ep7042) | LR: 0.000140 | Rev: 0/99999
Epoch 7220 | Cost: 0.274469 | Acc: 81.39% (Best: 83.06% @ Ep7042) | LR: 0.000140 | Rev: 1/99999
Epoch 7221 | Cost: 0.259240 | Acc: 81.11% (Best: 83.06% @ Ep7042) | LR: 0.000140 | Rev: 0/99999
Epoch 7222 | Cost: 0.248689 | Acc: 81.11% (Best: 83.06% @ Ep7042) | LR: 0.000150 | Rev: 0/99999
Epoch 7223 | Cost: 0.242030 | Acc: 81.11% (Best: 83.06% @ Ep7042) | LR: 0.000150 | Rev: 0/99999
Epoch 7224 | Cost: 0.255034 | Acc: 81.39% (Best: 83.06% @ Ep7042) | LR: 0.000150 | Rev: 1/99999
Epoch 7225 | Cost: 0.260117 | Acc: 81.39% (Best: 83.06% @ Ep7042) | LR: 0.000150 | Rev: 2/99999
Epoch 7226 | Cost: 0.255836 | Acc: 81.67% (Best: 83.06% @ Ep7042) | LR: 0.000150 | Rev: 0/99999
Epoch 7227 | Cost: 0.266394 | Acc: 82.22% (Best: 83.06% @ Ep7042) | LR: 0.000150 | Rev: 1/99999
Epoch 7228 | Cost: 0.258584 | Acc: 81.39% (Best: 83.06% @ Ep7042) | LR: 0.000150 | Rev: 0/99999
Epoch 7229 | Cost: 0.256172 | Acc: 81.67% (Best: 83.06% @ Ep7042) | LR: 0.000150 | Rev: 0/99999
Epoch 7230 | Cost: 0.255253 | Acc: 81.11% (Best: 83.06% @ Ep7042) | LR: 0.000150 | Rev: 0/99999
Epoch 7231 | Cost: 0.244327 | Acc: 81.11% (Best: 83.06% @ Ep7042) | LR: 0.000150 | Rev: 0/99999
Epoch 7232 | Cost: 0.257551 | Acc: 80.83% (Best: 83.06% @ Ep7042) | LR: 0.000160 | Rev: 1/99999
Epoch 7233 | Cost: 0.240163 | Acc: 82.22% (Best: 83.06% @ Ep7042) | LR: 0.000160 | Rev: 0/99999
Epoch 7234 | Cost: 0.252515 | Acc: 81.39% (Best: 83.06% @ Ep7042) | LR: 0.000160 | Rev: 1/99999
Epoch 7235 | Cost: 0.241370 | Acc: 81.94% (Best: 83.06% @ Ep7042) | LR: 0.000160 | Rev: 0/99999
Epoch 7236 | Cost: 0.242644 | Acc: 81.39% (Best: 83.06% @ Ep7042) | LR: 0.000160 | Rev: 1/99999
Epoch 7237 | Cost: 0.233398 | Acc: 80.83% (Best: 83.06% @ Ep7042) | LR: 0.000160 | Rev: 0/99999
Epoch 7238 | Cost: 0.257226 | Acc: 81.39% (Best: 83.06% @ Ep7042) | LR: 0.000160 | Rev: 1/99999
Epoch 7239 | Cost: 0.258099 | Acc: 81.11% (Best: 83.06% @ Ep7042) | LR: 0.000160 | Rev: 2/99999
Epoch 7240 | Cost: 0.261583 | Acc: 81.39% (Best: 83.06% @ Ep7042) | LR: 0.000160 | Rev: 3/99999
Epoch 7241 | Cost: 0.256805 | Acc: 81.39% (Best: 83.06% @ Ep7042) | LR: 0.000160 | Rev: 0/99999
Epoch 7242 | Cost: 0.257332 | Acc: 81.67% (Best: 83.06% @ Ep7042) | LR: 0.000170 | Rev: 1/99999
Epoch 7243 | Cost: 0.230972 | Acc: 81.67% (Best: 83.06% @ Ep7042) | LR: 0.000170 | Rev: 0/99999
Epoch 7244 | Cost: 0.250826 | Acc: 81.94% (Best: 83.06% @ Ep7042) | LR: 0.000170 | Rev: 1/99999
Epoch 7245 | Cost: 0.254097 | Acc: 81.39% (Best: 83.06% @ Ep7042) | LR: 0.000170 | Rev: 2/99999
Epoch 7246 | Cost: 0.258264 | Acc: 81.39% (Best: 83.06% @ Ep7042) | LR: 0.000170 | Rev: 3/99999
Epoch 7247 | Cost: 0.272807 | Acc: 81.11% (Best: 83.06% @ Ep7042) | LR: 0.000170 | Rev: 4/99999
Epoch 7248 | Cost: 0.254074 | Acc: 81.67% (Best: 83.06% @ Ep7042) | LR: 0.000170 | Rev: 0/99999
Epoch 7249 | Cost: 0.244687 | Acc: 81.11% (Best: 83.06% @ Ep7042) | LR: 0.000170 | Rev: 0/99999
Epoch 7250 | Cost: 0.255351 | Acc: 81.39% (Best: 83.06% @ Ep7042) | LR: 0.000170 | Rev: 1/99999
Epoch 7251 | Cost: 0.254689 | Acc: 81.39% (Best: 83.06% @ Ep7042) | LR: 0.000170 | Rev: 0/99999
Epoch 7252 | Cost: 0.252863 | Acc: 81.67% (Best: 83.06% @ Ep7042) | LR: 0.000180 | Rev: 0/99999
Epoch 7253 | Cost: 0.247417 | Acc: 81.67% (Best: 83.06% @ Ep7042) | LR: 0.000180 | Rev: 0/99999
Epoch 7254 | Cost: 0.238809 | Acc: 81.39% (Best: 83.06% @ Ep7042) | LR: 0.000180 | Rev: 0/99999
Epoch 7255 | Cost: 0.256876 | Acc: 81.11% (Best: 83.06% @ Ep7042) | LR: 0.000180 | Rev: 1/99999
Epoch 7256 | Cost: 0.243397 | Acc: 81.67% (Best: 83.06% @ Ep7042) | LR: 0.000180 | Rev: 0/99999
Epoch 7257 | Cost: 0.243592 | Acc: 82.22% (Best: 83.06% @ Ep7042) | LR: 0.000180 | Rev: 1/99999
Epoch 7258 | Cost: 0.244681 | Acc: 81.11% (Best: 83.06% @ Ep7042) | LR: 0.000180 | Rev: 2/99999
Epoch 7259 | Cost: 0.255571 | Acc: 81.11% (Best: 83.06% @ Ep7042) | LR: 0.000180 | Rev: 3/99999
Epoch 7260 | Cost: 0.255175 | Acc: 81.11% (Best: 83.06% @ Ep7042) | LR: 0.000180 | Rev: 0/99999
Epoch 7261 | Cost: 0.250285 | Acc: 81.94% (Best: 83.06% @ Ep7042) | LR: 0.000180 | Rev: 0/99999
Epoch 7262 | Cost: 0.246867 | Acc: 81.11% (Best: 83.06% @ Ep7042) | LR: 0.000190 | Rev: 0/99999
Epoch 7263 | Cost: 0.260652 | Acc: 81.39% (Best: 83.06% @ Ep7042) | LR: 0.000190 | Rev: 1/99999
Epoch 7264 | Cost: 0.251683 | Acc: 81.39% (Best: 83.06% @ Ep7042) | LR: 0.000190 | Rev: 0/99999
Epoch 7265 | Cost: 0.258761 | Acc: 81.39% (Best: 83.06% @ Ep7042) | LR: 0.000190 | Rev: 1/99999
Epoch 7266 | Cost: 0.240577 | Acc: 81.67% (Best: 83.06% @ Ep7042) | LR: 0.000190 | Rev: 0/99999
Epoch 7267 | Cost: 0.265869 | Acc: 81.67% (Best: 83.06% @ Ep7042) | LR: 0.000190 | Rev: 1/99999
Epoch 7268 | Cost: 0.237570 | Acc: 81.39% (Best: 83.06% @ Ep7042) | LR: 0.000190 | Rev: 0/99999
Epoch 7269 | Cost: 0.260508 | Acc: 81.94% (Best: 83.06% @ Ep7042) | LR: 0.000190 | Rev: 1/99999
Epoch 7270 | Cost: 0.256190 | Acc: 81.67% (Best: 83.06% @ Ep7042) | LR: 0.000190 | Rev: 0/99999
Epoch 7271 | Cost: 0.252492 | Acc: 80.83% (Best: 83.06% @ Ep7042) | LR: 0.000190 | Rev: 0/99999
Epoch 7272 | Cost: 0.256022 | Acc: 82.22% (Best: 83.06% @ Ep7042) | LR: 0.000200 | Rev: 1/99999
Epoch 7273 | Cost: 0.246133 | Acc: 81.39% (Best: 83.06% @ Ep7042) | LR: 0.000200 | Rev: 0/99999
Epoch 7274 | Cost: 0.257905 | Acc: 80.83% (Best: 83.06% @ Ep7042) | LR: 0.000200 | Rev: 1/99999
Epoch 7275 | Cost: 0.252115 | Acc: 81.39% (Best: 83.06% @ Ep7042) | LR: 0.000200 | Rev: 0/99999
Epoch 7276 | Cost: 0.240957 | Acc: 80.83% (Best: 83.06% @ Ep7042) | LR: 0.000200 | Rev: 0/99999
Epoch 7277 | Cost: 0.248057 | Acc: 81.67% (Best: 83.06% @ Ep7042) | LR: 0.000200 | Rev: 1/99999
Epoch 7278 | Cost: 0.259950 | Acc: 80.00% (Best: 83.06% @ Ep7042) | LR: 0.000200 | Rev: 2/99999
Epoch 7279 | Cost: 0.254551 | Acc: 80.56% (Best: 83.06% @ Ep7042) | LR: 0.000200 | Rev: 0/99999
Epoch 7280 | Cost: 0.252094 | Acc: 81.11% (Best: 83.06% @ Ep7042) | LR: 0.000200 | Rev: 0/99999
Epoch 7281 | Cost: 0.260613 | Acc: 80.56% (Best: 83.06% @ Ep7042) | LR: 0.000200 | Rev: 1/99999
Epoch 7282 | Cost: 0.228007 | Acc: 80.56% (Best: 83.06% @ Ep7042) | LR: 0.000210 | Rev: 0/99999
Epoch 7283 | Cost: 0.243122 | Acc: 80.56% (Best: 83.06% @ Ep7042) | LR: 0.000210 | Rev: 1/99999
Epoch 7284 | Cost: 0.258527 | Acc: 81.67% (Best: 83.06% @ Ep7042) | LR: 0.000210 | Rev: 2/99999
Epoch 7285 | Cost: 0.232224 | Acc: 81.67% (Best: 83.06% @ Ep7042) | LR: 0.000210 | Rev: 0/99999
Epoch 7286 | Cost: 0.254443 | Acc: 81.11% (Best: 83.06% @ Ep7042) | LR: 0.000210 | Rev: 1/99999
Epoch 7287 | Cost: 0.255788 | Acc: 81.67% (Best: 83.06% @ Ep7042) | LR: 0.000210 | Rev: 2/99999
Epoch 7288 | Cost: 0.254571 | Acc: 81.39% (Best: 83.06% @ Ep7042) | LR: 0.000210 | Rev: 0/99999
Epoch 7289 | Cost: 0.262930 | Acc: 82.22% (Best: 83.06% @ Ep7042) | LR: 0.000210 | Rev: 1/99999
Epoch 7290 | Cost: 0.255576 | Acc: 81.39% (Best: 83.06% @ Ep7042) | LR: 0.000210 | Rev: 0/99999
Epoch 7291 | Cost: 0.252597 | Acc: 80.56% (Best: 83.06% @ Ep7042) | LR: 0.000210 | Rev: 0/99999
Epoch 7292 | Cost: 0.261571 | Acc: 81.39% (Best: 83.06% @ Ep7042) | LR: 0.000220 | Rev: 1/99999
Epoch 7293 | Cost: 0.255821 | Acc: 81.11% (Best: 83.06% @ Ep7042) | LR: 0.000220 | Rev: 0/99999
Epoch 7294 | Cost: 0.265144 | Acc: 80.56% (Best: 83.06% @ Ep7042) | LR: 0.000220 | Rev: 1/99999
Epoch 7295 | Cost: 0.255182 | Acc: 80.83% (Best: 83.06% @ Ep7042) | LR: 0.000220 | Rev: 0/99999
Epoch 7296 | Cost: 0.230843 | Acc: 80.83% (Best: 83.06% @ Ep7042) | LR: 0.000220 | Rev: 0/99999
Epoch 7297 | Cost: 0.259599 | Acc: 81.67% (Best: 83.06% @ Ep7042) | LR: 0.000220 | Rev: 1/99999
Epoch 7298 | Cost: 0.248911 | Acc: 81.67% (Best: 83.06% @ Ep7042) | LR: 0.000220 | Rev: 0/99999
Epoch 7299 | Cost: 0.254110 | Acc: 81.39% (Best: 83.06% @ Ep7042) | LR: 0.000220 | Rev: 1/99999
Epoch 7300 | Cost: 0.247063 | Acc: 82.22% (Best: 83.06% @ Ep7042) | LR: 0.000220 | Rev: 0/99999
Epoch 7301 | Cost: 0.246331 | Acc: 82.22% (Best: 83.06% @ Ep7042) | LR: 0.000220 | Rev: 0/99999
Epoch 7302 | Cost: 0.245410 | Acc: 80.56% (Best: 83.06% @ Ep7042) | LR: 0.000230 | Rev: 0/99999
Epoch 7303 | Cost: 0.235557 | Acc: 81.39% (Best: 83.06% @ Ep7042) | LR: 0.000230 | Rev: 0/99999
Epoch 7304 | Cost: 0.245837 | Acc: 81.39% (Best: 83.06% @ Ep7042) | LR: 0.000230 | Rev: 1/99999
Epoch 7305 | Cost: 0.261960 | Acc: 82.78% (Best: 83.06% @ Ep7042) | LR: 0.000230 | Rev: 2/99999
Epoch 7306 | Cost: 0.247643 | Acc: 81.67% (Best: 83.06% @ Ep7042) | LR: 0.000230 | Rev: 0/99999
Epoch 7307 | Cost: 0.226497 | Acc: 83.33% (Best: 83.33% @ Ep7307) | LR: 0.000010 | Rev: 0/99999
Epoch 7308 | Cost: 0.250445 | Acc: 83.33% (Best: 83.33% @ Ep7307) | LR: 0.000010 | Rev: 1/99999
Epoch 7309 | Cost: 0.254797 | Acc: 83.06% (Best: 83.33% @ Ep7307) | LR: 0.000010 | Rev: 2/99999
Epoch 7310 | Cost: 0.230975 | Acc: 83.06% (Best: 83.33% @ Ep7307) | LR: 0.000010 | Rev: 0/99999
Epoch 7311 | Cost: 0.236512 | Acc: 82.50% (Best: 83.33% @ Ep7307) | LR: 0.000010 | Rev: 1/99999
Epoch 7312 | Cost: 0.248960 | Acc: 82.50% (Best: 83.33% @ Ep7307) | LR: 0.000010 | Rev: 2/99999
Epoch 7313 | Cost: 0.234964 | Acc: 82.50% (Best: 83.33% @ Ep7307) | LR: 0.000010 | Rev: 0/99999
Epoch 7314 | Cost: 0.242204 | Acc: 82.50% (Best: 83.33% @ Ep7307) | LR: 0.000010 | Rev: 1/99999
Epoch 7315 | Cost: 0.260148 | Acc: 82.22% (Best: 83.33% @ Ep7307) | LR: 0.000010 | Rev: 2/99999
Epoch 7316 | Cost: 0.241668 | Acc: 82.22% (Best: 83.33% @ Ep7307) | LR: 0.000010 | Rev: 0/99999
Epoch 7317 | Cost: 0.262691 | Acc: 82.22% (Best: 83.33% @ Ep7307) | LR: 0.000010 | Rev: 1/99999
Epoch 7318 | Cost: 0.245675 | Acc: 82.22% (Best: 83.33% @ Ep7307) | LR: 0.000010 | Rev: 0/99999
Epoch 7319 | Cost: 0.245546 | Acc: 82.22% (Best: 83.33% @ Ep7307) | LR: 0.000010 | Rev: 0/99999
Epoch 7320 | Cost: 0.248400 | Acc: 82.50% (Best: 83.33% @ Ep7307) | LR: 0.000010 | Rev: 1/99999
Epoch 7321 | Cost: 0.254475 | Acc: 82.22% (Best: 83.33% @ Ep7307) | LR: 0.000010 | Rev: 2/99999
Epoch 7322 | Cost: 0.237287 | Acc: 81.94% (Best: 83.33% @ Ep7307) | LR: 0.000010 | Rev: 0/99999
Epoch 7323 | Cost: 0.256124 | Acc: 82.22% (Best: 83.33% @ Ep7307) | LR: 0.000010 | Rev: 1/99999
Epoch 7324 | Cost: 0.245075 | Acc: 82.22% (Best: 83.33% @ Ep7307) | LR: 0.000010 | Rev: 0/99999
Epoch 7325 | Cost: 0.237431 | Acc: 82.50% (Best: 83.33% @ Ep7307) | LR: 0.000010 | Rev: 0/99999
Epoch 7326 | Cost: 0.240190 | Acc: 82.50% (Best: 83.33% @ Ep7307) | LR: 0.000010 | Rev: 1/99999
Epoch 7327 | Cost: 0.227297 | Acc: 82.50% (Best: 83.33% @ Ep7307) | LR: 0.000010 | Rev: 0/99999
Epoch 7328 | Cost: 0.253140 | Acc: 82.22% (Best: 83.33% @ Ep7307) | LR: 0.000010 | Rev: 1/99999
Epoch 7329 | Cost: 0.262297 | Acc: 82.22% (Best: 83.33% @ Ep7307) | LR: 0.000010 | Rev: 2/99999
Epoch 7330 | Cost: 0.249769 | Acc: 82.50% (Best: 83.33% @ Ep7307) | LR: 0.000010 | Rev: 0/99999
Epoch 7331 | Cost: 0.238262 | Acc: 82.50% (Best: 83.33% @ Ep7307) | LR: 0.000010 | Rev: 0/99999
Epoch 7332 | Cost: 0.232434 | Acc: 82.50% (Best: 83.33% @ Ep7307) | LR: 0.000010 | Rev: 0/99999
Epoch 7333 | Cost: 0.237567 | Acc: 82.50% (Best: 83.33% @ Ep7307) | LR: 0.000010 | Rev: 1/99999
Epoch 7334 | Cost: 0.245456 | Acc: 82.50% (Best: 83.33% @ Ep7307) | LR: 0.000010 | Rev: 2/99999
Epoch 7335 | Cost: 0.233176 | Acc: 82.50% (Best: 83.33% @ Ep7307) | LR: 0.000010 | Rev: 0/99999
Epoch 7336 | Cost: 0.240260 | Acc: 82.50% (Best: 83.33% @ Ep7307) | LR: 0.000010 | Rev: 1/99999
Epoch 7337 | Cost: 0.232044 | Acc: 82.50% (Best: 83.33% @ Ep7307) | LR: 0.000010 | Rev: 0/99999
Epoch 7338 | Cost: 0.248606 | Acc: 82.50% (Best: 83.33% @ Ep7307) | LR: 0.000010 | Rev: 1/99999
Epoch 7339 | Cost: 0.241291 | Acc: 82.50% (Best: 83.33% @ Ep7307) | LR: 0.000010 | Rev: 0/99999
Epoch 7340 | Cost: 0.243617 | Acc: 82.50% (Best: 83.33% @ Ep7307) | LR: 0.000010 | Rev: 1/99999
Epoch 7341 | Cost: 0.239459 | Acc: 82.22% (Best: 83.33% @ Ep7307) | LR: 0.000010 | Rev: 0/99999
Epoch 7342 | Cost: 0.241830 | Acc: 82.22% (Best: 83.33% @ Ep7307) | LR: 0.000010 | Rev: 1/99999
Epoch 7343 | Cost: 0.258230 | Acc: 82.22% (Best: 83.33% @ Ep7307) | LR: 0.000010 | Rev: 2/99999
Epoch 7344 | Cost: 0.228034 | Acc: 82.22% (Best: 83.33% @ Ep7307) | LR: 0.000010 | Rev: 0/99999
Epoch 7345 | Cost: 0.243061 | Acc: 82.22% (Best: 83.33% @ Ep7307) | LR: 0.000010 | Rev: 1/99999
Epoch 7346 | Cost: 0.254237 | Acc: 82.22% (Best: 83.33% @ Ep7307) | LR: 0.000010 | Rev: 2/99999
Epoch 7347 | Cost: 0.242044 | Acc: 82.22% (Best: 83.33% @ Ep7307) | LR: 0.000010 | Rev: 0/99999
Epoch 7348 | Cost: 0.254061 | Acc: 82.22% (Best: 83.33% @ Ep7307) | LR: 0.000010 | Rev: 1/99999
Epoch 7349 | Cost: 0.230024 | Acc: 82.22% (Best: 83.33% @ Ep7307) | LR: 0.000010 | Rev: 0/99999
Epoch 7350 | Cost: 0.226256 | Acc: 82.22% (Best: 83.33% @ Ep7307) | LR: 0.000010 | Rev: 0/99999
Epoch 7351 | Cost: 0.240019 | Acc: 82.22% (Best: 83.33% @ Ep7307) | LR: 0.000010 | Rev: 1/99999
Epoch 7352 | Cost: 0.234557 | Acc: 82.22% (Best: 83.33% @ Ep7307) | LR: 0.000010 | Rev: 0/99999
Epoch 7353 | Cost: 0.267380 | Acc: 82.22% (Best: 83.33% @ Ep7307) | LR: 0.000010 | Rev: 1/99999
Epoch 7354 | Cost: 0.245880 | Acc: 81.94% (Best: 83.33% @ Ep7307) | LR: 0.000010 | Rev: 0/99999
Epoch 7355 | Cost: 0.242446 | Acc: 82.22% (Best: 83.33% @ Ep7307) | LR: 0.000010 | Rev: 0/99999
Epoch 7356 | Cost: 0.249023 | Acc: 82.22% (Best: 83.33% @ Ep7307) | LR: 0.000010 | Rev: 1/99999
Epoch 7357 | Cost: 0.238516 | Acc: 82.22% (Best: 83.33% @ Ep7307) | LR: 0.000020 | Rev: 0/99999
Epoch 7358 | Cost: 0.243407 | Acc: 82.50% (Best: 83.33% @ Ep7307) | LR: 0.000020 | Rev: 1/99999
Epoch 7359 | Cost: 0.253376 | Acc: 82.50% (Best: 83.33% @ Ep7307) | LR: 0.000020 | Rev: 2/99999
Epoch 7360 | Cost: 0.244473 | Acc: 81.94% (Best: 83.33% @ Ep7307) | LR: 0.000020 | Rev: 0/99999
Epoch 7361 | Cost: 0.235283 | Acc: 81.94% (Best: 83.33% @ Ep7307) | LR: 0.000020 | Rev: 0/99999
Epoch 7362 | Cost: 0.249847 | Acc: 81.94% (Best: 83.33% @ Ep7307) | LR: 0.000020 | Rev: 1/99999
Epoch 7363 | Cost: 0.242691 | Acc: 81.94% (Best: 83.33% @ Ep7307) | LR: 0.000020 | Rev: 0/99999
Epoch 7364 | Cost: 0.241299 | Acc: 82.22% (Best: 83.33% @ Ep7307) | LR: 0.000020 | Rev: 0/99999
Epoch 7365 | Cost: 0.254125 | Acc: 81.94% (Best: 83.33% @ Ep7307) | LR: 0.000020 | Rev: 1/99999
Epoch 7366 | Cost: 0.236377 | Acc: 82.50% (Best: 83.33% @ Ep7307) | LR: 0.000020 | Rev: 0/99999
Epoch 7367 | Cost: 0.238109 | Acc: 82.22% (Best: 83.33% @ Ep7307) | LR: 0.000030 | Rev: 1/99999
Epoch 7368 | Cost: 0.247698 | Acc: 81.94% (Best: 83.33% @ Ep7307) | LR: 0.000030 | Rev: 2/99999
Epoch 7369 | Cost: 0.240690 | Acc: 81.94% (Best: 83.33% @ Ep7307) | LR: 0.000030 | Rev: 0/99999
Epoch 7370 | Cost: 0.242117 | Acc: 81.94% (Best: 83.33% @ Ep7307) | LR: 0.000030 | Rev: 1/99999
Epoch 7371 | Cost: 0.245977 | Acc: 81.94% (Best: 83.33% @ Ep7307) | LR: 0.000030 | Rev: 2/99999
Epoch 7372 | Cost: 0.232271 | Acc: 81.94% (Best: 83.33% @ Ep7307) | LR: 0.000030 | Rev: 0/99999
Epoch 7373 | Cost: 0.252596 | Acc: 81.94% (Best: 83.33% @ Ep7307) | LR: 0.000030 | Rev: 1/99999
Epoch 7374 | Cost: 0.249630 | Acc: 82.22% (Best: 83.33% @ Ep7307) | LR: 0.000030 | Rev: 0/99999
Epoch 7375 | Cost: 0.254281 | Acc: 81.94% (Best: 83.33% @ Ep7307) | LR: 0.000030 | Rev: 1/99999
Epoch 7376 | Cost: 0.246336 | Acc: 81.94% (Best: 83.33% @ Ep7307) | LR: 0.000030 | Rev: 0/99999
Epoch 7377 | Cost: 0.228454 | Acc: 81.67% (Best: 83.33% @ Ep7307) | LR: 0.000040 | Rev: 0/99999
Epoch 7378 | Cost: 0.233173 | Acc: 81.67% (Best: 83.33% @ Ep7307) | LR: 0.000040 | Rev: 1/99999
Epoch 7379 | Cost: 0.228769 | Acc: 81.94% (Best: 83.33% @ Ep7307) | LR: 0.000040 | Rev: 0/99999
Epoch 7380 | Cost: 0.229480 | Acc: 81.67% (Best: 83.33% @ Ep7307) | LR: 0.000040 | Rev: 1/99999
Epoch 7381 | Cost: 0.241711 | Acc: 81.67% (Best: 83.33% @ Ep7307) | LR: 0.000040 | Rev: 2/99999
Epoch 7382 | Cost: 0.232975 | Acc: 82.22% (Best: 83.33% @ Ep7307) | LR: 0.000040 | Rev: 0/99999
Epoch 7383 | Cost: 0.229602 | Acc: 81.94% (Best: 83.33% @ Ep7307) | LR: 0.000040 | Rev: 0/99999
Epoch 7384 | Cost: 0.243726 | Acc: 81.67% (Best: 83.33% @ Ep7307) | LR: 0.000040 | Rev: 1/99999
Epoch 7385 | Cost: 0.230086 | Acc: 81.94% (Best: 83.33% @ Ep7307) | LR: 0.000040 | Rev: 0/99999
Epoch 7386 | Cost: 0.235501 | Acc: 81.94% (Best: 83.33% @ Ep7307) | LR: 0.000040 | Rev: 1/99999
Epoch 7387 | Cost: 0.243078 | Acc: 81.94% (Best: 83.33% @ Ep7307) | LR: 0.000050 | Rev: 2/99999
Epoch 7388 | Cost: 0.261213 | Acc: 81.67% (Best: 83.33% @ Ep7307) | LR: 0.000050 | Rev: 3/99999
Epoch 7389 | Cost: 0.241601 | Acc: 81.67% (Best: 83.33% @ Ep7307) | LR: 0.000050 | Rev: 0/99999
Epoch 7390 | Cost: 0.263281 | Acc: 81.94% (Best: 83.33% @ Ep7307) | LR: 0.000050 | Rev: 1/99999
Epoch 7391 | Cost: 0.246066 | Acc: 81.94% (Best: 83.33% @ Ep7307) | LR: 0.000050 | Rev: 0/99999
Epoch 7392 | Cost: 0.243242 | Acc: 82.50% (Best: 83.33% @ Ep7307) | LR: 0.000050 | Rev: 0/99999
Epoch 7393 | Cost: 0.263213 | Acc: 82.22% (Best: 83.33% @ Ep7307) | LR: 0.000050 | Rev: 1/99999
Epoch 7394 | Cost: 0.247065 | Acc: 82.22% (Best: 83.33% @ Ep7307) | LR: 0.000050 | Rev: 0/99999
Epoch 7395 | Cost: 0.246185 | Acc: 81.94% (Best: 83.33% @ Ep7307) | LR: 0.000050 | Rev: 0/99999
Epoch 7396 | Cost: 0.234060 | Acc: 81.39% (Best: 83.33% @ Ep7307) | LR: 0.000050 | Rev: 0/99999
Epoch 7397 | Cost: 0.249093 | Acc: 81.67% (Best: 83.33% @ Ep7307) | LR: 0.000060 | Rev: 1/99999
Epoch 7398 | Cost: 0.232385 | Acc: 81.39% (Best: 83.33% @ Ep7307) | LR: 0.000060 | Rev: 0/99999
Epoch 7399 | Cost: 0.233218 | Acc: 81.67% (Best: 83.33% @ Ep7307) | LR: 0.000060 | Rev: 1/99999
Epoch 7400 | Cost: 0.240074 | Acc: 81.67% (Best: 83.33% @ Ep7307) | LR: 0.000060 | Rev: 2/99999
Epoch 7401 | Cost: 0.249571 | Acc: 81.94% (Best: 83.33% @ Ep7307) | LR: 0.000060 | Rev: 3/99999
Epoch 7402 | Cost: 0.254507 | Acc: 82.22% (Best: 83.33% @ Ep7307) | LR: 0.000060 | Rev: 4/99999
Epoch 7403 | Cost: 0.239364 | Acc: 81.67% (Best: 83.33% @ Ep7307) | LR: 0.000060 | Rev: 0/99999
Epoch 7404 | Cost: 0.236571 | Acc: 82.22% (Best: 83.33% @ Ep7307) | LR: 0.000060 | Rev: 0/99999
Epoch 7405 | Cost: 0.260445 | Acc: 81.94% (Best: 83.33% @ Ep7307) | LR: 0.000060 | Rev: 1/99999
Epoch 7406 | Cost: 0.232423 | Acc: 81.39% (Best: 83.33% @ Ep7307) | LR: 0.000060 | Rev: 0/99999
Epoch 7407 | Cost: 0.223291 | Acc: 81.94% (Best: 83.33% @ Ep7307) | LR: 0.000070 | Rev: 0/99999
Epoch 7408 | Cost: 0.227381 | Acc: 81.94% (Best: 83.33% @ Ep7307) | LR: 0.000070 | Rev: 1/99999
Epoch 7409 | Cost: 0.249106 | Acc: 81.94% (Best: 83.33% @ Ep7307) | LR: 0.000070 | Rev: 2/99999
Epoch 7410 | Cost: 0.225732 | Acc: 82.22% (Best: 83.33% @ Ep7307) | LR: 0.000070 | Rev: 0/99999
Epoch 7411 | Cost: 0.245739 | Acc: 82.22% (Best: 83.33% @ Ep7307) | LR: 0.000070 | Rev: 1/99999
Epoch 7412 | Cost: 0.249146 | Acc: 81.94% (Best: 83.33% @ Ep7307) | LR: 0.000070 | Rev: 2/99999
Epoch 7413 | Cost: 0.267645 | Acc: 82.22% (Best: 83.33% @ Ep7307) | LR: 0.000070 | Rev: 3/99999
Epoch 7414 | Cost: 0.243395 | Acc: 81.67% (Best: 83.33% @ Ep7307) | LR: 0.000070 | Rev: 0/99999
Epoch 7415 | Cost: 0.250013 | Acc: 81.94% (Best: 83.33% @ Ep7307) | LR: 0.000070 | Rev: 1/99999
Epoch 7416 | Cost: 0.224219 | Acc: 82.22% (Best: 83.33% @ Ep7307) | LR: 0.000070 | Rev: 0/99999
Epoch 7417 | Cost: 0.241706 | Acc: 81.94% (Best: 83.33% @ Ep7307) | LR: 0.000080 | Rev: 1/99999
Epoch 7418 | Cost: 0.234510 | Acc: 81.94% (Best: 83.33% @ Ep7307) | LR: 0.000080 | Rev: 0/99999
Epoch 7419 | Cost: 0.252931 | Acc: 81.67% (Best: 83.33% @ Ep7307) | LR: 0.000080 | Rev: 1/99999
Epoch 7420 | Cost: 0.259373 | Acc: 81.39% (Best: 83.33% @ Ep7307) | LR: 0.000080 | Rev: 2/99999
Epoch 7421 | Cost: 0.237464 | Acc: 81.11% (Best: 83.33% @ Ep7307) | LR: 0.000080 | Rev: 0/99999
Epoch 7422 | Cost: 0.248913 | Acc: 81.11% (Best: 83.33% @ Ep7307) | LR: 0.000080 | Rev: 1/99999
Epoch 7423 | Cost: 0.252346 | Acc: 82.50% (Best: 83.33% @ Ep7307) | LR: 0.000080 | Rev: 2/99999
Epoch 7424 | Cost: 0.239549 | Acc: 81.94% (Best: 83.33% @ Ep7307) | LR: 0.000080 | Rev: 0/99999
Epoch 7425 | Cost: 0.259926 | Acc: 81.67% (Best: 83.33% @ Ep7307) | LR: 0.000080 | Rev: 1/99999
Epoch 7426 | Cost: 0.247939 | Acc: 81.39% (Best: 83.33% @ Ep7307) | LR: 0.000080 | Rev: 0/99999
Epoch 7427 | Cost: 0.236520 | Acc: 81.39% (Best: 83.33% @ Ep7307) | LR: 0.000090 | Rev: 0/99999
Epoch 7428 | Cost: 0.249234 | Acc: 81.39% (Best: 83.33% @ Ep7307) | LR: 0.000090 | Rev: 1/99999
Epoch 7429 | Cost: 0.241234 | Acc: 81.67% (Best: 83.33% @ Ep7307) | LR: 0.000090 | Rev: 0/99999
Epoch 7430 | Cost: 0.242687 | Acc: 82.22% (Best: 83.33% @ Ep7307) | LR: 0.000090 | Rev: 1/99999
Epoch 7431 | Cost: 0.242229 | Acc: 82.22% (Best: 83.33% @ Ep7307) | LR: 0.000090 | Rev: 0/99999
Epoch 7432 | Cost: 0.244742 | Acc: 81.67% (Best: 83.33% @ Ep7307) | LR: 0.000090 | Rev: 1/99999
Epoch 7433 | Cost: 0.259287 | Acc: 81.94% (Best: 83.33% @ Ep7307) | LR: 0.000090 | Rev: 2/99999
Epoch 7434 | Cost: 0.259411 | Acc: 82.22% (Best: 83.33% @ Ep7307) | LR: 0.000090 | Rev: 3/99999
Epoch 7435 | Cost: 0.239202 | Acc: 81.39% (Best: 83.33% @ Ep7307) | LR: 0.000090 | Rev: 0/99999
Epoch 7436 | Cost: 0.261500 | Acc: 82.22% (Best: 83.33% @ Ep7307) | LR: 0.000090 | Rev: 1/99999
Epoch 7437 | Cost: 0.246783 | Acc: 81.94% (Best: 83.33% @ Ep7307) | LR: 0.000100 | Rev: 0/99999
Epoch 7438 | Cost: 0.218729 | Acc: 81.39% (Best: 83.33% @ Ep7307) | LR: 0.000100 | Rev: 0/99999
Epoch 7439 | Cost: 0.245701 | Acc: 81.39% (Best: 83.33% @ Ep7307) | LR: 0.000100 | Rev: 1/99999
Epoch 7440 | Cost: 0.242320 | Acc: 81.67% (Best: 83.33% @ Ep7307) | LR: 0.000100 | Rev: 0/99999
Epoch 7441 | Cost: 0.260892 | Acc: 81.94% (Best: 83.33% @ Ep7307) | LR: 0.000100 | Rev: 1/99999
Epoch 7442 | Cost: 0.238240 | Acc: 81.67% (Best: 83.33% @ Ep7307) | LR: 0.000100 | Rev: 0/99999
Epoch 7443 | Cost: 0.239095 | Acc: 81.94% (Best: 83.33% @ Ep7307) | LR: 0.000100 | Rev: 1/99999
Epoch 7444 | Cost: 0.244234 | Acc: 81.39% (Best: 83.33% @ Ep7307) | LR: 0.000100 | Rev: 2/99999
Epoch 7445 | Cost: 0.252393 | Acc: 81.67% (Best: 83.33% @ Ep7307) | LR: 0.000100 | Rev: 3/99999
Epoch 7446 | Cost: 0.244042 | Acc: 82.22% (Best: 83.33% @ Ep7307) | LR: 0.000100 | Rev: 0/99999
Epoch 7447 | Cost: 0.249342 | Acc: 82.22% (Best: 83.33% @ Ep7307) | LR: 0.000110 | Rev: 1/99999
Epoch 7448 | Cost: 0.239872 | Acc: 82.22% (Best: 83.33% @ Ep7307) | LR: 0.000110 | Rev: 0/99999
Epoch 7449 | Cost: 0.236718 | Acc: 81.94% (Best: 83.33% @ Ep7307) | LR: 0.000110 | Rev: 0/99999
Epoch 7450 | Cost: 0.244958 | Acc: 81.67% (Best: 83.33% @ Ep7307) | LR: 0.000110 | Rev: 1/99999
Epoch 7451 | Cost: 0.243660 | Acc: 81.11% (Best: 83.33% @ Ep7307) | LR: 0.000110 | Rev: 0/99999
Epoch 7452 | Cost: 0.239818 | Acc: 81.67% (Best: 83.33% @ Ep7307) | LR: 0.000110 | Rev: 0/99999
Epoch 7453 | Cost: 0.265629 | Acc: 81.67% (Best: 83.33% @ Ep7307) | LR: 0.000110 | Rev: 1/99999
Epoch 7454 | Cost: 0.231869 | Acc: 80.83% (Best: 83.33% @ Ep7307) | LR: 0.000110 | Rev: 0/99999
Epoch 7455 | Cost: 0.231943 | Acc: 81.39% (Best: 83.33% @ Ep7307) | LR: 0.000110 | Rev: 1/99999
Epoch 7456 | Cost: 0.261721 | Acc: 81.39% (Best: 83.33% @ Ep7307) | LR: 0.000110 | Rev: 2/99999
Epoch 7457 | Cost: 0.256935 | Acc: 81.67% (Best: 83.33% @ Ep7307) | LR: 0.000120 | Rev: 0/99999
Epoch 7458 | Cost: 0.253647 | Acc: 81.39% (Best: 83.33% @ Ep7307) | LR: 0.000120 | Rev: 0/99999
Epoch 7459 | Cost: 0.245361 | Acc: 81.94% (Best: 83.33% @ Ep7307) | LR: 0.000120 | Rev: 0/99999
Epoch 7460 | Cost: 0.238098 | Acc: 81.67% (Best: 83.33% @ Ep7307) | LR: 0.000120 | Rev: 0/99999
Epoch 7461 | Cost: 0.258494 | Acc: 81.94% (Best: 83.33% @ Ep7307) | LR: 0.000120 | Rev: 1/99999
Epoch 7462 | Cost: 0.235076 | Acc: 81.94% (Best: 83.33% @ Ep7307) | LR: 0.000120 | Rev: 0/99999
Epoch 7463 | Cost: 0.238679 | Acc: 81.94% (Best: 83.33% @ Ep7307) | LR: 0.000120 | Rev: 1/99999
Epoch 7464 | Cost: 0.249285 | Acc: 81.67% (Best: 83.33% @ Ep7307) | LR: 0.000120 | Rev: 2/99999
Epoch 7465 | Cost: 0.242454 | Acc: 81.39% (Best: 83.33% @ Ep7307) | LR: 0.000120 | Rev: 0/99999
Epoch 7466 | Cost: 0.238579 | Acc: 81.67% (Best: 83.33% @ Ep7307) | LR: 0.000120 | Rev: 0/99999
Epoch 7467 | Cost: 0.235389 | Acc: 81.67% (Best: 83.33% @ Ep7307) | LR: 0.000130 | Rev: 0/99999
Epoch 7468 | Cost: 0.246264 | Acc: 81.11% (Best: 83.33% @ Ep7307) | LR: 0.000130 | Rev: 1/99999
Epoch 7469 | Cost: 0.231435 | Acc: 81.94% (Best: 83.33% @ Ep7307) | LR: 0.000130 | Rev: 0/99999
Epoch 7470 | Cost: 0.248707 | Acc: 81.94% (Best: 83.33% @ Ep7307) | LR: 0.000130 | Rev: 1/99999
Epoch 7471 | Cost: 0.232003 | Acc: 81.67% (Best: 83.33% @ Ep7307) | LR: 0.000130 | Rev: 0/99999
Epoch 7472 | Cost: 0.247892 | Acc: 81.39% (Best: 83.33% @ Ep7307) | LR: 0.000130 | Rev: 1/99999
Epoch 7473 | Cost: 0.234448 | Acc: 82.22% (Best: 83.33% @ Ep7307) | LR: 0.000130 | Rev: 0/99999
Epoch 7474 | Cost: 0.249953 | Acc: 81.94% (Best: 83.33% @ Ep7307) | LR: 0.000130 | Rev: 1/99999
Epoch 7475 | Cost: 0.237033 | Acc: 81.94% (Best: 83.33% @ Ep7307) | LR: 0.000130 | Rev: 0/99999
Epoch 7476 | Cost: 0.252191 | Acc: 81.94% (Best: 83.33% @ Ep7307) | LR: 0.000130 | Rev: 1/99999
Epoch 7477 | Cost: 0.244326 | Acc: 81.11% (Best: 83.33% @ Ep7307) | LR: 0.000140 | Rev: 0/99999
Epoch 7478 | Cost: 0.243938 | Acc: 81.39% (Best: 83.33% @ Ep7307) | LR: 0.000140 | Rev: 0/99999
Epoch 7479 | Cost: 0.242777 | Acc: 81.94% (Best: 83.33% @ Ep7307) | LR: 0.000140 | Rev: 0/99999
Epoch 7480 | Cost: 0.242893 | Acc: 81.94% (Best: 83.33% @ Ep7307) | LR: 0.000140 | Rev: 1/99999
Epoch 7481 | Cost: 0.245960 | Acc: 81.39% (Best: 83.33% @ Ep7307) | LR: 0.000140 | Rev: 2/99999
Epoch 7482 | Cost: 0.230304 | Acc: 82.22% (Best: 83.33% @ Ep7307) | LR: 0.000140 | Rev: 0/99999
Epoch 7483 | Cost: 0.225747 | Acc: 82.22% (Best: 83.33% @ Ep7307) | LR: 0.000140 | Rev: 0/99999
Epoch 7484 | Cost: 0.230256 | Acc: 81.67% (Best: 83.33% @ Ep7307) | LR: 0.000140 | Rev: 1/99999
Epoch 7485 | Cost: 0.248388 | Acc: 81.39% (Best: 83.33% @ Ep7307) | LR: 0.000140 | Rev: 2/99999
Epoch 7486 | Cost: 0.251195 | Acc: 81.94% (Best: 83.33% @ Ep7307) | LR: 0.000140 | Rev: 3/99999
Epoch 7487 | Cost: 0.250483 | Acc: 81.39% (Best: 83.33% @ Ep7307) | LR: 0.000150 | Rev: 0/99999
Epoch 7488 | Cost: 0.237907 | Acc: 81.11% (Best: 83.33% @ Ep7307) | LR: 0.000150 | Rev: 0/99999
Epoch 7489 | Cost: 0.242089 | Acc: 82.22% (Best: 83.33% @ Ep7307) | LR: 0.000150 | Rev: 1/99999
Epoch 7490 | Cost: 0.261242 | Acc: 82.22% (Best: 83.33% @ Ep7307) | LR: 0.000150 | Rev: 2/99999
Epoch 7491 | Cost: 0.239489 | Acc: 82.22% (Best: 83.33% @ Ep7307) | LR: 0.000150 | Rev: 0/99999
Epoch 7492 | Cost: 0.249179 | Acc: 81.67% (Best: 83.33% @ Ep7307) | LR: 0.000150 | Rev: 1/99999
Epoch 7493 | Cost: 0.241546 | Acc: 81.67% (Best: 83.33% @ Ep7307) | LR: 0.000150 | Rev: 0/99999
Epoch 7494 | Cost: 0.249686 | Acc: 81.67% (Best: 83.33% @ Ep7307) | LR: 0.000150 | Rev: 1/99999
Epoch 7495 | Cost: 0.261002 | Acc: 82.50% (Best: 83.33% @ Ep7307) | LR: 0.000150 | Rev: 2/99999
Epoch 7496 | Cost: 0.228068 | Acc: 82.22% (Best: 83.33% @ Ep7307) | LR: 0.000150 | Rev: 0/99999
Epoch 7497 | Cost: 0.257578 | Acc: 81.94% (Best: 83.33% @ Ep7307) | LR: 0.000160 | Rev: 1/99999
Epoch 7498 | Cost: 0.258901 | Acc: 81.39% (Best: 83.33% @ Ep7307) | LR: 0.000160 | Rev: 2/99999
Epoch 7499 | Cost: 0.235180 | Acc: 81.67% (Best: 83.33% @ Ep7307) | LR: 0.000160 | Rev: 0/99999
Epoch 7500 | Cost: 0.266751 | Acc: 82.22% (Best: 83.33% @ Ep7307) | LR: 0.000160 | Rev: 1/99999
Epoch 7501 | Cost: 0.246518 | Acc: 81.94% (Best: 83.33% @ Ep7307) | LR: 0.000160 | Rev: 0/99999
Epoch 7502 | Cost: 0.239938 | Acc: 82.50% (Best: 83.33% @ Ep7307) | LR: 0.000160 | Rev: 0/99999
Epoch 7503 | Cost: 0.247825 | Acc: 81.67% (Best: 83.33% @ Ep7307) | LR: 0.000160 | Rev: 1/99999
Epoch 7504 | Cost: 0.233681 | Acc: 82.22% (Best: 83.33% @ Ep7307) | LR: 0.000160 | Rev: 0/99999
Epoch 7505 | Cost: 0.251132 | Acc: 82.50% (Best: 83.33% @ Ep7307) | LR: 0.000160 | Rev: 1/99999
Epoch 7506 | Cost: 0.250927 | Acc: 82.22% (Best: 83.33% @ Ep7307) | LR: 0.000160 | Rev: 0/99999
Epoch 7507 | Cost: 0.241870 | Acc: 81.94% (Best: 83.33% @ Ep7307) | LR: 0.000170 | Rev: 0/99999
Epoch 7508 | Cost: 0.239644 | Acc: 81.67% (Best: 83.33% @ Ep7307) | LR: 0.000170 | Rev: 0/99999
Epoch 7509 | Cost: 0.254352 | Acc: 81.67% (Best: 83.33% @ Ep7307) | LR: 0.000170 | Rev: 1/99999
Epoch 7510 | Cost: 0.240698 | Acc: 80.56% (Best: 83.33% @ Ep7307) | LR: 0.000170 | Rev: 0/99999
Epoch 7511 | Cost: 0.236446 | Acc: 81.67% (Best: 83.33% @ Ep7307) | LR: 0.000170 | Rev: 0/99999
Epoch 7512 | Cost: 0.257231 | Acc: 81.94% (Best: 83.33% @ Ep7307) | LR: 0.000170 | Rev: 1/99999
Epoch 7513 | Cost: 0.234108 | Acc: 82.50% (Best: 83.33% @ Ep7307) | LR: 0.000170 | Rev: 0/99999
Epoch 7514 | Cost: 0.259756 | Acc: 82.22% (Best: 83.33% @ Ep7307) | LR: 0.000170 | Rev: 1/99999
Epoch 7515 | Cost: 0.254341 | Acc: 81.11% (Best: 83.33% @ Ep7307) | LR: 0.000170 | Rev: 0/99999
Epoch 7516 | Cost: 0.243838 | Acc: 81.67% (Best: 83.33% @ Ep7307) | LR: 0.000170 | Rev: 0/99999
Epoch 7517 | Cost: 0.258406 | Acc: 82.22% (Best: 83.33% @ Ep7307) | LR: 0.000180 | Rev: 1/99999
Epoch 7518 | Cost: 0.230908 | Acc: 81.94% (Best: 83.33% @ Ep7307) | LR: 0.000180 | Rev: 0/99999
Epoch 7519 | Cost: 0.237933 | Acc: 82.22% (Best: 83.33% @ Ep7307) | LR: 0.000180 | Rev: 1/99999
Epoch 7520 | Cost: 0.262034 | Acc: 82.78% (Best: 83.33% @ Ep7307) | LR: 0.000180 | Rev: 2/99999
Epoch 7521 | Cost: 0.255450 | Acc: 81.67% (Best: 83.33% @ Ep7307) | LR: 0.000180 | Rev: 0/99999
Epoch 7522 | Cost: 0.270524 | Acc: 82.22% (Best: 83.33% @ Ep7307) | LR: 0.000180 | Rev: 1/99999
Epoch 7523 | Cost: 0.231533 | Acc: 80.83% (Best: 83.33% @ Ep7307) | LR: 0.000180 | Rev: 0/99999
Epoch 7524 | Cost: 0.242374 | Acc: 82.78% (Best: 83.33% @ Ep7307) | LR: 0.000180 | Rev: 1/99999
Epoch 7525 | Cost: 0.246443 | Acc: 81.67% (Best: 83.33% @ Ep7307) | LR: 0.000180 | Rev: 2/99999
Epoch 7526 | Cost: 0.259923 | Acc: 81.39% (Best: 83.33% @ Ep7307) | LR: 0.000180 | Rev: 3/99999
Epoch 7527 | Cost: 0.246869 | Acc: 80.56% (Best: 83.33% @ Ep7307) | LR: 0.000190 | Rev: 0/99999
Epoch 7528 | Cost: 0.260831 | Acc: 81.39% (Best: 83.33% @ Ep7307) | LR: 0.000190 | Rev: 1/99999
Epoch 7529 | Cost: 0.240794 | Acc: 81.11% (Best: 83.33% @ Ep7307) | LR: 0.000190 | Rev: 0/99999
Epoch 7530 | Cost: 0.242085 | Acc: 81.67% (Best: 83.33% @ Ep7307) | LR: 0.000190 | Rev: 1/99999
Epoch 7531 | Cost: 0.267841 | Acc: 81.39% (Best: 83.33% @ Ep7307) | LR: 0.000190 | Rev: 2/99999
Epoch 7532 | Cost: 0.244003 | Acc: 81.94% (Best: 83.33% @ Ep7307) | LR: 0.000190 | Rev: 0/99999
Epoch 7533 | Cost: 0.251998 | Acc: 81.11% (Best: 83.33% @ Ep7307) | LR: 0.000190 | Rev: 1/99999
Epoch 7534 | Cost: 0.247823 | Acc: 81.67% (Best: 83.33% @ Ep7307) | LR: 0.000190 | Rev: 0/99999
Epoch 7535 | Cost: 0.244170 | Acc: 81.94% (Best: 83.33% @ Ep7307) | LR: 0.000190 | Rev: 0/99999
Epoch 7536 | Cost: 0.235489 | Acc: 81.39% (Best: 83.33% @ Ep7307) | LR: 0.000190 | Rev: 0/99999
Epoch 7537 | Cost: 0.251675 | Acc: 81.67% (Best: 83.33% @ Ep7307) | LR: 0.000200 | Rev: 1/99999
Epoch 7538 | Cost: 0.246194 | Acc: 82.78% (Best: 83.33% @ Ep7307) | LR: 0.000200 | Rev: 0/99999
Epoch 7539 | Cost: 0.240561 | Acc: 81.94% (Best: 83.33% @ Ep7307) | LR: 0.000200 | Rev: 0/99999
Epoch 7540 | Cost: 0.244895 | Acc: 81.11% (Best: 83.33% @ Ep7307) | LR: 0.000200 | Rev: 1/99999
Epoch 7541 | Cost: 0.243809 | Acc: 81.67% (Best: 83.33% @ Ep7307) | LR: 0.000200 | Rev: 0/99999
Epoch 7542 | Cost: 0.248928 | Acc: 81.11% (Best: 83.33% @ Ep7307) | LR: 0.000200 | Rev: 1/99999
Epoch 7543 | Cost: 0.261099 | Acc: 81.11% (Best: 83.33% @ Ep7307) | LR: 0.000200 | Rev: 2/99999
Epoch 7544 | Cost: 0.265638 | Acc: 81.11% (Best: 83.33% @ Ep7307) | LR: 0.000200 | Rev: 3/99999
Epoch 7545 | Cost: 0.242254 | Acc: 82.50% (Best: 83.33% @ Ep7307) | LR: 0.000200 | Rev: 0/99999
Epoch 7546 | Cost: 0.243390 | Acc: 80.56% (Best: 83.33% @ Ep7307) | LR: 0.000200 | Rev: 1/99999
Epoch 7547 | Cost: 0.233549 | Acc: 81.67% (Best: 83.33% @ Ep7307) | LR: 0.000210 | Rev: 0/99999
Epoch 7548 | Cost: 0.252482 | Acc: 81.94% (Best: 83.33% @ Ep7307) | LR: 0.000210 | Rev: 1/99999
Epoch 7549 | Cost: 0.241613 | Acc: 81.39% (Best: 83.33% @ Ep7307) | LR: 0.000210 | Rev: 0/99999
Epoch 7550 | Cost: 0.248887 | Acc: 80.83% (Best: 83.33% @ Ep7307) | LR: 0.000210 | Rev: 1/99999
Epoch 7551 | Cost: 0.242590 | Acc: 82.50% (Best: 83.33% @ Ep7307) | LR: 0.000210 | Rev: 0/99999
Epoch 7552 | Cost: 0.258322 | Acc: 81.67% (Best: 83.33% @ Ep7307) | LR: 0.000210 | Rev: 1/99999
Epoch 7553 | Cost: 0.242249 | Acc: 81.67% (Best: 83.33% @ Ep7307) | LR: 0.000210 | Rev: 0/99999
Epoch 7554 | Cost: 0.252268 | Acc: 81.11% (Best: 83.33% @ Ep7307) | LR: 0.000210 | Rev: 1/99999
Epoch 7555 | Cost: 0.253037 | Acc: 81.11% (Best: 83.33% @ Ep7307) | LR: 0.000210 | Rev: 2/99999
Epoch 7556 | Cost: 0.238992 | Acc: 81.94% (Best: 83.33% @ Ep7307) | LR: 0.000210 | Rev: 0/99999
Epoch 7557 | Cost: 0.253365 | Acc: 81.39% (Best: 83.33% @ Ep7307) | LR: 0.000220 | Rev: 1/99999
Epoch 7558 | Cost: 0.227300 | Acc: 82.50% (Best: 83.33% @ Ep7307) | LR: 0.000220 | Rev: 0/99999
Epoch 7559 | Cost: 0.232340 | Acc: 82.50% (Best: 83.33% @ Ep7307) | LR: 0.000220 | Rev: 1/99999
Epoch 7560 | Cost: 0.245585 | Acc: 81.67% (Best: 83.33% @ Ep7307) | LR: 0.000220 | Rev: 2/99999
Epoch 7561 | Cost: 0.241623 | Acc: 82.22% (Best: 83.33% @ Ep7307) | LR: 0.000220 | Rev: 0/99999
Epoch 7562 | Cost: 0.250407 | Acc: 80.56% (Best: 83.33% @ Ep7307) | LR: 0.000220 | Rev: 1/99999
Epoch 7563 | Cost: 0.246804 | Acc: 81.67% (Best: 83.33% @ Ep7307) | LR: 0.000220 | Rev: 0/99999
Epoch 7564 | Cost: 0.232857 | Acc: 81.67% (Best: 83.33% @ Ep7307) | LR: 0.000220 | Rev: 0/99999
Epoch 7565 | Cost: 0.237557 | Acc: 81.94% (Best: 83.33% @ Ep7307) | LR: 0.000220 | Rev: 1/99999
Epoch 7566 | Cost: 0.247121 | Acc: 82.50% (Best: 83.33% @ Ep7307) | LR: 0.000220 | Rev: 2/99999
Epoch 7567 | Cost: 0.260792 | Acc: 81.94% (Best: 83.33% @ Ep7307) | LR: 0.000230 | Rev: 3/99999
Epoch 7568 | Cost: 0.248442 | Acc: 81.39% (Best: 83.33% @ Ep7307) | LR: 0.000230 | Rev: 0/99999
Epoch 7569 | Cost: 0.249779 | Acc: 81.94% (Best: 83.33% @ Ep7307) | LR: 0.000230 | Rev: 1/99999
Epoch 7570 | Cost: 0.248147 | Acc: 81.67% (Best: 83.33% @ Ep7307) | LR: 0.000230 | Rev: 0/99999
Epoch 7571 | Cost: 0.269900 | Acc: 81.94% (Best: 83.33% @ Ep7307) | LR: 0.000230 | Rev: 1/99999
Epoch 7572 | Cost: 0.257959 | Acc: 82.78% (Best: 83.33% @ Ep7307) | LR: 0.000230 | Rev: 0/99999
Epoch 7573 | Cost: 0.221255 | Acc: 81.94% (Best: 83.33% @ Ep7307) | LR: 0.000230 | Rev: 0/99999
Epoch 7574 | Cost: 0.240421 | Acc: 81.39% (Best: 83.33% @ Ep7307) | LR: 0.000230 | Rev: 1/99999
Epoch 7575 | Cost: 0.249511 | Acc: 81.11% (Best: 83.33% @ Ep7307) | LR: 0.000230 | Rev: 2/99999
Epoch 7576 | Cost: 0.249742 | Acc: 82.50% (Best: 83.33% @ Ep7307) | LR: 0.000230 | Rev: 3/99999
Epoch 7577 | Cost: 0.254054 | Acc: 82.22% (Best: 83.33% @ Ep7307) | LR: 0.000240 | Rev: 4/99999
Epoch 7578 | Cost: 0.274009 | Acc: 82.22% (Best: 83.33% @ Ep7307) | LR: 0.000240 | Rev: 5/99999
Epoch 7579 | Cost: 0.247624 | Acc: 81.39% (Best: 83.33% @ Ep7307) | LR: 0.000240 | Rev: 0/99999
Epoch 7580 | Cost: 0.261471 | Acc: 81.67% (Best: 83.33% @ Ep7307) | LR: 0.000240 | Rev: 1/99999
Epoch 7581 | Cost: 0.249425 | Acc: 81.11% (Best: 83.33% @ Ep7307) | LR: 0.000240 | Rev: 0/99999
Epoch 7582 | Cost: 0.244585 | Acc: 81.39% (Best: 83.33% @ Ep7307) | LR: 0.000240 | Rev: 0/99999
Epoch 7583 | Cost: 0.238999 | Acc: 81.39% (Best: 83.33% @ Ep7307) | LR: 0.000240 | Rev: 0/99999
Epoch 7584 | Cost: 0.266497 | Acc: 81.39% (Best: 83.33% @ Ep7307) | LR: 0.000240 | Rev: 1/99999
Epoch 7585 | Cost: 0.267422 | Acc: 82.50% (Best: 83.33% @ Ep7307) | LR: 0.000240 | Rev: 2/99999
Epoch 7586 | Cost: 0.270313 | Acc: 82.22% (Best: 83.33% @ Ep7307) | LR: 0.000240 | Rev: 3/99999
Epoch 7587 | Cost: 0.240447 | Acc: 80.83% (Best: 83.33% @ Ep7307) | LR: 0.000250 | Rev: 0/99999
Epoch 7588 | Cost: 0.258755 | Acc: 81.39% (Best: 83.33% @ Ep7307) | LR: 0.000250 | Rev: 1/99999
Epoch 7589 | Cost: 0.255152 | Acc: 80.83% (Best: 83.33% @ Ep7307) | LR: 0.000250 | Rev: 0/99999
Epoch 7590 | Cost: 0.245120 | Acc: 81.39% (Best: 83.33% @ Ep7307) | LR: 0.000250 | Rev: 0/99999
Epoch 7591 | Cost: 0.253259 | Acc: 81.39% (Best: 83.33% @ Ep7307) | LR: 0.000250 | Rev: 1/99999
Epoch 7592 | Cost: 0.254100 | Acc: 81.39% (Best: 83.33% @ Ep7307) | LR: 0.000250 | Rev: 2/99999
Epoch 7593 | Cost: 0.235892 | Acc: 82.22% (Best: 83.33% @ Ep7307) | LR: 0.000250 | Rev: 0/99999
Epoch 7594 | Cost: 0.238313 | Acc: 81.94% (Best: 83.33% @ Ep7307) | LR: 0.000250 | Rev: 1/99999
Epoch 7595 | Cost: 0.248269 | Acc: 81.94% (Best: 83.33% @ Ep7307) | LR: 0.000250 | Rev: 2/99999
Epoch 7596 | Cost: 0.247336 | Acc: 81.94% (Best: 83.33% @ Ep7307) | LR: 0.000250 | Rev: 0/99999
Epoch 7597 | Cost: 0.257303 | Acc: 82.22% (Best: 83.33% @ Ep7307) | LR: 0.000260 | Rev: 1/99999
Epoch 7598 | Cost: 0.249282 | Acc: 82.50% (Best: 83.33% @ Ep7307) | LR: 0.000260 | Rev: 0/99999
Epoch 7599 | Cost: 0.267784 | Acc: 82.22% (Best: 83.33% @ Ep7307) | LR: 0.000260 | Rev: 1/99999
Epoch 7600 | Cost: 0.246031 | Acc: 82.50% (Best: 83.33% @ Ep7307) | LR: 0.000260 | Rev: 0/99999
Epoch 7601 | Cost: 0.238023 | Acc: 82.22% (Best: 83.33% @ Ep7307) | LR: 0.000260 | Rev: 0/99999
Epoch 7602 | Cost: 0.238100 | Acc: 83.06% (Best: 83.33% @ Ep7307) | LR: 0.000260 | Rev: 1/99999
Epoch 7603 | Cost: 0.245612 | Acc: 82.78% (Best: 83.33% @ Ep7307) | LR: 0.000260 | Rev: 2/99999
Epoch 7604 | Cost: 0.260015 | Acc: 81.94% (Best: 83.33% @ Ep7307) | LR: 0.000260 | Rev: 3/99999
Epoch 7605 | Cost: 0.240314 | Acc: 81.67% (Best: 83.33% @ Ep7307) | LR: 0.000260 | Rev: 0/99999
Epoch 7606 | Cost: 0.250234 | Acc: 81.11% (Best: 83.33% @ Ep7307) | LR: 0.000260 | Rev: 1/99999
Epoch 7607 | Cost: 0.247533 | Acc: 81.39% (Best: 83.33% @ Ep7307) | LR: 0.000270 | Rev: 0/99999
Epoch 7608 | Cost: 0.243937 | Acc: 81.39% (Best: 83.33% @ Ep7307) | LR: 0.000270 | Rev: 0/99999
Epoch 7609 | Cost: 0.264411 | Acc: 81.94% (Best: 83.33% @ Ep7307) | LR: 0.000270 | Rev: 1/99999
Epoch 7610 | Cost: 0.233425 | Acc: 82.50% (Best: 83.33% @ Ep7307) | LR: 0.000270 | Rev: 0/99999
Epoch 7611 | Cost: 0.243474 | Acc: 81.39% (Best: 83.33% @ Ep7307) | LR: 0.000270 | Rev: 1/99999
Epoch 7612 | Cost: 0.258349 | Acc: 82.22% (Best: 83.33% @ Ep7307) | LR: 0.000270 | Rev: 2/99999
Epoch 7613 | Cost: 0.253664 | Acc: 81.94% (Best: 83.33% @ Ep7307) | LR: 0.000270 | Rev: 0/99999
Epoch 7614 | Cost: 0.250689 | Acc: 81.94% (Best: 83.33% @ Ep7307) | LR: 0.000270 | Rev: 0/99999
Epoch 7615 | Cost: 0.236477 | Acc: 81.39% (Best: 83.33% @ Ep7307) | LR: 0.000270 | Rev: 0/99999
Epoch 7616 | Cost: 0.238872 | Acc: 82.22% (Best: 83.33% @ Ep7307) | LR: 0.000270 | Rev: 1/99999
Epoch 7617 | Cost: 0.239014 | Acc: 81.67% (Best: 83.33% @ Ep7307) | LR: 0.000280 | Rev: 2/99999
Epoch 7618 | Cost: 0.240879 | Acc: 82.50% (Best: 83.33% @ Ep7307) | LR: 0.000280 | Rev: 3/99999
Epoch 7619 | Cost: 0.249150 | Acc: 82.22% (Best: 83.33% @ Ep7307) | LR: 0.000280 | Rev: 4/99999
Epoch 7620 | Cost: 0.251711 | Acc: 81.39% (Best: 83.33% @ Ep7307) | LR: 0.000280 | Rev: 5/99999
Epoch 7621 | Cost: 0.252905 | Acc: 80.83% (Best: 83.33% @ Ep7307) | LR: 0.000280 | Rev: 6/99999
Epoch 7622 | Cost: 0.241453 | Acc: 81.11% (Best: 83.33% @ Ep7307) | LR: 0.000280 | Rev: 0/99999
Epoch 7623 | Cost: 0.235085 | Acc: 81.94% (Best: 83.33% @ Ep7307) | LR: 0.000280 | Rev: 0/99999
Epoch 7624 | Cost: 0.249924 | Acc: 81.39% (Best: 83.33% @ Ep7307) | LR: 0.000280 | Rev: 1/99999
Epoch 7625 | Cost: 0.240667 | Acc: 81.11% (Best: 83.33% @ Ep7307) | LR: 0.000280 | Rev: 0/99999
Epoch 7626 | Cost: 0.234409 | Acc: 81.94% (Best: 83.33% @ Ep7307) | LR: 0.000280 | Rev: 0/99999
Epoch 7627 | Cost: 0.240355 | Acc: 81.11% (Best: 83.33% @ Ep7307) | LR: 0.000290 | Rev: 1/99999
Epoch 7628 | Cost: 0.245089 | Acc: 82.50% (Best: 83.33% @ Ep7307) | LR: 0.000290 | Rev: 2/99999
Epoch 7629 | Cost: 0.268763 | Acc: 81.94% (Best: 83.33% @ Ep7307) | LR: 0.000290 | Rev: 3/99999
Epoch 7630 | Cost: 0.244607 | Acc: 80.83% (Best: 83.33% @ Ep7307) | LR: 0.000290 | Rev: 0/99999
Epoch 7631 | Cost: 0.249726 | Acc: 81.67% (Best: 83.33% @ Ep7307) | LR: 0.000290 | Rev: 1/99999
Epoch 7632 | Cost: 0.240962 | Acc: 80.56% (Best: 83.33% @ Ep7307) | LR: 0.000290 | Rev: 0/99999
Epoch 7633 | Cost: 0.243326 | Acc: 80.56% (Best: 83.33% @ Ep7307) | LR: 0.000290 | Rev: 1/99999
Epoch 7634 | Cost: 0.252353 | Acc: 80.56% (Best: 83.33% @ Ep7307) | LR: 0.000290 | Rev: 2/99999
Epoch 7635 | Cost: 0.236903 | Acc: 81.39% (Best: 83.33% @ Ep7307) | LR: 0.000290 | Rev: 0/99999
Epoch 7636 | Cost: 0.250566 | Acc: 82.50% (Best: 83.33% @ Ep7307) | LR: 0.000290 | Rev: 1/99999
Epoch 7637 | Cost: 0.256158 | Acc: 81.11% (Best: 83.33% @ Ep7307) | LR: 0.000300 | Rev: 2/99999
Epoch 7638 | Cost: 0.263771 | Acc: 82.22% (Best: 83.33% @ Ep7307) | LR: 0.000300 | Rev: 3/99999
Epoch 7639 | Cost: 0.268787 | Acc: 81.94% (Best: 83.33% @ Ep7307) | LR: 0.000300 | Rev: 4/99999
Epoch 7640 | Cost: 0.252486 | Acc: 81.39% (Best: 83.33% @ Ep7307) | LR: 0.000300 | Rev: 0/99999
Epoch 7641 | Cost: 0.224500 | Acc: 81.67% (Best: 83.33% @ Ep7307) | LR: 0.000300 | Rev: 0/99999
Epoch 7642 | Cost: 0.244939 | Acc: 81.67% (Best: 83.33% @ Ep7307) | LR: 0.000300 | Rev: 1/99999
Epoch 7643 | Cost: 0.255532 | Acc: 81.39% (Best: 83.33% @ Ep7307) | LR: 0.000300 | Rev: 2/99999
Epoch 7644 | Cost: 0.255874 | Acc: 82.22% (Best: 83.33% @ Ep7307) | LR: 0.000300 | Rev: 3/99999
Epoch 7645 | Cost: 0.242853 | Acc: 81.67% (Best: 83.33% @ Ep7307) | LR: 0.000300 | Rev: 0/99999
Epoch 7646 | Cost: 0.246927 | Acc: 81.39% (Best: 83.33% @ Ep7307) | LR: 0.000300 | Rev: 1/99999
Epoch 7647 | Cost: 0.252309 | Acc: 81.39% (Best: 83.33% @ Ep7307) | LR: 0.000300 | Rev: 2/99999
Epoch 7648 | Cost: 0.239872 | Acc: 81.67% (Best: 83.33% @ Ep7307) | LR: 0.000300 | Rev: 0/99999
Epoch 7649 | Cost: 0.252470 | Acc: 82.78% (Best: 83.33% @ Ep7307) | LR: 0.000300 | Rev: 1/99999
Epoch 7650 | Cost: 0.239074 | Acc: 81.67% (Best: 83.33% @ Ep7307) | LR: 0.000300 | Rev: 0/99999
Epoch 7651 | Cost: 0.236032 | Acc: 80.83% (Best: 83.33% @ Ep7307) | LR: 0.000300 | Rev: 0/99999
Epoch 7652 | Cost: 0.260260 | Acc: 81.11% (Best: 83.33% @ Ep7307) | LR: 0.000300 | Rev: 1/99999
Epoch 7653 | Cost: 0.237885 | Acc: 80.28% (Best: 83.33% @ Ep7307) | LR: 0.000300 | Rev: 0/99999
Epoch 7654 | Cost: 0.249345 | Acc: 81.67% (Best: 83.33% @ Ep7307) | LR: 0.000300 | Rev: 1/99999
Epoch 7655 | Cost: 0.254372 | Acc: 81.11% (Best: 83.33% @ Ep7307) | LR: 0.000300 | Rev: 2/99999
Epoch 7656 | Cost: 0.248997 | Acc: 81.67% (Best: 83.33% @ Ep7307) | LR: 0.000300 | Rev: 0/99999
Epoch 7657 | Cost: 0.252167 | Acc: 81.94% (Best: 83.33% @ Ep7307) | LR: 0.000300 | Rev: 1/99999
Epoch 7658 | Cost: 0.242659 | Acc: 82.22% (Best: 83.33% @ Ep7307) | LR: 0.000300 | Rev: 0/99999
Epoch 7659 | Cost: 0.267920 | Acc: 81.11% (Best: 83.33% @ Ep7307) | LR: 0.000300 | Rev: 1/99999
Epoch 7660 | Cost: 0.240118 | Acc: 82.22% (Best: 83.33% @ Ep7307) | LR: 0.000300 | Rev: 0/99999
Epoch 7661 | Cost: 0.258617 | Acc: 81.67% (Best: 83.33% @ Ep7307) | LR: 0.000300 | Rev: 1/99999
Epoch 7662 | Cost: 0.231999 | Acc: 81.39% (Best: 83.33% @ Ep7307) | LR: 0.000300 | Rev: 0/99999
Epoch 7663 | Cost: 0.253928 | Acc: 81.94% (Best: 83.33% @ Ep7307) | LR: 0.000300 | Rev: 1/99999
Epoch 7664 | Cost: 0.254850 | Acc: 81.39% (Best: 83.33% @ Ep7307) | LR: 0.000300 | Rev: 2/99999
Epoch 7665 | Cost: 0.257697 | Acc: 80.28% (Best: 83.33% @ Ep7307) | LR: 0.000300 | Rev: 3/99999
Epoch 7666 | Cost: 0.254603 | Acc: 81.67% (Best: 83.33% @ Ep7307) | LR: 0.000300 | Rev: 0/99999
Epoch 7667 | Cost: 0.235725 | Acc: 81.94% (Best: 83.33% @ Ep7307) | LR: 0.000300 | Rev: 0/99999
Epoch 7668 | Cost: 0.244091 | Acc: 81.94% (Best: 83.33% @ Ep7307) | LR: 0.000300 | Rev: 1/99999
Epoch 7669 | Cost: 0.271874 | Acc: 82.50% (Best: 83.33% @ Ep7307) | LR: 0.000300 | Rev: 2/99999
Epoch 7670 | Cost: 0.248292 | Acc: 80.28% (Best: 83.33% @ Ep7307) | LR: 0.000300 | Rev: 0/99999
Epoch 7671 | Cost: 0.247601 | Acc: 82.22% (Best: 83.33% @ Ep7307) | LR: 0.000300 | Rev: 0/99999
Epoch 7672 | Cost: 0.264952 | Acc: 80.83% (Best: 83.33% @ Ep7307) | LR: 0.000300 | Rev: 1/99999
Epoch 7673 | Cost: 0.242027 | Acc: 80.83% (Best: 83.33% @ Ep7307) | LR: 0.000300 | Rev: 0/99999
Epoch 7674 | Cost: 0.242114 | Acc: 81.67% (Best: 83.33% @ Ep7307) | LR: 0.000300 | Rev: 1/99999
Epoch 7675 | Cost: 0.242588 | Acc: 80.28% (Best: 83.33% @ Ep7307) | LR: 0.000300 | Rev: 2/99999
Epoch 7676 | Cost: 0.237421 | Acc: 81.11% (Best: 83.33% @ Ep7307) | LR: 0.000300 | Rev: 0/99999
Epoch 7677 | Cost: 0.243046 | Acc: 81.67% (Best: 83.33% @ Ep7307) | LR: 0.000300 | Rev: 1/99999
Epoch 7678 | Cost: 0.243040 | Acc: 82.78% (Best: 83.33% @ Ep7307) | LR: 0.000300 | Rev: 0/99999
Epoch 7679 | Cost: 0.245349 | Acc: 81.67% (Best: 83.33% @ Ep7307) | LR: 0.000300 | Rev: 1/99999
Epoch 7680 | Cost: 0.238947 | Acc: 81.39% (Best: 83.33% @ Ep7307) | LR: 0.000300 | Rev: 0/99999
Epoch 7681 | Cost: 0.250363 | Acc: 80.83% (Best: 83.33% @ Ep7307) | LR: 0.000300 | Rev: 1/99999
Epoch 7682 | Cost: 0.252330 | Acc: 81.11% (Best: 83.33% @ Ep7307) | LR: 0.000300 | Rev: 2/99999
Epoch 7683 | Cost: 0.266058 | Acc: 81.94% (Best: 83.33% @ Ep7307) | LR: 0.000300 | Rev: 3/99999
Epoch 7684 | Cost: 0.254600 | Acc: 81.67% (Best: 83.33% @ Ep7307) | LR: 0.000300 | Rev: 0/99999
Epoch 7685 | Cost: 0.242472 | Acc: 82.22% (Best: 83.33% @ Ep7307) | LR: 0.000300 | Rev: 0/99999
Epoch 7686 | Cost: 0.227426 | Acc: 81.67% (Best: 83.33% @ Ep7307) | LR: 0.000300 | Rev: 0/99999
Epoch 7687 | Cost: 0.225306 | Acc: 82.78% (Best: 83.33% @ Ep7307) | LR: 0.000300 | Rev: 0/99999
Epoch 7688 | Cost: 0.243945 | Acc: 81.67% (Best: 83.33% @ Ep7307) | LR: 0.000300 | Rev: 1/99999
Epoch 7689 | Cost: 0.234621 | Acc: 81.11% (Best: 83.33% @ Ep7307) | LR: 0.000300 | Rev: 0/99999
Epoch 7690 | Cost: 0.239942 | Acc: 81.67% (Best: 83.33% @ Ep7307) | LR: 0.000300 | Rev: 1/99999
Epoch 7691 | Cost: 0.244796 | Acc: 81.94% (Best: 83.33% @ Ep7307) | LR: 0.000300 | Rev: 2/99999
Epoch 7692 | Cost: 0.266502 | Acc: 80.56% (Best: 83.33% @ Ep7307) | LR: 0.000300 | Rev: 3/99999
Epoch 7693 | Cost: 0.269187 | Acc: 80.56% (Best: 83.33% @ Ep7307) | LR: 0.000300 | Rev: 4/99999
Epoch 7694 | Cost: 0.257432 | Acc: 82.22% (Best: 83.33% @ Ep7307) | LR: 0.000300 | Rev: 0/99999
Epoch 7695 | Cost: 0.248750 | Acc: 81.11% (Best: 83.33% @ Ep7307) | LR: 0.000300 | Rev: 0/99999
Epoch 7696 | Cost: 0.240586 | Acc: 82.78% (Best: 83.33% @ Ep7307) | LR: 0.000300 | Rev: 0/99999
Epoch 7697 | Cost: 0.268220 | Acc: 82.78% (Best: 83.33% @ Ep7307) | LR: 0.000300 | Rev: 1/99999
Epoch 7698 | Cost: 0.233314 | Acc: 82.22% (Best: 83.33% @ Ep7307) | LR: 0.000300 | Rev: 0/99999
Epoch 7699 | Cost: 0.248389 | Acc: 81.94% (Best: 83.33% @ Ep7307) | LR: 0.000300 | Rev: 1/99999
Epoch 7700 | Cost: 0.245899 | Acc: 82.78% (Best: 83.33% @ Ep7307) | LR: 0.000300 | Rev: 0/99999
Epoch 7701 | Cost: 0.238045 | Acc: 81.67% (Best: 83.33% @ Ep7307) | LR: 0.000300 | Rev: 0/99999
Epoch 7702 | Cost: 0.238134 | Acc: 81.94% (Best: 83.33% @ Ep7307) | LR: 0.000300 | Rev: 1/99999
Epoch 7703 | Cost: 0.234746 | Acc: 81.67% (Best: 83.33% @ Ep7307) | LR: 0.000300 | Rev: 0/99999
Epoch 7704 | Cost: 0.239605 | Acc: 81.67% (Best: 83.33% @ Ep7307) | LR: 0.000300 | Rev: 1/99999
Epoch 7705 | Cost: 0.236875 | Acc: 81.67% (Best: 83.33% @ Ep7307) | LR: 0.000300 | Rev: 0/99999
Epoch 7706 | Cost: 0.231614 | Acc: 81.94% (Best: 83.33% @ Ep7307) | LR: 0.000300 | Rev: 0/99999
Epoch 7707 | Cost: 0.240600 | Acc: 81.39% (Best: 83.33% @ Ep7307) | LR: 0.000300 | Rev: 1/99999
Epoch 7708 | Cost: 0.245484 | Acc: 80.83% (Best: 83.33% @ Ep7307) | LR: 0.000300 | Rev: 2/99999
Epoch 7709 | Cost: 0.245149 | Acc: 81.94% (Best: 83.33% @ Ep7307) | LR: 0.000300 | Rev: 0/99999
Epoch 7710 | Cost: 0.260587 | Acc: 81.39% (Best: 83.33% @ Ep7307) | LR: 0.000300 | Rev: 1/99999
Epoch 7711 | Cost: 0.250490 | Acc: 81.94% (Best: 83.33% @ Ep7307) | LR: 0.000300 | Rev: 0/99999
Epoch 7712 | Cost: 0.251624 | Acc: 82.22% (Best: 83.33% @ Ep7307) | LR: 0.000300 | Rev: 1/99999
Epoch 7713 | Cost: 0.234179 | Acc: 81.11% (Best: 83.33% @ Ep7307) | LR: 0.000300 | Rev: 0/99999
Epoch 7714 | Cost: 0.234477 | Acc: 81.67% (Best: 83.33% @ Ep7307) | LR: 0.000300 | Rev: 1/99999
Epoch 7715 | Cost: 0.255574 | Acc: 82.78% (Best: 83.33% @ Ep7307) | LR: 0.000300 | Rev: 2/99999
Epoch 7716 | Cost: 0.232564 | Acc: 82.78% (Best: 83.33% @ Ep7307) | LR: 0.000300 | Rev: 0/99999
Epoch 7717 | Cost: 0.239557 | Acc: 82.78% (Best: 83.33% @ Ep7307) | LR: 0.000300 | Rev: 1/99999
Epoch 7718 | Cost: 0.245250 | Acc: 81.39% (Best: 83.33% @ Ep7307) | LR: 0.000300 | Rev: 2/99999
Epoch 7719 | Cost: 0.228013 | Acc: 81.67% (Best: 83.33% @ Ep7307) | LR: 0.000300 | Rev: 0/99999
Epoch 7720 | Cost: 0.226715 | Acc: 81.39% (Best: 83.33% @ Ep7307) | LR: 0.000300 | Rev: 0/99999
Epoch 7721 | Cost: 0.224986 | Acc: 81.67% (Best: 83.33% @ Ep7307) | LR: 0.000300 | Rev: 0/99999
Epoch 7722 | Cost: 0.248989 | Acc: 81.67% (Best: 83.33% @ Ep7307) | LR: 0.000300 | Rev: 1/99999
Epoch 7723 | Cost: 0.252661 | Acc: 82.50% (Best: 83.33% @ Ep7307) | LR: 0.000300 | Rev: 2/99999
Epoch 7724 | Cost: 0.236531 | Acc: 82.22% (Best: 83.33% @ Ep7307) | LR: 0.000300 | Rev: 0/99999
Epoch 7725 | Cost: 0.235533 | Acc: 82.50% (Best: 83.33% @ Ep7307) | LR: 0.000300 | Rev: 0/99999
Epoch 7726 | Cost: 0.248322 | Acc: 81.67% (Best: 83.33% @ Ep7307) | LR: 0.000300 | Rev: 1/99999
Epoch 7727 | Cost: 0.248432 | Acc: 80.83% (Best: 83.33% @ Ep7307) | LR: 0.000300 | Rev: 2/99999
Epoch 7728 | Cost: 0.254944 | Acc: 81.94% (Best: 83.33% @ Ep7307) | LR: 0.000300 | Rev: 3/99999
Epoch 7729 | Cost: 0.255879 | Acc: 81.67% (Best: 83.33% @ Ep7307) | LR: 0.000300 | Rev: 4/99999
Epoch 7730 | Cost: 0.240440 | Acc: 81.67% (Best: 83.33% @ Ep7307) | LR: 0.000300 | Rev: 0/99999
Epoch 7731 | Cost: 0.247587 | Acc: 81.67% (Best: 83.33% @ Ep7307) | LR: 0.000300 | Rev: 1/99999
Epoch 7732 | Cost: 0.235070 | Acc: 81.39% (Best: 83.33% @ Ep7307) | LR: 0.000300 | Rev: 0/99999
Epoch 7733 | Cost: 0.233969 | Acc: 81.11% (Best: 83.33% @ Ep7307) | LR: 0.000300 | Rev: 0/99999
Epoch 7734 | Cost: 0.238503 | Acc: 81.67% (Best: 83.33% @ Ep7307) | LR: 0.000300 | Rev: 1/99999
Epoch 7735 | Cost: 0.223048 | Acc: 81.94% (Best: 83.33% @ Ep7307) | LR: 0.000300 | Rev: 0/99999
Epoch 7736 | Cost: 0.250134 | Acc: 81.11% (Best: 83.33% @ Ep7307) | LR: 0.000300 | Rev: 1/99999
Epoch 7737 | Cost: 0.239320 | Acc: 81.39% (Best: 83.33% @ Ep7307) | LR: 0.000300 | Rev: 0/99999
Epoch 7738 | Cost: 0.235217 | Acc: 82.22% (Best: 83.33% @ Ep7307) | LR: 0.000300 | Rev: 0/99999
Epoch 7739 | Cost: 0.250965 | Acc: 81.11% (Best: 83.33% @ Ep7307) | LR: 0.000300 | Rev: 1/99999
Epoch 7740 | Cost: 0.251422 | Acc: 81.67% (Best: 83.33% @ Ep7307) | LR: 0.000300 | Rev: 2/99999
Epoch 7741 | Cost: 0.249922 | Acc: 81.67% (Best: 83.33% @ Ep7307) | LR: 0.000300 | Rev: 0/99999
Epoch 7742 | Cost: 0.236139 | Acc: 82.78% (Best: 83.33% @ Ep7307) | LR: 0.000300 | Rev: 0/99999
Epoch 7743 | Cost: 0.253581 | Acc: 81.67% (Best: 83.33% @ Ep7307) | LR: 0.000300 | Rev: 1/99999
Epoch 7744 | Cost: 0.253051 | Acc: 81.94% (Best: 83.33% @ Ep7307) | LR: 0.000300 | Rev: 0/99999
Epoch 7745 | Cost: 0.248567 | Acc: 81.67% (Best: 83.33% @ Ep7307) | LR: 0.000300 | Rev: 0/99999
Epoch 7746 | Cost: 0.238378 | Acc: 82.22% (Best: 83.33% @ Ep7307) | LR: 0.000300 | Rev: 0/99999
Epoch 7747 | Cost: 0.240782 | Acc: 81.11% (Best: 83.33% @ Ep7307) | LR: 0.000300 | Rev: 1/99999
Epoch 7748 | Cost: 0.230762 | Acc: 81.94% (Best: 83.33% @ Ep7307) | LR: 0.000300 | Rev: 0/99999
Epoch 7749 | Cost: 0.240990 | Acc: 81.39% (Best: 83.33% @ Ep7307) | LR: 0.000300 | Rev: 1/99999
Epoch 7750 | Cost: 0.235817 | Acc: 81.11% (Best: 83.33% @ Ep7307) | LR: 0.000300 | Rev: 0/99999
Epoch 7751 | Cost: 0.247748 | Acc: 81.39% (Best: 83.33% @ Ep7307) | LR: 0.000300 | Rev: 1/99999
Epoch 7752 | Cost: 0.236439 | Acc: 81.67% (Best: 83.33% @ Ep7307) | LR: 0.000300 | Rev: 0/99999
Epoch 7753 | Cost: 0.263809 | Acc: 82.22% (Best: 83.33% @ Ep7307) | LR: 0.000300 | Rev: 1/99999
Epoch 7754 | Cost: 0.235494 | Acc: 81.39% (Best: 83.33% @ Ep7307) | LR: 0.000300 | Rev: 0/99999
Epoch 7755 | Cost: 0.241155 | Acc: 80.83% (Best: 83.33% @ Ep7307) | LR: 0.000300 | Rev: 1/99999
Epoch 7756 | Cost: 0.230718 | Acc: 80.83% (Best: 83.33% @ Ep7307) | LR: 0.000300 | Rev: 0/99999
Epoch 7757 | Cost: 0.260721 | Acc: 81.94% (Best: 83.33% @ Ep7307) | LR: 0.000300 | Rev: 1/99999
Epoch 7758 | Cost: 0.237673 | Acc: 80.28% (Best: 83.33% @ Ep7307) | LR: 0.000300 | Rev: 0/99999
Epoch 7759 | Cost: 0.243546 | Acc: 81.94% (Best: 83.33% @ Ep7307) | LR: 0.000300 | Rev: 1/99999
Epoch 7760 | Cost: 0.221693 | Acc: 81.94% (Best: 83.33% @ Ep7307) | LR: 0.000300 | Rev: 0/99999
Epoch 7761 | Cost: 0.226748 | Acc: 82.50% (Best: 83.33% @ Ep7307) | LR: 0.000300 | Rev: 1/99999
Epoch 7762 | Cost: 0.234716 | Acc: 81.11% (Best: 83.33% @ Ep7307) | LR: 0.000300 | Rev: 2/99999
Epoch 7763 | Cost: 0.244802 | Acc: 81.67% (Best: 83.33% @ Ep7307) | LR: 0.000300 | Rev: 3/99999
Epoch 7764 | Cost: 0.238753 | Acc: 81.39% (Best: 83.33% @ Ep7307) | LR: 0.000300 | Rev: 0/99999
Epoch 7765 | Cost: 0.239652 | Acc: 80.56% (Best: 83.33% @ Ep7307) | LR: 0.000300 | Rev: 1/99999
Epoch 7766 | Cost: 0.251482 | Acc: 81.39% (Best: 83.33% @ Ep7307) | LR: 0.000300 | Rev: 2/99999
Epoch 7767 | Cost: 0.222792 | Acc: 81.94% (Best: 83.33% @ Ep7307) | LR: 0.000300 | Rev: 0/99999
Epoch 7768 | Cost: 0.234465 | Acc: 82.22% (Best: 83.33% @ Ep7307) | LR: 0.000300 | Rev: 1/99999
Epoch 7769 | Cost: 0.264365 | Acc: 83.06% (Best: 83.33% @ Ep7307) | LR: 0.000300 | Rev: 2/99999
Epoch 7770 | Cost: 0.242546 | Acc: 82.22% (Best: 83.33% @ Ep7307) | LR: 0.000300 | Rev: 0/99999
Epoch 7771 | Cost: 0.232082 | Acc: 81.11% (Best: 83.33% @ Ep7307) | LR: 0.000300 | Rev: 0/99999
Epoch 7772 | Cost: 0.230598 | Acc: 81.39% (Best: 83.33% @ Ep7307) | LR: 0.000300 | Rev: 0/99999
Epoch 7773 | Cost: 0.255471 | Acc: 81.94% (Best: 83.33% @ Ep7307) | LR: 0.000300 | Rev: 1/99999
Epoch 7774 | Cost: 0.246205 | Acc: 80.56% (Best: 83.33% @ Ep7307) | LR: 0.000300 | Rev: 0/99999
Epoch 7775 | Cost: 0.258159 | Acc: 81.94% (Best: 83.33% @ Ep7307) | LR: 0.000300 | Rev: 1/99999
Epoch 7776 | Cost: 0.239149 | Acc: 81.39% (Best: 83.33% @ Ep7307) | LR: 0.000300 | Rev: 0/99999
Epoch 7777 | Cost: 0.231215 | Acc: 81.94% (Best: 83.33% @ Ep7307) | LR: 0.000300 | Rev: 0/99999
Epoch 7778 | Cost: 0.233548 | Acc: 81.94% (Best: 83.33% @ Ep7307) | LR: 0.000300 | Rev: 1/99999
Epoch 7779 | Cost: 0.237911 | Acc: 81.11% (Best: 83.33% @ Ep7307) | LR: 0.000300 | Rev: 2/99999
Epoch 7780 | Cost: 0.241602 | Acc: 81.67% (Best: 83.33% @ Ep7307) | LR: 0.000300 | Rev: 3/99999
Epoch 7781 | Cost: 0.235824 | Acc: 80.28% (Best: 83.33% @ Ep7307) | LR: 0.000300 | Rev: 0/99999
Epoch 7782 | Cost: 0.221934 | Acc: 80.83% (Best: 83.33% @ Ep7307) | LR: 0.000300 | Rev: 0/99999
Epoch 7783 | Cost: 0.236903 | Acc: 81.67% (Best: 83.33% @ Ep7307) | LR: 0.000300 | Rev: 1/99999
Epoch 7784 | Cost: 0.245431 | Acc: 82.50% (Best: 83.33% @ Ep7307) | LR: 0.000300 | Rev: 2/99999
Epoch 7785 | Cost: 0.229169 | Acc: 81.39% (Best: 83.33% @ Ep7307) | LR: 0.000300 | Rev: 0/99999
Epoch 7786 | Cost: 0.233839 | Acc: 81.94% (Best: 83.33% @ Ep7307) | LR: 0.000300 | Rev: 1/99999
Epoch 7787 | Cost: 0.239368 | Acc: 81.39% (Best: 83.33% @ Ep7307) | LR: 0.000300 | Rev: 2/99999
Epoch 7788 | Cost: 0.240277 | Acc: 82.22% (Best: 83.33% @ Ep7307) | LR: 0.000300 | Rev: 3/99999
Epoch 7789 | Cost: 0.247621 | Acc: 81.11% (Best: 83.33% @ Ep7307) | LR: 0.000300 | Rev: 4/99999
Epoch 7790 | Cost: 0.241668 | Acc: 80.00% (Best: 83.33% @ Ep7307) | LR: 0.000300 | Rev: 0/99999
Epoch 7791 | Cost: 0.254469 | Acc: 81.11% (Best: 83.33% @ Ep7307) | LR: 0.000300 | Rev: 1/99999
Epoch 7792 | Cost: 0.232891 | Acc: 82.22% (Best: 83.33% @ Ep7307) | LR: 0.000300 | Rev: 0/99999
Epoch 7793 | Cost: 0.231716 | Acc: 82.22% (Best: 83.33% @ Ep7307) | LR: 0.000300 | Rev: 0/99999
Epoch 7794 | Cost: 0.257407 | Acc: 81.67% (Best: 83.33% @ Ep7307) | LR: 0.000300 | Rev: 1/99999
Epoch 7795 | Cost: 0.245773 | Acc: 81.39% (Best: 83.33% @ Ep7307) | LR: 0.000300 | Rev: 0/99999
Epoch 7796 | Cost: 0.228076 | Acc: 80.56% (Best: 83.33% @ Ep7307) | LR: 0.000300 | Rev: 0/99999
Epoch 7797 | Cost: 0.236818 | Acc: 81.94% (Best: 83.33% @ Ep7307) | LR: 0.000300 | Rev: 1/99999
Epoch 7798 | Cost: 0.238582 | Acc: 82.50% (Best: 83.33% @ Ep7307) | LR: 0.000300 | Rev: 2/99999
Epoch 7799 | Cost: 0.250345 | Acc: 81.11% (Best: 83.33% @ Ep7307) | LR: 0.000300 | Rev: 3/99999
Epoch 7800 | Cost: 0.239751 | Acc: 81.39% (Best: 83.33% @ Ep7307) | LR: 0.000300 | Rev: 0/99999
Epoch 7801 | Cost: 0.230318 | Acc: 81.11% (Best: 83.33% @ Ep7307) | LR: 0.000300 | Rev: 0/99999
Epoch 7802 | Cost: 0.257347 | Acc: 81.94% (Best: 83.33% @ Ep7307) | LR: 0.000300 | Rev: 1/99999
Epoch 7803 | Cost: 0.243243 | Acc: 81.94% (Best: 83.33% @ Ep7307) | LR: 0.000300 | Rev: 0/99999
Epoch 7804 | Cost: 0.242734 | Acc: 81.94% (Best: 83.33% @ Ep7307) | LR: 0.000300 | Rev: 0/99999
Epoch 7805 | Cost: 0.236547 | Acc: 81.39% (Best: 83.33% @ Ep7307) | LR: 0.000300 | Rev: 0/99999
Epoch 7806 | Cost: 0.260483 | Acc: 82.22% (Best: 83.33% @ Ep7307) | LR: 0.000300 | Rev: 1/99999
Epoch 7807 | Cost: 0.232502 | Acc: 81.39% (Best: 83.33% @ Ep7307) | LR: 0.000300 | Rev: 0/99999
Epoch 7808 | Cost: 0.239829 | Acc: 80.28% (Best: 83.33% @ Ep7307) | LR: 0.000300 | Rev: 1/99999
Epoch 7809 | Cost: 0.241498 | Acc: 81.39% (Best: 83.33% @ Ep7307) | LR: 0.000300 | Rev: 2/99999
Epoch 7810 | Cost: 0.220328 | Acc: 81.11% (Best: 83.33% @ Ep7307) | LR: 0.000300 | Rev: 0/99999
Epoch 7811 | Cost: 0.237079 | Acc: 81.11% (Best: 83.33% @ Ep7307) | LR: 0.000300 | Rev: 1/99999
Epoch 7812 | Cost: 0.224536 | Acc: 80.83% (Best: 83.33% @ Ep7307) | LR: 0.000300 | Rev: 0/99999
Epoch 7813 | Cost: 0.229637 | Acc: 81.67% (Best: 83.33% @ Ep7307) | LR: 0.000300 | Rev: 1/99999
Epoch 7814 | Cost: 0.266979 | Acc: 82.50% (Best: 83.33% @ Ep7307) | LR: 0.000300 | Rev: 2/99999
Epoch 7815 | Cost: 0.230166 | Acc: 81.39% (Best: 83.33% @ Ep7307) | LR: 0.000300 | Rev: 0/99999
Epoch 7816 | Cost: 0.239658 | Acc: 83.33% (Best: 83.33% @ Ep7307) | LR: 0.000300 | Rev: 1/99999
Epoch 7817 | Cost: 0.230093 | Acc: 81.94% (Best: 83.33% @ Ep7307) | LR: 0.000300 | Rev: 0/99999
Epoch 7818 | Cost: 0.238519 | Acc: 81.11% (Best: 83.33% @ Ep7307) | LR: 0.000300 | Rev: 1/99999
Epoch 7819 | Cost: 0.247637 | Acc: 82.22% (Best: 83.33% @ Ep7307) | LR: 0.000300 | Rev: 2/99999
Epoch 7820 | Cost: 0.234849 | Acc: 81.94% (Best: 83.33% @ Ep7307) | LR: 0.000300 | Rev: 0/99999
Epoch 7821 | Cost: 0.250573 | Acc: 81.67% (Best: 83.33% @ Ep7307) | LR: 0.000300 | Rev: 1/99999
Epoch 7822 | Cost: 0.232871 | Acc: 81.11% (Best: 83.33% @ Ep7307) | LR: 0.000300 | Rev: 0/99999
Epoch 7823 | Cost: 0.253341 | Acc: 80.83% (Best: 83.33% @ Ep7307) | LR: 0.000300 | Rev: 1/99999
Epoch 7824 | Cost: 0.251760 | Acc: 81.39% (Best: 83.33% @ Ep7307) | LR: 0.000300 | Rev: 0/99999
Epoch 7825 | Cost: 0.242450 | Acc: 82.50% (Best: 83.33% @ Ep7307) | LR: 0.000300 | Rev: 0/99999
Epoch 7826 | Cost: 0.228793 | Acc: 81.67% (Best: 83.33% @ Ep7307) | LR: 0.000300 | Rev: 0/99999
Epoch 7827 | Cost: 0.223229 | Acc: 81.11% (Best: 83.33% @ Ep7307) | LR: 0.000300 | Rev: 0/99999
Epoch 7828 | Cost: 0.257254 | Acc: 82.78% (Best: 83.33% @ Ep7307) | LR: 0.000300 | Rev: 1/99999
Epoch 7829 | Cost: 0.227540 | Acc: 82.50% (Best: 83.33% @ Ep7307) | LR: 0.000300 | Rev: 0/99999
Epoch 7830 | Cost: 0.228534 | Acc: 81.39% (Best: 83.33% @ Ep7307) | LR: 0.000300 | Rev: 1/99999
Epoch 7831 | Cost: 0.240908 | Acc: 81.67% (Best: 83.33% @ Ep7307) | LR: 0.000300 | Rev: 2/99999
Epoch 7832 | Cost: 0.230698 | Acc: 80.83% (Best: 83.33% @ Ep7307) | LR: 0.000300 | Rev: 0/99999
Epoch 7833 | Cost: 0.238200 | Acc: 80.83% (Best: 83.33% @ Ep7307) | LR: 0.000300 | Rev: 1/99999
Epoch 7834 | Cost: 0.233036 | Acc: 81.94% (Best: 83.33% @ Ep7307) | LR: 0.000300 | Rev: 0/99999
Epoch 7835 | Cost: 0.229701 | Acc: 81.39% (Best: 83.33% @ Ep7307) | LR: 0.000300 | Rev: 0/99999
Epoch 7836 | Cost: 0.225145 | Acc: 81.11% (Best: 83.33% @ Ep7307) | LR: 0.000300 | Rev: 0/99999
Epoch 7837 | Cost: 0.236080 | Acc: 81.11% (Best: 83.33% @ Ep7307) | LR: 0.000300 | Rev: 1/99999
Epoch 7838 | Cost: 0.252129 | Acc: 82.22% (Best: 83.33% @ Ep7307) | LR: 0.000300 | Rev: 2/99999
Epoch 7839 | Cost: 0.239458 | Acc: 81.94% (Best: 83.33% @ Ep7307) | LR: 0.000300 | Rev: 0/99999
Epoch 7840 | Cost: 0.226866 | Acc: 82.50% (Best: 83.33% @ Ep7307) | LR: 0.000300 | Rev: 0/99999
Epoch 7841 | Cost: 0.239119 | Acc: 81.39% (Best: 83.33% @ Ep7307) | LR: 0.000300 | Rev: 1/99999
Epoch 7842 | Cost: 0.226685 | Acc: 81.94% (Best: 83.33% @ Ep7307) | LR: 0.000300 | Rev: 0/99999
Epoch 7843 | Cost: 0.231834 | Acc: 81.39% (Best: 83.33% @ Ep7307) | LR: 0.000300 | Rev: 1/99999
Epoch 7844 | Cost: 0.231638 | Acc: 81.94% (Best: 83.33% @ Ep7307) | LR: 0.000300 | Rev: 0/99999
Epoch 7845 | Cost: 0.251981 | Acc: 81.67% (Best: 83.33% @ Ep7307) | LR: 0.000300 | Rev: 1/99999
Epoch 7846 | Cost: 0.241960 | Acc: 82.50% (Best: 83.33% @ Ep7307) | LR: 0.000300 | Rev: 0/99999
Epoch 7847 | Cost: 0.241953 | Acc: 81.94% (Best: 83.33% @ Ep7307) | LR: 0.000300 | Rev: 0/99999
Epoch 7848 | Cost: 0.253203 | Acc: 81.67% (Best: 83.33% @ Ep7307) | LR: 0.000300 | Rev: 1/99999
Epoch 7849 | Cost: 0.257426 | Acc: 82.50% (Best: 83.33% @ Ep7307) | LR: 0.000300 | Rev: 2/99999
Epoch 7850 | Cost: 0.242655 | Acc: 83.33% (Best: 83.33% @ Ep7307) | LR: 0.000300 | Rev: 0/99999
Epoch 7851 | Cost: 0.245682 | Acc: 80.56% (Best: 83.33% @ Ep7307) | LR: 0.000300 | Rev: 1/99999
Epoch 7852 | Cost: 0.246847 | Acc: 81.67% (Best: 83.33% @ Ep7307) | LR: 0.000300 | Rev: 2/99999
Epoch 7853 | Cost: 0.255910 | Acc: 81.94% (Best: 83.33% @ Ep7307) | LR: 0.000300 | Rev: 3/99999
Epoch 7854 | Cost: 0.248826 | Acc: 82.22% (Best: 83.33% @ Ep7307) | LR: 0.000300 | Rev: 0/99999
Epoch 7855 | Cost: 0.251307 | Acc: 80.83% (Best: 83.33% @ Ep7307) | LR: 0.000300 | Rev: 1/99999
Epoch 7856 | Cost: 0.242797 | Acc: 82.50% (Best: 83.33% @ Ep7307) | LR: 0.000300 | Rev: 0/99999
Epoch 7857 | Cost: 0.247598 | Acc: 81.67% (Best: 83.33% @ Ep7307) | LR: 0.000300 | Rev: 1/99999
Epoch 7858 | Cost: 0.228140 | Acc: 81.67% (Best: 83.33% @ Ep7307) | LR: 0.000300 | Rev: 0/99999
Epoch 7859 | Cost: 0.244849 | Acc: 82.22% (Best: 83.33% @ Ep7307) | LR: 0.000300 | Rev: 1/99999
Epoch 7860 | Cost: 0.242593 | Acc: 81.94% (Best: 83.33% @ Ep7307) | LR: 0.000300 | Rev: 0/99999
Epoch 7861 | Cost: 0.242042 | Acc: 81.94% (Best: 83.33% @ Ep7307) | LR: 0.000300 | Rev: 0/99999
Epoch 7862 | Cost: 0.229713 | Acc: 81.67% (Best: 83.33% @ Ep7307) | LR: 0.000300 | Rev: 0/99999
Epoch 7863 | Cost: 0.236846 | Acc: 81.39% (Best: 83.33% @ Ep7307) | LR: 0.000300 | Rev: 1/99999
Epoch 7864 | Cost: 0.256624 | Acc: 81.39% (Best: 83.33% @ Ep7307) | LR: 0.000300 | Rev: 2/99999
Epoch 7865 | Cost: 0.238218 | Acc: 80.83% (Best: 83.33% @ Ep7307) | LR: 0.000300 | Rev: 0/99999
Epoch 7866 | Cost: 0.232405 | Acc: 81.94% (Best: 83.33% @ Ep7307) | LR: 0.000300 | Rev: 0/99999
Epoch 7867 | Cost: 0.239325 | Acc: 82.22% (Best: 83.33% @ Ep7307) | LR: 0.000300 | Rev: 1/99999
Epoch 7868 | Cost: 0.233010 | Acc: 82.22% (Best: 83.33% @ Ep7307) | LR: 0.000300 | Rev: 0/99999
Epoch 7869 | Cost: 0.253153 | Acc: 81.39% (Best: 83.33% @ Ep7307) | LR: 0.000300 | Rev: 1/99999
Epoch 7870 | Cost: 0.235582 | Acc: 81.67% (Best: 83.33% @ Ep7307) | LR: 0.000300 | Rev: 0/99999
Epoch 7871 | Cost: 0.253266 | Acc: 81.67% (Best: 83.33% @ Ep7307) | LR: 0.000300 | Rev: 1/99999
Epoch 7872 | Cost: 0.258701 | Acc: 82.50% (Best: 83.33% @ Ep7307) | LR: 0.000300 | Rev: 2/99999
Epoch 7873 | Cost: 0.243929 | Acc: 81.67% (Best: 83.33% @ Ep7307) | LR: 0.000300 | Rev: 0/99999
Epoch 7874 | Cost: 0.237524 | Acc: 81.39% (Best: 83.33% @ Ep7307) | LR: 0.000300 | Rev: 0/99999
Epoch 7875 | Cost: 0.238631 | Acc: 82.22% (Best: 83.33% @ Ep7307) | LR: 0.000300 | Rev: 1/99999
Epoch 7876 | Cost: 0.246983 | Acc: 82.50% (Best: 83.33% @ Ep7307) | LR: 0.000300 | Rev: 2/99999
Epoch 7877 | Cost: 0.232917 | Acc: 81.67% (Best: 83.33% @ Ep7307) | LR: 0.000300 | Rev: 0/99999
Epoch 7878 | Cost: 0.254096 | Acc: 81.11% (Best: 83.33% @ Ep7307) | LR: 0.000300 | Rev: 1/99999
Epoch 7879 | Cost: 0.234668 | Acc: 82.22% (Best: 83.33% @ Ep7307) | LR: 0.000300 | Rev: 0/99999
Epoch 7880 | Cost: 0.239090 | Acc: 81.94% (Best: 83.33% @ Ep7307) | LR: 0.000300 | Rev: 1/99999
Epoch 7881 | Cost: 0.233118 | Acc: 82.50% (Best: 83.33% @ Ep7307) | LR: 0.000300 | Rev: 0/99999
Epoch 7882 | Cost: 0.241071 | Acc: 81.67% (Best: 83.33% @ Ep7307) | LR: 0.000300 | Rev: 1/99999
Epoch 7883 | Cost: 0.231074 | Acc: 81.94% (Best: 83.33% @ Ep7307) | LR: 0.000300 | Rev: 0/99999
Epoch 7884 | Cost: 0.236705 | Acc: 81.67% (Best: 83.33% @ Ep7307) | LR: 0.000300 | Rev: 1/99999
Epoch 7885 | Cost: 0.243304 | Acc: 81.39% (Best: 83.33% @ Ep7307) | LR: 0.000300 | Rev: 2/99999
Epoch 7886 | Cost: 0.237611 | Acc: 81.11% (Best: 83.33% @ Ep7307) | LR: 0.000300 | Rev: 0/99999
Epoch 7887 | Cost: 0.239775 | Acc: 81.67% (Best: 83.33% @ Ep7307) | LR: 0.000300 | Rev: 1/99999
Epoch 7888 | Cost: 0.252398 | Acc: 82.50% (Best: 83.33% @ Ep7307) | LR: 0.000300 | Rev: 2/99999
Epoch 7889 | Cost: 0.256886 | Acc: 81.39% (Best: 83.33% @ Ep7307) | LR: 0.000300 | Rev: 3/99999
Epoch 7890 | Cost: 0.227549 | Acc: 80.83% (Best: 83.33% @ Ep7307) | LR: 0.000300 | Rev: 0/99999
Epoch 7891 | Cost: 0.218170 | Acc: 81.11% (Best: 83.33% @ Ep7307) | LR: 0.000300 | Rev: 0/99999
Epoch 7892 | Cost: 0.241161 | Acc: 80.83% (Best: 83.33% @ Ep7307) | LR: 0.000300 | Rev: 1/99999
Epoch 7893 | Cost: 0.236245 | Acc: 82.78% (Best: 83.33% @ Ep7307) | LR: 0.000300 | Rev: 0/99999
Epoch 7894 | Cost: 0.230037 | Acc: 81.67% (Best: 83.33% @ Ep7307) | LR: 0.000300 | Rev: 0/99999
Epoch 7895 | Cost: 0.226835 | Acc: 81.94% (Best: 83.33% @ Ep7307) | LR: 0.000300 | Rev: 0/99999
Epoch 7896 | Cost: 0.235187 | Acc: 80.83% (Best: 83.33% @ Ep7307) | LR: 0.000300 | Rev: 1/99999
Epoch 7897 | Cost: 0.248974 | Acc: 82.50% (Best: 83.33% @ Ep7307) | LR: 0.000300 | Rev: 2/99999
Epoch 7898 | Cost: 0.234309 | Acc: 82.22% (Best: 83.33% @ Ep7307) | LR: 0.000300 | Rev: 0/99999
Epoch 7899 | Cost: 0.215993 | Acc: 82.22% (Best: 83.33% @ Ep7307) | LR: 0.000300 | Rev: 0/99999
Epoch 7900 | Cost: 0.232508 | Acc: 81.67% (Best: 83.33% @ Ep7307) | LR: 0.000300 | Rev: 1/99999
Epoch 7901 | Cost: 0.249214 | Acc: 82.22% (Best: 83.33% @ Ep7307) | LR: 0.000300 | Rev: 2/99999
Epoch 7902 | Cost: 0.242195 | Acc: 82.22% (Best: 83.33% @ Ep7307) | LR: 0.000300 | Rev: 0/99999
Epoch 7903 | Cost: 0.225608 | Acc: 81.94% (Best: 83.33% @ Ep7307) | LR: 0.000300 | Rev: 0/99999
Epoch 7904 | Cost: 0.247666 | Acc: 81.94% (Best: 83.33% @ Ep7307) | LR: 0.000300 | Rev: 1/99999
Epoch 7905 | Cost: 0.231602 | Acc: 80.00% (Best: 83.33% @ Ep7307) | LR: 0.000300 | Rev: 0/99999
Epoch 7906 | Cost: 0.253976 | Acc: 82.78% (Best: 83.33% @ Ep7307) | LR: 0.000300 | Rev: 1/99999
Epoch 7907 | Cost: 0.238744 | Acc: 81.11% (Best: 83.33% @ Ep7307) | LR: 0.000300 | Rev: 0/99999
Epoch 7908 | Cost: 0.246724 | Acc: 82.22% (Best: 83.33% @ Ep7307) | LR: 0.000300 | Rev: 1/99999
Epoch 7909 | Cost: 0.234246 | Acc: 81.67% (Best: 83.33% @ Ep7307) | LR: 0.000300 | Rev: 0/99999
Epoch 7910 | Cost: 0.227724 | Acc: 81.94% (Best: 83.33% @ Ep7307) | LR: 0.000300 | Rev: 0/99999
Epoch 7911 | Cost: 0.251000 | Acc: 82.50% (Best: 83.33% @ Ep7307) | LR: 0.000300 | Rev: 1/99999
Epoch 7912 | Cost: 0.248619 | Acc: 81.94% (Best: 83.33% @ Ep7307) | LR: 0.000300 | Rev: 0/99999
Epoch 7913 | Cost: 0.228184 | Acc: 82.22% (Best: 83.33% @ Ep7307) | LR: 0.000300 | Rev: 0/99999
Epoch 7914 | Cost: 0.237111 | Acc: 82.50% (Best: 83.33% @ Ep7307) | LR: 0.000300 | Rev: 1/99999
Epoch 7915 | Cost: 0.248291 | Acc: 82.50% (Best: 83.33% @ Ep7307) | LR: 0.000300 | Rev: 2/99999
Epoch 7916 | Cost: 0.243438 | Acc: 81.94% (Best: 83.33% @ Ep7307) | LR: 0.000300 | Rev: 0/99999
Epoch 7917 | Cost: 0.230653 | Acc: 82.50% (Best: 83.33% @ Ep7307) | LR: 0.000300 | Rev: 0/99999
Epoch 7918 | Cost: 0.223524 | Acc: 80.83% (Best: 83.33% @ Ep7307) | LR: 0.000300 | Rev: 0/99999
Epoch 7919 | Cost: 0.227073 | Acc: 82.22% (Best: 83.33% @ Ep7307) | LR: 0.000300 | Rev: 1/99999
Epoch 7920 | Cost: 0.242803 | Acc: 82.22% (Best: 83.33% @ Ep7307) | LR: 0.000300 | Rev: 2/99999
Epoch 7921 | Cost: 0.250377 | Acc: 81.39% (Best: 83.33% @ Ep7307) | LR: 0.000300 | Rev: 3/99999
Epoch 7922 | Cost: 0.229601 | Acc: 81.67% (Best: 83.33% @ Ep7307) | LR: 0.000300 | Rev: 0/99999
Epoch 7923 | Cost: 0.208118 | Acc: 81.94% (Best: 83.33% @ Ep7307) | LR: 0.000300 | Rev: 0/99999
Epoch 7924 | Cost: 0.235243 | Acc: 81.11% (Best: 83.33% @ Ep7307) | LR: 0.000300 | Rev: 1/99999
Epoch 7925 | Cost: 0.242715 | Acc: 81.39% (Best: 83.33% @ Ep7307) | LR: 0.000300 | Rev: 2/99999
Epoch 7926 | Cost: 0.242243 | Acc: 81.11% (Best: 83.33% @ Ep7307) | LR: 0.000300 | Rev: 0/99999
Epoch 7927 | Cost: 0.224498 | Acc: 81.11% (Best: 83.33% @ Ep7307) | LR: 0.000300 | Rev: 0/99999
Epoch 7928 | Cost: 0.229448 | Acc: 82.22% (Best: 83.33% @ Ep7307) | LR: 0.000300 | Rev: 1/99999
Epoch 7929 | Cost: 0.247300 | Acc: 82.22% (Best: 83.33% @ Ep7307) | LR: 0.000300 | Rev: 2/99999
Epoch 7930 | Cost: 0.236532 | Acc: 80.83% (Best: 83.33% @ Ep7307) | LR: 0.000300 | Rev: 0/99999
Epoch 7931 | Cost: 0.231704 | Acc: 81.94% (Best: 83.33% @ Ep7307) | LR: 0.000300 | Rev: 0/99999
Epoch 7932 | Cost: 0.224332 | Acc: 80.56% (Best: 83.33% @ Ep7307) | LR: 0.000300 | Rev: 0/99999
Epoch 7933 | Cost: 0.225173 | Acc: 81.11% (Best: 83.33% @ Ep7307) | LR: 0.000300 | Rev: 1/99999
Epoch 7934 | Cost: 0.245943 | Acc: 81.39% (Best: 83.33% @ Ep7307) | LR: 0.000300 | Rev: 2/99999
Epoch 7935 | Cost: 0.252712 | Acc: 81.94% (Best: 83.33% @ Ep7307) | LR: 0.000300 | Rev: 3/99999
Epoch 7936 | Cost: 0.228485 | Acc: 82.50% (Best: 83.33% @ Ep7307) | LR: 0.000300 | Rev: 0/99999
Epoch 7937 | Cost: 0.246266 | Acc: 81.67% (Best: 83.33% @ Ep7307) | LR: 0.000300 | Rev: 1/99999
Epoch 7938 | Cost: 0.261779 | Acc: 81.94% (Best: 83.33% @ Ep7307) | LR: 0.000300 | Rev: 2/99999
Epoch 7939 | Cost: 0.241349 | Acc: 81.67% (Best: 83.33% @ Ep7307) | LR: 0.000300 | Rev: 0/99999
Epoch 7940 | Cost: 0.241142 | Acc: 81.11% (Best: 83.33% @ Ep7307) | LR: 0.000300 | Rev: 0/99999
Epoch 7941 | Cost: 0.243866 | Acc: 80.28% (Best: 83.33% @ Ep7307) | LR: 0.000300 | Rev: 1/99999
Epoch 7942 | Cost: 0.228926 | Acc: 80.28% (Best: 83.33% @ Ep7307) | LR: 0.000300 | Rev: 0/99999
Epoch 7943 | Cost: 0.246703 | Acc: 81.94% (Best: 83.33% @ Ep7307) | LR: 0.000300 | Rev: 1/99999
Epoch 7944 | Cost: 0.225114 | Acc: 81.39% (Best: 83.33% @ Ep7307) | LR: 0.000300 | Rev: 0/99999
Epoch 7945 | Cost: 0.225323 | Acc: 81.94% (Best: 83.33% @ Ep7307) | LR: 0.000300 | Rev: 1/99999
Epoch 7946 | Cost: 0.233515 | Acc: 81.39% (Best: 83.33% @ Ep7307) | LR: 0.000300 | Rev: 2/99999
Epoch 7947 | Cost: 0.233730 | Acc: 81.94% (Best: 83.33% @ Ep7307) | LR: 0.000300 | Rev: 3/99999
Epoch 7948 | Cost: 0.217659 | Acc: 81.94% (Best: 83.33% @ Ep7307) | LR: 0.000300 | Rev: 0/99999
Epoch 7949 | Cost: 0.257372 | Acc: 81.11% (Best: 83.33% @ Ep7307) | LR: 0.000300 | Rev: 1/99999
Epoch 7950 | Cost: 0.230379 | Acc: 81.67% (Best: 83.33% @ Ep7307) | LR: 0.000300 | Rev: 0/99999
Epoch 7951 | Cost: 0.248723 | Acc: 81.67% (Best: 83.33% @ Ep7307) | LR: 0.000300 | Rev: 1/99999
Epoch 7952 | Cost: 0.251149 | Acc: 81.67% (Best: 83.33% @ Ep7307) | LR: 0.000300 | Rev: 2/99999
Epoch 7953 | Cost: 0.259650 | Acc: 81.11% (Best: 83.33% @ Ep7307) | LR: 0.000300 | Rev: 3/99999
Epoch 7954 | Cost: 0.228616 | Acc: 82.22% (Best: 83.33% @ Ep7307) | LR: 0.000300 | Rev: 0/99999
Epoch 7955 | Cost: 0.235799 | Acc: 81.11% (Best: 83.33% @ Ep7307) | LR: 0.000300 | Rev: 1/99999
Epoch 7956 | Cost: 0.237561 | Acc: 80.56% (Best: 83.33% @ Ep7307) | LR: 0.000300 | Rev: 2/99999
Epoch 7957 | Cost: 0.231625 | Acc: 80.28% (Best: 83.33% @ Ep7307) | LR: 0.000300 | Rev: 0/99999
Epoch 7958 | Cost: 0.230799 | Acc: 81.11% (Best: 83.33% @ Ep7307) | LR: 0.000300 | Rev: 0/99999
Epoch 7959 | Cost: 0.210824 | Acc: 81.67% (Best: 83.33% @ Ep7307) | LR: 0.000300 | Rev: 0/99999
Epoch 7960 | Cost: 0.223549 | Acc: 81.94% (Best: 83.33% @ Ep7307) | LR: 0.000300 | Rev: 1/99999
Epoch 7961 | Cost: 0.232264 | Acc: 81.94% (Best: 83.33% @ Ep7307) | LR: 0.000300 | Rev: 2/99999
Epoch 7962 | Cost: 0.237981 | Acc: 82.22% (Best: 83.33% @ Ep7307) | LR: 0.000300 | Rev: 3/99999
Epoch 7963 | Cost: 0.237821 | Acc: 81.94% (Best: 83.33% @ Ep7307) | LR: 0.000300 | Rev: 0/99999
Epoch 7964 | Cost: 0.212730 | Acc: 81.94% (Best: 83.33% @ Ep7307) | LR: 0.000300 | Rev: 0/99999
Epoch 7965 | Cost: 0.214791 | Acc: 80.56% (Best: 83.33% @ Ep7307) | LR: 0.000300 | Rev: 1/99999
Epoch 7966 | Cost: 0.243915 | Acc: 80.83% (Best: 83.33% @ Ep7307) | LR: 0.000300 | Rev: 2/99999
Epoch 7967 | Cost: 0.230370 | Acc: 82.50% (Best: 83.33% @ Ep7307) | LR: 0.000300 | Rev: 0/99999
Epoch 7968 | Cost: 0.227736 | Acc: 81.94% (Best: 83.33% @ Ep7307) | LR: 0.000300 | Rev: 0/99999
Epoch 7969 | Cost: 0.230500 | Acc: 81.94% (Best: 83.33% @ Ep7307) | LR: 0.000300 | Rev: 1/99999
Epoch 7970 | Cost: 0.274202 | Acc: 81.67% (Best: 83.33% @ Ep7307) | LR: 0.000300 | Rev: 2/99999
Epoch 7971 | Cost: 0.243045 | Acc: 81.39% (Best: 83.33% @ Ep7307) | LR: 0.000300 | Rev: 0/99999
Epoch 7972 | Cost: 0.223452 | Acc: 81.11% (Best: 83.33% @ Ep7307) | LR: 0.000300 | Rev: 0/99999
Epoch 7973 | Cost: 0.238950 | Acc: 81.11% (Best: 83.33% @ Ep7307) | LR: 0.000300 | Rev: 1/99999
Epoch 7974 | Cost: 0.232155 | Acc: 82.22% (Best: 83.33% @ Ep7307) | LR: 0.000300 | Rev: 0/99999
Epoch 7975 | Cost: 0.223776 | Acc: 82.22% (Best: 83.33% @ Ep7307) | LR: 0.000300 | Rev: 0/99999
Epoch 7976 | Cost: 0.218932 | Acc: 81.67% (Best: 83.33% @ Ep7307) | LR: 0.000300 | Rev: 0/99999
Epoch 7977 | Cost: 0.223835 | Acc: 81.94% (Best: 83.33% @ Ep7307) | LR: 0.000300 | Rev: 1/99999
Epoch 7978 | Cost: 0.226953 | Acc: 82.22% (Best: 83.33% @ Ep7307) | LR: 0.000300 | Rev: 2/99999
Epoch 7979 | Cost: 0.225349 | Acc: 81.11% (Best: 83.33% @ Ep7307) | LR: 0.000300 | Rev: 0/99999
Epoch 7980 | Cost: 0.225150 | Acc: 81.67% (Best: 83.33% @ Ep7307) | LR: 0.000300 | Rev: 0/99999
Epoch 7981 | Cost: 0.225984 | Acc: 82.22% (Best: 83.33% @ Ep7307) | LR: 0.000300 | Rev: 1/99999
Epoch 7982 | Cost: 0.242879 | Acc: 82.50% (Best: 83.33% @ Ep7307) | LR: 0.000300 | Rev: 2/99999
Epoch 7983 | Cost: 0.236290 | Acc: 81.11% (Best: 83.33% @ Ep7307) | LR: 0.000300 | Rev: 0/99999
Epoch 7984 | Cost: 0.231830 | Acc: 82.22% (Best: 83.33% @ Ep7307) | LR: 0.000300 | Rev: 0/99999
Epoch 7985 | Cost: 0.230619 | Acc: 81.67% (Best: 83.33% @ Ep7307) | LR: 0.000300 | Rev: 0/99999
Epoch 7986 | Cost: 0.228587 | Acc: 81.67% (Best: 83.33% @ Ep7307) | LR: 0.000300 | Rev: 0/99999
Epoch 7987 | Cost: 0.228749 | Acc: 81.39% (Best: 83.33% @ Ep7307) | LR: 0.000300 | Rev: 1/99999
Epoch 7988 | Cost: 0.221860 | Acc: 81.11% (Best: 83.33% @ Ep7307) | LR: 0.000300 | Rev: 0/99999
Epoch 7989 | Cost: 0.231489 | Acc: 82.22% (Best: 83.33% @ Ep7307) | LR: 0.000300 | Rev: 1/99999
Epoch 7990 | Cost: 0.249220 | Acc: 81.11% (Best: 83.33% @ Ep7307) | LR: 0.000300 | Rev: 2/99999
Epoch 7991 | Cost: 0.231373 | Acc: 82.50% (Best: 83.33% @ Ep7307) | LR: 0.000300 | Rev: 0/99999
Epoch 7992 | Cost: 0.243907 | Acc: 81.39% (Best: 83.33% @ Ep7307) | LR: 0.000300 | Rev: 1/99999
Epoch 7993 | Cost: 0.232691 | Acc: 82.50% (Best: 83.33% @ Ep7307) | LR: 0.000300 | Rev: 0/99999
Epoch 7994 | Cost: 0.241212 | Acc: 82.50% (Best: 83.33% @ Ep7307) | LR: 0.000300 | Rev: 1/99999
Epoch 7995 | Cost: 0.241442 | Acc: 83.06% (Best: 83.33% @ Ep7307) | LR: 0.000300 | Rev: 2/99999
Epoch 7996 | Cost: 0.231369 | Acc: 81.39% (Best: 83.33% @ Ep7307) | LR: 0.000300 | Rev: 0/99999
Epoch 7997 | Cost: 0.246732 | Acc: 83.89% (Best: 83.89% @ Ep7997) | LR: 0.000010 | Rev: 1/99999
Epoch 7998 | Cost: 0.228821 | Acc: 83.61% (Best: 83.89% @ Ep7997) | LR: 0.000010 | Rev: 0/99999
Epoch 7999 | Cost: 0.220092 | Acc: 83.06% (Best: 83.89% @ Ep7997) | LR: 0.000010 | Rev: 0/99999
Epoch 8000 | Cost: 0.230803 | Acc: 83.06% (Best: 83.89% @ Ep7997) | LR: 0.000010 | Rev: 1/99999
Epoch 8001 | Cost: 0.212131 | Acc: 83.06% (Best: 83.89% @ Ep7997) | LR: 0.000010 | Rev: 0/99999
Epoch 8002 | Cost: 0.242842 | Acc: 82.78% (Best: 83.89% @ Ep7997) | LR: 0.000010 | Rev: 1/99999
Epoch 8003 | Cost: 0.211337 | Acc: 82.78% (Best: 83.89% @ Ep7997) | LR: 0.000010 | Rev: 0/99999
Epoch 8004 | Cost: 0.205566 | Acc: 82.78% (Best: 83.89% @ Ep7997) | LR: 0.000010 | Rev: 0/99999
Epoch 8005 | Cost: 0.229371 | Acc: 82.78% (Best: 83.89% @ Ep7997) | LR: 0.000010 | Rev: 1/99999
Epoch 8006 | Cost: 0.216946 | Acc: 82.78% (Best: 83.89% @ Ep7997) | LR: 0.000010 | Rev: 0/99999
Epoch 8007 | Cost: 0.231408 | Acc: 82.78% (Best: 83.89% @ Ep7997) | LR: 0.000010 | Rev: 1/99999
Epoch 8008 | Cost: 0.222197 | Acc: 82.78% (Best: 83.89% @ Ep7997) | LR: 0.000010 | Rev: 0/99999
Epoch 8009 | Cost: 0.223546 | Acc: 82.78% (Best: 83.89% @ Ep7997) | LR: 0.000010 | Rev: 1/99999
Epoch 8010 | Cost: 0.210745 | Acc: 82.78% (Best: 83.89% @ Ep7997) | LR: 0.000010 | Rev: 0/99999
Epoch 8011 | Cost: 0.215170 | Acc: 82.78% (Best: 83.89% @ Ep7997) | LR: 0.000010 | Rev: 1/99999
Epoch 8012 | Cost: 0.201148 | Acc: 82.78% (Best: 83.89% @ Ep7997) | LR: 0.000010 | Rev: 0/99999
Epoch 8013 | Cost: 0.226578 | Acc: 82.78% (Best: 83.89% @ Ep7997) | LR: 0.000010 | Rev: 1/99999
Epoch 8014 | Cost: 0.222513 | Acc: 82.78% (Best: 83.89% @ Ep7997) | LR: 0.000010 | Rev: 0/99999
Epoch 8015 | Cost: 0.225267 | Acc: 82.78% (Best: 83.89% @ Ep7997) | LR: 0.000010 | Rev: 1/99999
Epoch 8016 | Cost: 0.226985 | Acc: 82.78% (Best: 83.89% @ Ep7997) | LR: 0.000010 | Rev: 2/99999
Epoch 8017 | Cost: 0.229863 | Acc: 82.78% (Best: 83.89% @ Ep7997) | LR: 0.000010 | Rev: 3/99999
Epoch 8018 | Cost: 0.217483 | Acc: 82.78% (Best: 83.89% @ Ep7997) | LR: 0.000010 | Rev: 0/99999
Epoch 8019 | Cost: 0.224249 | Acc: 82.78% (Best: 83.89% @ Ep7997) | LR: 0.000010 | Rev: 1/99999
Epoch 8020 | Cost: 0.221255 | Acc: 82.78% (Best: 83.89% @ Ep7997) | LR: 0.000010 | Rev: 0/99999
Epoch 8021 | Cost: 0.226469 | Acc: 82.78% (Best: 83.89% @ Ep7997) | LR: 0.000010 | Rev: 1/99999
Epoch 8022 | Cost: 0.221567 | Acc: 82.78% (Best: 83.89% @ Ep7997) | LR: 0.000010 | Rev: 0/99999
Epoch 8023 | Cost: 0.216849 | Acc: 82.78% (Best: 83.89% @ Ep7997) | LR: 0.000010 | Rev: 0/99999
Epoch 8024 | Cost: 0.215177 | Acc: 82.78% (Best: 83.89% @ Ep7997) | LR: 0.000010 | Rev: 0/99999
Epoch 8025 | Cost: 0.227666 | Acc: 82.50% (Best: 83.89% @ Ep7997) | LR: 0.000010 | Rev: 1/99999
Epoch 8026 | Cost: 0.222789 | Acc: 82.50% (Best: 83.89% @ Ep7997) | LR: 0.000010 | Rev: 0/99999
Epoch 8027 | Cost: 0.230459 | Acc: 82.50% (Best: 83.89% @ Ep7997) | LR: 0.000010 | Rev: 1/99999
Epoch 8028 | Cost: 0.212933 | Acc: 82.50% (Best: 83.89% @ Ep7997) | LR: 0.000010 | Rev: 0/99999
Epoch 8029 | Cost: 0.219776 | Acc: 82.50% (Best: 83.89% @ Ep7997) | LR: 0.000010 | Rev: 1/99999
Epoch 8030 | Cost: 0.205563 | Acc: 82.50% (Best: 83.89% @ Ep7997) | LR: 0.000010 | Rev: 0/99999
Epoch 8031 | Cost: 0.223779 | Acc: 82.50% (Best: 83.89% @ Ep7997) | LR: 0.000010 | Rev: 1/99999
Epoch 8032 | Cost: 0.217713 | Acc: 82.50% (Best: 83.89% @ Ep7997) | LR: 0.000010 | Rev: 0/99999
Epoch 8033 | Cost: 0.220064 | Acc: 82.50% (Best: 83.89% @ Ep7997) | LR: 0.000010 | Rev: 1/99999
Epoch 8034 | Cost: 0.232557 | Acc: 82.50% (Best: 83.89% @ Ep7997) | LR: 0.000010 | Rev: 2/99999
Epoch 8035 | Cost: 0.217893 | Acc: 82.50% (Best: 83.89% @ Ep7997) | LR: 0.000010 | Rev: 0/99999
Epoch 8036 | Cost: 0.210330 | Acc: 82.50% (Best: 83.89% @ Ep7997) | LR: 0.000010 | Rev: 0/99999
Epoch 8037 | Cost: 0.216452 | Acc: 82.50% (Best: 83.89% @ Ep7997) | LR: 0.000010 | Rev: 1/99999
Epoch 8038 | Cost: 0.208934 | Acc: 82.50% (Best: 83.89% @ Ep7997) | LR: 0.000010 | Rev: 0/99999
Epoch 8039 | Cost: 0.230151 | Acc: 82.50% (Best: 83.89% @ Ep7997) | LR: 0.000010 | Rev: 1/99999
Epoch 8040 | Cost: 0.229025 | Acc: 82.50% (Best: 83.89% @ Ep7997) | LR: 0.000010 | Rev: 0/99999
Epoch 8041 | Cost: 0.223979 | Acc: 82.50% (Best: 83.89% @ Ep7997) | LR: 0.000010 | Rev: 0/99999
Epoch 8042 | Cost: 0.211489 | Acc: 82.50% (Best: 83.89% @ Ep7997) | LR: 0.000010 | Rev: 0/99999
Epoch 8043 | Cost: 0.204681 | Acc: 82.50% (Best: 83.89% @ Ep7997) | LR: 0.000010 | Rev: 0/99999
Epoch 8044 | Cost: 0.212537 | Acc: 82.50% (Best: 83.89% @ Ep7997) | LR: 0.000010 | Rev: 1/99999
Epoch 8045 | Cost: 0.218705 | Acc: 82.50% (Best: 83.89% @ Ep7997) | LR: 0.000010 | Rev: 2/99999
Epoch 8046 | Cost: 0.220763 | Acc: 82.50% (Best: 83.89% @ Ep7997) | LR: 0.000010 | Rev: 3/99999
Epoch 8047 | Cost: 0.201201 | Acc: 82.50% (Best: 83.89% @ Ep7997) | LR: 0.000020 | Rev: 0/99999
Epoch 8048 | Cost: 0.208381 | Acc: 82.50% (Best: 83.89% @ Ep7997) | LR: 0.000020 | Rev: 1/99999
Epoch 8049 | Cost: 0.237038 | Acc: 82.50% (Best: 83.89% @ Ep7997) | LR: 0.000020 | Rev: 2/99999
Epoch 8050 | Cost: 0.233679 | Acc: 81.94% (Best: 83.89% @ Ep7997) | LR: 0.000020 | Rev: 0/99999
Epoch 8051 | Cost: 0.242398 | Acc: 82.22% (Best: 83.89% @ Ep7997) | LR: 0.000020 | Rev: 1/99999
Epoch 8052 | Cost: 0.196574 | Acc: 82.22% (Best: 83.89% @ Ep7997) | LR: 0.000020 | Rev: 0/99999
Epoch 8053 | Cost: 0.235117 | Acc: 82.22% (Best: 83.89% @ Ep7997) | LR: 0.000020 | Rev: 1/99999
Epoch 8054 | Cost: 0.230779 | Acc: 81.94% (Best: 83.89% @ Ep7997) | LR: 0.000020 | Rev: 0/99999
Epoch 8055 | Cost: 0.230671 | Acc: 81.94% (Best: 83.89% @ Ep7997) | LR: 0.000020 | Rev: 0/99999
Epoch 8056 | Cost: 0.223495 | Acc: 81.94% (Best: 83.89% @ Ep7997) | LR: 0.000020 | Rev: 0/99999
Epoch 8057 | Cost: 0.234150 | Acc: 82.22% (Best: 83.89% @ Ep7997) | LR: 0.000030 | Rev: 1/99999
Epoch 8058 | Cost: 0.218960 | Acc: 82.22% (Best: 83.89% @ Ep7997) | LR: 0.000030 | Rev: 0/99999
Epoch 8059 | Cost: 0.227140 | Acc: 82.22% (Best: 83.89% @ Ep7997) | LR: 0.000030 | Rev: 1/99999
Epoch 8060 | Cost: 0.223146 | Acc: 82.50% (Best: 83.89% @ Ep7997) | LR: 0.000030 | Rev: 0/99999
Epoch 8061 | Cost: 0.216027 | Acc: 82.50% (Best: 83.89% @ Ep7997) | LR: 0.000030 | Rev: 0/99999
Epoch 8062 | Cost: 0.211809 | Acc: 82.22% (Best: 83.89% @ Ep7997) | LR: 0.000030 | Rev: 0/99999
Epoch 8063 | Cost: 0.213039 | Acc: 81.67% (Best: 83.89% @ Ep7997) | LR: 0.000030 | Rev: 1/99999
Epoch 8064 | Cost: 0.219010 | Acc: 81.94% (Best: 83.89% @ Ep7997) | LR: 0.000030 | Rev: 2/99999
Epoch 8065 | Cost: 0.224286 | Acc: 82.22% (Best: 83.89% @ Ep7997) | LR: 0.000030 | Rev: 3/99999
Epoch 8066 | Cost: 0.211644 | Acc: 82.22% (Best: 83.89% @ Ep7997) | LR: 0.000030 | Rev: 0/99999
Epoch 8067 | Cost: 0.198243 | Acc: 82.50% (Best: 83.89% @ Ep7997) | LR: 0.000040 | Rev: 0/99999
Epoch 8068 | Cost: 0.223587 | Acc: 82.22% (Best: 83.89% @ Ep7997) | LR: 0.000040 | Rev: 1/99999
Epoch 8069 | Cost: 0.211769 | Acc: 81.94% (Best: 83.89% @ Ep7997) | LR: 0.000040 | Rev: 0/99999
Epoch 8070 | Cost: 0.217999 | Acc: 82.22% (Best: 83.89% @ Ep7997) | LR: 0.000040 | Rev: 1/99999
Epoch 8071 | Cost: 0.225718 | Acc: 81.94% (Best: 83.89% @ Ep7997) | LR: 0.000040 | Rev: 2/99999
Epoch 8072 | Cost: 0.204290 | Acc: 81.67% (Best: 83.89% @ Ep7997) | LR: 0.000040 | Rev: 0/99999
Epoch 8073 | Cost: 0.227447 | Acc: 81.67% (Best: 83.89% @ Ep7997) | LR: 0.000040 | Rev: 1/99999
Epoch 8074 | Cost: 0.207923 | Acc: 81.94% (Best: 83.89% @ Ep7997) | LR: 0.000040 | Rev: 0/99999
Epoch 8075 | Cost: 0.214724 | Acc: 82.22% (Best: 83.89% @ Ep7997) | LR: 0.000040 | Rev: 1/99999
Epoch 8076 | Cost: 0.223165 | Acc: 81.94% (Best: 83.89% @ Ep7997) | LR: 0.000040 | Rev: 2/99999
Epoch 8077 | Cost: 0.205895 | Acc: 82.50% (Best: 83.89% @ Ep7997) | LR: 0.000050 | Rev: 0/99999
Epoch 8078 | Cost: 0.219445 | Acc: 82.22% (Best: 83.89% @ Ep7997) | LR: 0.000050 | Rev: 1/99999
Epoch 8079 | Cost: 0.225913 | Acc: 82.22% (Best: 83.89% @ Ep7997) | LR: 0.000050 | Rev: 2/99999
Epoch 8080 | Cost: 0.211591 | Acc: 81.94% (Best: 83.89% @ Ep7997) | LR: 0.000050 | Rev: 0/99999
Epoch 8081 | Cost: 0.220538 | Acc: 81.94% (Best: 83.89% @ Ep7997) | LR: 0.000050 | Rev: 1/99999
Epoch 8082 | Cost: 0.227710 | Acc: 82.22% (Best: 83.89% @ Ep7997) | LR: 0.000050 | Rev: 2/99999
Epoch 8083 | Cost: 0.200879 | Acc: 82.22% (Best: 83.89% @ Ep7997) | LR: 0.000050 | Rev: 0/99999
Epoch 8084 | Cost: 0.213178 | Acc: 82.22% (Best: 83.89% @ Ep7997) | LR: 0.000050 | Rev: 1/99999
Epoch 8085 | Cost: 0.211683 | Acc: 82.22% (Best: 83.89% @ Ep7997) | LR: 0.000050 | Rev: 0/99999
Epoch 8086 | Cost: 0.212426 | Acc: 82.22% (Best: 83.89% @ Ep7997) | LR: 0.000050 | Rev: 1/99999
Epoch 8087 | Cost: 0.220879 | Acc: 82.22% (Best: 83.89% @ Ep7997) | LR: 0.000060 | Rev: 2/99999
Epoch 8088 | Cost: 0.230242 | Acc: 82.50% (Best: 83.89% @ Ep7997) | LR: 0.000060 | Rev: 3/99999
Epoch 8089 | Cost: 0.206114 | Acc: 81.94% (Best: 83.89% @ Ep7997) | LR: 0.000060 | Rev: 0/99999
Epoch 8090 | Cost: 0.208927 | Acc: 82.22% (Best: 83.89% @ Ep7997) | LR: 0.000060 | Rev: 1/99999
Epoch 8091 | Cost: 0.232346 | Acc: 82.50% (Best: 83.89% @ Ep7997) | LR: 0.000060 | Rev: 2/99999
Epoch 8092 | Cost: 0.215809 | Acc: 82.78% (Best: 83.89% @ Ep7997) | LR: 0.000060 | Rev: 0/99999
Epoch 8093 | Cost: 0.225199 | Acc: 82.50% (Best: 83.89% @ Ep7997) | LR: 0.000060 | Rev: 1/99999
Epoch 8094 | Cost: 0.213287 | Acc: 82.22% (Best: 83.89% @ Ep7997) | LR: 0.000060 | Rev: 0/99999
Epoch 8095 | Cost: 0.218958 | Acc: 81.94% (Best: 83.89% @ Ep7997) | LR: 0.000060 | Rev: 1/99999
Epoch 8096 | Cost: 0.230482 | Acc: 81.94% (Best: 83.89% @ Ep7997) | LR: 0.000060 | Rev: 2/99999
Epoch 8097 | Cost: 0.223758 | Acc: 81.39% (Best: 83.89% @ Ep7997) | LR: 0.000070 | Rev: 0/99999
Epoch 8098 | Cost: 0.226274 | Acc: 81.11% (Best: 83.89% @ Ep7997) | LR: 0.000070 | Rev: 1/99999
Epoch 8099 | Cost: 0.227175 | Acc: 81.94% (Best: 83.89% @ Ep7997) | LR: 0.000070 | Rev: 2/99999
Epoch 8100 | Cost: 0.242996 | Acc: 81.94% (Best: 83.89% @ Ep7997) | LR: 0.000070 | Rev: 3/99999
Epoch 8101 | Cost: 0.231481 | Acc: 81.94% (Best: 83.89% @ Ep7997) | LR: 0.000070 | Rev: 0/99999
Epoch 8102 | Cost: 0.232237 | Acc: 81.39% (Best: 83.89% @ Ep7997) | LR: 0.000070 | Rev: 1/99999
Epoch 8103 | Cost: 0.220410 | Acc: 81.39% (Best: 83.89% @ Ep7997) | LR: 0.000070 | Rev: 0/99999
Epoch 8104 | Cost: 0.225083 | Acc: 81.94% (Best: 83.89% @ Ep7997) | LR: 0.000070 | Rev: 1/99999
Epoch 8105 | Cost: 0.217280 | Acc: 81.39% (Best: 83.89% @ Ep7997) | LR: 0.000070 | Rev: 0/99999
Epoch 8106 | Cost: 0.216009 | Acc: 81.39% (Best: 83.89% @ Ep7997) | LR: 0.000070 | Rev: 0/99999
Epoch 8107 | Cost: 0.226270 | Acc: 81.11% (Best: 83.89% @ Ep7997) | LR: 0.000080 | Rev: 1/99999
Epoch 8108 | Cost: 0.213460 | Acc: 81.67% (Best: 83.89% @ Ep7997) | LR: 0.000080 | Rev: 0/99999
Epoch 8109 | Cost: 0.228162 | Acc: 81.39% (Best: 83.89% @ Ep7997) | LR: 0.000080 | Rev: 1/99999
Epoch 8110 | Cost: 0.213575 | Acc: 81.11% (Best: 83.89% @ Ep7997) | LR: 0.000080 | Rev: 0/99999
Epoch 8111 | Cost: 0.213140 | Acc: 81.11% (Best: 83.89% @ Ep7997) | LR: 0.000080 | Rev: 0/99999
Epoch 8112 | Cost: 0.231051 | Acc: 81.11% (Best: 83.89% @ Ep7997) | LR: 0.000080 | Rev: 1/99999
Epoch 8113 | Cost: 0.209513 | Acc: 81.11% (Best: 83.89% @ Ep7997) | LR: 0.000080 | Rev: 0/99999
Epoch 8114 | Cost: 0.202944 | Acc: 81.11% (Best: 83.89% @ Ep7997) | LR: 0.000080 | Rev: 0/99999
Epoch 8115 | Cost: 0.211542 | Acc: 81.39% (Best: 83.89% @ Ep7997) | LR: 0.000080 | Rev: 1/99999
Epoch 8116 | Cost: 0.221466 | Acc: 81.39% (Best: 83.89% @ Ep7997) | LR: 0.000080 | Rev: 2/99999
Epoch 8117 | Cost: 0.217604 | Acc: 81.94% (Best: 83.89% @ Ep7997) | LR: 0.000090 | Rev: 0/99999
Epoch 8118 | Cost: 0.208838 | Acc: 81.94% (Best: 83.89% @ Ep7997) | LR: 0.000090 | Rev: 0/99999
Epoch 8119 | Cost: 0.230873 | Acc: 82.50% (Best: 83.89% @ Ep7997) | LR: 0.000090 | Rev: 1/99999
Epoch 8120 | Cost: 0.232339 | Acc: 83.06% (Best: 83.89% @ Ep7997) | LR: 0.000090 | Rev: 2/99999
Epoch 8121 | Cost: 0.209177 | Acc: 82.78% (Best: 83.89% @ Ep7997) | LR: 0.000090 | Rev: 0/99999
Epoch 8122 | Cost: 0.222497 | Acc: 82.50% (Best: 83.89% @ Ep7997) | LR: 0.000090 | Rev: 1/99999
Epoch 8123 | Cost: 0.211007 | Acc: 81.94% (Best: 83.89% @ Ep7997) | LR: 0.000090 | Rev: 0/99999
Epoch 8124 | Cost: 0.218027 | Acc: 81.67% (Best: 83.89% @ Ep7997) | LR: 0.000090 | Rev: 1/99999
Epoch 8125 | Cost: 0.202873 | Acc: 81.67% (Best: 83.89% @ Ep7997) | LR: 0.000090 | Rev: 0/99999
Epoch 8126 | Cost: 0.231689 | Acc: 81.67% (Best: 83.89% @ Ep7997) | LR: 0.000090 | Rev: 1/99999
Epoch 8127 | Cost: 0.218783 | Acc: 82.50% (Best: 83.89% @ Ep7997) | LR: 0.000100 | Rev: 0/99999
Epoch 8128 | Cost: 0.202296 | Acc: 81.67% (Best: 83.89% @ Ep7997) | LR: 0.000100 | Rev: 0/99999
Epoch 8129 | Cost: 0.223619 | Acc: 81.94% (Best: 83.89% @ Ep7997) | LR: 0.000100 | Rev: 1/99999
Epoch 8130 | Cost: 0.211410 | Acc: 81.67% (Best: 83.89% @ Ep7997) | LR: 0.000100 | Rev: 0/99999
Epoch 8131 | Cost: 0.234504 | Acc: 81.94% (Best: 83.89% @ Ep7997) | LR: 0.000100 | Rev: 1/99999
Epoch 8132 | Cost: 0.244467 | Acc: 81.94% (Best: 83.89% @ Ep7997) | LR: 0.000100 | Rev: 2/99999
Epoch 8133 | Cost: 0.216146 | Acc: 81.94% (Best: 83.89% @ Ep7997) | LR: 0.000100 | Rev: 0/99999
Epoch 8134 | Cost: 0.216869 | Acc: 82.22% (Best: 83.89% @ Ep7997) | LR: 0.000100 | Rev: 1/99999
Epoch 8135 | Cost: 0.215168 | Acc: 81.39% (Best: 83.89% @ Ep7997) | LR: 0.000100 | Rev: 0/99999
Epoch 8136 | Cost: 0.209506 | Acc: 80.83% (Best: 83.89% @ Ep7997) | LR: 0.000100 | Rev: 0/99999
Epoch 8137 | Cost: 0.231366 | Acc: 81.39% (Best: 83.89% @ Ep7997) | LR: 0.000110 | Rev: 1/99999
Epoch 8138 | Cost: 0.228179 | Acc: 81.39% (Best: 83.89% @ Ep7997) | LR: 0.000110 | Rev: 0/99999
Epoch 8139 | Cost: 0.224877 | Acc: 81.67% (Best: 83.89% @ Ep7997) | LR: 0.000110 | Rev: 0/99999
Epoch 8140 | Cost: 0.219222 | Acc: 81.94% (Best: 83.89% @ Ep7997) | LR: 0.000110 | Rev: 0/99999
Epoch 8141 | Cost: 0.220780 | Acc: 80.83% (Best: 83.89% @ Ep7997) | LR: 0.000110 | Rev: 1/99999
Epoch 8142 | Cost: 0.242639 | Acc: 81.94% (Best: 83.89% @ Ep7997) | LR: 0.000110 | Rev: 2/99999
Epoch 8143 | Cost: 0.223497 | Acc: 81.39% (Best: 83.89% @ Ep7997) | LR: 0.000110 | Rev: 0/99999
Epoch 8144 | Cost: 0.215772 | Acc: 81.94% (Best: 83.89% @ Ep7997) | LR: 0.000110 | Rev: 0/99999
Epoch 8145 | Cost: 0.226350 | Acc: 81.94% (Best: 83.89% @ Ep7997) | LR: 0.000110 | Rev: 1/99999
Epoch 8146 | Cost: 0.227523 | Acc: 81.94% (Best: 83.89% @ Ep7997) | LR: 0.000110 | Rev: 2/99999
Epoch 8147 | Cost: 0.225851 | Acc: 81.11% (Best: 83.89% @ Ep7997) | LR: 0.000120 | Rev: 0/99999
Epoch 8148 | Cost: 0.232513 | Acc: 81.67% (Best: 83.89% @ Ep7997) | LR: 0.000120 | Rev: 1/99999
Epoch 8149 | Cost: 0.230808 | Acc: 81.94% (Best: 83.89% @ Ep7997) | LR: 0.000120 | Rev: 0/99999
Epoch 8150 | Cost: 0.221810 | Acc: 81.11% (Best: 83.89% @ Ep7997) | LR: 0.000120 | Rev: 0/99999
Epoch 8151 | Cost: 0.215259 | Acc: 81.39% (Best: 83.89% @ Ep7997) | LR: 0.000120 | Rev: 0/99999
Epoch 8152 | Cost: 0.218115 | Acc: 81.11% (Best: 83.89% @ Ep7997) | LR: 0.000120 | Rev: 1/99999
Epoch 8153 | Cost: 0.221625 | Acc: 81.11% (Best: 83.89% @ Ep7997) | LR: 0.000120 | Rev: 2/99999
Epoch 8154 | Cost: 0.211386 | Acc: 82.78% (Best: 83.89% @ Ep7997) | LR: 0.000120 | Rev: 0/99999
Epoch 8155 | Cost: 0.216718 | Acc: 81.94% (Best: 83.89% @ Ep7997) | LR: 0.000120 | Rev: 1/99999
Epoch 8156 | Cost: 0.206693 | Acc: 82.22% (Best: 83.89% @ Ep7997) | LR: 0.000120 | Rev: 0/99999
Epoch 8157 | Cost: 0.222608 | Acc: 81.94% (Best: 83.89% @ Ep7997) | LR: 0.000130 | Rev: 1/99999
Epoch 8158 | Cost: 0.216420 | Acc: 81.39% (Best: 83.89% @ Ep7997) | LR: 0.000130 | Rev: 0/99999
Epoch 8159 | Cost: 0.221788 | Acc: 81.67% (Best: 83.89% @ Ep7997) | LR: 0.000130 | Rev: 1/99999
Epoch 8160 | Cost: 0.225097 | Acc: 82.50% (Best: 83.89% @ Ep7997) | LR: 0.000130 | Rev: 2/99999
Epoch 8161 | Cost: 0.224569 | Acc: 82.50% (Best: 83.89% @ Ep7997) | LR: 0.000130 | Rev: 0/99999
Epoch 8162 | Cost: 0.222356 | Acc: 82.22% (Best: 83.89% @ Ep7997) | LR: 0.000130 | Rev: 0/99999
Epoch 8163 | Cost: 0.216914 | Acc: 82.22% (Best: 83.89% @ Ep7997) | LR: 0.000130 | Rev: 0/99999
Epoch 8164 | Cost: 0.219391 | Acc: 81.67% (Best: 83.89% @ Ep7997) | LR: 0.000130 | Rev: 1/99999
Epoch 8165 | Cost: 0.230773 | Acc: 82.22% (Best: 83.89% @ Ep7997) | LR: 0.000130 | Rev: 2/99999
Epoch 8166 | Cost: 0.218834 | Acc: 82.50% (Best: 83.89% @ Ep7997) | LR: 0.000130 | Rev: 0/99999
Epoch 8167 | Cost: 0.213606 | Acc: 82.22% (Best: 83.89% @ Ep7997) | LR: 0.000140 | Rev: 0/99999
Epoch 8168 | Cost: 0.219745 | Acc: 82.50% (Best: 83.89% @ Ep7997) | LR: 0.000140 | Rev: 1/99999
Epoch 8169 | Cost: 0.234231 | Acc: 82.22% (Best: 83.89% @ Ep7997) | LR: 0.000140 | Rev: 2/99999
Epoch 8170 | Cost: 0.229745 | Acc: 82.50% (Best: 83.89% @ Ep7997) | LR: 0.000140 | Rev: 0/99999
Epoch 8171 | Cost: 0.225872 | Acc: 82.50% (Best: 83.89% @ Ep7997) | LR: 0.000140 | Rev: 0/99999
Epoch 8172 | Cost: 0.216232 | Acc: 82.22% (Best: 83.89% @ Ep7997) | LR: 0.000140 | Rev: 0/99999
Epoch 8173 | Cost: 0.218922 | Acc: 82.22% (Best: 83.89% @ Ep7997) | LR: 0.000140 | Rev: 1/99999
Epoch 8174 | Cost: 0.237321 | Acc: 82.22% (Best: 83.89% @ Ep7997) | LR: 0.000140 | Rev: 2/99999
Epoch 8175 | Cost: 0.250648 | Acc: 81.39% (Best: 83.89% @ Ep7997) | LR: 0.000140 | Rev: 3/99999
Epoch 8176 | Cost: 0.219590 | Acc: 82.22% (Best: 83.89% @ Ep7997) | LR: 0.000140 | Rev: 0/99999
Epoch 8177 | Cost: 0.237823 | Acc: 81.94% (Best: 83.89% @ Ep7997) | LR: 0.000150 | Rev: 1/99999
Epoch 8178 | Cost: 0.225506 | Acc: 81.94% (Best: 83.89% @ Ep7997) | LR: 0.000150 | Rev: 0/99999
Epoch 8179 | Cost: 0.226802 | Acc: 82.22% (Best: 83.89% @ Ep7997) | LR: 0.000150 | Rev: 1/99999
Epoch 8180 | Cost: 0.227933 | Acc: 81.94% (Best: 83.89% @ Ep7997) | LR: 0.000150 | Rev: 2/99999
Epoch 8181 | Cost: 0.229770 | Acc: 82.22% (Best: 83.89% @ Ep7997) | LR: 0.000150 | Rev: 3/99999
Epoch 8182 | Cost: 0.227916 | Acc: 82.50% (Best: 83.89% @ Ep7997) | LR: 0.000150 | Rev: 0/99999
Epoch 8183 | Cost: 0.237795 | Acc: 82.22% (Best: 83.89% @ Ep7997) | LR: 0.000150 | Rev: 1/99999
Epoch 8184 | Cost: 0.234703 | Acc: 82.50% (Best: 83.89% @ Ep7997) | LR: 0.000150 | Rev: 0/99999
Epoch 8185 | Cost: 0.208180 | Acc: 81.94% (Best: 83.89% @ Ep7997) | LR: 0.000150 | Rev: 0/99999
Epoch 8186 | Cost: 0.217150 | Acc: 82.22% (Best: 83.89% @ Ep7997) | LR: 0.000150 | Rev: 1/99999
Epoch 8187 | Cost: 0.224894 | Acc: 81.39% (Best: 83.89% @ Ep7997) | LR: 0.000160 | Rev: 2/99999
Epoch 8188 | Cost: 0.207903 | Acc: 81.39% (Best: 83.89% @ Ep7997) | LR: 0.000160 | Rev: 0/99999
Epoch 8189 | Cost: 0.223231 | Acc: 82.22% (Best: 83.89% @ Ep7997) | LR: 0.000160 | Rev: 1/99999
Epoch 8190 | Cost: 0.222017 | Acc: 81.39% (Best: 83.89% @ Ep7997) | LR: 0.000160 | Rev: 0/99999
Epoch 8191 | Cost: 0.225396 | Acc: 81.67% (Best: 83.89% @ Ep7997) | LR: 0.000160 | Rev: 1/99999
Epoch 8192 | Cost: 0.213443 | Acc: 81.67% (Best: 83.89% @ Ep7997) | LR: 0.000160 | Rev: 0/99999
Epoch 8193 | Cost: 0.226115 | Acc: 82.22% (Best: 83.89% @ Ep7997) | LR: 0.000160 | Rev: 1/99999
Epoch 8194 | Cost: 0.213564 | Acc: 82.22% (Best: 83.89% @ Ep7997) | LR: 0.000160 | Rev: 0/99999
Epoch 8195 | Cost: 0.217059 | Acc: 81.39% (Best: 83.89% @ Ep7997) | LR: 0.000160 | Rev: 1/99999
Epoch 8196 | Cost: 0.227674 | Acc: 81.67% (Best: 83.89% @ Ep7997) | LR: 0.000160 | Rev: 2/99999
Epoch 8197 | Cost: 0.209982 | Acc: 81.94% (Best: 83.89% @ Ep7997) | LR: 0.000170 | Rev: 0/99999
Epoch 8198 | Cost: 0.231830 | Acc: 82.78% (Best: 83.89% @ Ep7997) | LR: 0.000170 | Rev: 1/99999
Epoch 8199 | Cost: 0.223553 | Acc: 81.67% (Best: 83.89% @ Ep7997) | LR: 0.000170 | Rev: 0/99999
Epoch 8200 | Cost: 0.230288 | Acc: 81.94% (Best: 83.89% @ Ep7997) | LR: 0.000170 | Rev: 1/99999
Epoch 8201 | Cost: 0.223259 | Acc: 83.06% (Best: 83.89% @ Ep7997) | LR: 0.000170 | Rev: 0/99999
Epoch 8202 | Cost: 0.240261 | Acc: 81.11% (Best: 83.89% @ Ep7997) | LR: 0.000170 | Rev: 1/99999
Epoch 8203 | Cost: 0.235260 | Acc: 81.39% (Best: 83.89% @ Ep7997) | LR: 0.000170 | Rev: 0/99999
Epoch 8204 | Cost: 0.244052 | Acc: 81.94% (Best: 83.89% @ Ep7997) | LR: 0.000170 | Rev: 1/99999
Epoch 8205 | Cost: 0.228230 | Acc: 81.94% (Best: 83.89% @ Ep7997) | LR: 0.000170 | Rev: 0/99999
Epoch 8206 | Cost: 0.213889 | Acc: 81.39% (Best: 83.89% @ Ep7997) | LR: 0.000170 | Rev: 0/99999
Epoch 8207 | Cost: 0.206168 | Acc: 81.11% (Best: 83.89% @ Ep7997) | LR: 0.000180 | Rev: 0/99999
Epoch 8208 | Cost: 0.233068 | Acc: 81.67% (Best: 83.89% @ Ep7997) | LR: 0.000180 | Rev: 1/99999
Epoch 8209 | Cost: 0.220913 | Acc: 81.11% (Best: 83.89% @ Ep7997) | LR: 0.000180 | Rev: 0/99999
Epoch 8210 | Cost: 0.219609 | Acc: 81.67% (Best: 83.89% @ Ep7997) | LR: 0.000180 | Rev: 0/99999
Epoch 8211 | Cost: 0.218072 | Acc: 81.11% (Best: 83.89% @ Ep7997) | LR: 0.000180 | Rev: 0/99999
Epoch 8212 | Cost: 0.221853 | Acc: 81.39% (Best: 83.89% @ Ep7997) | LR: 0.000180 | Rev: 1/99999
Epoch 8213 | Cost: 0.218857 | Acc: 81.67% (Best: 83.89% @ Ep7997) | LR: 0.000180 | Rev: 0/99999
Epoch 8214 | Cost: 0.223156 | Acc: 81.94% (Best: 83.89% @ Ep7997) | LR: 0.000180 | Rev: 1/99999
Epoch 8215 | Cost: 0.219667 | Acc: 81.94% (Best: 83.89% @ Ep7997) | LR: 0.000180 | Rev: 0/99999
Epoch 8216 | Cost: 0.229520 | Acc: 81.11% (Best: 83.89% @ Ep7997) | LR: 0.000180 | Rev: 1/99999
Epoch 8217 | Cost: 0.240877 | Acc: 81.39% (Best: 83.89% @ Ep7997) | LR: 0.000190 | Rev: 2/99999
Epoch 8218 | Cost: 0.245770 | Acc: 81.11% (Best: 83.89% @ Ep7997) | LR: 0.000190 | Rev: 3/99999
Epoch 8219 | Cost: 0.222536 | Acc: 81.39% (Best: 83.89% @ Ep7997) | LR: 0.000190 | Rev: 0/99999
Epoch 8220 | Cost: 0.223656 | Acc: 81.67% (Best: 83.89% @ Ep7997) | LR: 0.000190 | Rev: 1/99999
Epoch 8221 | Cost: 0.223709 | Acc: 80.83% (Best: 83.89% @ Ep7997) | LR: 0.000190 | Rev: 2/99999
Epoch 8222 | Cost: 0.231080 | Acc: 81.67% (Best: 83.89% @ Ep7997) | LR: 0.000190 | Rev: 3/99999
Epoch 8223 | Cost: 0.217588 | Acc: 81.11% (Best: 83.89% @ Ep7997) | LR: 0.000190 | Rev: 0/99999
Epoch 8224 | Cost: 0.232308 | Acc: 81.94% (Best: 83.89% @ Ep7997) | LR: 0.000190 | Rev: 1/99999
Epoch 8225 | Cost: 0.220328 | Acc: 81.94% (Best: 83.89% @ Ep7997) | LR: 0.000190 | Rev: 0/99999
Epoch 8226 | Cost: 0.225720 | Acc: 82.22% (Best: 83.89% @ Ep7997) | LR: 0.000190 | Rev: 1/99999
Epoch 8227 | Cost: 0.206956 | Acc: 81.94% (Best: 83.89% @ Ep7997) | LR: 0.000200 | Rev: 0/99999
Epoch 8228 | Cost: 0.232223 | Acc: 81.39% (Best: 83.89% @ Ep7997) | LR: 0.000200 | Rev: 1/99999
Epoch 8229 | Cost: 0.213148 | Acc: 82.22% (Best: 83.89% @ Ep7997) | LR: 0.000200 | Rev: 0/99999
Epoch 8230 | Cost: 0.236652 | Acc: 81.67% (Best: 83.89% @ Ep7997) | LR: 0.000200 | Rev: 1/99999
Epoch 8231 | Cost: 0.216852 | Acc: 81.67% (Best: 83.89% @ Ep7997) | LR: 0.000200 | Rev: 0/99999
Epoch 8232 | Cost: 0.214246 | Acc: 81.11% (Best: 83.89% @ Ep7997) | LR: 0.000200 | Rev: 0/99999
Epoch 8233 | Cost: 0.219973 | Acc: 81.94% (Best: 83.89% @ Ep7997) | LR: 0.000200 | Rev: 1/99999
Epoch 8234 | Cost: 0.228413 | Acc: 81.94% (Best: 83.89% @ Ep7997) | LR: 0.000200 | Rev: 2/99999
Epoch 8235 | Cost: 0.228335 | Acc: 81.67% (Best: 83.89% @ Ep7997) | LR: 0.000200 | Rev: 0/99999
Epoch 8236 | Cost: 0.217846 | Acc: 82.22% (Best: 83.89% @ Ep7997) | LR: 0.000200 | Rev: 0/99999
Epoch 8237 | Cost: 0.230556 | Acc: 82.22% (Best: 83.89% @ Ep7997) | LR: 0.000210 | Rev: 1/99999
Epoch 8238 | Cost: 0.238180 | Acc: 81.67% (Best: 83.89% @ Ep7997) | LR: 0.000210 | Rev: 2/99999
Epoch 8239 | Cost: 0.232255 | Acc: 82.50% (Best: 83.89% @ Ep7997) | LR: 0.000210 | Rev: 0/99999
Epoch 8240 | Cost: 0.217001 | Acc: 81.94% (Best: 83.89% @ Ep7997) | LR: 0.000210 | Rev: 0/99999
Epoch 8241 | Cost: 0.218996 | Acc: 82.50% (Best: 83.89% @ Ep7997) | LR: 0.000210 | Rev: 1/99999
Epoch 8242 | Cost: 0.231381 | Acc: 81.39% (Best: 83.89% @ Ep7997) | LR: 0.000210 | Rev: 2/99999
Epoch 8243 | Cost: 0.238476 | Acc: 81.67% (Best: 83.89% @ Ep7997) | LR: 0.000210 | Rev: 3/99999
Epoch 8244 | Cost: 0.219480 | Acc: 81.39% (Best: 83.89% @ Ep7997) | LR: 0.000210 | Rev: 0/99999
Epoch 8245 | Cost: 0.236065 | Acc: 81.67% (Best: 83.89% @ Ep7997) | LR: 0.000210 | Rev: 1/99999
Epoch 8246 | Cost: 0.220567 | Acc: 80.83% (Best: 83.89% @ Ep7997) | LR: 0.000210 | Rev: 0/99999
Epoch 8247 | Cost: 0.223295 | Acc: 81.67% (Best: 83.89% @ Ep7997) | LR: 0.000220 | Rev: 1/99999
Epoch 8248 | Cost: 0.216885 | Acc: 81.39% (Best: 83.89% @ Ep7997) | LR: 0.000220 | Rev: 0/99999
Epoch 8249 | Cost: 0.230481 | Acc: 82.22% (Best: 83.89% @ Ep7997) | LR: 0.000220 | Rev: 1/99999
Epoch 8250 | Cost: 0.240920 | Acc: 81.39% (Best: 83.89% @ Ep7997) | LR: 0.000220 | Rev: 2/99999
Epoch 8251 | Cost: 0.229912 | Acc: 81.11% (Best: 83.89% @ Ep7997) | LR: 0.000220 | Rev: 0/99999
Epoch 8252 | Cost: 0.225634 | Acc: 82.22% (Best: 83.89% @ Ep7997) | LR: 0.000220 | Rev: 0/99999
Epoch 8253 | Cost: 0.243993 | Acc: 81.94% (Best: 83.89% @ Ep7997) | LR: 0.000220 | Rev: 1/99999
Epoch 8254 | Cost: 0.235750 | Acc: 82.22% (Best: 83.89% @ Ep7997) | LR: 0.000220 | Rev: 0/99999
Epoch 8255 | Cost: 0.228802 | Acc: 81.67% (Best: 83.89% @ Ep7997) | LR: 0.000220 | Rev: 0/99999
Epoch 8256 | Cost: 0.214323 | Acc: 81.94% (Best: 83.89% @ Ep7997) | LR: 0.000220 | Rev: 0/99999
Epoch 8257 | Cost: 0.221985 | Acc: 81.94% (Best: 83.89% @ Ep7997) | LR: 0.000230 | Rev: 1/99999
Epoch 8258 | Cost: 0.232654 | Acc: 81.39% (Best: 83.89% @ Ep7997) | LR: 0.000230 | Rev: 2/99999
Epoch 8259 | Cost: 0.233826 | Acc: 83.06% (Best: 83.89% @ Ep7997) | LR: 0.000230 | Rev: 3/99999
Epoch 8260 | Cost: 0.222079 | Acc: 82.50% (Best: 83.89% @ Ep7997) | LR: 0.000230 | Rev: 0/99999
Epoch 8261 | Cost: 0.237415 | Acc: 81.94% (Best: 83.89% @ Ep7997) | LR: 0.000230 | Rev: 1/99999
Epoch 8262 | Cost: 0.233996 | Acc: 82.50% (Best: 83.89% @ Ep7997) | LR: 0.000230 | Rev: 0/99999
Epoch 8263 | Cost: 0.223151 | Acc: 81.67% (Best: 83.89% @ Ep7997) | LR: 0.000230 | Rev: 0/99999
Epoch 8264 | Cost: 0.230204 | Acc: 81.94% (Best: 83.89% @ Ep7997) | LR: 0.000230 | Rev: 1/99999
Epoch 8265 | Cost: 0.244088 | Acc: 81.94% (Best: 83.89% @ Ep7997) | LR: 0.000230 | Rev: 2/99999
Epoch 8266 | Cost: 0.225372 | Acc: 82.50% (Best: 83.89% @ Ep7997) | LR: 0.000230 | Rev: 0/99999
Epoch 8267 | Cost: 0.236004 | Acc: 82.50% (Best: 83.89% @ Ep7997) | LR: 0.000240 | Rev: 1/99999
Epoch 8268 | Cost: 0.232670 | Acc: 81.94% (Best: 83.89% @ Ep7997) | LR: 0.000240 | Rev: 0/99999
Epoch 8269 | Cost: 0.209227 | Acc: 82.50% (Best: 83.89% @ Ep7997) | LR: 0.000240 | Rev: 0/99999
Epoch 8270 | Cost: 0.227076 | Acc: 82.50% (Best: 83.89% @ Ep7997) | LR: 0.000240 | Rev: 1/99999
Epoch 8271 | Cost: 0.217622 | Acc: 82.78% (Best: 83.89% @ Ep7997) | LR: 0.000240 | Rev: 0/99999
Epoch 8272 | Cost: 0.224658 | Acc: 81.94% (Best: 83.89% @ Ep7997) | LR: 0.000240 | Rev: 1/99999
Epoch 8273 | Cost: 0.232406 | Acc: 82.50% (Best: 83.89% @ Ep7997) | LR: 0.000240 | Rev: 2/99999
Epoch 8274 | Cost: 0.212458 | Acc: 81.94% (Best: 83.89% @ Ep7997) | LR: 0.000240 | Rev: 0/99999
Epoch 8275 | Cost: 0.239961 | Acc: 81.94% (Best: 83.89% @ Ep7997) | LR: 0.000240 | Rev: 1/99999
Epoch 8276 | Cost: 0.230129 | Acc: 82.78% (Best: 83.89% @ Ep7997) | LR: 0.000240 | Rev: 0/99999
Epoch 8277 | Cost: 0.225282 | Acc: 82.22% (Best: 83.89% @ Ep7997) | LR: 0.000250 | Rev: 0/99999
Epoch 8278 | Cost: 0.224531 | Acc: 81.94% (Best: 83.89% @ Ep7997) | LR: 0.000250 | Rev: 0/99999
Epoch 8279 | Cost: 0.229535 | Acc: 81.39% (Best: 83.89% @ Ep7997) | LR: 0.000250 | Rev: 1/99999
Epoch 8280 | Cost: 0.223960 | Acc: 82.22% (Best: 83.89% @ Ep7997) | LR: 0.000250 | Rev: 0/99999
Epoch 8281 | Cost: 0.232015 | Acc: 81.94% (Best: 83.89% @ Ep7997) | LR: 0.000250 | Rev: 1/99999
Epoch 8282 | Cost: 0.226125 | Acc: 81.11% (Best: 83.89% @ Ep7997) | LR: 0.000250 | Rev: 0/99999
Epoch 8283 | Cost: 0.228562 | Acc: 82.22% (Best: 83.89% @ Ep7997) | LR: 0.000250 | Rev: 1/99999
Epoch 8284 | Cost: 0.228066 | Acc: 82.50% (Best: 83.89% @ Ep7997) | LR: 0.000250 | Rev: 0/99999
Epoch 8285 | Cost: 0.245606 | Acc: 82.22% (Best: 83.89% @ Ep7997) | LR: 0.000250 | Rev: 1/99999
Epoch 8286 | Cost: 0.216473 | Acc: 82.50% (Best: 83.89% @ Ep7997) | LR: 0.000250 | Rev: 0/99999
Epoch 8287 | Cost: 0.264204 | Acc: 82.50% (Best: 83.89% @ Ep7997) | LR: 0.000260 | Rev: 1/99999
Epoch 8288 | Cost: 0.218532 | Acc: 83.06% (Best: 83.89% @ Ep7997) | LR: 0.000260 | Rev: 0/99999
Epoch 8289 | Cost: 0.234091 | Acc: 81.67% (Best: 83.89% @ Ep7997) | LR: 0.000260 | Rev: 1/99999
Epoch 8290 | Cost: 0.217824 | Acc: 82.50% (Best: 83.89% @ Ep7997) | LR: 0.000260 | Rev: 0/99999
Epoch 8291 | Cost: 0.215257 | Acc: 81.67% (Best: 83.89% @ Ep7997) | LR: 0.000260 | Rev: 0/99999
Epoch 8292 | Cost: 0.213400 | Acc: 81.94% (Best: 83.89% @ Ep7997) | LR: 0.000260 | Rev: 0/99999
Epoch 8293 | Cost: 0.231127 | Acc: 82.78% (Best: 83.89% @ Ep7997) | LR: 0.000260 | Rev: 1/99999
Epoch 8294 | Cost: 0.223898 | Acc: 82.50% (Best: 83.89% @ Ep7997) | LR: 0.000260 | Rev: 0/99999
Epoch 8295 | Cost: 0.258426 | Acc: 82.50% (Best: 83.89% @ Ep7997) | LR: 0.000260 | Rev: 1/99999
Epoch 8296 | Cost: 0.228488 | Acc: 82.50% (Best: 83.89% @ Ep7997) | LR: 0.000260 | Rev: 0/99999
Epoch 8297 | Cost: 0.241419 | Acc: 81.67% (Best: 83.89% @ Ep7997) | LR: 0.000270 | Rev: 1/99999
Epoch 8298 | Cost: 0.221605 | Acc: 82.22% (Best: 83.89% @ Ep7997) | LR: 0.000270 | Rev: 0/99999
Epoch 8299 | Cost: 0.244175 | Acc: 81.94% (Best: 83.89% @ Ep7997) | LR: 0.000270 | Rev: 1/99999
Epoch 8300 | Cost: 0.225173 | Acc: 81.11% (Best: 83.89% @ Ep7997) | LR: 0.000270 | Rev: 0/99999
Epoch 8301 | Cost: 0.230418 | Acc: 82.22% (Best: 83.89% @ Ep7997) | LR: 0.000270 | Rev: 1/99999
Epoch 8302 | Cost: 0.241521 | Acc: 81.39% (Best: 83.89% @ Ep7997) | LR: 0.000270 | Rev: 2/99999
Epoch 8303 | Cost: 0.248424 | Acc: 82.22% (Best: 83.89% @ Ep7997) | LR: 0.000270 | Rev: 3/99999
Epoch 8304 | Cost: 0.226933 | Acc: 81.67% (Best: 83.89% @ Ep7997) | LR: 0.000270 | Rev: 0/99999
Epoch 8305 | Cost: 0.226961 | Acc: 82.78% (Best: 83.89% @ Ep7997) | LR: 0.000270 | Rev: 1/99999
Epoch 8306 | Cost: 0.234221 | Acc: 81.94% (Best: 83.89% @ Ep7997) | LR: 0.000270 | Rev: 2/99999
Epoch 8307 | Cost: 0.236360 | Acc: 81.67% (Best: 83.89% @ Ep7997) | LR: 0.000280 | Rev: 3/99999
Epoch 8308 | Cost: 0.222585 | Acc: 82.50% (Best: 83.89% @ Ep7997) | LR: 0.000280 | Rev: 0/99999
Epoch 8309 | Cost: 0.238613 | Acc: 81.11% (Best: 83.89% @ Ep7997) | LR: 0.000280 | Rev: 1/99999
Epoch 8310 | Cost: 0.231671 | Acc: 81.94% (Best: 83.89% @ Ep7997) | LR: 0.000280 | Rev: 0/99999
Epoch 8311 | Cost: 0.227250 | Acc: 80.00% (Best: 83.89% @ Ep7997) | LR: 0.000280 | Rev: 0/99999
Epoch 8312 | Cost: 0.224630 | Acc: 80.56% (Best: 83.89% @ Ep7997) | LR: 0.000280 | Rev: 0/99999
Epoch 8313 | Cost: 0.220070 | Acc: 81.67% (Best: 83.89% @ Ep7997) | LR: 0.000280 | Rev: 0/99999
Epoch 8314 | Cost: 0.218579 | Acc: 82.50% (Best: 83.89% @ Ep7997) | LR: 0.000280 | Rev: 0/99999
Epoch 8315 | Cost: 0.213925 | Acc: 82.22% (Best: 83.89% @ Ep7997) | LR: 0.000280 | Rev: 0/99999
Epoch 8316 | Cost: 0.217706 | Acc: 82.50% (Best: 83.89% @ Ep7997) | LR: 0.000280 | Rev: 1/99999
Epoch 8317 | Cost: 0.213042 | Acc: 81.94% (Best: 83.89% @ Ep7997) | LR: 0.000290 | Rev: 0/99999
Epoch 8318 | Cost: 0.227215 | Acc: 81.67% (Best: 83.89% @ Ep7997) | LR: 0.000290 | Rev: 1/99999
Epoch 8319 | Cost: 0.232908 | Acc: 82.78% (Best: 83.89% @ Ep7997) | LR: 0.000290 | Rev: 2/99999
Epoch 8320 | Cost: 0.224664 | Acc: 81.39% (Best: 83.89% @ Ep7997) | LR: 0.000290 | Rev: 0/99999
Epoch 8321 | Cost: 0.230161 | Acc: 82.22% (Best: 83.89% @ Ep7997) | LR: 0.000290 | Rev: 1/99999
Epoch 8322 | Cost: 0.223641 | Acc: 82.22% (Best: 83.89% @ Ep7997) | LR: 0.000290 | Rev: 0/99999
Epoch 8323 | Cost: 0.233052 | Acc: 82.78% (Best: 83.89% @ Ep7997) | LR: 0.000290 | Rev: 1/99999
Epoch 8324 | Cost: 0.236513 | Acc: 81.39% (Best: 83.89% @ Ep7997) | LR: 0.000290 | Rev: 2/99999
Epoch 8325 | Cost: 0.241433 | Acc: 82.22% (Best: 83.89% @ Ep7997) | LR: 0.000290 | Rev: 3/99999
Epoch 8326 | Cost: 0.211611 | Acc: 81.67% (Best: 83.89% @ Ep7997) | LR: 0.000290 | Rev: 0/99999
Epoch 8327 | Cost: 0.235073 | Acc: 81.39% (Best: 83.89% @ Ep7997) | LR: 0.000300 | Rev: 1/99999
Epoch 8328 | Cost: 0.233111 | Acc: 81.11% (Best: 83.89% @ Ep7997) | LR: 0.000300 | Rev: 0/99999
Epoch 8329 | Cost: 0.242648 | Acc: 81.67% (Best: 83.89% @ Ep7997) | LR: 0.000300 | Rev: 1/99999
Epoch 8330 | Cost: 0.224893 | Acc: 81.39% (Best: 83.89% @ Ep7997) | LR: 0.000300 | Rev: 0/99999
Epoch 8331 | Cost: 0.232314 | Acc: 82.78% (Best: 83.89% @ Ep7997) | LR: 0.000300 | Rev: 1/99999
Epoch 8332 | Cost: 0.211533 | Acc: 81.67% (Best: 83.89% @ Ep7997) | LR: 0.000300 | Rev: 0/99999
Epoch 8333 | Cost: 0.226699 | Acc: 81.94% (Best: 83.89% @ Ep7997) | LR: 0.000300 | Rev: 1/99999
Epoch 8334 | Cost: 0.211266 | Acc: 81.67% (Best: 83.89% @ Ep7997) | LR: 0.000300 | Rev: 0/99999
Epoch 8335 | Cost: 0.231466 | Acc: 82.50% (Best: 83.89% @ Ep7997) | LR: 0.000300 | Rev: 1/99999
Epoch 8336 | Cost: 0.234417 | Acc: 80.83% (Best: 83.89% @ Ep7997) | LR: 0.000300 | Rev: 2/99999
Epoch 8337 | Cost: 0.230060 | Acc: 81.39% (Best: 83.89% @ Ep7997) | LR: 0.000300 | Rev: 0/99999
Epoch 8338 | Cost: 0.238156 | Acc: 82.78% (Best: 83.89% @ Ep7997) | LR: 0.000300 | Rev: 1/99999
Epoch 8339 | Cost: 0.233813 | Acc: 81.67% (Best: 83.89% @ Ep7997) | LR: 0.000300 | Rev: 0/99999
Epoch 8340 | Cost: 0.220043 | Acc: 82.22% (Best: 83.89% @ Ep7997) | LR: 0.000300 | Rev: 0/99999
Epoch 8341 | Cost: 0.238273 | Acc: 82.78% (Best: 83.89% @ Ep7997) | LR: 0.000300 | Rev: 1/99999
Epoch 8342 | Cost: 0.243564 | Acc: 82.50% (Best: 83.89% @ Ep7997) | LR: 0.000300 | Rev: 2/99999
Epoch 8343 | Cost: 0.221130 | Acc: 81.39% (Best: 83.89% @ Ep7997) | LR: 0.000300 | Rev: 0/99999
Epoch 8344 | Cost: 0.231804 | Acc: 81.67% (Best: 83.89% @ Ep7997) | LR: 0.000300 | Rev: 1/99999
Epoch 8345 | Cost: 0.227484 | Acc: 81.94% (Best: 83.89% @ Ep7997) | LR: 0.000300 | Rev: 0/99999
Epoch 8346 | Cost: 0.227339 | Acc: 82.50% (Best: 83.89% @ Ep7997) | LR: 0.000300 | Rev: 0/99999
Epoch 8347 | Cost: 0.221086 | Acc: 81.11% (Best: 83.89% @ Ep7997) | LR: 0.000300 | Rev: 0/99999
Epoch 8348 | Cost: 0.243743 | Acc: 81.94% (Best: 83.89% @ Ep7997) | LR: 0.000300 | Rev: 1/99999
Epoch 8349 | Cost: 0.229754 | Acc: 81.94% (Best: 83.89% @ Ep7997) | LR: 0.000300 | Rev: 0/99999
Epoch 8350 | Cost: 0.237092 | Acc: 81.67% (Best: 83.89% @ Ep7997) | LR: 0.000300 | Rev: 1/99999
Epoch 8351 | Cost: 0.218304 | Acc: 81.39% (Best: 83.89% @ Ep7997) | LR: 0.000300 | Rev: 0/99999
Epoch 8352 | Cost: 0.234501 | Acc: 81.67% (Best: 83.89% @ Ep7997) | LR: 0.000300 | Rev: 1/99999
Epoch 8353 | Cost: 0.236820 | Acc: 81.39% (Best: 83.89% @ Ep7997) | LR: 0.000300 | Rev: 2/99999
Epoch 8354 | Cost: 0.223289 | Acc: 81.67% (Best: 83.89% @ Ep7997) | LR: 0.000300 | Rev: 0/99999
Epoch 8355 | Cost: 0.211571 | Acc: 81.39% (Best: 83.89% @ Ep7997) | LR: 0.000300 | Rev: 0/99999
Epoch 8356 | Cost: 0.216705 | Acc: 81.39% (Best: 83.89% @ Ep7997) | LR: 0.000300 | Rev: 1/99999
Epoch 8357 | Cost: 0.206578 | Acc: 80.83% (Best: 83.89% @ Ep7997) | LR: 0.000300 | Rev: 0/99999
Epoch 8358 | Cost: 0.236709 | Acc: 81.94% (Best: 83.89% @ Ep7997) | LR: 0.000300 | Rev: 1/99999
Epoch 8359 | Cost: 0.240023 | Acc: 82.22% (Best: 83.89% @ Ep7997) | LR: 0.000300 | Rev: 2/99999
Epoch 8360 | Cost: 0.232463 | Acc: 80.83% (Best: 83.89% @ Ep7997) | LR: 0.000300 | Rev: 0/99999
Epoch 8361 | Cost: 0.238335 | Acc: 82.22% (Best: 83.89% @ Ep7997) | LR: 0.000300 | Rev: 1/99999
Epoch 8362 | Cost: 0.234968 | Acc: 81.67% (Best: 83.89% @ Ep7997) | LR: 0.000300 | Rev: 0/99999
Epoch 8363 | Cost: 0.224655 | Acc: 81.39% (Best: 83.89% @ Ep7997) | LR: 0.000300 | Rev: 0/99999
Epoch 8364 | Cost: 0.208028 | Acc: 81.39% (Best: 83.89% @ Ep7997) | LR: 0.000300 | Rev: 0/99999
Epoch 8365 | Cost: 0.226398 | Acc: 81.11% (Best: 83.89% @ Ep7997) | LR: 0.000300 | Rev: 1/99999
Epoch 8366 | Cost: 0.215830 | Acc: 81.94% (Best: 83.89% @ Ep7997) | LR: 0.000300 | Rev: 0/99999
Epoch 8367 | Cost: 0.235750 | Acc: 81.94% (Best: 83.89% @ Ep7997) | LR: 0.000300 | Rev: 1/99999
Epoch 8368 | Cost: 0.236796 | Acc: 82.22% (Best: 83.89% @ Ep7997) | LR: 0.000300 | Rev: 2/99999
Epoch 8369 | Cost: 0.220889 | Acc: 82.78% (Best: 83.89% @ Ep7997) | LR: 0.000300 | Rev: 0/99999
Epoch 8370 | Cost: 0.236265 | Acc: 82.50% (Best: 83.89% @ Ep7997) | LR: 0.000300 | Rev: 1/99999
Epoch 8371 | Cost: 0.223147 | Acc: 81.94% (Best: 83.89% @ Ep7997) | LR: 0.000300 | Rev: 0/99999
Epoch 8372 | Cost: 0.231312 | Acc: 81.94% (Best: 83.89% @ Ep7997) | LR: 0.000300 | Rev: 1/99999
Epoch 8373 | Cost: 0.217143 | Acc: 82.50% (Best: 83.89% @ Ep7997) | LR: 0.000300 | Rev: 0/99999
Epoch 8374 | Cost: 0.225256 | Acc: 82.50% (Best: 83.89% @ Ep7997) | LR: 0.000300 | Rev: 1/99999
Epoch 8375 | Cost: 0.223201 | Acc: 81.39% (Best: 83.89% @ Ep7997) | LR: 0.000300 | Rev: 0/99999
Epoch 8376 | Cost: 0.206429 | Acc: 82.50% (Best: 83.89% @ Ep7997) | LR: 0.000300 | Rev: 0/99999
Epoch 8377 | Cost: 0.248634 | Acc: 82.50% (Best: 83.89% @ Ep7997) | LR: 0.000300 | Rev: 1/99999
Epoch 8378 | Cost: 0.212757 | Acc: 81.39% (Best: 83.89% @ Ep7997) | LR: 0.000300 | Rev: 0/99999
Epoch 8379 | Cost: 0.233027 | Acc: 81.67% (Best: 83.89% @ Ep7997) | LR: 0.000300 | Rev: 1/99999
Epoch 8380 | Cost: 0.209025 | Acc: 81.39% (Best: 83.89% @ Ep7997) | LR: 0.000300 | Rev: 0/99999
Epoch 8381 | Cost: 0.220179 | Acc: 82.22% (Best: 83.89% @ Ep7997) | LR: 0.000300 | Rev: 1/99999
Epoch 8382 | Cost: 0.212254 | Acc: 81.39% (Best: 83.89% @ Ep7997) | LR: 0.000300 | Rev: 0/99999
Epoch 8383 | Cost: 0.237403 | Acc: 81.94% (Best: 83.89% @ Ep7997) | LR: 0.000300 | Rev: 1/99999
Epoch 8384 | Cost: 0.234153 | Acc: 82.50% (Best: 83.89% @ Ep7997) | LR: 0.000300 | Rev: 0/99999
Epoch 8385 | Cost: 0.231631 | Acc: 81.67% (Best: 83.89% @ Ep7997) | LR: 0.000300 | Rev: 0/99999
Epoch 8386 | Cost: 0.220790 | Acc: 81.11% (Best: 83.89% @ Ep7997) | LR: 0.000300 | Rev: 0/99999
Epoch 8387 | Cost: 0.231505 | Acc: 81.67% (Best: 83.89% @ Ep7997) | LR: 0.000300 | Rev: 1/99999
Epoch 8388 | Cost: 0.241752 | Acc: 81.94% (Best: 83.89% @ Ep7997) | LR: 0.000300 | Rev: 2/99999
Epoch 8389 | Cost: 0.233249 | Acc: 82.78% (Best: 83.89% @ Ep7997) | LR: 0.000300 | Rev: 0/99999
Epoch 8390 | Cost: 0.246566 | Acc: 81.39% (Best: 83.89% @ Ep7997) | LR: 0.000300 | Rev: 1/99999
Epoch 8391 | Cost: 0.230035 | Acc: 81.39% (Best: 83.89% @ Ep7997) | LR: 0.000300 | Rev: 0/99999
Epoch 8392 | Cost: 0.217853 | Acc: 81.67% (Best: 83.89% @ Ep7997) | LR: 0.000300 | Rev: 0/99999
Epoch 8393 | Cost: 0.222502 | Acc: 81.39% (Best: 83.89% @ Ep7997) | LR: 0.000300 | Rev: 1/99999
Epoch 8394 | Cost: 0.227525 | Acc: 82.50% (Best: 83.89% @ Ep7997) | LR: 0.000300 | Rev: 2/99999
Epoch 8395 | Cost: 0.237773 | Acc: 81.11% (Best: 83.89% @ Ep7997) | LR: 0.000300 | Rev: 3/99999
Epoch 8396 | Cost: 0.222853 | Acc: 81.94% (Best: 83.89% @ Ep7997) | LR: 0.000300 | Rev: 0/99999
Epoch 8397 | Cost: 0.215249 | Acc: 80.83% (Best: 83.89% @ Ep7997) | LR: 0.000300 | Rev: 0/99999
Epoch 8398 | Cost: 0.217007 | Acc: 80.83% (Best: 83.89% @ Ep7997) | LR: 0.000300 | Rev: 1/99999
Epoch 8399 | Cost: 0.209459 | Acc: 80.56% (Best: 83.89% @ Ep7997) | LR: 0.000300 | Rev: 0/99999
Epoch 8400 | Cost: 0.215695 | Acc: 80.56% (Best: 83.89% @ Ep7997) | LR: 0.000300 | Rev: 1/99999
Epoch 8401 | Cost: 0.219432 | Acc: 81.39% (Best: 83.89% @ Ep7997) | LR: 0.000300 | Rev: 2/99999
Epoch 8402 | Cost: 0.219493 | Acc: 81.39% (Best: 83.89% @ Ep7997) | LR: 0.000300 | Rev: 3/99999
Epoch 8403 | Cost: 0.210358 | Acc: 81.94% (Best: 83.89% @ Ep7997) | LR: 0.000300 | Rev: 0/99999
Epoch 8404 | Cost: 0.221839 | Acc: 80.56% (Best: 83.89% @ Ep7997) | LR: 0.000300 | Rev: 1/99999
Epoch 8405 | Cost: 0.231045 | Acc: 81.39% (Best: 83.89% @ Ep7997) | LR: 0.000300 | Rev: 2/99999
Epoch 8406 | Cost: 0.218625 | Acc: 81.39% (Best: 83.89% @ Ep7997) | LR: 0.000300 | Rev: 0/99999
Epoch 8407 | Cost: 0.232651 | Acc: 81.67% (Best: 83.89% @ Ep7997) | LR: 0.000300 | Rev: 1/99999
Epoch 8408 | Cost: 0.218418 | Acc: 81.67% (Best: 83.89% @ Ep7997) | LR: 0.000300 | Rev: 0/99999
Epoch 8409 | Cost: 0.210987 | Acc: 82.22% (Best: 83.89% @ Ep7997) | LR: 0.000300 | Rev: 0/99999
Epoch 8410 | Cost: 0.221408 | Acc: 81.67% (Best: 83.89% @ Ep7997) | LR: 0.000300 | Rev: 1/99999
Epoch 8411 | Cost: 0.218344 | Acc: 81.94% (Best: 83.89% @ Ep7997) | LR: 0.000300 | Rev: 0/99999
Epoch 8412 | Cost: 0.214926 | Acc: 81.67% (Best: 83.89% @ Ep7997) | LR: 0.000300 | Rev: 0/99999
Epoch 8413 | Cost: 0.232217 | Acc: 82.22% (Best: 83.89% @ Ep7997) | LR: 0.000300 | Rev: 1/99999
Epoch 8414 | Cost: 0.246824 | Acc: 81.67% (Best: 83.89% @ Ep7997) | LR: 0.000300 | Rev: 2/99999
Epoch 8415 | Cost: 0.232317 | Acc: 81.94% (Best: 83.89% @ Ep7997) | LR: 0.000300 | Rev: 0/99999
Epoch 8416 | Cost: 0.221478 | Acc: 81.67% (Best: 83.89% @ Ep7997) | LR: 0.000300 | Rev: 0/99999
Epoch 8417 | Cost: 0.221446 | Acc: 82.50% (Best: 83.89% @ Ep7997) | LR: 0.000300 | Rev: 0/99999
Epoch 8418 | Cost: 0.228635 | Acc: 82.22% (Best: 83.89% @ Ep7997) | LR: 0.000300 | Rev: 1/99999
Epoch 8419 | Cost: 0.226151 | Acc: 82.22% (Best: 83.89% @ Ep7997) | LR: 0.000300 | Rev: 0/99999
Epoch 8420 | Cost: 0.221269 | Acc: 82.78% (Best: 83.89% @ Ep7997) | LR: 0.000300 | Rev: 0/99999
Epoch 8421 | Cost: 0.225778 | Acc: 80.83% (Best: 83.89% @ Ep7997) | LR: 0.000300 | Rev: 1/99999
Epoch 8422 | Cost: 0.227423 | Acc: 81.67% (Best: 83.89% @ Ep7997) | LR: 0.000300 | Rev: 2/99999
Epoch 8423 | Cost: 0.214939 | Acc: 82.78% (Best: 83.89% @ Ep7997) | LR: 0.000300 | Rev: 0/99999
Epoch 8424 | Cost: 0.211853 | Acc: 82.22% (Best: 83.89% @ Ep7997) | LR: 0.000300 | Rev: 0/99999
Epoch 8425 | Cost: 0.223756 | Acc: 81.39% (Best: 83.89% @ Ep7997) | LR: 0.000300 | Rev: 1/99999
Epoch 8426 | Cost: 0.222204 | Acc: 81.94% (Best: 83.89% @ Ep7997) | LR: 0.000300 | Rev: 0/99999
Epoch 8427 | Cost: 0.221450 | Acc: 81.11% (Best: 83.89% @ Ep7997) | LR: 0.000300 | Rev: 0/99999
Epoch 8428 | Cost: 0.219242 | Acc: 82.22% (Best: 83.89% @ Ep7997) | LR: 0.000300 | Rev: 0/99999
Epoch 8429 | Cost: 0.211939 | Acc: 81.39% (Best: 83.89% @ Ep7997) | LR: 0.000300 | Rev: 0/99999
Epoch 8430 | Cost: 0.220195 | Acc: 81.11% (Best: 83.89% @ Ep7997) | LR: 0.000300 | Rev: 1/99999
Epoch 8431 | Cost: 0.239875 | Acc: 81.11% (Best: 83.89% @ Ep7997) | LR: 0.000300 | Rev: 2/99999
Epoch 8432 | Cost: 0.215341 | Acc: 80.83% (Best: 83.89% @ Ep7997) | LR: 0.000300 | Rev: 0/99999
Epoch 8433 | Cost: 0.219513 | Acc: 81.94% (Best: 83.89% @ Ep7997) | LR: 0.000300 | Rev: 1/99999
Epoch 8434 | Cost: 0.213819 | Acc: 81.67% (Best: 83.89% @ Ep7997) | LR: 0.000300 | Rev: 0/99999
Epoch 8435 | Cost: 0.230858 | Acc: 82.50% (Best: 83.89% @ Ep7997) | LR: 0.000300 | Rev: 1/99999
Epoch 8436 | Cost: 0.203163 | Acc: 83.06% (Best: 83.89% @ Ep7997) | LR: 0.000300 | Rev: 0/99999
Epoch 8437 | Cost: 0.234121 | Acc: 82.50% (Best: 83.89% @ Ep7997) | LR: 0.000300 | Rev: 1/99999
Epoch 8438 | Cost: 0.230142 | Acc: 82.22% (Best: 83.89% @ Ep7997) | LR: 0.000300 | Rev: 0/99999
Epoch 8439 | Cost: 0.227100 | Acc: 81.67% (Best: 83.89% @ Ep7997) | LR: 0.000300 | Rev: 0/99999
Epoch 8440 | Cost: 0.215029 | Acc: 81.94% (Best: 83.89% @ Ep7997) | LR: 0.000300 | Rev: 0/99999
Epoch 8441 | Cost: 0.245382 | Acc: 81.67% (Best: 83.89% @ Ep7997) | LR: 0.000300 | Rev: 1/99999
Epoch 8442 | Cost: 0.216695 | Acc: 81.67% (Best: 83.89% @ Ep7997) | LR: 0.000300 | Rev: 0/99999
Epoch 8443 | Cost: 0.226701 | Acc: 81.11% (Best: 83.89% @ Ep7997) | LR: 0.000300 | Rev: 1/99999
Epoch 8444 | Cost: 0.213199 | Acc: 82.22% (Best: 83.89% @ Ep7997) | LR: 0.000300 | Rev: 0/99999
Epoch 8445 | Cost: 0.232111 | Acc: 81.39% (Best: 83.89% @ Ep7997) | LR: 0.000300 | Rev: 1/99999
Epoch 8446 | Cost: 0.230898 | Acc: 82.22% (Best: 83.89% @ Ep7997) | LR: 0.000300 | Rev: 0/99999
Epoch 8447 | Cost: 0.236466 | Acc: 82.22% (Best: 83.89% @ Ep7997) | LR: 0.000300 | Rev: 1/99999
Epoch 8448 | Cost: 0.228146 | Acc: 81.94% (Best: 83.89% @ Ep7997) | LR: 0.000300 | Rev: 0/99999
Epoch 8449 | Cost: 0.231148 | Acc: 82.50% (Best: 83.89% @ Ep7997) | LR: 0.000300 | Rev: 1/99999
Epoch 8450 | Cost: 0.208927 | Acc: 82.22% (Best: 83.89% @ Ep7997) | LR: 0.000300 | Rev: 0/99999
Epoch 8451 | Cost: 0.230215 | Acc: 81.67% (Best: 83.89% @ Ep7997) | LR: 0.000300 | Rev: 1/99999
Epoch 8452 | Cost: 0.225055 | Acc: 81.67% (Best: 83.89% @ Ep7997) | LR: 0.000300 | Rev: 0/99999
Epoch 8453 | Cost: 0.230777 | Acc: 81.11% (Best: 83.89% @ Ep7997) | LR: 0.000300 | Rev: 1/99999
Epoch 8454 | Cost: 0.220300 | Acc: 82.22% (Best: 83.89% @ Ep7997) | LR: 0.000300 | Rev: 0/99999
Epoch 8455 | Cost: 0.237313 | Acc: 81.67% (Best: 83.89% @ Ep7997) | LR: 0.000300 | Rev: 1/99999
Epoch 8456 | Cost: 0.220389 | Acc: 82.50% (Best: 83.89% @ Ep7997) | LR: 0.000300 | Rev: 0/99999
Epoch 8457 | Cost: 0.225056 | Acc: 82.22% (Best: 83.89% @ Ep7997) | LR: 0.000300 | Rev: 1/99999
Epoch 8458 | Cost: 0.218106 | Acc: 82.78% (Best: 83.89% @ Ep7997) | LR: 0.000300 | Rev: 0/99999
Epoch 8459 | Cost: 0.226056 | Acc: 81.11% (Best: 83.89% @ Ep7997) | LR: 0.000300 | Rev: 1/99999
Epoch 8460 | Cost: 0.231839 | Acc: 81.67% (Best: 83.89% @ Ep7997) | LR: 0.000300 | Rev: 2/99999
Epoch 8461 | Cost: 0.235439 | Acc: 81.94% (Best: 83.89% @ Ep7997) | LR: 0.000300 | Rev: 3/99999
Epoch 8462 | Cost: 0.231226 | Acc: 82.50% (Best: 83.89% @ Ep7997) | LR: 0.000300 | Rev: 0/99999
Epoch 8463 | Cost: 0.216034 | Acc: 82.22% (Best: 83.89% @ Ep7997) | LR: 0.000300 | Rev: 0/99999
Epoch 8464 | Cost: 0.227462 | Acc: 81.67% (Best: 83.89% @ Ep7997) | LR: 0.000300 | Rev: 1/99999
Epoch 8465 | Cost: 0.220120 | Acc: 82.50% (Best: 83.89% @ Ep7997) | LR: 0.000300 | Rev: 0/99999
Epoch 8466 | Cost: 0.211937 | Acc: 81.67% (Best: 83.89% @ Ep7997) | LR: 0.000300 | Rev: 0/99999
Epoch 8467 | Cost: 0.226366 | Acc: 81.67% (Best: 83.89% @ Ep7997) | LR: 0.000300 | Rev: 1/99999
Epoch 8468 | Cost: 0.233309 | Acc: 81.94% (Best: 83.89% @ Ep7997) | LR: 0.000300 | Rev: 2/99999
Epoch 8469 | Cost: 0.217050 | Acc: 81.39% (Best: 83.89% @ Ep7997) | LR: 0.000300 | Rev: 0/99999
Epoch 8470 | Cost: 0.217580 | Acc: 82.22% (Best: 83.89% @ Ep7997) | LR: 0.000300 | Rev: 1/99999
Epoch 8471 | Cost: 0.224825 | Acc: 80.56% (Best: 83.89% @ Ep7997) | LR: 0.000300 | Rev: 2/99999
Epoch 8472 | Cost: 0.215798 | Acc: 81.39% (Best: 83.89% @ Ep7997) | LR: 0.000300 | Rev: 0/99999
Epoch 8473 | Cost: 0.228971 | Acc: 81.67% (Best: 83.89% @ Ep7997) | LR: 0.000300 | Rev: 1/99999
Epoch 8474 | Cost: 0.244593 | Acc: 82.50% (Best: 83.89% @ Ep7997) | LR: 0.000300 | Rev: 2/99999
Epoch 8475 | Cost: 0.225399 | Acc: 81.11% (Best: 83.89% @ Ep7997) | LR: 0.000300 | Rev: 0/99999
Epoch 8476 | Cost: 0.220965 | Acc: 81.11% (Best: 83.89% @ Ep7997) | LR: 0.000300 | Rev: 0/99999
Epoch 8477 | Cost: 0.224640 | Acc: 81.11% (Best: 83.89% @ Ep7997) | LR: 0.000300 | Rev: 1/99999
Epoch 8478 | Cost: 0.233102 | Acc: 81.94% (Best: 83.89% @ Ep7997) | LR: 0.000300 | Rev: 2/99999
Epoch 8479 | Cost: 0.231318 | Acc: 81.67% (Best: 83.89% @ Ep7997) | LR: 0.000300 | Rev: 0/99999
Epoch 8480 | Cost: 0.213141 | Acc: 81.39% (Best: 83.89% @ Ep7997) | LR: 0.000300 | Rev: 0/99999
Epoch 8481 | Cost: 0.218306 | Acc: 82.50% (Best: 83.89% @ Ep7997) | LR: 0.000300 | Rev: 1/99999
Epoch 8482 | Cost: 0.223795 | Acc: 81.67% (Best: 83.89% @ Ep7997) | LR: 0.000300 | Rev: 2/99999
Epoch 8483 | Cost: 0.221806 | Acc: 80.83% (Best: 83.89% @ Ep7997) | LR: 0.000300 | Rev: 0/99999
Epoch 8484 | Cost: 0.207930 | Acc: 80.83% (Best: 83.89% @ Ep7997) | LR: 0.000300 | Rev: 0/99999
Epoch 8485 | Cost: 0.228580 | Acc: 82.22% (Best: 83.89% @ Ep7997) | LR: 0.000300 | Rev: 1/99999
Epoch 8486 | Cost: 0.235019 | Acc: 81.67% (Best: 83.89% @ Ep7997) | LR: 0.000300 | Rev: 2/99999
Epoch 8487 | Cost: 0.238065 | Acc: 81.39% (Best: 83.89% @ Ep7997) | LR: 0.000300 | Rev: 3/99999
Epoch 8488 | Cost: 0.204673 | Acc: 81.11% (Best: 83.89% @ Ep7997) | LR: 0.000300 | Rev: 0/99999
Epoch 8489 | Cost: 0.209704 | Acc: 82.22% (Best: 83.89% @ Ep7997) | LR: 0.000300 | Rev: 1/99999
Epoch 8490 | Cost: 0.207166 | Acc: 81.39% (Best: 83.89% @ Ep7997) | LR: 0.000300 | Rev: 0/99999
Epoch 8491 | Cost: 0.227194 | Acc: 81.67% (Best: 83.89% @ Ep7997) | LR: 0.000300 | Rev: 1/99999
Epoch 8492 | Cost: 0.204880 | Acc: 81.67% (Best: 83.89% @ Ep7997) | LR: 0.000300 | Rev: 0/99999
Epoch 8493 | Cost: 0.221653 | Acc: 82.22% (Best: 83.89% @ Ep7997) | LR: 0.000300 | Rev: 1/99999
Epoch 8494 | Cost: 0.220573 | Acc: 81.94% (Best: 83.89% @ Ep7997) | LR: 0.000300 | Rev: 0/99999
Epoch 8495 | Cost: 0.213286 | Acc: 81.11% (Best: 83.89% @ Ep7997) | LR: 0.000300 | Rev: 0/99999
Epoch 8496 | Cost: 0.206997 | Acc: 81.11% (Best: 83.89% @ Ep7997) | LR: 0.000300 | Rev: 0/99999
Epoch 8497 | Cost: 0.223280 | Acc: 81.94% (Best: 83.89% @ Ep7997) | LR: 0.000300 | Rev: 1/99999
Epoch 8498 | Cost: 0.218196 | Acc: 81.39% (Best: 83.89% @ Ep7997) | LR: 0.000300 | Rev: 0/99999
Epoch 8499 | Cost: 0.199990 | Acc: 80.56% (Best: 83.89% @ Ep7997) | LR: 0.000300 | Rev: 0/99999
Epoch 8500 | Cost: 0.205304 | Acc: 81.67% (Best: 83.89% @ Ep7997) | LR: 0.000300 | Rev: 1/99999
Epoch 8501 | Cost: 0.256097 | Acc: 82.22% (Best: 83.89% @ Ep7997) | LR: 0.000300 | Rev: 2/99999
Epoch 8502 | Cost: 0.229077 | Acc: 81.67% (Best: 83.89% @ Ep7997) | LR: 0.000300 | Rev: 0/99999
Epoch 8503 | Cost: 0.211693 | Acc: 81.94% (Best: 83.89% @ Ep7997) | LR: 0.000300 | Rev: 0/99999
Epoch 8504 | Cost: 0.218918 | Acc: 81.39% (Best: 83.89% @ Ep7997) | LR: 0.000300 | Rev: 1/99999
Epoch 8505 | Cost: 0.220081 | Acc: 81.39% (Best: 83.89% @ Ep7997) | LR: 0.000300 | Rev: 2/99999
Epoch 8506 | Cost: 0.221804 | Acc: 81.67% (Best: 83.89% @ Ep7997) | LR: 0.000300 | Rev: 3/99999
Epoch 8507 | Cost: 0.202832 | Acc: 81.11% (Best: 83.89% @ Ep7997) | LR: 0.000300 | Rev: 0/99999
Epoch 8508 | Cost: 0.214530 | Acc: 82.22% (Best: 83.89% @ Ep7997) | LR: 0.000300 | Rev: 1/99999
Epoch 8509 | Cost: 0.214771 | Acc: 82.22% (Best: 83.89% @ Ep7997) | LR: 0.000300 | Rev: 2/99999
Epoch 8510 | Cost: 0.235947 | Acc: 81.94% (Best: 83.89% @ Ep7997) | LR: 0.000300 | Rev: 3/99999
Epoch 8511 | Cost: 0.225166 | Acc: 81.39% (Best: 83.89% @ Ep7997) | LR: 0.000300 | Rev: 0/99999
Epoch 8512 | Cost: 0.216332 | Acc: 82.22% (Best: 83.89% @ Ep7997) | LR: 0.000300 | Rev: 0/99999
Epoch 8513 | Cost: 0.228257 | Acc: 81.39% (Best: 83.89% @ Ep7997) | LR: 0.000300 | Rev: 1/99999
Epoch 8514 | Cost: 0.216267 | Acc: 82.22% (Best: 83.89% @ Ep7997) | LR: 0.000300 | Rev: 0/99999
Epoch 8515 | Cost: 0.237241 | Acc: 81.39% (Best: 83.89% @ Ep7997) | LR: 0.000300 | Rev: 1/99999
Epoch 8516 | Cost: 0.220866 | Acc: 81.39% (Best: 83.89% @ Ep7997) | LR: 0.000300 | Rev: 0/99999
Epoch 8517 | Cost: 0.218498 | Acc: 81.39% (Best: 83.89% @ Ep7997) | LR: 0.000300 | Rev: 0/99999
Epoch 8518 | Cost: 0.234665 | Acc: 82.22% (Best: 83.89% @ Ep7997) | LR: 0.000300 | Rev: 1/99999
Epoch 8519 | Cost: 0.220848 | Acc: 82.22% (Best: 83.89% @ Ep7997) | LR: 0.000300 | Rev: 0/99999
Epoch 8520 | Cost: 0.225407 | Acc: 82.22% (Best: 83.89% @ Ep7997) | LR: 0.000300 | Rev: 1/99999
Epoch 8521 | Cost: 0.213459 | Acc: 80.83% (Best: 83.89% @ Ep7997) | LR: 0.000300 | Rev: 0/99999
Epoch 8522 | Cost: 0.231936 | Acc: 81.11% (Best: 83.89% @ Ep7997) | LR: 0.000300 | Rev: 1/99999
Epoch 8523 | Cost: 0.211195 | Acc: 81.94% (Best: 83.89% @ Ep7997) | LR: 0.000300 | Rev: 0/99999
Epoch 8524 | Cost: 0.221942 | Acc: 80.83% (Best: 83.89% @ Ep7997) | LR: 0.000300 | Rev: 1/99999
Epoch 8525 | Cost: 0.208612 | Acc: 81.67% (Best: 83.89% @ Ep7997) | LR: 0.000300 | Rev: 0/99999
Epoch 8526 | Cost: 0.209284 | Acc: 81.67% (Best: 83.89% @ Ep7997) | LR: 0.000300 | Rev: 1/99999
Epoch 8527 | Cost: 0.218253 | Acc: 81.11% (Best: 83.89% @ Ep7997) | LR: 0.000300 | Rev: 2/99999
Epoch 8528 | Cost: 0.205847 | Acc: 80.56% (Best: 83.89% @ Ep7997) | LR: 0.000300 | Rev: 0/99999
Epoch 8529 | Cost: 0.217214 | Acc: 81.94% (Best: 83.89% @ Ep7997) | LR: 0.000300 | Rev: 1/99999
Epoch 8530 | Cost: 0.230225 | Acc: 81.11% (Best: 83.89% @ Ep7997) | LR: 0.000300 | Rev: 2/99999
Epoch 8531 | Cost: 0.203964 | Acc: 81.67% (Best: 83.89% @ Ep7997) | LR: 0.000300 | Rev: 0/99999
Epoch 8532 | Cost: 0.233416 | Acc: 81.94% (Best: 83.89% @ Ep7997) | LR: 0.000300 | Rev: 1/99999
Epoch 8533 | Cost: 0.225709 | Acc: 82.50% (Best: 83.89% @ Ep7997) | LR: 0.000300 | Rev: 0/99999
Epoch 8534 | Cost: 0.209362 | Acc: 81.94% (Best: 83.89% @ Ep7997) | LR: 0.000300 | Rev: 0/99999
Epoch 8535 | Cost: 0.212101 | Acc: 81.11% (Best: 83.89% @ Ep7997) | LR: 0.000300 | Rev: 1/99999
Epoch 8536 | Cost: 0.215651 | Acc: 80.83% (Best: 83.89% @ Ep7997) | LR: 0.000300 | Rev: 2/99999
Epoch 8537 | Cost: 0.220065 | Acc: 81.39% (Best: 83.89% @ Ep7997) | LR: 0.000300 | Rev: 3/99999
Epoch 8538 | Cost: 0.207917 | Acc: 81.67% (Best: 83.89% @ Ep7997) | LR: 0.000300 | Rev: 0/99999
Epoch 8539 | Cost: 0.219229 | Acc: 81.94% (Best: 83.89% @ Ep7997) | LR: 0.000300 | Rev: 1/99999
Epoch 8540 | Cost: 0.206115 | Acc: 82.22% (Best: 83.89% @ Ep7997) | LR: 0.000300 | Rev: 0/99999
Epoch 8541 | Cost: 0.229663 | Acc: 81.94% (Best: 83.89% @ Ep7997) | LR: 0.000300 | Rev: 1/99999
Epoch 8542 | Cost: 0.215881 | Acc: 81.11% (Best: 83.89% @ Ep7997) | LR: 0.000300 | Rev: 0/99999
Epoch 8543 | Cost: 0.228608 | Acc: 81.94% (Best: 83.89% @ Ep7997) | LR: 0.000300 | Rev: 1/99999
Epoch 8544 | Cost: 0.234014 | Acc: 82.22% (Best: 83.89% @ Ep7997) | LR: 0.000300 | Rev: 2/99999
Epoch 8545 | Cost: 0.223606 | Acc: 82.50% (Best: 83.89% @ Ep7997) | LR: 0.000300 | Rev: 0/99999
Epoch 8546 | Cost: 0.215068 | Acc: 81.94% (Best: 83.89% @ Ep7997) | LR: 0.000300 | Rev: 0/99999
Epoch 8547 | Cost: 0.218419 | Acc: 83.61% (Best: 83.89% @ Ep7997) | LR: 0.000300 | Rev: 1/99999
Epoch 8548 | Cost: 0.227569 | Acc: 80.83% (Best: 83.89% @ Ep7997) | LR: 0.000300 | Rev: 2/99999
Epoch 8549 | Cost: 0.211983 | Acc: 81.39% (Best: 83.89% @ Ep7997) | LR: 0.000300 | Rev: 0/99999
Epoch 8550 | Cost: 0.236968 | Acc: 81.67% (Best: 83.89% @ Ep7997) | LR: 0.000300 | Rev: 1/99999
Epoch 8551 | Cost: 0.247631 | Acc: 81.94% (Best: 83.89% @ Ep7997) | LR: 0.000300 | Rev: 2/99999
Epoch 8552 | Cost: 0.228751 | Acc: 81.67% (Best: 83.89% @ Ep7997) | LR: 0.000300 | Rev: 0/99999
Epoch 8553 | Cost: 0.231056 | Acc: 81.11% (Best: 83.89% @ Ep7997) | LR: 0.000300 | Rev: 1/99999
Epoch 8554 | Cost: 0.219870 | Acc: 81.39% (Best: 83.89% @ Ep7997) | LR: 0.000300 | Rev: 0/99999
Epoch 8555 | Cost: 0.223204 | Acc: 81.39% (Best: 83.89% @ Ep7997) | LR: 0.000300 | Rev: 1/99999
Epoch 8556 | Cost: 0.222739 | Acc: 81.39% (Best: 83.89% @ Ep7997) | LR: 0.000300 | Rev: 0/99999
Epoch 8557 | Cost: 0.241154 | Acc: 80.56% (Best: 83.89% @ Ep7997) | LR: 0.000300 | Rev: 1/99999
Epoch 8558 | Cost: 0.249462 | Acc: 81.94% (Best: 83.89% @ Ep7997) | LR: 0.000300 | Rev: 2/99999
Epoch 8559 | Cost: 0.211403 | Acc: 82.50% (Best: 83.89% @ Ep7997) | LR: 0.000300 | Rev: 0/99999
Epoch 8560 | Cost: 0.219830 | Acc: 82.22% (Best: 83.89% @ Ep7997) | LR: 0.000300 | Rev: 1/99999
Epoch 8561 | Cost: 0.228898 | Acc: 81.94% (Best: 83.89% @ Ep7997) | LR: 0.000300 | Rev: 2/99999
Epoch 8562 | Cost: 0.251794 | Acc: 81.39% (Best: 83.89% @ Ep7997) | LR: 0.000300 | Rev: 3/99999
Epoch 8563 | Cost: 0.224338 | Acc: 81.11% (Best: 83.89% @ Ep7997) | LR: 0.000300 | Rev: 0/99999
Epoch 8564 | Cost: 0.231862 | Acc: 80.83% (Best: 83.89% @ Ep7997) | LR: 0.000300 | Rev: 1/99999
Epoch 8565 | Cost: 0.218079 | Acc: 81.67% (Best: 83.89% @ Ep7997) | LR: 0.000300 | Rev: 0/99999
Epoch 8566 | Cost: 0.212107 | Acc: 81.11% (Best: 83.89% @ Ep7997) | LR: 0.000300 | Rev: 0/99999
Epoch 8567 | Cost: 0.213912 | Acc: 81.94% (Best: 83.89% @ Ep7997) | LR: 0.000300 | Rev: 1/99999
Epoch 8568 | Cost: 0.208293 | Acc: 82.22% (Best: 83.89% @ Ep7997) | LR: 0.000300 | Rev: 0/99999
Epoch 8569 | Cost: 0.217761 | Acc: 80.83% (Best: 83.89% @ Ep7997) | LR: 0.000300 | Rev: 1/99999
Epoch 8570 | Cost: 0.223159 | Acc: 82.50% (Best: 83.89% @ Ep7997) | LR: 0.000300 | Rev: 2/99999
Epoch 8571 | Cost: 0.203195 | Acc: 81.94% (Best: 83.89% @ Ep7997) | LR: 0.000300 | Rev: 0/99999
Epoch 8572 | Cost: 0.209968 | Acc: 81.67% (Best: 83.89% @ Ep7997) | LR: 0.000300 | Rev: 1/99999
Epoch 8573 | Cost: 0.203380 | Acc: 81.39% (Best: 83.89% @ Ep7997) | LR: 0.000300 | Rev: 0/99999
Epoch 8574 | Cost: 0.216400 | Acc: 81.94% (Best: 83.89% @ Ep7997) | LR: 0.000300 | Rev: 1/99999
Epoch 8575 | Cost: 0.215643 | Acc: 81.67% (Best: 83.89% @ Ep7997) | LR: 0.000300 | Rev: 0/99999
Epoch 8576 | Cost: 0.217234 | Acc: 82.22% (Best: 83.89% @ Ep7997) | LR: 0.000300 | Rev: 1/99999
Epoch 8577 | Cost: 0.233377 | Acc: 82.50% (Best: 83.89% @ Ep7997) | LR: 0.000300 | Rev: 2/99999
Epoch 8578 | Cost: 0.221494 | Acc: 81.39% (Best: 83.89% @ Ep7997) | LR: 0.000300 | Rev: 0/99999
Epoch 8579 | Cost: 0.221217 | Acc: 81.67% (Best: 83.89% @ Ep7997) | LR: 0.000300 | Rev: 0/99999
Epoch 8580 | Cost: 0.221733 | Acc: 82.22% (Best: 83.89% @ Ep7997) | LR: 0.000300 | Rev: 1/99999
Epoch 8581 | Cost: 0.218807 | Acc: 82.50% (Best: 83.89% @ Ep7997) | LR: 0.000300 | Rev: 0/99999
Epoch 8582 | Cost: 0.221697 | Acc: 83.06% (Best: 83.89% @ Ep7997) | LR: 0.000300 | Rev: 1/99999
Epoch 8583 | Cost: 0.216687 | Acc: 82.50% (Best: 83.89% @ Ep7997) | LR: 0.000300 | Rev: 0/99999
Epoch 8584 | Cost: 0.214570 | Acc: 81.94% (Best: 83.89% @ Ep7997) | LR: 0.000300 | Rev: 0/99999
Epoch 8585 | Cost: 0.215625 | Acc: 82.78% (Best: 83.89% @ Ep7997) | LR: 0.000300 | Rev: 1/99999
Epoch 8586 | Cost: 0.208291 | Acc: 82.50% (Best: 83.89% @ Ep7997) | LR: 0.000300 | Rev: 0/99999
Epoch 8587 | Cost: 0.234955 | Acc: 82.50% (Best: 83.89% @ Ep7997) | LR: 0.000300 | Rev: 1/99999
Epoch 8588 | Cost: 0.225714 | Acc: 82.22% (Best: 83.89% @ Ep7997) | LR: 0.000300 | Rev: 0/99999
Epoch 8589 | Cost: 0.209417 | Acc: 81.94% (Best: 83.89% @ Ep7997) | LR: 0.000300 | Rev: 0/99999
Epoch 8590 | Cost: 0.210508 | Acc: 82.50% (Best: 83.89% @ Ep7997) | LR: 0.000300 | Rev: 1/99999
Epoch 8591 | Cost: 0.213744 | Acc: 83.61% (Best: 83.89% @ Ep7997) | LR: 0.000300 | Rev: 2/99999
Epoch 8592 | Cost: 0.215668 | Acc: 82.50% (Best: 83.89% @ Ep7997) | LR: 0.000300 | Rev: 3/99999
Epoch 8593 | Cost: 0.228852 | Acc: 82.22% (Best: 83.89% @ Ep7997) | LR: 0.000300 | Rev: 4/99999
Epoch 8594 | Cost: 0.225513 | Acc: 82.78% (Best: 83.89% @ Ep7997) | LR: 0.000300 | Rev: 0/99999
Epoch 8595 | Cost: 0.227619 | Acc: 82.78% (Best: 83.89% @ Ep7997) | LR: 0.000300 | Rev: 1/99999
Epoch 8596 | Cost: 0.226169 | Acc: 82.50% (Best: 83.89% @ Ep7997) | LR: 0.000300 | Rev: 0/99999
Epoch 8597 | Cost: 0.228334 | Acc: 82.50% (Best: 83.89% @ Ep7997) | LR: 0.000300 | Rev: 1/99999
Epoch 8598 | Cost: 0.214673 | Acc: 81.39% (Best: 83.89% @ Ep7997) | LR: 0.000300 | Rev: 0/99999
Epoch 8599 | Cost: 0.217434 | Acc: 82.50% (Best: 83.89% @ Ep7997) | LR: 0.000300 | Rev: 1/99999
Epoch 8600 | Cost: 0.220358 | Acc: 81.94% (Best: 83.89% @ Ep7997) | LR: 0.000300 | Rev: 2/99999
Epoch 8601 | Cost: 0.205500 | Acc: 82.78% (Best: 83.89% @ Ep7997) | LR: 0.000300 | Rev: 0/99999
Epoch 8602 | Cost: 0.212430 | Acc: 82.50% (Best: 83.89% @ Ep7997) | LR: 0.000300 | Rev: 1/99999
Epoch 8603 | Cost: 0.223085 | Acc: 82.22% (Best: 83.89% @ Ep7997) | LR: 0.000300 | Rev: 2/99999
Epoch 8604 | Cost: 0.219436 | Acc: 82.22% (Best: 83.89% @ Ep7997) | LR: 0.000300 | Rev: 0/99999
Epoch 8605 | Cost: 0.209527 | Acc: 82.78% (Best: 83.89% @ Ep7997) | LR: 0.000300 | Rev: 0/99999
Epoch 8606 | Cost: 0.197341 | Acc: 83.33% (Best: 83.89% @ Ep7997) | LR: 0.000300 | Rev: 0/99999
Epoch 8607 | Cost: 0.220683 | Acc: 83.06% (Best: 83.89% @ Ep7997) | LR: 0.000300 | Rev: 1/99999
Epoch 8608 | Cost: 0.207151 | Acc: 82.78% (Best: 83.89% @ Ep7997) | LR: 0.000300 | Rev: 0/99999
Epoch 8609 | Cost: 0.213215 | Acc: 83.06% (Best: 83.89% @ Ep7997) | LR: 0.000300 | Rev: 1/99999
Epoch 8610 | Cost: 0.219703 | Acc: 82.22% (Best: 83.89% @ Ep7997) | LR: 0.000300 | Rev: 2/99999
Epoch 8611 | Cost: 0.217344 | Acc: 82.50% (Best: 83.89% @ Ep7997) | LR: 0.000300 | Rev: 0/99999
Epoch 8612 | Cost: 0.203700 | Acc: 82.50% (Best: 83.89% @ Ep7997) | LR: 0.000300 | Rev: 0/99999
Epoch 8613 | Cost: 0.216572 | Acc: 82.22% (Best: 83.89% @ Ep7997) | LR: 0.000300 | Rev: 1/99999
Epoch 8614 | Cost: 0.211159 | Acc: 81.67% (Best: 83.89% @ Ep7997) | LR: 0.000300 | Rev: 0/99999
Epoch 8615 | Cost: 0.217155 | Acc: 82.50% (Best: 83.89% @ Ep7997) | LR: 0.000300 | Rev: 1/99999
Epoch 8616 | Cost: 0.222126 | Acc: 81.67% (Best: 83.89% @ Ep7997) | LR: 0.000300 | Rev: 2/99999
Epoch 8617 | Cost: 0.224371 | Acc: 81.94% (Best: 83.89% @ Ep7997) | LR: 0.000300 | Rev: 3/99999
Epoch 8618 | Cost: 0.221786 | Acc: 81.67% (Best: 83.89% @ Ep7997) | LR: 0.000300 | Rev: 0/99999
Epoch 8619 | Cost: 0.241419 | Acc: 81.39% (Best: 83.89% @ Ep7997) | LR: 0.000300 | Rev: 1/99999
Epoch 8620 | Cost: 0.215062 | Acc: 81.94% (Best: 83.89% @ Ep7997) | LR: 0.000300 | Rev: 0/99999
Epoch 8621 | Cost: 0.221656 | Acc: 81.94% (Best: 83.89% @ Ep7997) | LR: 0.000300 | Rev: 1/99999
Epoch 8622 | Cost: 0.238286 | Acc: 80.83% (Best: 83.89% @ Ep7997) | LR: 0.000300 | Rev: 2/99999
Epoch 8623 | Cost: 0.245306 | Acc: 81.94% (Best: 83.89% @ Ep7997) | LR: 0.000300 | Rev: 3/99999
Epoch 8624 | Cost: 0.225266 | Acc: 80.56% (Best: 83.89% @ Ep7997) | LR: 0.000300 | Rev: 0/99999
Epoch 8625 | Cost: 0.228992 | Acc: 81.11% (Best: 83.89% @ Ep7997) | LR: 0.000300 | Rev: 1/99999
Epoch 8626 | Cost: 0.221606 | Acc: 81.39% (Best: 83.89% @ Ep7997) | LR: 0.000300 | Rev: 0/99999
Epoch 8627 | Cost: 0.211374 | Acc: 81.39% (Best: 83.89% @ Ep7997) | LR: 0.000300 | Rev: 0/99999
Epoch 8628 | Cost: 0.209331 | Acc: 82.22% (Best: 83.89% @ Ep7997) | LR: 0.000300 | Rev: 0/99999
Epoch 8629 | Cost: 0.228065 | Acc: 82.22% (Best: 83.89% @ Ep7997) | LR: 0.000300 | Rev: 1/99999
Epoch 8630 | Cost: 0.210423 | Acc: 81.11% (Best: 83.89% @ Ep7997) | LR: 0.000300 | Rev: 0/99999
Epoch 8631 | Cost: 0.213707 | Acc: 82.22% (Best: 83.89% @ Ep7997) | LR: 0.000300 | Rev: 1/99999
Epoch 8632 | Cost: 0.223056 | Acc: 80.83% (Best: 83.89% @ Ep7997) | LR: 0.000300 | Rev: 2/99999
Epoch 8633 | Cost: 0.212597 | Acc: 81.67% (Best: 83.89% @ Ep7997) | LR: 0.000300 | Rev: 0/99999
Epoch 8634 | Cost: 0.221338 | Acc: 81.11% (Best: 83.89% @ Ep7997) | LR: 0.000300 | Rev: 1/99999
Epoch 8635 | Cost: 0.223161 | Acc: 81.67% (Best: 83.89% @ Ep7997) | LR: 0.000300 | Rev: 2/99999
Epoch 8636 | Cost: 0.224710 | Acc: 80.83% (Best: 83.89% @ Ep7997) | LR: 0.000300 | Rev: 3/99999
Epoch 8637 | Cost: 0.247500 | Acc: 81.11% (Best: 83.89% @ Ep7997) | LR: 0.000300 | Rev: 4/99999
Epoch 8638 | Cost: 0.218632 | Acc: 80.83% (Best: 83.89% @ Ep7997) | LR: 0.000300 | Rev: 0/99999
Epoch 8639 | Cost: 0.214595 | Acc: 81.67% (Best: 83.89% @ Ep7997) | LR: 0.000300 | Rev: 0/99999
Epoch 8640 | Cost: 0.208612 | Acc: 81.39% (Best: 83.89% @ Ep7997) | LR: 0.000300 | Rev: 0/99999
Epoch 8641 | Cost: 0.229163 | Acc: 81.11% (Best: 83.89% @ Ep7997) | LR: 0.000300 | Rev: 1/99999
Epoch 8642 | Cost: 0.222391 | Acc: 81.67% (Best: 83.89% @ Ep7997) | LR: 0.000300 | Rev: 0/99999
Epoch 8643 | Cost: 0.238677 | Acc: 81.67% (Best: 83.89% @ Ep7997) | LR: 0.000300 | Rev: 1/99999
Epoch 8644 | Cost: 0.215674 | Acc: 83.06% (Best: 83.89% @ Ep7997) | LR: 0.000300 | Rev: 0/99999
Epoch 8645 | Cost: 0.205055 | Acc: 81.39% (Best: 83.89% @ Ep7997) | LR: 0.000300 | Rev: 0/99999
Epoch 8646 | Cost: 0.222572 | Acc: 81.94% (Best: 83.89% @ Ep7997) | LR: 0.000300 | Rev: 1/99999
Epoch 8647 | Cost: 0.225656 | Acc: 82.50% (Best: 83.89% @ Ep7997) | LR: 0.000300 | Rev: 2/99999
Epoch 8648 | Cost: 0.217071 | Acc: 80.83% (Best: 83.89% @ Ep7997) | LR: 0.000300 | Rev: 0/99999
Epoch 8649 | Cost: 0.210758 | Acc: 81.11% (Best: 83.89% @ Ep7997) | LR: 0.000300 | Rev: 0/99999
Epoch 8650 | Cost: 0.210496 | Acc: 82.50% (Best: 83.89% @ Ep7997) | LR: 0.000300 | Rev: 0/99999
Epoch 8651 | Cost: 0.220747 | Acc: 81.67% (Best: 83.89% @ Ep7997) | LR: 0.000300 | Rev: 1/99999
Epoch 8652 | Cost: 0.202810 | Acc: 82.22% (Best: 83.89% @ Ep7997) | LR: 0.000300 | Rev: 0/99999
Epoch 8653 | Cost: 0.233562 | Acc: 82.50% (Best: 83.89% @ Ep7997) | LR: 0.000300 | Rev: 1/99999
Epoch 8654 | Cost: 0.241987 | Acc: 80.83% (Best: 83.89% @ Ep7997) | LR: 0.000300 | Rev: 2/99999
Epoch 8655 | Cost: 0.253907 | Acc: 82.78% (Best: 83.89% @ Ep7997) | LR: 0.000300 | Rev: 3/99999
Epoch 8656 | Cost: 0.220138 | Acc: 81.67% (Best: 83.89% @ Ep7997) | LR: 0.000300 | Rev: 0/99999
Epoch 8657 | Cost: 0.212560 | Acc: 81.67% (Best: 83.89% @ Ep7997) | LR: 0.000300 | Rev: 0/99999
Epoch 8658 | Cost: 0.220416 | Acc: 83.06% (Best: 83.89% @ Ep7997) | LR: 0.000300 | Rev: 1/99999
Epoch 8659 | Cost: 0.214321 | Acc: 81.67% (Best: 83.89% @ Ep7997) | LR: 0.000300 | Rev: 0/99999
Epoch 8660 | Cost: 0.210494 | Acc: 81.67% (Best: 83.89% @ Ep7997) | LR: 0.000300 | Rev: 0/99999
Epoch 8661 | Cost: 0.219210 | Acc: 81.11% (Best: 83.89% @ Ep7997) | LR: 0.000300 | Rev: 1/99999
Epoch 8662 | Cost: 0.215916 | Acc: 81.39% (Best: 83.89% @ Ep7997) | LR: 0.000300 | Rev: 0/99999
Epoch 8663 | Cost: 0.219276 | Acc: 81.67% (Best: 83.89% @ Ep7997) | LR: 0.000300 | Rev: 1/99999
Epoch 8664 | Cost: 0.214890 | Acc: 81.67% (Best: 83.89% @ Ep7997) | LR: 0.000300 | Rev: 0/99999
Epoch 8665 | Cost: 0.202271 | Acc: 81.39% (Best: 83.89% @ Ep7997) | LR: 0.000300 | Rev: 0/99999
Epoch 8666 | Cost: 0.209651 | Acc: 82.50% (Best: 83.89% @ Ep7997) | LR: 0.000300 | Rev: 1/99999
Epoch 8667 | Cost: 0.220168 | Acc: 82.22% (Best: 83.89% @ Ep7997) | LR: 0.000300 | Rev: 2/99999
Epoch 8668 | Cost: 0.223633 | Acc: 82.22% (Best: 83.89% @ Ep7997) | LR: 0.000300 | Rev: 3/99999
Epoch 8669 | Cost: 0.214227 | Acc: 82.22% (Best: 83.89% @ Ep7997) | LR: 0.000300 | Rev: 0/99999
Epoch 8670 | Cost: 0.225211 | Acc: 81.94% (Best: 83.89% @ Ep7997) | LR: 0.000300 | Rev: 1/99999
Epoch 8671 | Cost: 0.215772 | Acc: 81.94% (Best: 83.89% @ Ep7997) | LR: 0.000300 | Rev: 0/99999
Epoch 8672 | Cost: 0.208710 | Acc: 81.67% (Best: 83.89% @ Ep7997) | LR: 0.000300 | Rev: 0/99999
Epoch 8673 | Cost: 0.216589 | Acc: 82.50% (Best: 83.89% @ Ep7997) | LR: 0.000300 | Rev: 1/99999
Epoch 8674 | Cost: 0.211579 | Acc: 83.06% (Best: 83.89% @ Ep7997) | LR: 0.000300 | Rev: 0/99999
Epoch 8675 | Cost: 0.227963 | Acc: 81.11% (Best: 83.89% @ Ep7997) | LR: 0.000300 | Rev: 1/99999
Epoch 8676 | Cost: 0.216558 | Acc: 83.61% (Best: 83.89% @ Ep7997) | LR: 0.000300 | Rev: 0/99999
Epoch 8677 | Cost: 0.219109 | Acc: 81.67% (Best: 83.89% @ Ep7997) | LR: 0.000300 | Rev: 1/99999
Epoch 8678 | Cost: 0.220648 | Acc: 81.11% (Best: 83.89% @ Ep7997) | LR: 0.000300 | Rev: 2/99999
Epoch 8679 | Cost: 0.218395 | Acc: 81.11% (Best: 83.89% @ Ep7997) | LR: 0.000300 | Rev: 0/99999
Epoch 8680 | Cost: 0.204932 | Acc: 82.78% (Best: 83.89% @ Ep7997) | LR: 0.000300 | Rev: 0/99999
Epoch 8681 | Cost: 0.237155 | Acc: 81.94% (Best: 83.89% @ Ep7997) | LR: 0.000300 | Rev: 1/99999
Epoch 8682 | Cost: 0.240049 | Acc: 80.83% (Best: 83.89% @ Ep7997) | LR: 0.000300 | Rev: 2/99999
Epoch 8683 | Cost: 0.232485 | Acc: 81.39% (Best: 83.89% @ Ep7997) | LR: 0.000300 | Rev: 0/99999
Epoch 8684 | Cost: 0.224849 | Acc: 81.11% (Best: 83.89% @ Ep7997) | LR: 0.000300 | Rev: 0/99999
Epoch 8685 | Cost: 0.209673 | Acc: 81.39% (Best: 83.89% @ Ep7997) | LR: 0.000300 | Rev: 0/99999
Epoch 8686 | Cost: 0.226414 | Acc: 81.39% (Best: 83.89% @ Ep7997) | LR: 0.000300 | Rev: 1/99999
Epoch 8687 | Cost: 0.218083 | Acc: 81.67% (Best: 83.89% @ Ep7997) | LR: 0.000300 | Rev: 0/99999
Epoch 8688 | Cost: 0.243895 | Acc: 83.33% (Best: 83.89% @ Ep7997) | LR: 0.000300 | Rev: 1/99999
Epoch 8689 | Cost: 0.207264 | Acc: 81.67% (Best: 83.89% @ Ep7997) | LR: 0.000300 | Rev: 0/99999
Epoch 8690 | Cost: 0.216241 | Acc: 82.50% (Best: 83.89% @ Ep7997) | LR: 0.000300 | Rev: 1/99999
Epoch 8691 | Cost: 0.201095 | Acc: 81.94% (Best: 83.89% @ Ep7997) | LR: 0.000300 | Rev: 0/99999
Epoch 8692 | Cost: 0.233414 | Acc: 82.22% (Best: 83.89% @ Ep7997) | LR: 0.000300 | Rev: 1/99999
Epoch 8693 | Cost: 0.212030 | Acc: 82.22% (Best: 83.89% @ Ep7997) | LR: 0.000300 | Rev: 0/99999
Epoch 8694 | Cost: 0.208022 | Acc: 81.11% (Best: 83.89% @ Ep7997) | LR: 0.000300 | Rev: 0/99999
Epoch 8695 | Cost: 0.220040 | Acc: 82.22% (Best: 83.89% @ Ep7997) | LR: 0.000300 | Rev: 1/99999
Epoch 8696 | Cost: 0.198578 | Acc: 82.22% (Best: 83.89% @ Ep7997) | LR: 0.000300 | Rev: 0/99999
Epoch 8697 | Cost: 0.218006 | Acc: 82.50% (Best: 83.89% @ Ep7997) | LR: 0.000300 | Rev: 1/99999
Epoch 8698 | Cost: 0.222876 | Acc: 81.94% (Best: 83.89% @ Ep7997) | LR: 0.000300 | Rev: 2/99999
Epoch 8699 | Cost: 0.225707 | Acc: 82.22% (Best: 83.89% @ Ep7997) | LR: 0.000300 | Rev: 3/99999
Epoch 8700 | Cost: 0.216724 | Acc: 82.50% (Best: 83.89% @ Ep7997) | LR: 0.000300 | Rev: 0/99999
Epoch 8701 | Cost: 0.210840 | Acc: 82.22% (Best: 83.89% @ Ep7997) | LR: 0.000300 | Rev: 0/99999
Epoch 8702 | Cost: 0.203931 | Acc: 81.67% (Best: 83.89% @ Ep7997) | LR: 0.000300 | Rev: 0/99999
Epoch 8703 | Cost: 0.200225 | Acc: 81.67% (Best: 83.89% @ Ep7997) | LR: 0.000300 | Rev: 0/99999
Epoch 8704 | Cost: 0.216904 | Acc: 82.22% (Best: 83.89% @ Ep7997) | LR: 0.000300 | Rev: 1/99999
Epoch 8705 | Cost: 0.202945 | Acc: 81.94% (Best: 83.89% @ Ep7997) | LR: 0.000300 | Rev: 0/99999
Epoch 8706 | Cost: 0.209004 | Acc: 82.22% (Best: 83.89% @ Ep7997) | LR: 0.000300 | Rev: 1/99999
Epoch 8707 | Cost: 0.234672 | Acc: 82.22% (Best: 83.89% @ Ep7997) | LR: 0.000300 | Rev: 2/99999
Epoch 8708 | Cost: 0.216841 | Acc: 82.22% (Best: 83.89% @ Ep7997) | LR: 0.000300 | Rev: 0/99999
Epoch 8709 | Cost: 0.211536 | Acc: 81.67% (Best: 83.89% @ Ep7997) | LR: 0.000300 | Rev: 0/99999
Epoch 8710 | Cost: 0.215519 | Acc: 81.94% (Best: 83.89% @ Ep7997) | LR: 0.000300 | Rev: 1/99999
Epoch 8711 | Cost: 0.224898 | Acc: 82.22% (Best: 83.89% @ Ep7997) | LR: 0.000300 | Rev: 2/99999
Epoch 8712 | Cost: 0.224233 | Acc: 81.11% (Best: 83.89% @ Ep7997) | LR: 0.000300 | Rev: 0/99999
Epoch 8713 | Cost: 0.215026 | Acc: 81.94% (Best: 83.89% @ Ep7997) | LR: 0.000300 | Rev: 0/99999
Epoch 8714 | Cost: 0.213657 | Acc: 81.67% (Best: 83.89% @ Ep7997) | LR: 0.000300 | Rev: 0/99999
Epoch 8715 | Cost: 0.207326 | Acc: 81.67% (Best: 83.89% @ Ep7997) | LR: 0.000300 | Rev: 0/99999
Epoch 8716 | Cost: 0.203387 | Acc: 81.67% (Best: 83.89% @ Ep7997) | LR: 0.000300 | Rev: 0/99999
Epoch 8717 | Cost: 0.226486 | Acc: 81.39% (Best: 83.89% @ Ep7997) | LR: 0.000300 | Rev: 1/99999
Epoch 8718 | Cost: 0.212869 | Acc: 81.94% (Best: 83.89% @ Ep7997) | LR: 0.000300 | Rev: 0/99999
Epoch 8719 | Cost: 0.204933 | Acc: 81.39% (Best: 83.89% @ Ep7997) | LR: 0.000300 | Rev: 0/99999
Epoch 8720 | Cost: 0.216058 | Acc: 81.94% (Best: 83.89% @ Ep7997) | LR: 0.000300 | Rev: 1/99999
Epoch 8721 | Cost: 0.228372 | Acc: 81.94% (Best: 83.89% @ Ep7997) | LR: 0.000300 | Rev: 2/99999
Epoch 8722 | Cost: 0.212189 | Acc: 82.50% (Best: 83.89% @ Ep7997) | LR: 0.000300 | Rev: 0/99999
Epoch 8723 | Cost: 0.217368 | Acc: 82.22% (Best: 83.89% @ Ep7997) | LR: 0.000300 | Rev: 1/99999
Epoch 8724 | Cost: 0.211516 | Acc: 82.50% (Best: 83.89% @ Ep7997) | LR: 0.000300 | Rev: 0/99999
Epoch 8725 | Cost: 0.198993 | Acc: 81.39% (Best: 83.89% @ Ep7997) | LR: 0.000300 | Rev: 0/99999
Epoch 8726 | Cost: 0.228137 | Acc: 82.22% (Best: 83.89% @ Ep7997) | LR: 0.000300 | Rev: 1/99999
Epoch 8727 | Cost: 0.218885 | Acc: 81.67% (Best: 83.89% @ Ep7997) | LR: 0.000300 | Rev: 0/99999
Epoch 8728 | Cost: 0.211616 | Acc: 82.50% (Best: 83.89% @ Ep7997) | LR: 0.000300 | Rev: 0/99999
Epoch 8729 | Cost: 0.224484 | Acc: 82.22% (Best: 83.89% @ Ep7997) | LR: 0.000300 | Rev: 1/99999
Epoch 8730 | Cost: 0.223426 | Acc: 82.50% (Best: 83.89% @ Ep7997) | LR: 0.000300 | Rev: 0/99999
Epoch 8731 | Cost: 0.231427 | Acc: 81.67% (Best: 83.89% @ Ep7997) | LR: 0.000300 | Rev: 1/99999
Epoch 8732 | Cost: 0.222349 | Acc: 82.50% (Best: 83.89% @ Ep7997) | LR: 0.000300 | Rev: 0/99999
Epoch 8733 | Cost: 0.218660 | Acc: 81.39% (Best: 83.89% @ Ep7997) | LR: 0.000300 | Rev: 0/99999
Epoch 8734 | Cost: 0.213682 | Acc: 82.22% (Best: 83.89% @ Ep7997) | LR: 0.000300 | Rev: 0/99999
Epoch 8735 | Cost: 0.198993 | Acc: 80.83% (Best: 83.89% @ Ep7997) | LR: 0.000300 | Rev: 0/99999
Epoch 8736 | Cost: 0.236243 | Acc: 80.56% (Best: 83.89% @ Ep7997) | LR: 0.000300 | Rev: 1/99999
Epoch 8737 | Cost: 0.224770 | Acc: 82.78% (Best: 83.89% @ Ep7997) | LR: 0.000300 | Rev: 0/99999
Epoch 8738 | Cost: 0.220059 | Acc: 81.94% (Best: 83.89% @ Ep7997) | LR: 0.000300 | Rev: 0/99999
Epoch 8739 | Cost: 0.217285 | Acc: 81.94% (Best: 83.89% @ Ep7997) | LR: 0.000300 | Rev: 0/99999
Epoch 8740 | Cost: 0.208632 | Acc: 83.06% (Best: 83.89% @ Ep7997) | LR: 0.000300 | Rev: 0/99999
Epoch 8741 | Cost: 0.235688 | Acc: 81.94% (Best: 83.89% @ Ep7997) | LR: 0.000300 | Rev: 1/99999
Epoch 8742 | Cost: 0.213241 | Acc: 81.94% (Best: 83.89% @ Ep7997) | LR: 0.000300 | Rev: 0/99999
Epoch 8743 | Cost: 0.218009 | Acc: 81.67% (Best: 83.89% @ Ep7997) | LR: 0.000300 | Rev: 1/99999
Epoch 8744 | Cost: 0.208771 | Acc: 80.56% (Best: 83.89% @ Ep7997) | LR: 0.000300 | Rev: 0/99999
Epoch 8745 | Cost: 0.218698 | Acc: 82.22% (Best: 83.89% @ Ep7997) | LR: 0.000300 | Rev: 1/99999
Epoch 8746 | Cost: 0.217347 | Acc: 82.78% (Best: 83.89% @ Ep7997) | LR: 0.000300 | Rev: 0/99999
Epoch 8747 | Cost: 0.208719 | Acc: 82.50% (Best: 83.89% @ Ep7997) | LR: 0.000300 | Rev: 0/99999
Epoch 8748 | Cost: 0.200864 | Acc: 81.94% (Best: 83.89% @ Ep7997) | LR: 0.000300 | Rev: 0/99999
Epoch 8749 | Cost: 0.209966 | Acc: 82.22% (Best: 83.89% @ Ep7997) | LR: 0.000300 | Rev: 1/99999
Epoch 8750 | Cost: 0.232131 | Acc: 82.22% (Best: 83.89% @ Ep7997) | LR: 0.000300 | Rev: 2/99999
Epoch 8751 | Cost: 0.218499 | Acc: 81.94% (Best: 83.89% @ Ep7997) | LR: 0.000300 | Rev: 0/99999
Epoch 8752 | Cost: 0.207368 | Acc: 81.67% (Best: 83.89% @ Ep7997) | LR: 0.000300 | Rev: 0/99999
Epoch 8753 | Cost: 0.229063 | Acc: 80.83% (Best: 83.89% @ Ep7997) | LR: 0.000300 | Rev: 1/99999
Epoch 8754 | Cost: 0.222140 | Acc: 81.11% (Best: 83.89% @ Ep7997) | LR: 0.000300 | Rev: 0/99999
Epoch 8755 | Cost: 0.211333 | Acc: 82.50% (Best: 83.89% @ Ep7997) | LR: 0.000300 | Rev: 0/99999
Epoch 8756 | Cost: 0.217387 | Acc: 81.67% (Best: 83.89% @ Ep7997) | LR: 0.000300 | Rev: 1/99999
Epoch 8757 | Cost: 0.200730 | Acc: 81.11% (Best: 83.89% @ Ep7997) | LR: 0.000300 | Rev: 0/99999
Epoch 8758 | Cost: 0.208456 | Acc: 82.22% (Best: 83.89% @ Ep7997) | LR: 0.000300 | Rev: 1/99999
Epoch 8759 | Cost: 0.220216 | Acc: 81.67% (Best: 83.89% @ Ep7997) | LR: 0.000300 | Rev: 2/99999
Epoch 8760 | Cost: 0.221620 | Acc: 81.94% (Best: 83.89% @ Ep7997) | LR: 0.000300 | Rev: 3/99999
Epoch 8761 | Cost: 0.221122 | Acc: 80.83% (Best: 83.89% @ Ep7997) | LR: 0.000300 | Rev: 0/99999
Epoch 8762 | Cost: 0.227037 | Acc: 81.11% (Best: 83.89% @ Ep7997) | LR: 0.000300 | Rev: 1/99999
Epoch 8763 | Cost: 0.213074 | Acc: 81.67% (Best: 83.89% @ Ep7997) | LR: 0.000300 | Rev: 0/99999
Epoch 8764 | Cost: 0.219337 | Acc: 81.39% (Best: 83.89% @ Ep7997) | LR: 0.000300 | Rev: 1/99999
Epoch 8765 | Cost: 0.209413 | Acc: 81.39% (Best: 83.89% @ Ep7997) | LR: 0.000300 | Rev: 0/99999
Epoch 8766 | Cost: 0.216729 | Acc: 81.94% (Best: 83.89% @ Ep7997) | LR: 0.000300 | Rev: 1/99999
Epoch 8767 | Cost: 0.199838 | Acc: 82.50% (Best: 83.89% @ Ep7997) | LR: 0.000300 | Rev: 0/99999
Epoch 8768 | Cost: 0.221747 | Acc: 81.67% (Best: 83.89% @ Ep7997) | LR: 0.000300 | Rev: 1/99999
Epoch 8769 | Cost: 0.219867 | Acc: 81.94% (Best: 83.89% @ Ep7997) | LR: 0.000300 | Rev: 0/99999
Epoch 8770 | Cost: 0.200076 | Acc: 81.94% (Best: 83.89% @ Ep7997) | LR: 0.000300 | Rev: 0/99999
Epoch 8771 | Cost: 0.208751 | Acc: 81.94% (Best: 83.89% @ Ep7997) | LR: 0.000300 | Rev: 1/99999
Epoch 8772 | Cost: 0.214678 | Acc: 81.67% (Best: 83.89% @ Ep7997) | LR: 0.000300 | Rev: 2/99999
Epoch 8773 | Cost: 0.202730 | Acc: 81.67% (Best: 83.89% @ Ep7997) | LR: 0.000300 | Rev: 0/99999
Epoch 8774 | Cost: 0.207968 | Acc: 82.22% (Best: 83.89% @ Ep7997) | LR: 0.000300 | Rev: 1/99999
Epoch 8775 | Cost: 0.215593 | Acc: 81.94% (Best: 83.89% @ Ep7997) | LR: 0.000300 | Rev: 2/99999
Epoch 8776 | Cost: 0.210257 | Acc: 81.67% (Best: 83.89% @ Ep7997) | LR: 0.000300 | Rev: 0/99999
Epoch 8777 | Cost: 0.215948 | Acc: 81.94% (Best: 83.89% @ Ep7997) | LR: 0.000300 | Rev: 1/99999
Epoch 8778 | Cost: 0.207506 | Acc: 81.67% (Best: 83.89% @ Ep7997) | LR: 0.000300 | Rev: 0/99999
Epoch 8779 | Cost: 0.221948 | Acc: 82.22% (Best: 83.89% @ Ep7997) | LR: 0.000300 | Rev: 1/99999
Epoch 8780 | Cost: 0.213119 | Acc: 81.39% (Best: 83.89% @ Ep7997) | LR: 0.000300 | Rev: 0/99999
Epoch 8781 | Cost: 0.239496 | Acc: 82.22% (Best: 83.89% @ Ep7997) | LR: 0.000300 | Rev: 1/99999
Epoch 8782 | Cost: 0.216897 | Acc: 81.39% (Best: 83.89% @ Ep7997) | LR: 0.000300 | Rev: 0/99999
Epoch 8783 | Cost: 0.220943 | Acc: 81.11% (Best: 83.89% @ Ep7997) | LR: 0.000300 | Rev: 1/99999
Epoch 8784 | Cost: 0.199637 | Acc: 81.94% (Best: 83.89% @ Ep7997) | LR: 0.000300 | Rev: 0/99999
Epoch 8785 | Cost: 0.205495 | Acc: 81.94% (Best: 83.89% @ Ep7997) | LR: 0.000300 | Rev: 1/99999
Epoch 8786 | Cost: 0.204718 | Acc: 82.50% (Best: 83.89% @ Ep7997) | LR: 0.000300 | Rev: 0/99999
Epoch 8787 | Cost: 0.216631 | Acc: 81.94% (Best: 83.89% @ Ep7997) | LR: 0.000300 | Rev: 1/99999
Epoch 8788 | Cost: 0.225295 | Acc: 81.11% (Best: 83.89% @ Ep7997) | LR: 0.000300 | Rev: 2/99999
Epoch 8789 | Cost: 0.222575 | Acc: 81.11% (Best: 83.89% @ Ep7997) | LR: 0.000300 | Rev: 0/99999
Epoch 8790 | Cost: 0.221291 | Acc: 82.78% (Best: 83.89% @ Ep7997) | LR: 0.000300 | Rev: 0/99999
Epoch 8791 | Cost: 0.222013 | Acc: 80.83% (Best: 83.89% @ Ep7997) | LR: 0.000300 | Rev: 1/99999
Epoch 8792 | Cost: 0.205960 | Acc: 81.11% (Best: 83.89% @ Ep7997) | LR: 0.000300 | Rev: 0/99999
Epoch 8793 | Cost: 0.206956 | Acc: 82.22% (Best: 83.89% @ Ep7997) | LR: 0.000300 | Rev: 1/99999
Epoch 8794 | Cost: 0.233781 | Acc: 81.11% (Best: 83.89% @ Ep7997) | LR: 0.000300 | Rev: 2/99999
Epoch 8795 | Cost: 0.208487 | Acc: 81.39% (Best: 83.89% @ Ep7997) | LR: 0.000300 | Rev: 0/99999
Epoch 8796 | Cost: 0.207435 | Acc: 82.50% (Best: 83.89% @ Ep7997) | LR: 0.000300 | Rev: 0/99999
Epoch 8797 | Cost: 0.204429 | Acc: 81.39% (Best: 83.89% @ Ep7997) | LR: 0.000300 | Rev: 0/99999
Epoch 8798 | Cost: 0.212518 | Acc: 82.22% (Best: 83.89% @ Ep7997) | LR: 0.000300 | Rev: 1/99999
Epoch 8799 | Cost: 0.203681 | Acc: 81.11% (Best: 83.89% @ Ep7997) | LR: 0.000300 | Rev: 0/99999
Epoch 8800 | Cost: 0.217455 | Acc: 82.50% (Best: 83.89% @ Ep7997) | LR: 0.000300 | Rev: 1/99999
Epoch 8801 | Cost: 0.191001 | Acc: 81.67% (Best: 83.89% @ Ep7997) | LR: 0.000300 | Rev: 0/99999
Epoch 8802 | Cost: 0.213789 | Acc: 81.94% (Best: 83.89% @ Ep7997) | LR: 0.000300 | Rev: 1/99999
Epoch 8803 | Cost: 0.225457 | Acc: 82.22% (Best: 83.89% @ Ep7997) | LR: 0.000300 | Rev: 2/99999
Epoch 8804 | Cost: 0.228251 | Acc: 82.22% (Best: 83.89% @ Ep7997) | LR: 0.000300 | Rev: 3/99999
Epoch 8805 | Cost: 0.219323 | Acc: 83.06% (Best: 83.89% @ Ep7997) | LR: 0.000300 | Rev: 0/99999
Epoch 8806 | Cost: 0.235640 | Acc: 81.39% (Best: 83.89% @ Ep7997) | LR: 0.000300 | Rev: 1/99999
Epoch 8807 | Cost: 0.204226 | Acc: 82.22% (Best: 83.89% @ Ep7997) | LR: 0.000300 | Rev: 0/99999
Epoch 8808 | Cost: 0.201982 | Acc: 82.50% (Best: 83.89% @ Ep7997) | LR: 0.000300 | Rev: 0/99999
Epoch 8809 | Cost: 0.207136 | Acc: 81.94% (Best: 83.89% @ Ep7997) | LR: 0.000300 | Rev: 1/99999
Epoch 8810 | Cost: 0.216160 | Acc: 82.22% (Best: 83.89% @ Ep7997) | LR: 0.000300 | Rev: 2/99999
Epoch 8811 | Cost: 0.210682 | Acc: 81.11% (Best: 83.89% @ Ep7997) | LR: 0.000300 | Rev: 0/99999
Epoch 8812 | Cost: 0.207649 | Acc: 81.11% (Best: 83.89% @ Ep7997) | LR: 0.000300 | Rev: 0/99999
Epoch 8813 | Cost: 0.219352 | Acc: 81.67% (Best: 83.89% @ Ep7997) | LR: 0.000300 | Rev: 1/99999
Epoch 8814 | Cost: 0.209253 | Acc: 81.11% (Best: 83.89% @ Ep7997) | LR: 0.000300 | Rev: 0/99999
Epoch 8815 | Cost: 0.233487 | Acc: 81.67% (Best: 83.89% @ Ep7997) | LR: 0.000300 | Rev: 1/99999
Epoch 8816 | Cost: 0.223662 | Acc: 81.94% (Best: 83.89% @ Ep7997) | LR: 0.000300 | Rev: 0/99999
Epoch 8817 | Cost: 0.211441 | Acc: 81.94% (Best: 83.89% @ Ep7997) | LR: 0.000300 | Rev: 0/99999
Epoch 8818 | Cost: 0.198182 | Acc: 82.22% (Best: 83.89% @ Ep7997) | LR: 0.000300 | Rev: 0/99999
Epoch 8819 | Cost: 0.214590 | Acc: 81.94% (Best: 83.89% @ Ep7997) | LR: 0.000300 | Rev: 1/99999
Epoch 8820 | Cost: 0.210703 | Acc: 81.67% (Best: 83.89% @ Ep7997) | LR: 0.000300 | Rev: 0/99999
Epoch 8821 | Cost: 0.226005 | Acc: 81.67% (Best: 83.89% @ Ep7997) | LR: 0.000300 | Rev: 1/99999
Epoch 8822 | Cost: 0.213138 | Acc: 81.67% (Best: 83.89% @ Ep7997) | LR: 0.000300 | Rev: 0/99999
Epoch 8823 | Cost: 0.211372 | Acc: 81.11% (Best: 83.89% @ Ep7997) | LR: 0.000300 | Rev: 0/99999
Epoch 8824 | Cost: 0.191805 | Acc: 82.22% (Best: 83.89% @ Ep7997) | LR: 0.000300 | Rev: 0/99999
Epoch 8825 | Cost: 0.213213 | Acc: 81.11% (Best: 83.89% @ Ep7997) | LR: 0.000300 | Rev: 1/99999
Epoch 8826 | Cost: 0.219881 | Acc: 80.83% (Best: 83.89% @ Ep7997) | LR: 0.000300 | Rev: 2/99999
Epoch 8827 | Cost: 0.209155 | Acc: 81.67% (Best: 83.89% @ Ep7997) | LR: 0.000300 | Rev: 0/99999
Epoch 8828 | Cost: 0.227059 | Acc: 81.67% (Best: 83.89% @ Ep7997) | LR: 0.000300 | Rev: 1/99999
Epoch 8829 | Cost: 0.200258 | Acc: 80.83% (Best: 83.89% @ Ep7997) | LR: 0.000300 | Rev: 0/99999
Epoch 8830 | Cost: 0.224500 | Acc: 80.56% (Best: 83.89% @ Ep7997) | LR: 0.000300 | Rev: 1/99999
Epoch 8831 | Cost: 0.202498 | Acc: 81.67% (Best: 83.89% @ Ep7997) | LR: 0.000300 | Rev: 0/99999
Epoch 8832 | Cost: 0.194644 | Acc: 82.78% (Best: 83.89% @ Ep7997) | LR: 0.000300 | Rev: 0/99999
Epoch 8833 | Cost: 0.207312 | Acc: 82.22% (Best: 83.89% @ Ep7997) | LR: 0.000300 | Rev: 1/99999
Epoch 8834 | Cost: 0.202062 | Acc: 82.22% (Best: 83.89% @ Ep7997) | LR: 0.000300 | Rev: 0/99999
Epoch 8835 | Cost: 0.205811 | Acc: 82.22% (Best: 83.89% @ Ep7997) | LR: 0.000300 | Rev: 1/99999
Epoch 8836 | Cost: 0.201798 | Acc: 82.22% (Best: 83.89% @ Ep7997) | LR: 0.000300 | Rev: 0/99999
Epoch 8837 | Cost: 0.210033 | Acc: 81.67% (Best: 83.89% @ Ep7997) | LR: 0.000300 | Rev: 1/99999
Epoch 8838 | Cost: 0.216813 | Acc: 81.11% (Best: 83.89% @ Ep7997) | LR: 0.000300 | Rev: 2/99999
Epoch 8839 | Cost: 0.231324 | Acc: 81.94% (Best: 83.89% @ Ep7997) | LR: 0.000300 | Rev: 3/99999
Epoch 8840 | Cost: 0.209057 | Acc: 82.22% (Best: 83.89% @ Ep7997) | LR: 0.000300 | Rev: 0/99999
Epoch 8841 | Cost: 0.215947 | Acc: 82.50% (Best: 83.89% @ Ep7997) | LR: 0.000300 | Rev: 1/99999
Epoch 8842 | Cost: 0.201769 | Acc: 82.22% (Best: 83.89% @ Ep7997) | LR: 0.000300 | Rev: 0/99999
Epoch 8843 | Cost: 0.209232 | Acc: 81.94% (Best: 83.89% @ Ep7997) | LR: 0.000300 | Rev: 1/99999
Epoch 8844 | Cost: 0.192216 | Acc: 82.22% (Best: 83.89% @ Ep7997) | LR: 0.000300 | Rev: 0/99999
Epoch 8845 | Cost: 0.204129 | Acc: 81.67% (Best: 83.89% @ Ep7997) | LR: 0.000300 | Rev: 1/99999
Epoch 8846 | Cost: 0.193859 | Acc: 81.94% (Best: 83.89% @ Ep7997) | LR: 0.000300 | Rev: 0/99999
Epoch 8847 | Cost: 0.233616 | Acc: 81.11% (Best: 83.89% @ Ep7997) | LR: 0.000300 | Rev: 1/99999
Epoch 8848 | Cost: 0.210208 | Acc: 81.67% (Best: 83.89% @ Ep7997) | LR: 0.000300 | Rev: 0/99999
Epoch 8849 | Cost: 0.216078 | Acc: 80.56% (Best: 83.89% @ Ep7997) | LR: 0.000300 | Rev: 1/99999
Epoch 8850 | Cost: 0.213871 | Acc: 81.39% (Best: 83.89% @ Ep7997) | LR: 0.000300 | Rev: 0/99999
Epoch 8851 | Cost: 0.207274 | Acc: 83.33% (Best: 83.89% @ Ep7997) | LR: 0.000300 | Rev: 0/99999
Epoch 8852 | Cost: 0.207542 | Acc: 82.22% (Best: 83.89% @ Ep7997) | LR: 0.000300 | Rev: 1/99999
Epoch 8853 | Cost: 0.200437 | Acc: 83.33% (Best: 83.89% @ Ep7997) | LR: 0.000300 | Rev: 0/99999
Epoch 8854 | Cost: 0.218341 | Acc: 81.67% (Best: 83.89% @ Ep7997) | LR: 0.000300 | Rev: 1/99999
Epoch 8855 | Cost: 0.214767 | Acc: 81.67% (Best: 83.89% @ Ep7997) | LR: 0.000300 | Rev: 0/99999
Epoch 8856 | Cost: 0.217747 | Acc: 81.39% (Best: 83.89% @ Ep7997) | LR: 0.000300 | Rev: 1/99999
Epoch 8857 | Cost: 0.208191 | Acc: 81.67% (Best: 83.89% @ Ep7997) | LR: 0.000300 | Rev: 0/99999
Epoch 8858 | Cost: 0.199115 | Acc: 81.94% (Best: 83.89% @ Ep7997) | LR: 0.000300 | Rev: 0/99999
Epoch 8859 | Cost: 0.213003 | Acc: 81.94% (Best: 83.89% @ Ep7997) | LR: 0.000300 | Rev: 1/99999
Epoch 8860 | Cost: 0.210220 | Acc: 81.94% (Best: 83.89% @ Ep7997) | LR: 0.000300 | Rev: 0/99999
Epoch 8861 | Cost: 0.225697 | Acc: 80.56% (Best: 83.89% @ Ep7997) | LR: 0.000300 | Rev: 1/99999
Epoch 8862 | Cost: 0.201583 | Acc: 82.22% (Best: 83.89% @ Ep7997) | LR: 0.000300 | Rev: 0/99999
Epoch 8863 | Cost: 0.217928 | Acc: 81.67% (Best: 83.89% @ Ep7997) | LR: 0.000300 | Rev: 1/99999
Epoch 8864 | Cost: 0.231379 | Acc: 82.22% (Best: 83.89% @ Ep7997) | LR: 0.000300 | Rev: 2/99999
Epoch 8865 | Cost: 0.208785 | Acc: 82.22% (Best: 83.89% @ Ep7997) | LR: 0.000300 | Rev: 0/99999
Epoch 8866 | Cost: 0.221827 | Acc: 81.94% (Best: 83.89% @ Ep7997) | LR: 0.000300 | Rev: 1/99999
Epoch 8867 | Cost: 0.211505 | Acc: 81.39% (Best: 83.89% @ Ep7997) | LR: 0.000300 | Rev: 0/99999
Epoch 8868 | Cost: 0.198101 | Acc: 82.50% (Best: 83.89% @ Ep7997) | LR: 0.000300 | Rev: 0/99999
Epoch 8869 | Cost: 0.229173 | Acc: 82.22% (Best: 83.89% @ Ep7997) | LR: 0.000300 | Rev: 1/99999
Epoch 8870 | Cost: 0.206879 | Acc: 82.22% (Best: 83.89% @ Ep7997) | LR: 0.000300 | Rev: 0/99999
Epoch 8871 | Cost: 0.221512 | Acc: 81.94% (Best: 83.89% @ Ep7997) | LR: 0.000300 | Rev: 1/99999
Epoch 8872 | Cost: 0.193916 | Acc: 82.22% (Best: 83.89% @ Ep7997) | LR: 0.000300 | Rev: 0/99999
Epoch 8873 | Cost: 0.208244 | Acc: 83.06% (Best: 83.89% @ Ep7997) | LR: 0.000300 | Rev: 1/99999
Epoch 8874 | Cost: 0.214865 | Acc: 82.78% (Best: 83.89% @ Ep7997) | LR: 0.000300 | Rev: 2/99999
Epoch 8875 | Cost: 0.210241 | Acc: 83.33% (Best: 83.89% @ Ep7997) | LR: 0.000300 | Rev: 0/99999
Epoch 8876 | Cost: 0.201846 | Acc: 82.78% (Best: 83.89% @ Ep7997) | LR: 0.000300 | Rev: 0/99999
Epoch 8877 | Cost: 0.209100 | Acc: 81.94% (Best: 83.89% @ Ep7997) | LR: 0.000300 | Rev: 1/99999
Epoch 8878 | Cost: 0.208905 | Acc: 81.67% (Best: 83.89% @ Ep7997) | LR: 0.000300 | Rev: 0/99999
Epoch 8879 | Cost: 0.202043 | Acc: 81.39% (Best: 83.89% @ Ep7997) | LR: 0.000300 | Rev: 0/99999
Epoch 8880 | Cost: 0.208237 | Acc: 82.50% (Best: 83.89% @ Ep7997) | LR: 0.000300 | Rev: 1/99999
Epoch 8881 | Cost: 0.194434 | Acc: 81.11% (Best: 83.89% @ Ep7997) | LR: 0.000300 | Rev: 0/99999
Epoch 8882 | Cost: 0.223769 | Acc: 82.78% (Best: 83.89% @ Ep7997) | LR: 0.000300 | Rev: 1/99999
Epoch 8883 | Cost: 0.206068 | Acc: 81.94% (Best: 83.89% @ Ep7997) | LR: 0.000300 | Rev: 0/99999
Epoch 8884 | Cost: 0.202359 | Acc: 81.94% (Best: 83.89% @ Ep7997) | LR: 0.000300 | Rev: 0/99999
Epoch 8885 | Cost: 0.206639 | Acc: 82.50% (Best: 83.89% @ Ep7997) | LR: 0.000300 | Rev: 1/99999
Epoch 8886 | Cost: 0.217366 | Acc: 81.67% (Best: 83.89% @ Ep7997) | LR: 0.000300 | Rev: 2/99999
Epoch 8887 | Cost: 0.207964 | Acc: 82.78% (Best: 83.89% @ Ep7997) | LR: 0.000300 | Rev: 0/99999
Epoch 8888 | Cost: 0.206875 | Acc: 81.67% (Best: 83.89% @ Ep7997) | LR: 0.000300 | Rev: 0/99999
Epoch 8889 | Cost: 0.217744 | Acc: 81.67% (Best: 83.89% @ Ep7997) | LR: 0.000300 | Rev: 1/99999
Epoch 8890 | Cost: 0.210747 | Acc: 82.22% (Best: 83.89% @ Ep7997) | LR: 0.000300 | Rev: 0/99999
Epoch 8891 | Cost: 0.224686 | Acc: 81.67% (Best: 83.89% @ Ep7997) | LR: 0.000300 | Rev: 1/99999
Epoch 8892 | Cost: 0.221536 | Acc: 82.22% (Best: 83.89% @ Ep7997) | LR: 0.000300 | Rev: 0/99999
Epoch 8893 | Cost: 0.208886 | Acc: 82.50% (Best: 83.89% @ Ep7997) | LR: 0.000300 | Rev: 0/99999
Epoch 8894 | Cost: 0.221816 | Acc: 81.94% (Best: 83.89% @ Ep7997) | LR: 0.000300 | Rev: 1/99999
Epoch 8895 | Cost: 0.208923 | Acc: 81.67% (Best: 83.89% @ Ep7997) | LR: 0.000300 | Rev: 0/99999
Epoch 8896 | Cost: 0.200860 | Acc: 82.78% (Best: 83.89% @ Ep7997) | LR: 0.000300 | Rev: 0/99999
Epoch 8897 | Cost: 0.201463 | Acc: 81.94% (Best: 83.89% @ Ep7997) | LR: 0.000300 | Rev: 1/99999
Epoch 8898 | Cost: 0.212376 | Acc: 83.06% (Best: 83.89% @ Ep7997) | LR: 0.000300 | Rev: 2/99999
Epoch 8899 | Cost: 0.215492 | Acc: 82.22% (Best: 83.89% @ Ep7997) | LR: 0.000300 | Rev: 3/99999
Epoch 8900 | Cost: 0.223442 | Acc: 83.06% (Best: 83.89% @ Ep7997) | LR: 0.000300 | Rev: 4/99999
Epoch 8901 | Cost: 0.211262 | Acc: 82.50% (Best: 83.89% @ Ep7997) | LR: 0.000300 | Rev: 0/99999
Epoch 8902 | Cost: 0.216771 | Acc: 81.11% (Best: 83.89% @ Ep7997) | LR: 0.000300 | Rev: 1/99999
Epoch 8903 | Cost: 0.211804 | Acc: 82.22% (Best: 83.89% @ Ep7997) | LR: 0.000300 | Rev: 0/99999
Epoch 8904 | Cost: 0.218187 | Acc: 81.39% (Best: 83.89% @ Ep7997) | LR: 0.000300 | Rev: 1/99999
Epoch 8905 | Cost: 0.227687 | Acc: 81.94% (Best: 83.89% @ Ep7997) | LR: 0.000300 | Rev: 2/99999
Epoch 8906 | Cost: 0.221407 | Acc: 81.67% (Best: 83.89% @ Ep7997) | LR: 0.000300 | Rev: 0/99999
Epoch 8907 | Cost: 0.227987 | Acc: 80.83% (Best: 83.89% @ Ep7997) | LR: 0.000300 | Rev: 1/99999
Epoch 8908 | Cost: 0.209368 | Acc: 81.11% (Best: 83.89% @ Ep7997) | LR: 0.000300 | Rev: 0/99999
Epoch 8909 | Cost: 0.201656 | Acc: 82.22% (Best: 83.89% @ Ep7997) | LR: 0.000300 | Rev: 0/99999
Epoch 8910 | Cost: 0.202696 | Acc: 82.78% (Best: 83.89% @ Ep7997) | LR: 0.000300 | Rev: 1/99999
Epoch 8911 | Cost: 0.188660 | Acc: 80.83% (Best: 83.89% @ Ep7997) | LR: 0.000300 | Rev: 0/99999
Epoch 8912 | Cost: 0.192829 | Acc: 83.06% (Best: 83.89% @ Ep7997) | LR: 0.000300 | Rev: 1/99999
Epoch 8913 | Cost: 0.218596 | Acc: 81.67% (Best: 83.89% @ Ep7997) | LR: 0.000300 | Rev: 2/99999
Epoch 8914 | Cost: 0.207599 | Acc: 81.39% (Best: 83.89% @ Ep7997) | LR: 0.000300 | Rev: 0/99999
Epoch 8915 | Cost: 0.202510 | Acc: 83.06% (Best: 83.89% @ Ep7997) | LR: 0.000300 | Rev: 0/99999
Epoch 8916 | Cost: 0.198520 | Acc: 82.22% (Best: 83.89% @ Ep7997) | LR: 0.000300 | Rev: 0/99999
Epoch 8917 | Cost: 0.220792 | Acc: 81.39% (Best: 83.89% @ Ep7997) | LR: 0.000300 | Rev: 1/99999
Epoch 8918 | Cost: 0.196930 | Acc: 82.50% (Best: 83.89% @ Ep7997) | LR: 0.000300 | Rev: 0/99999
Epoch 8919 | Cost: 0.206203 | Acc: 81.11% (Best: 83.89% @ Ep7997) | LR: 0.000300 | Rev: 1/99999
Epoch 8920 | Cost: 0.211381 | Acc: 81.39% (Best: 83.89% @ Ep7997) | LR: 0.000300 | Rev: 2/99999
Epoch 8921 | Cost: 0.203678 | Acc: 81.94% (Best: 83.89% @ Ep7997) | LR: 0.000300 | Rev: 0/99999
Epoch 8922 | Cost: 0.204850 | Acc: 80.28% (Best: 83.89% @ Ep7997) | LR: 0.000300 | Rev: 1/99999
Epoch 8923 | Cost: 0.220085 | Acc: 80.56% (Best: 83.89% @ Ep7997) | LR: 0.000300 | Rev: 2/99999
Epoch 8924 | Cost: 0.208503 | Acc: 80.28% (Best: 83.89% @ Ep7997) | LR: 0.000300 | Rev: 0/99999
Epoch 8925 | Cost: 0.211731 | Acc: 82.22% (Best: 83.89% @ Ep7997) | LR: 0.000300 | Rev: 1/99999
Epoch 8926 | Cost: 0.212048 | Acc: 82.50% (Best: 83.89% @ Ep7997) | LR: 0.000300 | Rev: 2/99999
Epoch 8927 | Cost: 0.224973 | Acc: 82.22% (Best: 83.89% @ Ep7997) | LR: 0.000300 | Rev: 3/99999
Epoch 8928 | Cost: 0.203588 | Acc: 82.22% (Best: 83.89% @ Ep7997) | LR: 0.000300 | Rev: 0/99999
Epoch 8929 | Cost: 0.203887 | Acc: 82.50% (Best: 83.89% @ Ep7997) | LR: 0.000300 | Rev: 1/99999
Epoch 8930 | Cost: 0.213826 | Acc: 82.22% (Best: 83.89% @ Ep7997) | LR: 0.000300 | Rev: 2/99999
Epoch 8931 | Cost: 0.209273 | Acc: 81.94% (Best: 83.89% @ Ep7997) | LR: 0.000300 | Rev: 0/99999
Epoch 8932 | Cost: 0.207289 | Acc: 82.50% (Best: 83.89% @ Ep7997) | LR: 0.000300 | Rev: 0/99999
Epoch 8933 | Cost: 0.221230 | Acc: 81.67% (Best: 83.89% @ Ep7997) | LR: 0.000300 | Rev: 1/99999
Epoch 8934 | Cost: 0.225251 | Acc: 81.67% (Best: 83.89% @ Ep7997) | LR: 0.000300 | Rev: 2/99999
Epoch 8935 | Cost: 0.209847 | Acc: 82.50% (Best: 83.89% @ Ep7997) | LR: 0.000300 | Rev: 0/99999
Epoch 8936 | Cost: 0.217909 | Acc: 83.33% (Best: 83.89% @ Ep7997) | LR: 0.000300 | Rev: 1/99999
Epoch 8937 | Cost: 0.197594 | Acc: 81.67% (Best: 83.89% @ Ep7997) | LR: 0.000300 | Rev: 0/99999
Epoch 8938 | Cost: 0.216111 | Acc: 81.94% (Best: 83.89% @ Ep7997) | LR: 0.000300 | Rev: 1/99999
Epoch 8939 | Cost: 0.211242 | Acc: 83.06% (Best: 83.89% @ Ep7997) | LR: 0.000300 | Rev: 0/99999
Epoch 8940 | Cost: 0.211661 | Acc: 82.22% (Best: 83.89% @ Ep7997) | LR: 0.000300 | Rev: 1/99999
Epoch 8941 | Cost: 0.194175 | Acc: 81.39% (Best: 83.89% @ Ep7997) | LR: 0.000300 | Rev: 0/99999
Epoch 8942 | Cost: 0.224862 | Acc: 82.78% (Best: 83.89% @ Ep7997) | LR: 0.000300 | Rev: 1/99999
Epoch 8943 | Cost: 0.216980 | Acc: 80.83% (Best: 83.89% @ Ep7997) | LR: 0.000300 | Rev: 0/99999
Epoch 8944 | Cost: 0.220854 | Acc: 81.11% (Best: 83.89% @ Ep7997) | LR: 0.000300 | Rev: 1/99999
Epoch 8945 | Cost: 0.201292 | Acc: 81.94% (Best: 83.89% @ Ep7997) | LR: 0.000300 | Rev: 0/99999
Epoch 8946 | Cost: 0.209501 | Acc: 82.22% (Best: 83.89% @ Ep7997) | LR: 0.000300 | Rev: 1/99999
Epoch 8947 | Cost: 0.218006 | Acc: 81.39% (Best: 83.89% @ Ep7997) | LR: 0.000300 | Rev: 2/99999
Epoch 8948 | Cost: 0.209103 | Acc: 81.94% (Best: 83.89% @ Ep7997) | LR: 0.000300 | Rev: 0/99999
Epoch 8949 | Cost: 0.206011 | Acc: 82.22% (Best: 83.89% @ Ep7997) | LR: 0.000300 | Rev: 0/99999
Epoch 8950 | Cost: 0.209092 | Acc: 81.67% (Best: 83.89% @ Ep7997) | LR: 0.000300 | Rev: 1/99999
Epoch 8951 | Cost: 0.219047 | Acc: 81.94% (Best: 83.89% @ Ep7997) | LR: 0.000300 | Rev: 2/99999
Epoch 8952 | Cost: 0.190976 | Acc: 81.94% (Best: 83.89% @ Ep7997) | LR: 0.000300 | Rev: 0/99999
Epoch 8953 | Cost: 0.204391 | Acc: 82.50% (Best: 83.89% @ Ep7997) | LR: 0.000300 | Rev: 1/99999
Epoch 8954 | Cost: 0.204604 | Acc: 82.22% (Best: 83.89% @ Ep7997) | LR: 0.000300 | Rev: 2/99999
Epoch 8955 | Cost: 0.204756 | Acc: 81.67% (Best: 83.89% @ Ep7997) | LR: 0.000300 | Rev: 3/99999
Epoch 8956 | Cost: 0.200665 | Acc: 81.67% (Best: 83.89% @ Ep7997) | LR: 0.000300 | Rev: 0/99999
Epoch 8957 | Cost: 0.218581 | Acc: 81.11% (Best: 83.89% @ Ep7997) | LR: 0.000300 | Rev: 1/99999
Epoch 8958 | Cost: 0.207749 | Acc: 82.50% (Best: 83.89% @ Ep7997) | LR: 0.000300 | Rev: 0/99999
Epoch 8959 | Cost: 0.206610 | Acc: 82.78% (Best: 83.89% @ Ep7997) | LR: 0.000300 | Rev: 0/99999
Epoch 8960 | Cost: 0.219559 | Acc: 81.67% (Best: 83.89% @ Ep7997) | LR: 0.000300 | Rev: 1/99999
Epoch 8961 | Cost: 0.208924 | Acc: 81.94% (Best: 83.89% @ Ep7997) | LR: 0.000300 | Rev: 0/99999
Epoch 8962 | Cost: 0.227659 | Acc: 81.11% (Best: 83.89% @ Ep7997) | LR: 0.000300 | Rev: 1/99999
Epoch 8963 | Cost: 0.224578 | Acc: 83.06% (Best: 83.89% @ Ep7997) | LR: 0.000300 | Rev: 0/99999
Epoch 8964 | Cost: 0.218450 | Acc: 81.94% (Best: 83.89% @ Ep7997) | LR: 0.000300 | Rev: 0/99999
Epoch 8965 | Cost: 0.199214 | Acc: 81.94% (Best: 83.89% @ Ep7997) | LR: 0.000300 | Rev: 0/99999
Epoch 8966 | Cost: 0.210965 | Acc: 82.78% (Best: 83.89% @ Ep7997) | LR: 0.000300 | Rev: 1/99999
Epoch 8967 | Cost: 0.223456 | Acc: 83.06% (Best: 83.89% @ Ep7997) | LR: 0.000300 | Rev: 2/99999
Epoch 8968 | Cost: 0.212169 | Acc: 82.78% (Best: 83.89% @ Ep7997) | LR: 0.000300 | Rev: 0/99999
Epoch 8969 | Cost: 0.216675 | Acc: 82.22% (Best: 83.89% @ Ep7997) | LR: 0.000300 | Rev: 1/99999
Epoch 8970 | Cost: 0.223689 | Acc: 82.78% (Best: 83.89% @ Ep7997) | LR: 0.000300 | Rev: 2/99999
Epoch 8971 | Cost: 0.221296 | Acc: 82.22% (Best: 83.89% @ Ep7997) | LR: 0.000300 | Rev: 0/99999
Epoch 8972 | Cost: 0.199951 | Acc: 81.94% (Best: 83.89% @ Ep7997) | LR: 0.000300 | Rev: 0/99999
Epoch 8973 | Cost: 0.201150 | Acc: 82.22% (Best: 83.89% @ Ep7997) | LR: 0.000300 | Rev: 1/99999
Epoch 8974 | Cost: 0.220582 | Acc: 82.78% (Best: 83.89% @ Ep7997) | LR: 0.000300 | Rev: 2/99999
Epoch 8975 | Cost: 0.229134 | Acc: 84.17% (Best: 84.17% @ Ep8975) | LR: 0.000010 | Rev: 3/99999
Epoch 8976 | Cost: 0.212409 | Acc: 83.89% (Best: 84.17% @ Ep8975) | LR: 0.000010 | Rev: 0/99999
Epoch 8977 | Cost: 0.200549 | Acc: 83.33% (Best: 84.17% @ Ep8975) | LR: 0.000010 | Rev: 0/99999
Epoch 8978 | Cost: 0.204840 | Acc: 83.06% (Best: 84.17% @ Ep8975) | LR: 0.000010 | Rev: 1/99999
Epoch 8979 | Cost: 0.217268 | Acc: 82.78% (Best: 84.17% @ Ep8975) | LR: 0.000010 | Rev: 2/99999
Epoch 8980 | Cost: 0.188255 | Acc: 82.78% (Best: 84.17% @ Ep8975) | LR: 0.000010 | Rev: 0/99999
Epoch 8981 | Cost: 0.197600 | Acc: 82.50% (Best: 84.17% @ Ep8975) | LR: 0.000010 | Rev: 1/99999
Epoch 8982 | Cost: 0.170756 | Acc: 82.50% (Best: 84.17% @ Ep8975) | LR: 0.000010 | Rev: 0/99999
Epoch 8983 | Cost: 0.193009 | Acc: 82.50% (Best: 84.17% @ Ep8975) | LR: 0.000010 | Rev: 1/99999
Epoch 8984 | Cost: 0.197878 | Acc: 82.50% (Best: 84.17% @ Ep8975) | LR: 0.000010 | Rev: 2/99999
Epoch 8985 | Cost: 0.208198 | Acc: 82.50% (Best: 84.17% @ Ep8975) | LR: 0.000010 | Rev: 3/99999
Epoch 8986 | Cost: 0.190508 | Acc: 82.50% (Best: 84.17% @ Ep8975) | LR: 0.000010 | Rev: 0/99999
Epoch 8987 | Cost: 0.206449 | Acc: 82.50% (Best: 84.17% @ Ep8975) | LR: 0.000010 | Rev: 1/99999
Epoch 8988 | Cost: 0.206077 | Acc: 82.50% (Best: 84.17% @ Ep8975) | LR: 0.000010 | Rev: 0/99999
Epoch 8989 | Cost: 0.195340 | Acc: 82.50% (Best: 84.17% @ Ep8975) | LR: 0.000010 | Rev: 0/99999
Epoch 8990 | Cost: 0.196970 | Acc: 82.50% (Best: 84.17% @ Ep8975) | LR: 0.000010 | Rev: 1/99999
Epoch 8991 | Cost: 0.208297 | Acc: 82.50% (Best: 84.17% @ Ep8975) | LR: 0.000010 | Rev: 2/99999
Epoch 8992 | Cost: 0.211058 | Acc: 82.50% (Best: 84.17% @ Ep8975) | LR: 0.000010 | Rev: 3/99999
Epoch 8993 | Cost: 0.192100 | Acc: 82.50% (Best: 84.17% @ Ep8975) | LR: 0.000010 | Rev: 0/99999
Epoch 8994 | Cost: 0.219201 | Acc: 82.50% (Best: 84.17% @ Ep8975) | LR: 0.000010 | Rev: 1/99999
Epoch 8995 | Cost: 0.206982 | Acc: 82.50% (Best: 84.17% @ Ep8975) | LR: 0.000010 | Rev: 0/99999
Epoch 8996 | Cost: 0.193050 | Acc: 82.50% (Best: 84.17% @ Ep8975) | LR: 0.000010 | Rev: 0/99999
Epoch 8997 | Cost: 0.215451 | Acc: 82.50% (Best: 84.17% @ Ep8975) | LR: 0.000010 | Rev: 1/99999
Epoch 8998 | Cost: 0.209929 | Acc: 82.22% (Best: 84.17% @ Ep8975) | LR: 0.000010 | Rev: 0/99999
Epoch 8999 | Cost: 0.207058 | Acc: 82.22% (Best: 84.17% @ Ep8975) | LR: 0.000010 | Rev: 0/99999
Epoch 9000 | Cost: 0.186690 | Acc: 82.22% (Best: 84.17% @ Ep8975) | LR: 0.000010 | Rev: 0/99999
Epoch 9001 | Cost: 0.201688 | Acc: 82.50% (Best: 84.17% @ Ep8975) | LR: 0.000010 | Rev: 1/99999
Epoch 9002 | Cost: 0.192819 | Acc: 82.22% (Best: 84.17% @ Ep8975) | LR: 0.000010 | Rev: 0/99999
Epoch 9003 | Cost: 0.187001 | Acc: 82.22% (Best: 84.17% @ Ep8975) | LR: 0.000010 | Rev: 0/99999
Epoch 9004 | Cost: 0.214549 | Acc: 82.22% (Best: 84.17% @ Ep8975) | LR: 0.000010 | Rev: 1/99999
Epoch 9005 | Cost: 0.195407 | Acc: 82.22% (Best: 84.17% @ Ep8975) | LR: 0.000010 | Rev: 0/99999
Epoch 9006 | Cost: 0.210546 | Acc: 82.22% (Best: 84.17% @ Ep8975) | LR: 0.000010 | Rev: 1/99999
Epoch 9007 | Cost: 0.195980 | Acc: 82.22% (Best: 84.17% @ Ep8975) | LR: 0.000010 | Rev: 0/99999
Epoch 9008 | Cost: 0.221280 | Acc: 82.22% (Best: 84.17% @ Ep8975) | LR: 0.000010 | Rev: 1/99999
Epoch 9009 | Cost: 0.200907 | Acc: 82.22% (Best: 84.17% @ Ep8975) | LR: 0.000010 | Rev: 0/99999
Epoch 9010 | Cost: 0.193697 | Acc: 82.22% (Best: 84.17% @ Ep8975) | LR: 0.000010 | Rev: 0/99999
Epoch 9011 | Cost: 0.198925 | Acc: 81.94% (Best: 84.17% @ Ep8975) | LR: 0.000010 | Rev: 1/99999
Epoch 9012 | Cost: 0.198349 | Acc: 82.22% (Best: 84.17% @ Ep8975) | LR: 0.000010 | Rev: 0/99999
Epoch 9013 | Cost: 0.200108 | Acc: 82.22% (Best: 84.17% @ Ep8975) | LR: 0.000010 | Rev: 1/99999
Epoch 9014 | Cost: 0.207822 | Acc: 82.22% (Best: 84.17% @ Ep8975) | LR: 0.000010 | Rev: 2/99999
Epoch 9015 | Cost: 0.201347 | Acc: 82.22% (Best: 84.17% @ Ep8975) | LR: 0.000010 | Rev: 0/99999
Epoch 9016 | Cost: 0.183810 | Acc: 82.22% (Best: 84.17% @ Ep8975) | LR: 0.000010 | Rev: 0/99999
Epoch 9017 | Cost: 0.226726 | Acc: 82.50% (Best: 84.17% @ Ep8975) | LR: 0.000010 | Rev: 1/99999
Epoch 9018 | Cost: 0.191808 | Acc: 82.50% (Best: 84.17% @ Ep8975) | LR: 0.000010 | Rev: 0/99999
Epoch 9019 | Cost: 0.204345 | Acc: 82.50% (Best: 84.17% @ Ep8975) | LR: 0.000010 | Rev: 1/99999
Epoch 9020 | Cost: 0.204862 | Acc: 82.50% (Best: 84.17% @ Ep8975) | LR: 0.000010 | Rev: 2/99999
Epoch 9021 | Cost: 0.200261 | Acc: 82.50% (Best: 84.17% @ Ep8975) | LR: 0.000010 | Rev: 0/99999
Epoch 9022 | Cost: 0.190089 | Acc: 82.50% (Best: 84.17% @ Ep8975) | LR: 0.000010 | Rev: 0/99999
Epoch 9023 | Cost: 0.199221 | Acc: 82.22% (Best: 84.17% @ Ep8975) | LR: 0.000010 | Rev: 1/99999
Epoch 9024 | Cost: 0.197494 | Acc: 82.22% (Best: 84.17% @ Ep8975) | LR: 0.000010 | Rev: 0/99999
Epoch 9025 | Cost: 0.189024 | Acc: 82.22% (Best: 84.17% @ Ep8975) | LR: 0.000020 | Rev: 0/99999
Epoch 9026 | Cost: 0.195690 | Acc: 82.22% (Best: 84.17% @ Ep8975) | LR: 0.000020 | Rev: 1/99999
Epoch 9027 | Cost: 0.204756 | Acc: 82.22% (Best: 84.17% @ Ep8975) | LR: 0.000020 | Rev: 2/99999
Epoch 9028 | Cost: 0.207252 | Acc: 82.50% (Best: 84.17% @ Ep8975) | LR: 0.000020 | Rev: 3/99999
Epoch 9029 | Cost: 0.189012 | Acc: 82.50% (Best: 84.17% @ Ep8975) | LR: 0.000020 | Rev: 0/99999
Epoch 9030 | Cost: 0.205655 | Acc: 82.50% (Best: 84.17% @ Ep8975) | LR: 0.000020 | Rev: 1/99999
Epoch 9031 | Cost: 0.185770 | Acc: 82.78% (Best: 84.17% @ Ep8975) | LR: 0.000020 | Rev: 0/99999
Epoch 9032 | Cost: 0.200071 | Acc: 82.22% (Best: 84.17% @ Ep8975) | LR: 0.000020 | Rev: 1/99999
Epoch 9033 | Cost: 0.200717 | Acc: 82.50% (Best: 84.17% @ Ep8975) | LR: 0.000020 | Rev: 2/99999
Epoch 9034 | Cost: 0.192880 | Acc: 82.50% (Best: 84.17% @ Ep8975) | LR: 0.000020 | Rev: 0/99999
Epoch 9035 | Cost: 0.198493 | Acc: 82.50% (Best: 84.17% @ Ep8975) | LR: 0.000030 | Rev: 1/99999
Epoch 9036 | Cost: 0.196761 | Acc: 82.78% (Best: 84.17% @ Ep8975) | LR: 0.000030 | Rev: 0/99999
Epoch 9037 | Cost: 0.203248 | Acc: 82.50% (Best: 84.17% @ Ep8975) | LR: 0.000030 | Rev: 1/99999
Epoch 9038 | Cost: 0.195124 | Acc: 82.50% (Best: 84.17% @ Ep8975) | LR: 0.000030 | Rev: 0/99999
Epoch 9039 | Cost: 0.194266 | Acc: 82.78% (Best: 84.17% @ Ep8975) | LR: 0.000030 | Rev: 0/99999
Epoch 9040 | Cost: 0.205217 | Acc: 82.78% (Best: 84.17% @ Ep8975) | LR: 0.000030 | Rev: 1/99999
Epoch 9041 | Cost: 0.193614 | Acc: 82.50% (Best: 84.17% @ Ep8975) | LR: 0.000030 | Rev: 0/99999
Epoch 9042 | Cost: 0.196105 | Acc: 82.22% (Best: 84.17% @ Ep8975) | LR: 0.000030 | Rev: 1/99999
Epoch 9043 | Cost: 0.200624 | Acc: 82.22% (Best: 84.17% @ Ep8975) | LR: 0.000030 | Rev: 2/99999
Epoch 9044 | Cost: 0.218381 | Acc: 82.22% (Best: 84.17% @ Ep8975) | LR: 0.000030 | Rev: 3/99999
Epoch 9045 | Cost: 0.200530 | Acc: 82.22% (Best: 84.17% @ Ep8975) | LR: 0.000040 | Rev: 0/99999
Epoch 9046 | Cost: 0.201274 | Acc: 82.22% (Best: 84.17% @ Ep8975) | LR: 0.000040 | Rev: 1/99999
Epoch 9047 | Cost: 0.193342 | Acc: 82.50% (Best: 84.17% @ Ep8975) | LR: 0.000040 | Rev: 0/99999
Epoch 9048 | Cost: 0.196104 | Acc: 82.50% (Best: 84.17% @ Ep8975) | LR: 0.000040 | Rev: 1/99999
Epoch 9049 | Cost: 0.196682 | Acc: 82.50% (Best: 84.17% @ Ep8975) | LR: 0.000040 | Rev: 2/99999
Epoch 9050 | Cost: 0.214138 | Acc: 81.94% (Best: 84.17% @ Ep8975) | LR: 0.000040 | Rev: 3/99999
Epoch 9051 | Cost: 0.199917 | Acc: 81.67% (Best: 84.17% @ Ep8975) | LR: 0.000040 | Rev: 0/99999
Epoch 9052 | Cost: 0.196803 | Acc: 81.67% (Best: 84.17% @ Ep8975) | LR: 0.000040 | Rev: 0/99999
Epoch 9053 | Cost: 0.190607 | Acc: 81.94% (Best: 84.17% @ Ep8975) | LR: 0.000040 | Rev: 0/99999
Epoch 9054 | Cost: 0.194185 | Acc: 81.94% (Best: 84.17% @ Ep8975) | LR: 0.000040 | Rev: 1/99999
Epoch 9055 | Cost: 0.190770 | Acc: 81.94% (Best: 84.17% @ Ep8975) | LR: 0.000050 | Rev: 0/99999
Epoch 9056 | Cost: 0.198810 | Acc: 81.94% (Best: 84.17% @ Ep8975) | LR: 0.000050 | Rev: 1/99999
Epoch 9057 | Cost: 0.176519 | Acc: 81.94% (Best: 84.17% @ Ep8975) | LR: 0.000050 | Rev: 0/99999
Epoch 9058 | Cost: 0.209574 | Acc: 82.22% (Best: 84.17% @ Ep8975) | LR: 0.000050 | Rev: 1/99999
Epoch 9059 | Cost: 0.209208 | Acc: 81.67% (Best: 84.17% @ Ep8975) | LR: 0.000050 | Rev: 0/99999
Epoch 9060 | Cost: 0.222767 | Acc: 82.22% (Best: 84.17% @ Ep8975) | LR: 0.000050 | Rev: 1/99999
Epoch 9061 | Cost: 0.193074 | Acc: 82.22% (Best: 84.17% @ Ep8975) | LR: 0.000050 | Rev: 0/99999
Epoch 9062 | Cost: 0.197537 | Acc: 82.22% (Best: 84.17% @ Ep8975) | LR: 0.000050 | Rev: 1/99999
Epoch 9063 | Cost: 0.197717 | Acc: 82.50% (Best: 84.17% @ Ep8975) | LR: 0.000050 | Rev: 2/99999
Epoch 9064 | Cost: 0.205222 | Acc: 82.50% (Best: 84.17% @ Ep8975) | LR: 0.000050 | Rev: 3/99999
Epoch 9065 | Cost: 0.202591 | Acc: 81.94% (Best: 84.17% @ Ep8975) | LR: 0.000060 | Rev: 0/99999
Epoch 9066 | Cost: 0.199250 | Acc: 82.22% (Best: 84.17% @ Ep8975) | LR: 0.000060 | Rev: 0/99999
Epoch 9067 | Cost: 0.196563 | Acc: 81.94% (Best: 84.17% @ Ep8975) | LR: 0.000060 | Rev: 0/99999
Epoch 9068 | Cost: 0.198461 | Acc: 81.39% (Best: 84.17% @ Ep8975) | LR: 0.000060 | Rev: 1/99999
Epoch 9069 | Cost: 0.188150 | Acc: 81.39% (Best: 84.17% @ Ep8975) | LR: 0.000060 | Rev: 0/99999
Epoch 9070 | Cost: 0.200673 | Acc: 82.50% (Best: 84.17% @ Ep8975) | LR: 0.000060 | Rev: 1/99999
Epoch 9071 | Cost: 0.198582 | Acc: 82.22% (Best: 84.17% @ Ep8975) | LR: 0.000060 | Rev: 0/99999
Epoch 9072 | Cost: 0.214210 | Acc: 82.78% (Best: 84.17% @ Ep8975) | LR: 0.000060 | Rev: 1/99999
Epoch 9073 | Cost: 0.207881 | Acc: 82.78% (Best: 84.17% @ Ep8975) | LR: 0.000060 | Rev: 0/99999
Epoch 9074 | Cost: 0.183596 | Acc: 82.78% (Best: 84.17% @ Ep8975) | LR: 0.000060 | Rev: 0/99999
Epoch 9075 | Cost: 0.186387 | Acc: 82.50% (Best: 84.17% @ Ep8975) | LR: 0.000070 | Rev: 1/99999
Epoch 9076 | Cost: 0.195507 | Acc: 81.67% (Best: 84.17% @ Ep8975) | LR: 0.000070 | Rev: 2/99999
Epoch 9077 | Cost: 0.209541 | Acc: 81.39% (Best: 84.17% @ Ep8975) | LR: 0.000070 | Rev: 3/99999
Epoch 9078 | Cost: 0.204876 | Acc: 82.78% (Best: 84.17% @ Ep8975) | LR: 0.000070 | Rev: 0/99999
Epoch 9079 | Cost: 0.202468 | Acc: 82.50% (Best: 84.17% @ Ep8975) | LR: 0.000070 | Rev: 0/99999
Epoch 9080 | Cost: 0.189461 | Acc: 81.94% (Best: 84.17% @ Ep8975) | LR: 0.000070 | Rev: 0/99999
Epoch 9081 | Cost: 0.211537 | Acc: 81.94% (Best: 84.17% @ Ep8975) | LR: 0.000070 | Rev: 1/99999
Epoch 9082 | Cost: 0.196848 | Acc: 81.94% (Best: 84.17% @ Ep8975) | LR: 0.000070 | Rev: 0/99999
Epoch 9083 | Cost: 0.206729 | Acc: 82.78% (Best: 84.17% @ Ep8975) | LR: 0.000070 | Rev: 1/99999
Epoch 9084 | Cost: 0.189805 | Acc: 82.50% (Best: 84.17% @ Ep8975) | LR: 0.000070 | Rev: 0/99999
Epoch 9085 | Cost: 0.216539 | Acc: 82.50% (Best: 84.17% @ Ep8975) | LR: 0.000080 | Rev: 1/99999
Epoch 9086 | Cost: 0.208818 | Acc: 82.50% (Best: 84.17% @ Ep8975) | LR: 0.000080 | Rev: 0/99999
Epoch 9087 | Cost: 0.186638 | Acc: 82.22% (Best: 84.17% @ Ep8975) | LR: 0.000080 | Rev: 0/99999
Epoch 9088 | Cost: 0.198217 | Acc: 82.78% (Best: 84.17% @ Ep8975) | LR: 0.000080 | Rev: 1/99999
Epoch 9089 | Cost: 0.194143 | Acc: 82.50% (Best: 84.17% @ Ep8975) | LR: 0.000080 | Rev: 0/99999
Epoch 9090 | Cost: 0.207150 | Acc: 81.94% (Best: 84.17% @ Ep8975) | LR: 0.000080 | Rev: 1/99999
Epoch 9091 | Cost: 0.201926 | Acc: 82.22% (Best: 84.17% @ Ep8975) | LR: 0.000080 | Rev: 0/99999
Epoch 9092 | Cost: 0.203888 | Acc: 81.94% (Best: 84.17% @ Ep8975) | LR: 0.000080 | Rev: 1/99999
Epoch 9093 | Cost: 0.202703 | Acc: 81.94% (Best: 84.17% @ Ep8975) | LR: 0.000080 | Rev: 0/99999
Epoch 9094 | Cost: 0.209380 | Acc: 81.94% (Best: 84.17% @ Ep8975) | LR: 0.000080 | Rev: 1/99999
Epoch 9095 | Cost: 0.215042 | Acc: 81.94% (Best: 84.17% @ Ep8975) | LR: 0.000090 | Rev: 2/99999
Epoch 9096 | Cost: 0.199779 | Acc: 81.67% (Best: 84.17% @ Ep8975) | LR: 0.000090 | Rev: 0/99999
Epoch 9097 | Cost: 0.214146 | Acc: 81.94% (Best: 84.17% @ Ep8975) | LR: 0.000090 | Rev: 1/99999
Epoch 9098 | Cost: 0.212313 | Acc: 82.22% (Best: 84.17% @ Ep8975) | LR: 0.000090 | Rev: 0/99999
Epoch 9099 | Cost: 0.210895 | Acc: 82.22% (Best: 84.17% @ Ep8975) | LR: 0.000090 | Rev: 0/99999
Epoch 9100 | Cost: 0.211640 | Acc: 82.78% (Best: 84.17% @ Ep8975) | LR: 0.000090 | Rev: 1/99999
Epoch 9101 | Cost: 0.214303 | Acc: 82.50% (Best: 84.17% @ Ep8975) | LR: 0.000090 | Rev: 2/99999
Epoch 9102 | Cost: 0.207531 | Acc: 82.78% (Best: 84.17% @ Ep8975) | LR: 0.000090 | Rev: 0/99999
Epoch 9103 | Cost: 0.205877 | Acc: 82.50% (Best: 84.17% @ Ep8975) | LR: 0.000090 | Rev: 0/99999
Epoch 9104 | Cost: 0.199237 | Acc: 82.50% (Best: 84.17% @ Ep8975) | LR: 0.000090 | Rev: 0/99999
Epoch 9105 | Cost: 0.194857 | Acc: 82.78% (Best: 84.17% @ Ep8975) | LR: 0.000100 | Rev: 0/99999
Epoch 9106 | Cost: 0.203230 | Acc: 82.50% (Best: 84.17% @ Ep8975) | LR: 0.000100 | Rev: 1/99999
Epoch 9107 | Cost: 0.206013 | Acc: 82.50% (Best: 84.17% @ Ep8975) | LR: 0.000100 | Rev: 2/99999
Epoch 9108 | Cost: 0.197265 | Acc: 82.78% (Best: 84.17% @ Ep8975) | LR: 0.000100 | Rev: 0/99999
Epoch 9109 | Cost: 0.199142 | Acc: 82.50% (Best: 84.17% @ Ep8975) | LR: 0.000100 | Rev: 1/99999
Epoch 9110 | Cost: 0.206683 | Acc: 82.22% (Best: 84.17% @ Ep8975) | LR: 0.000100 | Rev: 2/99999
Epoch 9111 | Cost: 0.180992 | Acc: 82.22% (Best: 84.17% @ Ep8975) | LR: 0.000100 | Rev: 0/99999
Epoch 9112 | Cost: 0.195250 | Acc: 82.50% (Best: 84.17% @ Ep8975) | LR: 0.000100 | Rev: 1/99999
Epoch 9113 | Cost: 0.215427 | Acc: 82.50% (Best: 84.17% @ Ep8975) | LR: 0.000100 | Rev: 2/99999
Epoch 9114 | Cost: 0.197528 | Acc: 82.22% (Best: 84.17% @ Ep8975) | LR: 0.000100 | Rev: 0/99999
Epoch 9115 | Cost: 0.205334 | Acc: 82.22% (Best: 84.17% @ Ep8975) | LR: 0.000110 | Rev: 1/99999
Epoch 9116 | Cost: 0.221721 | Acc: 82.22% (Best: 84.17% @ Ep8975) | LR: 0.000110 | Rev: 2/99999
Epoch 9117 | Cost: 0.210046 | Acc: 82.22% (Best: 84.17% @ Ep8975) | LR: 0.000110 | Rev: 0/99999
Epoch 9118 | Cost: 0.200951 | Acc: 82.22% (Best: 84.17% @ Ep8975) | LR: 0.000110 | Rev: 0/99999
Epoch 9119 | Cost: 0.196798 | Acc: 82.50% (Best: 84.17% @ Ep8975) | LR: 0.000110 | Rev: 0/99999
Epoch 9120 | Cost: 0.189201 | Acc: 82.50% (Best: 84.17% @ Ep8975) | LR: 0.000110 | Rev: 0/99999
Epoch 9121 | Cost: 0.200400 | Acc: 82.22% (Best: 84.17% @ Ep8975) | LR: 0.000110 | Rev: 1/99999
Epoch 9122 | Cost: 0.219250 | Acc: 82.78% (Best: 84.17% @ Ep8975) | LR: 0.000110 | Rev: 2/99999
Epoch 9123 | Cost: 0.193302 | Acc: 82.50% (Best: 84.17% @ Ep8975) | LR: 0.000110 | Rev: 0/99999
Epoch 9124 | Cost: 0.190398 | Acc: 82.50% (Best: 84.17% @ Ep8975) | LR: 0.000110 | Rev: 0/99999
Epoch 9125 | Cost: 0.184709 | Acc: 81.94% (Best: 84.17% @ Ep8975) | LR: 0.000120 | Rev: 0/99999
Epoch 9126 | Cost: 0.209227 | Acc: 82.22% (Best: 84.17% @ Ep8975) | LR: 0.000120 | Rev: 1/99999
Epoch 9127 | Cost: 0.211961 | Acc: 81.94% (Best: 84.17% @ Ep8975) | LR: 0.000120 | Rev: 2/99999
Epoch 9128 | Cost: 0.200006 | Acc: 82.78% (Best: 84.17% @ Ep8975) | LR: 0.000120 | Rev: 0/99999
Epoch 9129 | Cost: 0.191578 | Acc: 82.22% (Best: 84.17% @ Ep8975) | LR: 0.000120 | Rev: 0/99999
Epoch 9130 | Cost: 0.196395 | Acc: 82.50% (Best: 84.17% @ Ep8975) | LR: 0.000120 | Rev: 1/99999
Epoch 9131 | Cost: 0.200895 | Acc: 82.22% (Best: 84.17% @ Ep8975) | LR: 0.000120 | Rev: 2/99999
Epoch 9132 | Cost: 0.190548 | Acc: 82.22% (Best: 84.17% @ Ep8975) | LR: 0.000120 | Rev: 0/99999
Epoch 9133 | Cost: 0.197110 | Acc: 81.94% (Best: 84.17% @ Ep8975) | LR: 0.000120 | Rev: 1/99999
Epoch 9134 | Cost: 0.192758 | Acc: 81.94% (Best: 84.17% @ Ep8975) | LR: 0.000120 | Rev: 0/99999
Epoch 9135 | Cost: 0.206190 | Acc: 82.22% (Best: 84.17% @ Ep8975) | LR: 0.000130 | Rev: 1/99999
Epoch 9136 | Cost: 0.203084 | Acc: 82.50% (Best: 84.17% @ Ep8975) | LR: 0.000130 | Rev: 0/99999
Epoch 9137 | Cost: 0.193162 | Acc: 81.94% (Best: 84.17% @ Ep8975) | LR: 0.000130 | Rev: 0/99999
Epoch 9138 | Cost: 0.210881 | Acc: 81.94% (Best: 84.17% @ Ep8975) | LR: 0.000130 | Rev: 1/99999
Epoch 9139 | Cost: 0.178298 | Acc: 82.50% (Best: 84.17% @ Ep8975) | LR: 0.000130 | Rev: 0/99999
Epoch 9140 | Cost: 0.188852 | Acc: 82.22% (Best: 84.17% @ Ep8975) | LR: 0.000130 | Rev: 1/99999
Epoch 9141 | Cost: 0.202036 | Acc: 82.78% (Best: 84.17% @ Ep8975) | LR: 0.000130 | Rev: 2/99999
Epoch 9142 | Cost: 0.208044 | Acc: 82.78% (Best: 84.17% @ Ep8975) | LR: 0.000130 | Rev: 3/99999
Epoch 9143 | Cost: 0.189517 | Acc: 82.22% (Best: 84.17% @ Ep8975) | LR: 0.000130 | Rev: 0/99999
Epoch 9144 | Cost: 0.200951 | Acc: 82.22% (Best: 84.17% @ Ep8975) | LR: 0.000130 | Rev: 1/99999
Epoch 9145 | Cost: 0.196606 | Acc: 82.50% (Best: 84.17% @ Ep8975) | LR: 0.000140 | Rev: 0/99999
Epoch 9146 | Cost: 0.213728 | Acc: 82.22% (Best: 84.17% @ Ep8975) | LR: 0.000140 | Rev: 1/99999
Epoch 9147 | Cost: 0.204322 | Acc: 82.50% (Best: 84.17% @ Ep8975) | LR: 0.000140 | Rev: 0/99999
Epoch 9148 | Cost: 0.222228 | Acc: 82.22% (Best: 84.17% @ Ep8975) | LR: 0.000140 | Rev: 1/99999
Epoch 9149 | Cost: 0.204721 | Acc: 82.50% (Best: 84.17% @ Ep8975) | LR: 0.000140 | Rev: 0/99999
Epoch 9150 | Cost: 0.207985 | Acc: 82.22% (Best: 84.17% @ Ep8975) | LR: 0.000140 | Rev: 1/99999
Epoch 9151 | Cost: 0.193413 | Acc: 82.50% (Best: 84.17% @ Ep8975) | LR: 0.000140 | Rev: 0/99999
Epoch 9152 | Cost: 0.206735 | Acc: 82.22% (Best: 84.17% @ Ep8975) | LR: 0.000140 | Rev: 1/99999
Epoch 9153 | Cost: 0.200192 | Acc: 82.22% (Best: 84.17% @ Ep8975) | LR: 0.000140 | Rev: 0/99999
Epoch 9154 | Cost: 0.193147 | Acc: 82.22% (Best: 84.17% @ Ep8975) | LR: 0.000140 | Rev: 0/99999
Epoch 9155 | Cost: 0.208340 | Acc: 82.22% (Best: 84.17% @ Ep8975) | LR: 0.000150 | Rev: 1/99999
Epoch 9156 | Cost: 0.193732 | Acc: 82.22% (Best: 84.17% @ Ep8975) | LR: 0.000150 | Rev: 0/99999
Epoch 9157 | Cost: 0.182867 | Acc: 81.94% (Best: 84.17% @ Ep8975) | LR: 0.000150 | Rev: 0/99999
Epoch 9158 | Cost: 0.209217 | Acc: 81.94% (Best: 84.17% @ Ep8975) | LR: 0.000150 | Rev: 1/99999
Epoch 9159 | Cost: 0.200410 | Acc: 82.50% (Best: 84.17% @ Ep8975) | LR: 0.000150 | Rev: 0/99999
Epoch 9160 | Cost: 0.204722 | Acc: 81.94% (Best: 84.17% @ Ep8975) | LR: 0.000150 | Rev: 1/99999
Epoch 9161 | Cost: 0.185685 | Acc: 82.22% (Best: 84.17% @ Ep8975) | LR: 0.000150 | Rev: 0/99999
Epoch 9162 | Cost: 0.209170 | Acc: 81.94% (Best: 84.17% @ Ep8975) | LR: 0.000150 | Rev: 1/99999
Epoch 9163 | Cost: 0.204595 | Acc: 82.22% (Best: 84.17% @ Ep8975) | LR: 0.000150 | Rev: 0/99999
Epoch 9164 | Cost: 0.211823 | Acc: 82.50% (Best: 84.17% @ Ep8975) | LR: 0.000150 | Rev: 1/99999
Epoch 9165 | Cost: 0.193503 | Acc: 82.50% (Best: 84.17% @ Ep8975) | LR: 0.000160 | Rev: 0/99999
Epoch 9166 | Cost: 0.196641 | Acc: 82.50% (Best: 84.17% @ Ep8975) | LR: 0.000160 | Rev: 1/99999
Epoch 9167 | Cost: 0.188481 | Acc: 82.50% (Best: 84.17% @ Ep8975) | LR: 0.000160 | Rev: 0/99999
Epoch 9168 | Cost: 0.187868 | Acc: 82.22% (Best: 84.17% @ Ep8975) | LR: 0.000160 | Rev: 0/99999
Epoch 9169 | Cost: 0.198062 | Acc: 82.78% (Best: 84.17% @ Ep8975) | LR: 0.000160 | Rev: 1/99999
Epoch 9170 | Cost: 0.197577 | Acc: 82.50% (Best: 84.17% @ Ep8975) | LR: 0.000160 | Rev: 0/99999
Epoch 9171 | Cost: 0.185344 | Acc: 81.94% (Best: 84.17% @ Ep8975) | LR: 0.000160 | Rev: 0/99999
Epoch 9172 | Cost: 0.233781 | Acc: 81.94% (Best: 84.17% @ Ep8975) | LR: 0.000160 | Rev: 1/99999
Epoch 9173 | Cost: 0.209072 | Acc: 81.94% (Best: 84.17% @ Ep8975) | LR: 0.000160 | Rev: 0/99999
Epoch 9174 | Cost: 0.201200 | Acc: 82.22% (Best: 84.17% @ Ep8975) | LR: 0.000160 | Rev: 0/99999
Epoch 9175 | Cost: 0.178525 | Acc: 82.50% (Best: 84.17% @ Ep8975) | LR: 0.000170 | Rev: 0/99999
Epoch 9176 | Cost: 0.213065 | Acc: 83.61% (Best: 84.17% @ Ep8975) | LR: 0.000170 | Rev: 1/99999
Epoch 9177 | Cost: 0.208627 | Acc: 82.78% (Best: 84.17% @ Ep8975) | LR: 0.000170 | Rev: 0/99999
Epoch 9178 | Cost: 0.191313 | Acc: 81.67% (Best: 84.17% @ Ep8975) | LR: 0.000170 | Rev: 0/99999
Epoch 9179 | Cost: 0.208301 | Acc: 82.22% (Best: 84.17% @ Ep8975) | LR: 0.000170 | Rev: 1/99999
Epoch 9180 | Cost: 0.199243 | Acc: 82.78% (Best: 84.17% @ Ep8975) | LR: 0.000170 | Rev: 0/99999
Epoch 9181 | Cost: 0.196610 | Acc: 81.67% (Best: 84.17% @ Ep8975) | LR: 0.000170 | Rev: 0/99999
Epoch 9182 | Cost: 0.212146 | Acc: 81.94% (Best: 84.17% @ Ep8975) | LR: 0.000170 | Rev: 1/99999
Epoch 9183 | Cost: 0.204798 | Acc: 81.94% (Best: 84.17% @ Ep8975) | LR: 0.000170 | Rev: 0/99999
Epoch 9184 | Cost: 0.217904 | Acc: 82.50% (Best: 84.17% @ Ep8975) | LR: 0.000170 | Rev: 1/99999
Epoch 9185 | Cost: 0.198868 | Acc: 83.06% (Best: 84.17% @ Ep8975) | LR: 0.000180 | Rev: 0/99999
Epoch 9186 | Cost: 0.201372 | Acc: 82.78% (Best: 84.17% @ Ep8975) | LR: 0.000180 | Rev: 1/99999
Epoch 9187 | Cost: 0.199845 | Acc: 82.22% (Best: 84.17% @ Ep8975) | LR: 0.000180 | Rev: 0/99999
Epoch 9188 | Cost: 0.215328 | Acc: 82.78% (Best: 84.17% @ Ep8975) | LR: 0.000180 | Rev: 1/99999
Epoch 9189 | Cost: 0.206797 | Acc: 82.50% (Best: 84.17% @ Ep8975) | LR: 0.000180 | Rev: 0/99999
Epoch 9190 | Cost: 0.204222 | Acc: 82.22% (Best: 84.17% @ Ep8975) | LR: 0.000180 | Rev: 0/99999
Epoch 9191 | Cost: 0.203092 | Acc: 81.67% (Best: 84.17% @ Ep8975) | LR: 0.000180 | Rev: 0/99999
Epoch 9192 | Cost: 0.198118 | Acc: 82.22% (Best: 84.17% @ Ep8975) | LR: 0.000180 | Rev: 0/99999
Epoch 9193 | Cost: 0.196481 | Acc: 82.22% (Best: 84.17% @ Ep8975) | LR: 0.000180 | Rev: 0/99999
Epoch 9194 | Cost: 0.203160 | Acc: 81.94% (Best: 84.17% @ Ep8975) | LR: 0.000180 | Rev: 1/99999
Epoch 9195 | Cost: 0.215186 | Acc: 81.94% (Best: 84.17% @ Ep8975) | LR: 0.000190 | Rev: 2/99999
Epoch 9196 | Cost: 0.209584 | Acc: 82.50% (Best: 84.17% @ Ep8975) | LR: 0.000190 | Rev: 0/99999
Epoch 9197 | Cost: 0.191256 | Acc: 81.94% (Best: 84.17% @ Ep8975) | LR: 0.000190 | Rev: 0/99999
Epoch 9198 | Cost: 0.206956 | Acc: 81.94% (Best: 84.17% @ Ep8975) | LR: 0.000190 | Rev: 1/99999
Epoch 9199 | Cost: 0.203177 | Acc: 83.33% (Best: 84.17% @ Ep8975) | LR: 0.000190 | Rev: 0/99999
Epoch 9200 | Cost: 0.201230 | Acc: 81.67% (Best: 84.17% @ Ep8975) | LR: 0.000190 | Rev: 0/99999
Epoch 9201 | Cost: 0.218067 | Acc: 82.22% (Best: 84.17% @ Ep8975) | LR: 0.000190 | Rev: 1/99999
Epoch 9202 | Cost: 0.208281 | Acc: 82.50% (Best: 84.17% @ Ep8975) | LR: 0.000190 | Rev: 0/99999
Epoch 9203 | Cost: 0.192576 | Acc: 81.94% (Best: 84.17% @ Ep8975) | LR: 0.000190 | Rev: 0/99999
Epoch 9204 | Cost: 0.207918 | Acc: 81.94% (Best: 84.17% @ Ep8975) | LR: 0.000190 | Rev: 1/99999
Epoch 9205 | Cost: 0.203269 | Acc: 82.22% (Best: 84.17% @ Ep8975) | LR: 0.000200 | Rev: 0/99999
Epoch 9206 | Cost: 0.204410 | Acc: 81.94% (Best: 84.17% @ Ep8975) | LR: 0.000200 | Rev: 1/99999
Epoch 9207 | Cost: 0.225017 | Acc: 82.50% (Best: 84.17% @ Ep8975) | LR: 0.000200 | Rev: 2/99999
Epoch 9208 | Cost: 0.191462 | Acc: 82.78% (Best: 84.17% @ Ep8975) | LR: 0.000200 | Rev: 0/99999
Epoch 9209 | Cost: 0.193322 | Acc: 82.22% (Best: 84.17% @ Ep8975) | LR: 0.000200 | Rev: 1/99999
Epoch 9210 | Cost: 0.204593 | Acc: 82.22% (Best: 84.17% @ Ep8975) | LR: 0.000200 | Rev: 2/99999
Epoch 9211 | Cost: 0.192172 | Acc: 82.22% (Best: 84.17% @ Ep8975) | LR: 0.000200 | Rev: 0/99999
Epoch 9212 | Cost: 0.191035 | Acc: 82.78% (Best: 84.17% @ Ep8975) | LR: 0.000200 | Rev: 0/99999
Epoch 9213 | Cost: 0.210868 | Acc: 82.22% (Best: 84.17% @ Ep8975) | LR: 0.000200 | Rev: 1/99999
Epoch 9214 | Cost: 0.206845 | Acc: 82.22% (Best: 84.17% @ Ep8975) | LR: 0.000200 | Rev: 0/99999
Epoch 9215 | Cost: 0.194116 | Acc: 82.22% (Best: 84.17% @ Ep8975) | LR: 0.000210 | Rev: 0/99999
Epoch 9216 | Cost: 0.206172 | Acc: 81.94% (Best: 84.17% @ Ep8975) | LR: 0.000210 | Rev: 1/99999
Epoch 9217 | Cost: 0.211389 | Acc: 82.78% (Best: 84.17% @ Ep8975) | LR: 0.000210 | Rev: 2/99999
Epoch 9218 | Cost: 0.215035 | Acc: 82.78% (Best: 84.17% @ Ep8975) | LR: 0.000210 | Rev: 3/99999
Epoch 9219 | Cost: 0.204829 | Acc: 82.22% (Best: 84.17% @ Ep8975) | LR: 0.000210 | Rev: 0/99999
Epoch 9220 | Cost: 0.209108 | Acc: 81.67% (Best: 84.17% @ Ep8975) | LR: 0.000210 | Rev: 1/99999
Epoch 9221 | Cost: 0.203346 | Acc: 83.06% (Best: 84.17% @ Ep8975) | LR: 0.000210 | Rev: 0/99999
Epoch 9222 | Cost: 0.217421 | Acc: 83.33% (Best: 84.17% @ Ep8975) | LR: 0.000210 | Rev: 1/99999
Epoch 9223 | Cost: 0.185960 | Acc: 81.67% (Best: 84.17% @ Ep8975) | LR: 0.000210 | Rev: 0/99999
Epoch 9224 | Cost: 0.206639 | Acc: 81.39% (Best: 84.17% @ Ep8975) | LR: 0.000210 | Rev: 1/99999
Epoch 9225 | Cost: 0.200598 | Acc: 83.33% (Best: 84.17% @ Ep8975) | LR: 0.000220 | Rev: 0/99999
Epoch 9226 | Cost: 0.206321 | Acc: 81.39% (Best: 84.17% @ Ep8975) | LR: 0.000220 | Rev: 1/99999
Epoch 9227 | Cost: 0.216579 | Acc: 81.39% (Best: 84.17% @ Ep8975) | LR: 0.000220 | Rev: 2/99999
Epoch 9228 | Cost: 0.211363 | Acc: 82.22% (Best: 84.17% @ Ep8975) | LR: 0.000220 | Rev: 0/99999
Epoch 9229 | Cost: 0.204610 | Acc: 81.67% (Best: 84.17% @ Ep8975) | LR: 0.000220 | Rev: 0/99999
Epoch 9230 | Cost: 0.199886 | Acc: 81.39% (Best: 84.17% @ Ep8975) | LR: 0.000220 | Rev: 0/99999
Epoch 9231 | Cost: 0.205176 | Acc: 82.50% (Best: 84.17% @ Ep8975) | LR: 0.000220 | Rev: 1/99999
Epoch 9232 | Cost: 0.221236 | Acc: 82.22% (Best: 84.17% @ Ep8975) | LR: 0.000220 | Rev: 2/99999
Epoch 9233 | Cost: 0.206862 | Acc: 81.94% (Best: 84.17% @ Ep8975) | LR: 0.000220 | Rev: 0/99999
Epoch 9234 | Cost: 0.202359 | Acc: 82.22% (Best: 84.17% @ Ep8975) | LR: 0.000220 | Rev: 0/99999
Epoch 9235 | Cost: 0.213440 | Acc: 81.94% (Best: 84.17% @ Ep8975) | LR: 0.000230 | Rev: 1/99999
Epoch 9236 | Cost: 0.196680 | Acc: 82.50% (Best: 84.17% @ Ep8975) | LR: 0.000230 | Rev: 0/99999
Epoch 9237 | Cost: 0.205781 | Acc: 81.39% (Best: 84.17% @ Ep8975) | LR: 0.000230 | Rev: 1/99999
Epoch 9238 | Cost: 0.192652 | Acc: 82.78% (Best: 84.17% @ Ep8975) | LR: 0.000230 | Rev: 0/99999
Epoch 9239 | Cost: 0.216619 | Acc: 81.39% (Best: 84.17% @ Ep8975) | LR: 0.000230 | Rev: 1/99999
Epoch 9240 | Cost: 0.213150 | Acc: 81.39% (Best: 84.17% @ Ep8975) | LR: 0.000230 | Rev: 0/99999
Epoch 9241 | Cost: 0.201135 | Acc: 81.94% (Best: 84.17% @ Ep8975) | LR: 0.000230 | Rev: 0/99999
Epoch 9242 | Cost: 0.194821 | Acc: 81.39% (Best: 84.17% @ Ep8975) | LR: 0.000230 | Rev: 0/99999
Epoch 9243 | Cost: 0.207383 | Acc: 81.39% (Best: 84.17% @ Ep8975) | LR: 0.000230 | Rev: 1/99999
Epoch 9244 | Cost: 0.203266 | Acc: 81.94% (Best: 84.17% @ Ep8975) | LR: 0.000230 | Rev: 0/99999
Epoch 9245 | Cost: 0.212987 | Acc: 81.94% (Best: 84.17% @ Ep8975) | LR: 0.000240 | Rev: 1/99999
Epoch 9246 | Cost: 0.225344 | Acc: 82.78% (Best: 84.17% @ Ep8975) | LR: 0.000240 | Rev: 2/99999
Epoch 9247 | Cost: 0.205584 | Acc: 83.06% (Best: 84.17% @ Ep8975) | LR: 0.000240 | Rev: 0/99999
Epoch 9248 | Cost: 0.210137 | Acc: 81.67% (Best: 84.17% @ Ep8975) | LR: 0.000240 | Rev: 1/99999
Epoch 9249 | Cost: 0.209722 | Acc: 83.33% (Best: 84.17% @ Ep8975) | LR: 0.000240 | Rev: 0/99999
Epoch 9250 | Cost: 0.214987 | Acc: 81.67% (Best: 84.17% @ Ep8975) | LR: 0.000240 | Rev: 1/99999
Epoch 9251 | Cost: 0.204400 | Acc: 82.78% (Best: 84.17% @ Ep8975) | LR: 0.000240 | Rev: 0/99999
Epoch 9252 | Cost: 0.210323 | Acc: 81.94% (Best: 84.17% @ Ep8975) | LR: 0.000240 | Rev: 1/99999
Epoch 9253 | Cost: 0.208894 | Acc: 83.06% (Best: 84.17% @ Ep8975) | LR: 0.000240 | Rev: 0/99999
Epoch 9254 | Cost: 0.212892 | Acc: 82.50% (Best: 84.17% @ Ep8975) | LR: 0.000240 | Rev: 1/99999
Epoch 9255 | Cost: 0.201031 | Acc: 81.94% (Best: 84.17% @ Ep8975) | LR: 0.000250 | Rev: 0/99999
Epoch 9256 | Cost: 0.214009 | Acc: 81.67% (Best: 84.17% @ Ep8975) | LR: 0.000250 | Rev: 1/99999
Epoch 9257 | Cost: 0.211615 | Acc: 81.11% (Best: 84.17% @ Ep8975) | LR: 0.000250 | Rev: 0/99999
Epoch 9258 | Cost: 0.223435 | Acc: 82.78% (Best: 84.17% @ Ep8975) | LR: 0.000250 | Rev: 1/99999
Epoch 9259 | Cost: 0.191995 | Acc: 83.33% (Best: 84.17% @ Ep8975) | LR: 0.000250 | Rev: 0/99999
Epoch 9260 | Cost: 0.208575 | Acc: 81.67% (Best: 84.17% @ Ep8975) | LR: 0.000250 | Rev: 1/99999
Epoch 9261 | Cost: 0.212328 | Acc: 81.67% (Best: 84.17% @ Ep8975) | LR: 0.000250 | Rev: 2/99999
Epoch 9262 | Cost: 0.195441 | Acc: 81.39% (Best: 84.17% @ Ep8975) | LR: 0.000250 | Rev: 0/99999
Epoch 9263 | Cost: 0.210355 | Acc: 81.11% (Best: 84.17% @ Ep8975) | LR: 0.000250 | Rev: 1/99999
Epoch 9264 | Cost: 0.207989 | Acc: 81.94% (Best: 84.17% @ Ep8975) | LR: 0.000250 | Rev: 0/99999
Epoch 9265 | Cost: 0.202750 | Acc: 81.11% (Best: 84.17% @ Ep8975) | LR: 0.000260 | Rev: 0/99999
Epoch 9266 | Cost: 0.211876 | Acc: 81.11% (Best: 84.17% @ Ep8975) | LR: 0.000260 | Rev: 1/99999
Epoch 9267 | Cost: 0.223202 | Acc: 81.11% (Best: 84.17% @ Ep8975) | LR: 0.000260 | Rev: 2/99999
Epoch 9268 | Cost: 0.198246 | Acc: 82.50% (Best: 84.17% @ Ep8975) | LR: 0.000260 | Rev: 0/99999
Epoch 9269 | Cost: 0.211812 | Acc: 83.06% (Best: 84.17% @ Ep8975) | LR: 0.000260 | Rev: 1/99999
Epoch 9270 | Cost: 0.209385 | Acc: 81.67% (Best: 84.17% @ Ep8975) | LR: 0.000260 | Rev: 0/99999
Epoch 9271 | Cost: 0.205664 | Acc: 83.33% (Best: 84.17% @ Ep8975) | LR: 0.000260 | Rev: 0/99999
Epoch 9272 | Cost: 0.203144 | Acc: 82.50% (Best: 84.17% @ Ep8975) | LR: 0.000260 | Rev: 0/99999
Epoch 9273 | Cost: 0.193457 | Acc: 82.78% (Best: 84.17% @ Ep8975) | LR: 0.000260 | Rev: 0/99999
Epoch 9274 | Cost: 0.216582 | Acc: 81.11% (Best: 84.17% @ Ep8975) | LR: 0.000260 | Rev: 1/99999
Epoch 9275 | Cost: 0.197089 | Acc: 81.94% (Best: 84.17% @ Ep8975) | LR: 0.000270 | Rev: 0/99999
Epoch 9276 | Cost: 0.200517 | Acc: 82.22% (Best: 84.17% @ Ep8975) | LR: 0.000270 | Rev: 1/99999
Epoch 9277 | Cost: 0.221185 | Acc: 82.50% (Best: 84.17% @ Ep8975) | LR: 0.000270 | Rev: 2/99999
Epoch 9278 | Cost: 0.211152 | Acc: 81.39% (Best: 84.17% @ Ep8975) | LR: 0.000270 | Rev: 0/99999
Epoch 9279 | Cost: 0.209819 | Acc: 82.50% (Best: 84.17% @ Ep8975) | LR: 0.000270 | Rev: 0/99999
Epoch 9280 | Cost: 0.210969 | Acc: 81.94% (Best: 84.17% @ Ep8975) | LR: 0.000270 | Rev: 1/99999
Epoch 9281 | Cost: 0.200764 | Acc: 81.39% (Best: 84.17% @ Ep8975) | LR: 0.000270 | Rev: 0/99999
Epoch 9282 | Cost: 0.204334 | Acc: 81.94% (Best: 84.17% @ Ep8975) | LR: 0.000270 | Rev: 1/99999
Epoch 9283 | Cost: 0.205638 | Acc: 81.67% (Best: 84.17% @ Ep8975) | LR: 0.000270 | Rev: 2/99999
Epoch 9284 | Cost: 0.200070 | Acc: 83.06% (Best: 84.17% @ Ep8975) | LR: 0.000270 | Rev: 0/99999
Epoch 9285 | Cost: 0.196935 | Acc: 82.78% (Best: 84.17% @ Ep8975) | LR: 0.000280 | Rev: 0/99999
Epoch 9286 | Cost: 0.204213 | Acc: 82.50% (Best: 84.17% @ Ep8975) | LR: 0.000280 | Rev: 1/99999
Epoch 9287 | Cost: 0.208948 | Acc: 83.06% (Best: 84.17% @ Ep8975) | LR: 0.000280 | Rev: 2/99999
Epoch 9288 | Cost: 0.203123 | Acc: 81.94% (Best: 84.17% @ Ep8975) | LR: 0.000280 | Rev: 0/99999
Epoch 9289 | Cost: 0.206807 | Acc: 81.11% (Best: 84.17% @ Ep8975) | LR: 0.000280 | Rev: 1/99999
Epoch 9290 | Cost: 0.210502 | Acc: 81.11% (Best: 84.17% @ Ep8975) | LR: 0.000280 | Rev: 2/99999
Epoch 9291 | Cost: 0.201602 | Acc: 81.67% (Best: 84.17% @ Ep8975) | LR: 0.000280 | Rev: 0/99999
Epoch 9292 | Cost: 0.212211 | Acc: 82.50% (Best: 84.17% @ Ep8975) | LR: 0.000280 | Rev: 1/99999
Epoch 9293 | Cost: 0.225358 | Acc: 82.78% (Best: 84.17% @ Ep8975) | LR: 0.000280 | Rev: 2/99999
Epoch 9294 | Cost: 0.214558 | Acc: 83.61% (Best: 84.17% @ Ep8975) | LR: 0.000280 | Rev: 0/99999
Epoch 9295 | Cost: 0.218423 | Acc: 81.94% (Best: 84.17% @ Ep8975) | LR: 0.000290 | Rev: 1/99999
Epoch 9296 | Cost: 0.220631 | Acc: 81.67% (Best: 84.17% @ Ep8975) | LR: 0.000290 | Rev: 2/99999
Epoch 9297 | Cost: 0.224725 | Acc: 82.78% (Best: 84.17% @ Ep8975) | LR: 0.000290 | Rev: 3/99999
Epoch 9298 | Cost: 0.216929 | Acc: 81.94% (Best: 84.17% @ Ep8975) | LR: 0.000290 | Rev: 0/99999
Epoch 9299 | Cost: 0.213155 | Acc: 81.94% (Best: 84.17% @ Ep8975) | LR: 0.000290 | Rev: 0/99999
Epoch 9300 | Cost: 0.197207 | Acc: 80.83% (Best: 84.17% @ Ep8975) | LR: 0.000290 | Rev: 0/99999
Epoch 9301 | Cost: 0.237396 | Acc: 81.67% (Best: 84.17% @ Ep8975) | LR: 0.000290 | Rev: 1/99999
Epoch 9302 | Cost: 0.212545 | Acc: 82.22% (Best: 84.17% @ Ep8975) | LR: 0.000290 | Rev: 0/99999
Epoch 9303 | Cost: 0.204075 | Acc: 82.78% (Best: 84.17% @ Ep8975) | LR: 0.000290 | Rev: 0/99999
Epoch 9304 | Cost: 0.200412 | Acc: 82.78% (Best: 84.17% @ Ep8975) | LR: 0.000290 | Rev: 0/99999
Epoch 9305 | Cost: 0.181767 | Acc: 82.22% (Best: 84.17% @ Ep8975) | LR: 0.000300 | Rev: 0/99999
Epoch 9306 | Cost: 0.195812 | Acc: 81.11% (Best: 84.17% @ Ep8975) | LR: 0.000300 | Rev: 1/99999
Epoch 9307 | Cost: 0.198893 | Acc: 82.22% (Best: 84.17% @ Ep8975) | LR: 0.000300 | Rev: 2/99999
Epoch 9308 | Cost: 0.211675 | Acc: 81.94% (Best: 84.17% @ Ep8975) | LR: 0.000300 | Rev: 3/99999
Epoch 9309 | Cost: 0.235813 | Acc: 81.94% (Best: 84.17% @ Ep8975) | LR: 0.000300 | Rev: 4/99999
Epoch 9310 | Cost: 0.201289 | Acc: 81.94% (Best: 84.17% @ Ep8975) | LR: 0.000300 | Rev: 0/99999
Epoch 9311 | Cost: 0.206549 | Acc: 83.06% (Best: 84.17% @ Ep8975) | LR: 0.000300 | Rev: 1/99999
Epoch 9312 | Cost: 0.206252 | Acc: 82.22% (Best: 84.17% @ Ep8975) | LR: 0.000300 | Rev: 0/99999
Epoch 9313 | Cost: 0.208061 | Acc: 82.22% (Best: 84.17% @ Ep8975) | LR: 0.000300 | Rev: 1/99999
Epoch 9314 | Cost: 0.210954 | Acc: 82.22% (Best: 84.17% @ Ep8975) | LR: 0.000300 | Rev: 2/99999
Epoch 9315 | Cost: 0.219480 | Acc: 82.50% (Best: 84.17% @ Ep8975) | LR: 0.000300 | Rev: 3/99999
Epoch 9316 | Cost: 0.194887 | Acc: 82.50% (Best: 84.17% @ Ep8975) | LR: 0.000300 | Rev: 0/99999
Epoch 9317 | Cost: 0.200588 | Acc: 81.67% (Best: 84.17% @ Ep8975) | LR: 0.000300 | Rev: 1/99999
Epoch 9318 | Cost: 0.192720 | Acc: 81.94% (Best: 84.17% @ Ep8975) | LR: 0.000300 | Rev: 0/99999
Epoch 9319 | Cost: 0.220281 | Acc: 81.94% (Best: 84.17% @ Ep8975) | LR: 0.000300 | Rev: 1/99999
Epoch 9320 | Cost: 0.231161 | Acc: 82.50% (Best: 84.17% @ Ep8975) | LR: 0.000300 | Rev: 2/99999
Epoch 9321 | Cost: 0.201465 | Acc: 80.28% (Best: 84.17% @ Ep8975) | LR: 0.000300 | Rev: 0/99999
Epoch 9322 | Cost: 0.216415 | Acc: 82.22% (Best: 84.17% @ Ep8975) | LR: 0.000300 | Rev: 1/99999
Epoch 9323 | Cost: 0.215796 | Acc: 82.22% (Best: 84.17% @ Ep8975) | LR: 0.000300 | Rev: 0/99999
Epoch 9324 | Cost: 0.209867 | Acc: 81.94% (Best: 84.17% @ Ep8975) | LR: 0.000300 | Rev: 0/99999
Epoch 9325 | Cost: 0.196247 | Acc: 81.94% (Best: 84.17% @ Ep8975) | LR: 0.000300 | Rev: 0/99999
Epoch 9326 | Cost: 0.191463 | Acc: 81.67% (Best: 84.17% @ Ep8975) | LR: 0.000300 | Rev: 0/99999
Epoch 9327 | Cost: 0.209978 | Acc: 82.22% (Best: 84.17% @ Ep8975) | LR: 0.000300 | Rev: 1/99999
Epoch 9328 | Cost: 0.208403 | Acc: 82.22% (Best: 84.17% @ Ep8975) | LR: 0.000300 | Rev: 0/99999
Epoch 9329 | Cost: 0.198739 | Acc: 81.67% (Best: 84.17% @ Ep8975) | LR: 0.000300 | Rev: 0/99999
Epoch 9330 | Cost: 0.238179 | Acc: 81.94% (Best: 84.17% @ Ep8975) | LR: 0.000300 | Rev: 1/99999
Epoch 9331 | Cost: 0.195321 | Acc: 81.67% (Best: 84.17% @ Ep8975) | LR: 0.000300 | Rev: 0/99999
Epoch 9332 | Cost: 0.197434 | Acc: 81.67% (Best: 84.17% @ Ep8975) | LR: 0.000300 | Rev: 1/99999
Epoch 9333 | Cost: 0.214959 | Acc: 82.50% (Best: 84.17% @ Ep8975) | LR: 0.000300 | Rev: 2/99999
Epoch 9334 | Cost: 0.202175 | Acc: 81.94% (Best: 84.17% @ Ep8975) | LR: 0.000300 | Rev: 0/99999
Epoch 9335 | Cost: 0.197971 | Acc: 81.94% (Best: 84.17% @ Ep8975) | LR: 0.000300 | Rev: 0/99999
Epoch 9336 | Cost: 0.210283 | Acc: 82.22% (Best: 84.17% @ Ep8975) | LR: 0.000300 | Rev: 1/99999
Epoch 9337 | Cost: 0.198105 | Acc: 82.78% (Best: 84.17% @ Ep8975) | LR: 0.000300 | Rev: 0/99999
Epoch 9338 | Cost: 0.211025 | Acc: 82.50% (Best: 84.17% @ Ep8975) | LR: 0.000300 | Rev: 1/99999
Epoch 9339 | Cost: 0.216401 | Acc: 81.94% (Best: 84.17% @ Ep8975) | LR: 0.000300 | Rev: 2/99999
Epoch 9340 | Cost: 0.206240 | Acc: 82.50% (Best: 84.17% @ Ep8975) | LR: 0.000300 | Rev: 0/99999
Epoch 9341 | Cost: 0.216276 | Acc: 82.22% (Best: 84.17% @ Ep8975) | LR: 0.000300 | Rev: 1/99999
Epoch 9342 | Cost: 0.200080 | Acc: 81.67% (Best: 84.17% @ Ep8975) | LR: 0.000300 | Rev: 0/99999
Epoch 9343 | Cost: 0.201023 | Acc: 81.94% (Best: 84.17% @ Ep8975) | LR: 0.000300 | Rev: 1/99999
Epoch 9344 | Cost: 0.202864 | Acc: 81.11% (Best: 84.17% @ Ep8975) | LR: 0.000300 | Rev: 2/99999
Epoch 9345 | Cost: 0.201406 | Acc: 81.11% (Best: 84.17% @ Ep8975) | LR: 0.000300 | Rev: 0/99999
Epoch 9346 | Cost: 0.202643 | Acc: 81.11% (Best: 84.17% @ Ep8975) | LR: 0.000300 | Rev: 1/99999
Epoch 9347 | Cost: 0.201273 | Acc: 81.39% (Best: 84.17% @ Ep8975) | LR: 0.000300 | Rev: 0/99999
Epoch 9348 | Cost: 0.202680 | Acc: 82.50% (Best: 84.17% @ Ep8975) | LR: 0.000300 | Rev: 1/99999
Epoch 9349 | Cost: 0.214102 | Acc: 82.50% (Best: 84.17% @ Ep8975) | LR: 0.000300 | Rev: 2/99999
Epoch 9350 | Cost: 0.210199 | Acc: 81.94% (Best: 84.17% @ Ep8975) | LR: 0.000300 | Rev: 0/99999
Epoch 9351 | Cost: 0.211064 | Acc: 82.50% (Best: 84.17% @ Ep8975) | LR: 0.000300 | Rev: 1/99999
Epoch 9352 | Cost: 0.204104 | Acc: 81.94% (Best: 84.17% @ Ep8975) | LR: 0.000300 | Rev: 0/99999
Epoch 9353 | Cost: 0.201412 | Acc: 82.22% (Best: 84.17% @ Ep8975) | LR: 0.000300 | Rev: 0/99999
Epoch 9354 | Cost: 0.201318 | Acc: 81.94% (Best: 84.17% @ Ep8975) | LR: 0.000300 | Rev: 0/99999
Epoch 9355 | Cost: 0.208205 | Acc: 83.06% (Best: 84.17% @ Ep8975) | LR: 0.000300 | Rev: 1/99999
Epoch 9356 | Cost: 0.203241 | Acc: 81.67% (Best: 84.17% @ Ep8975) | LR: 0.000300 | Rev: 0/99999
Epoch 9357 | Cost: 0.233693 | Acc: 82.50% (Best: 84.17% @ Ep8975) | LR: 0.000300 | Rev: 1/99999
Epoch 9358 | Cost: 0.211514 | Acc: 80.83% (Best: 84.17% @ Ep8975) | LR: 0.000300 | Rev: 0/99999
Epoch 9359 | Cost: 0.199997 | Acc: 82.22% (Best: 84.17% @ Ep8975) | LR: 0.000300 | Rev: 0/99999
Epoch 9360 | Cost: 0.197402 | Acc: 81.67% (Best: 84.17% @ Ep8975) | LR: 0.000300 | Rev: 0/99999
Epoch 9361 | Cost: 0.190673 | Acc: 82.50% (Best: 84.17% @ Ep8975) | LR: 0.000300 | Rev: 0/99999
Epoch 9362 | Cost: 0.216363 | Acc: 82.78% (Best: 84.17% @ Ep8975) | LR: 0.000300 | Rev: 1/99999
Epoch 9363 | Cost: 0.208241 | Acc: 82.22% (Best: 84.17% @ Ep8975) | LR: 0.000300 | Rev: 0/99999
Epoch 9364 | Cost: 0.198976 | Acc: 81.94% (Best: 84.17% @ Ep8975) | LR: 0.000300 | Rev: 0/99999
Epoch 9365 | Cost: 0.196994 | Acc: 82.50% (Best: 84.17% @ Ep8975) | LR: 0.000300 | Rev: 0/99999
Epoch 9366 | Cost: 0.195872 | Acc: 82.50% (Best: 84.17% @ Ep8975) | LR: 0.000300 | Rev: 0/99999
Epoch 9367 | Cost: 0.201668 | Acc: 80.83% (Best: 84.17% @ Ep8975) | LR: 0.000300 | Rev: 1/99999
Epoch 9368 | Cost: 0.191824 | Acc: 81.67% (Best: 84.17% @ Ep8975) | LR: 0.000300 | Rev: 0/99999
Epoch 9369 | Cost: 0.197426 | Acc: 81.94% (Best: 84.17% @ Ep8975) | LR: 0.000300 | Rev: 1/99999
Epoch 9370 | Cost: 0.207957 | Acc: 81.94% (Best: 84.17% @ Ep8975) | LR: 0.000300 | Rev: 2/99999
Epoch 9371 | Cost: 0.205121 | Acc: 82.50% (Best: 84.17% @ Ep8975) | LR: 0.000300 | Rev: 0/99999
Epoch 9372 | Cost: 0.194719 | Acc: 82.78% (Best: 84.17% @ Ep8975) | LR: 0.000300 | Rev: 0/99999
Epoch 9373 | Cost: 0.204323 | Acc: 81.67% (Best: 84.17% @ Ep8975) | LR: 0.000300 | Rev: 1/99999
Epoch 9374 | Cost: 0.210630 | Acc: 81.94% (Best: 84.17% @ Ep8975) | LR: 0.000300 | Rev: 2/99999
Epoch 9375 | Cost: 0.200583 | Acc: 81.94% (Best: 84.17% @ Ep8975) | LR: 0.000300 | Rev: 0/99999
Epoch 9376 | Cost: 0.195273 | Acc: 83.06% (Best: 84.17% @ Ep8975) | LR: 0.000300 | Rev: 0/99999
Epoch 9377 | Cost: 0.202554 | Acc: 81.39% (Best: 84.17% @ Ep8975) | LR: 0.000300 | Rev: 1/99999
Epoch 9378 | Cost: 0.199032 | Acc: 81.94% (Best: 84.17% @ Ep8975) | LR: 0.000300 | Rev: 0/99999
Epoch 9379 | Cost: 0.203716 | Acc: 81.94% (Best: 84.17% @ Ep8975) | LR: 0.000300 | Rev: 1/99999
Epoch 9380 | Cost: 0.216067 | Acc: 81.67% (Best: 84.17% @ Ep8975) | LR: 0.000300 | Rev: 2/99999
Epoch 9381 | Cost: 0.195046 | Acc: 82.22% (Best: 84.17% @ Ep8975) | LR: 0.000300 | Rev: 0/99999
Epoch 9382 | Cost: 0.207192 | Acc: 82.50% (Best: 84.17% @ Ep8975) | LR: 0.000300 | Rev: 1/99999
Epoch 9383 | Cost: 0.210481 | Acc: 82.78% (Best: 84.17% @ Ep8975) | LR: 0.000300 | Rev: 2/99999
Epoch 9384 | Cost: 0.204308 | Acc: 81.67% (Best: 84.17% @ Ep8975) | LR: 0.000300 | Rev: 0/99999
Epoch 9385 | Cost: 0.191109 | Acc: 81.67% (Best: 84.17% @ Ep8975) | LR: 0.000300 | Rev: 0/99999
Epoch 9386 | Cost: 0.208032 | Acc: 82.22% (Best: 84.17% @ Ep8975) | LR: 0.000300 | Rev: 1/99999
Epoch 9387 | Cost: 0.210350 | Acc: 81.67% (Best: 84.17% @ Ep8975) | LR: 0.000300 | Rev: 2/99999
Epoch 9388 | Cost: 0.201868 | Acc: 81.11% (Best: 84.17% @ Ep8975) | LR: 0.000300 | Rev: 0/99999
Epoch 9389 | Cost: 0.210211 | Acc: 81.11% (Best: 84.17% @ Ep8975) | LR: 0.000300 | Rev: 1/99999
Epoch 9390 | Cost: 0.219446 | Acc: 81.94% (Best: 84.17% @ Ep8975) | LR: 0.000300 | Rev: 2/99999
Epoch 9391 | Cost: 0.201534 | Acc: 81.39% (Best: 84.17% @ Ep8975) | LR: 0.000300 | Rev: 0/99999
Epoch 9392 | Cost: 0.209667 | Acc: 82.50% (Best: 84.17% @ Ep8975) | LR: 0.000300 | Rev: 1/99999
Epoch 9393 | Cost: 0.212402 | Acc: 82.22% (Best: 84.17% @ Ep8975) | LR: 0.000300 | Rev: 2/99999
Epoch 9394 | Cost: 0.208451 | Acc: 81.67% (Best: 84.17% @ Ep8975) | LR: 0.000300 | Rev: 0/99999
Epoch 9395 | Cost: 0.200140 | Acc: 82.22% (Best: 84.17% @ Ep8975) | LR: 0.000300 | Rev: 0/99999
Epoch 9396 | Cost: 0.199037 | Acc: 81.39% (Best: 84.17% @ Ep8975) | LR: 0.000300 | Rev: 0/99999
Epoch 9397 | Cost: 0.201431 | Acc: 82.50% (Best: 84.17% @ Ep8975) | LR: 0.000300 | Rev: 1/99999
Epoch 9398 | Cost: 0.193507 | Acc: 81.94% (Best: 84.17% @ Ep8975) | LR: 0.000300 | Rev: 0/99999
Epoch 9399 | Cost: 0.188475 | Acc: 82.50% (Best: 84.17% @ Ep8975) | LR: 0.000300 | Rev: 0/99999
Epoch 9400 | Cost: 0.208068 | Acc: 82.50% (Best: 84.17% @ Ep8975) | LR: 0.000300 | Rev: 1/99999
Epoch 9401 | Cost: 0.193054 | Acc: 82.22% (Best: 84.17% @ Ep8975) | LR: 0.000300 | Rev: 0/99999
Epoch 9402 | Cost: 0.212118 | Acc: 82.22% (Best: 84.17% @ Ep8975) | LR: 0.000300 | Rev: 1/99999
Epoch 9403 | Cost: 0.215008 | Acc: 81.94% (Best: 84.17% @ Ep8975) | LR: 0.000300 | Rev: 2/99999
Epoch 9404 | Cost: 0.221985 | Acc: 82.22% (Best: 84.17% @ Ep8975) | LR: 0.000300 | Rev: 3/99999
Epoch 9405 | Cost: 0.212296 | Acc: 81.67% (Best: 84.17% @ Ep8975) | LR: 0.000300 | Rev: 0/99999
Epoch 9406 | Cost: 0.201041 | Acc: 82.22% (Best: 84.17% @ Ep8975) | LR: 0.000300 | Rev: 0/99999
Epoch 9407 | Cost: 0.219872 | Acc: 82.50% (Best: 84.17% @ Ep8975) | LR: 0.000300 | Rev: 1/99999
Epoch 9408 | Cost: 0.196955 | Acc: 82.50% (Best: 84.17% @ Ep8975) | LR: 0.000300 | Rev: 0/99999
Epoch 9409 | Cost: 0.209240 | Acc: 82.50% (Best: 84.17% @ Ep8975) | LR: 0.000300 | Rev: 1/99999
Epoch 9410 | Cost: 0.193406 | Acc: 82.78% (Best: 84.17% @ Ep8975) | LR: 0.000300 | Rev: 0/99999
Epoch 9411 | Cost: 0.203984 | Acc: 82.50% (Best: 84.17% @ Ep8975) | LR: 0.000300 | Rev: 1/99999
Epoch 9412 | Cost: 0.206506 | Acc: 82.78% (Best: 84.17% @ Ep8975) | LR: 0.000300 | Rev: 2/99999
Epoch 9413 | Cost: 0.207525 | Acc: 81.94% (Best: 84.17% @ Ep8975) | LR: 0.000300 | Rev: 3/99999
Epoch 9414 | Cost: 0.178442 | Acc: 82.50% (Best: 84.17% @ Ep8975) | LR: 0.000300 | Rev: 0/99999
Epoch 9415 | Cost: 0.213833 | Acc: 82.50% (Best: 84.17% @ Ep8975) | LR: 0.000300 | Rev: 1/99999
Epoch 9416 | Cost: 0.207470 | Acc: 82.22% (Best: 84.17% @ Ep8975) | LR: 0.000300 | Rev: 0/99999
Epoch 9417 | Cost: 0.195059 | Acc: 81.94% (Best: 84.17% @ Ep8975) | LR: 0.000300 | Rev: 0/99999
Epoch 9418 | Cost: 0.187304 | Acc: 81.39% (Best: 84.17% @ Ep8975) | LR: 0.000300 | Rev: 0/99999
Epoch 9419 | Cost: 0.202702 | Acc: 82.22% (Best: 84.17% @ Ep8975) | LR: 0.000300 | Rev: 1/99999
Epoch 9420 | Cost: 0.201506 | Acc: 81.39% (Best: 84.17% @ Ep8975) | LR: 0.000300 | Rev: 0/99999
Epoch 9421 | Cost: 0.205783 | Acc: 81.67% (Best: 84.17% @ Ep8975) | LR: 0.000300 | Rev: 1/99999
Epoch 9422 | Cost: 0.229244 | Acc: 80.83% (Best: 84.17% @ Ep8975) | LR: 0.000300 | Rev: 2/99999
Epoch 9423 | Cost: 0.194999 | Acc: 82.50% (Best: 84.17% @ Ep8975) | LR: 0.000300 | Rev: 0/99999
Epoch 9424 | Cost: 0.198952 | Acc: 82.22% (Best: 84.17% @ Ep8975) | LR: 0.000300 | Rev: 1/99999
Epoch 9425 | Cost: 0.215409 | Acc: 82.50% (Best: 84.17% @ Ep8975) | LR: 0.000300 | Rev: 2/99999
Epoch 9426 | Cost: 0.203485 | Acc: 82.22% (Best: 84.17% @ Ep8975) | LR: 0.000300 | Rev: 0/99999
Epoch 9427 | Cost: 0.196166 | Acc: 81.94% (Best: 84.17% @ Ep8975) | LR: 0.000300 | Rev: 0/99999
Epoch 9428 | Cost: 0.214042 | Acc: 82.22% (Best: 84.17% @ Ep8975) | LR: 0.000300 | Rev: 1/99999
Epoch 9429 | Cost: 0.206807 | Acc: 82.50% (Best: 84.17% @ Ep8975) | LR: 0.000300 | Rev: 0/99999
Epoch 9430 | Cost: 0.191917 | Acc: 81.67% (Best: 84.17% @ Ep8975) | LR: 0.000300 | Rev: 0/99999
Epoch 9431 | Cost: 0.219296 | Acc: 82.22% (Best: 84.17% @ Ep8975) | LR: 0.000300 | Rev: 1/99999
Epoch 9432 | Cost: 0.188167 | Acc: 82.22% (Best: 84.17% @ Ep8975) | LR: 0.000300 | Rev: 0/99999
Epoch 9433 | Cost: 0.215000 | Acc: 81.11% (Best: 84.17% @ Ep8975) | LR: 0.000300 | Rev: 1/99999
Epoch 9434 | Cost: 0.207459 | Acc: 81.67% (Best: 84.17% @ Ep8975) | LR: 0.000300 | Rev: 0/99999
Epoch 9435 | Cost: 0.202374 | Acc: 81.67% (Best: 84.17% @ Ep8975) | LR: 0.000300 | Rev: 0/99999
Epoch 9436 | Cost: 0.200805 | Acc: 81.11% (Best: 84.17% @ Ep8975) | LR: 0.000300 | Rev: 0/99999
Epoch 9437 | Cost: 0.180506 | Acc: 82.50% (Best: 84.17% @ Ep8975) | LR: 0.000300 | Rev: 0/99999
Epoch 9438 | Cost: 0.193225 | Acc: 82.50% (Best: 84.17% @ Ep8975) | LR: 0.000300 | Rev: 1/99999
Epoch 9439 | Cost: 0.208668 | Acc: 81.11% (Best: 84.17% @ Ep8975) | LR: 0.000300 | Rev: 2/99999
Epoch 9440 | Cost: 0.208655 | Acc: 81.94% (Best: 84.17% @ Ep8975) | LR: 0.000300 | Rev: 0/99999
Epoch 9441 | Cost: 0.230783 | Acc: 82.22% (Best: 84.17% @ Ep8975) | LR: 0.000300 | Rev: 1/99999
Epoch 9442 | Cost: 0.213679 | Acc: 83.06% (Best: 84.17% @ Ep8975) | LR: 0.000300 | Rev: 0/99999
Epoch 9443 | Cost: 0.200088 | Acc: 82.78% (Best: 84.17% @ Ep8975) | LR: 0.000300 | Rev: 0/99999
Epoch 9444 | Cost: 0.202024 | Acc: 82.22% (Best: 84.17% @ Ep8975) | LR: 0.000300 | Rev: 1/99999
Epoch 9445 | Cost: 0.201555 | Acc: 82.22% (Best: 84.17% @ Ep8975) | LR: 0.000300 | Rev: 0/99999
Epoch 9446 | Cost: 0.195677 | Acc: 81.67% (Best: 84.17% @ Ep8975) | LR: 0.000300 | Rev: 0/99999
Epoch 9447 | Cost: 0.201575 | Acc: 83.06% (Best: 84.17% @ Ep8975) | LR: 0.000300 | Rev: 1/99999
Epoch 9448 | Cost: 0.212463 | Acc: 83.06% (Best: 84.17% @ Ep8975) | LR: 0.000300 | Rev: 2/99999
Epoch 9449 | Cost: 0.205761 | Acc: 81.67% (Best: 84.17% @ Ep8975) | LR: 0.000300 | Rev: 0/99999
Epoch 9450 | Cost: 0.197280 | Acc: 82.22% (Best: 84.17% @ Ep8975) | LR: 0.000300 | Rev: 0/99999
Epoch 9451 | Cost: 0.215339 | Acc: 81.94% (Best: 84.17% @ Ep8975) | LR: 0.000300 | Rev: 1/99999
Epoch 9452 | Cost: 0.197515 | Acc: 81.67% (Best: 84.17% @ Ep8975) | LR: 0.000300 | Rev: 0/99999
Epoch 9453 | Cost: 0.197450 | Acc: 82.50% (Best: 84.17% @ Ep8975) | LR: 0.000300 | Rev: 0/99999
Epoch 9454 | Cost: 0.200329 | Acc: 81.67% (Best: 84.17% @ Ep8975) | LR: 0.000300 | Rev: 1/99999
Epoch 9455 | Cost: 0.217183 | Acc: 81.94% (Best: 84.17% @ Ep8975) | LR: 0.000300 | Rev: 2/99999
Epoch 9456 | Cost: 0.207204 | Acc: 81.11% (Best: 84.17% @ Ep8975) | LR: 0.000300 | Rev: 0/99999
Epoch 9457 | Cost: 0.208073 | Acc: 81.67% (Best: 84.17% @ Ep8975) | LR: 0.000300 | Rev: 1/99999
Epoch 9458 | Cost: 0.202523 | Acc: 80.83% (Best: 84.17% @ Ep8975) | LR: 0.000300 | Rev: 0/99999
Epoch 9459 | Cost: 0.204083 | Acc: 81.94% (Best: 84.17% @ Ep8975) | LR: 0.000300 | Rev: 1/99999
Epoch 9460 | Cost: 0.204450 | Acc: 82.22% (Best: 84.17% @ Ep8975) | LR: 0.000300 | Rev: 2/99999
Epoch 9461 | Cost: 0.218661 | Acc: 82.78% (Best: 84.17% @ Ep8975) | LR: 0.000300 | Rev: 3/99999
Epoch 9462 | Cost: 0.205913 | Acc: 81.94% (Best: 84.17% @ Ep8975) | LR: 0.000300 | Rev: 0/99999
Epoch 9463 | Cost: 0.195763 | Acc: 81.11% (Best: 84.17% @ Ep8975) | LR: 0.000300 | Rev: 0/99999
Epoch 9464 | Cost: 0.194944 | Acc: 82.50% (Best: 84.17% @ Ep8975) | LR: 0.000300 | Rev: 0/99999
Epoch 9465 | Cost: 0.209236 | Acc: 82.22% (Best: 84.17% @ Ep8975) | LR: 0.000300 | Rev: 1/99999
Epoch 9466 | Cost: 0.195020 | Acc: 81.67% (Best: 84.17% @ Ep8975) | LR: 0.000300 | Rev: 0/99999
Epoch 9467 | Cost: 0.188901 | Acc: 81.67% (Best: 84.17% @ Ep8975) | LR: 0.000300 | Rev: 0/99999
Epoch 9468 | Cost: 0.219862 | Acc: 81.94% (Best: 84.17% @ Ep8975) | LR: 0.000300 | Rev: 1/99999
Epoch 9469 | Cost: 0.195222 | Acc: 81.94% (Best: 84.17% @ Ep8975) | LR: 0.000300 | Rev: 0/99999
Epoch 9470 | Cost: 0.204204 | Acc: 81.39% (Best: 84.17% @ Ep8975) | LR: 0.000300 | Rev: 1/99999
Epoch 9471 | Cost: 0.204588 | Acc: 80.56% (Best: 84.17% @ Ep8975) | LR: 0.000300 | Rev: 2/99999
Epoch 9472 | Cost: 0.218492 | Acc: 82.50% (Best: 84.17% @ Ep8975) | LR: 0.000300 | Rev: 3/99999
Epoch 9473 | Cost: 0.205840 | Acc: 81.39% (Best: 84.17% @ Ep8975) | LR: 0.000300 | Rev: 0/99999
Epoch 9474 | Cost: 0.196495 | Acc: 81.94% (Best: 84.17% @ Ep8975) | LR: 0.000300 | Rev: 0/99999
Epoch 9475 | Cost: 0.201090 | Acc: 81.11% (Best: 84.17% @ Ep8975) | LR: 0.000300 | Rev: 1/99999
Epoch 9476 | Cost: 0.211469 | Acc: 82.22% (Best: 84.17% @ Ep8975) | LR: 0.000300 | Rev: 2/99999
Epoch 9477 | Cost: 0.210568 | Acc: 81.39% (Best: 84.17% @ Ep8975) | LR: 0.000300 | Rev: 0/99999
Epoch 9478 | Cost: 0.199904 | Acc: 82.22% (Best: 84.17% @ Ep8975) | LR: 0.000300 | Rev: 0/99999
Epoch 9479 | Cost: 0.196649 | Acc: 83.33% (Best: 84.17% @ Ep8975) | LR: 0.000300 | Rev: 0/99999
Epoch 9480 | Cost: 0.205664 | Acc: 82.78% (Best: 84.17% @ Ep8975) | LR: 0.000300 | Rev: 1/99999
Epoch 9481 | Cost: 0.203077 | Acc: 82.22% (Best: 84.17% @ Ep8975) | LR: 0.000300 | Rev: 0/99999
Epoch 9482 | Cost: 0.188682 | Acc: 81.94% (Best: 84.17% @ Ep8975) | LR: 0.000300 | Rev: 0/99999
Epoch 9483 | Cost: 0.215039 | Acc: 81.94% (Best: 84.17% @ Ep8975) | LR: 0.000300 | Rev: 1/99999
Epoch 9484 | Cost: 0.190793 | Acc: 82.50% (Best: 84.17% @ Ep8975) | LR: 0.000300 | Rev: 0/99999
Epoch 9485 | Cost: 0.227291 | Acc: 81.94% (Best: 84.17% @ Ep8975) | LR: 0.000300 | Rev: 1/99999
Epoch 9486 | Cost: 0.204231 | Acc: 83.06% (Best: 84.17% @ Ep8975) | LR: 0.000300 | Rev: 0/99999
Epoch 9487 | Cost: 0.207914 | Acc: 82.22% (Best: 84.17% @ Ep8975) | LR: 0.000300 | Rev: 1/99999
Epoch 9488 | Cost: 0.206767 | Acc: 82.50% (Best: 84.17% @ Ep8975) | LR: 0.000300 | Rev: 0/99999
Epoch 9489 | Cost: 0.210290 | Acc: 82.22% (Best: 84.17% @ Ep8975) | LR: 0.000300 | Rev: 1/99999
Epoch 9490 | Cost: 0.205455 | Acc: 82.22% (Best: 84.17% @ Ep8975) | LR: 0.000300 | Rev: 0/99999
Epoch 9491 | Cost: 0.210858 | Acc: 81.94% (Best: 84.17% @ Ep8975) | LR: 0.000300 | Rev: 1/99999
Epoch 9492 | Cost: 0.215674 | Acc: 82.50% (Best: 84.17% @ Ep8975) | LR: 0.000300 | Rev: 2/99999
Epoch 9493 | Cost: 0.198100 | Acc: 81.11% (Best: 84.17% @ Ep8975) | LR: 0.000300 | Rev: 0/99999
Epoch 9494 | Cost: 0.198053 | Acc: 82.50% (Best: 84.17% @ Ep8975) | LR: 0.000300 | Rev: 0/99999
Epoch 9495 | Cost: 0.200014 | Acc: 81.67% (Best: 84.17% @ Ep8975) | LR: 0.000300 | Rev: 1/99999
Epoch 9496 | Cost: 0.211294 | Acc: 82.50% (Best: 84.17% @ Ep8975) | LR: 0.000300 | Rev: 2/99999
Epoch 9497 | Cost: 0.207823 | Acc: 83.06% (Best: 84.17% @ Ep8975) | LR: 0.000300 | Rev: 0/99999
Epoch 9498 | Cost: 0.209977 | Acc: 82.78% (Best: 84.17% @ Ep8975) | LR: 0.000300 | Rev: 1/99999
Epoch 9499 | Cost: 0.200918 | Acc: 81.67% (Best: 84.17% @ Ep8975) | LR: 0.000300 | Rev: 0/99999
Epoch 9500 | Cost: 0.187966 | Acc: 82.78% (Best: 84.17% @ Ep8975) | LR: 0.000300 | Rev: 0/99999
Epoch 9501 | Cost: 0.202447 | Acc: 81.67% (Best: 84.17% @ Ep8975) | LR: 0.000300 | Rev: 1/99999
Epoch 9502 | Cost: 0.200111 | Acc: 81.67% (Best: 84.17% @ Ep8975) | LR: 0.000300 | Rev: 0/99999
Epoch 9503 | Cost: 0.207748 | Acc: 81.94% (Best: 84.17% @ Ep8975) | LR: 0.000300 | Rev: 1/99999
Epoch 9504 | Cost: 0.211824 | Acc: 82.78% (Best: 84.17% @ Ep8975) | LR: 0.000300 | Rev: 2/99999
Epoch 9505 | Cost: 0.212708 | Acc: 83.06% (Best: 84.17% @ Ep8975) | LR: 0.000300 | Rev: 3/99999
Epoch 9506 | Cost: 0.204650 | Acc: 83.06% (Best: 84.17% @ Ep8975) | LR: 0.000300 | Rev: 0/99999
Epoch 9507 | Cost: 0.196028 | Acc: 82.50% (Best: 84.17% @ Ep8975) | LR: 0.000300 | Rev: 0/99999
Epoch 9508 | Cost: 0.196103 | Acc: 81.94% (Best: 84.17% @ Ep8975) | LR: 0.000300 | Rev: 1/99999
Epoch 9509 | Cost: 0.179553 | Acc: 81.39% (Best: 84.17% @ Ep8975) | LR: 0.000300 | Rev: 0/99999
Epoch 9510 | Cost: 0.203567 | Acc: 81.39% (Best: 84.17% @ Ep8975) | LR: 0.000300 | Rev: 1/99999
Epoch 9511 | Cost: 0.191410 | Acc: 81.39% (Best: 84.17% @ Ep8975) | LR: 0.000300 | Rev: 0/99999
Epoch 9512 | Cost: 0.187682 | Acc: 80.28% (Best: 84.17% @ Ep8975) | LR: 0.000300 | Rev: 0/99999
Epoch 9513 | Cost: 0.187566 | Acc: 81.67% (Best: 84.17% @ Ep8975) | LR: 0.000300 | Rev: 0/99999
Epoch 9514 | Cost: 0.209677 | Acc: 81.11% (Best: 84.17% @ Ep8975) | LR: 0.000300 | Rev: 1/99999
Epoch 9515 | Cost: 0.205093 | Acc: 81.39% (Best: 84.17% @ Ep8975) | LR: 0.000300 | Rev: 0/99999
Epoch 9516 | Cost: 0.197006 | Acc: 82.22% (Best: 84.17% @ Ep8975) | LR: 0.000300 | Rev: 0/99999
Epoch 9517 | Cost: 0.211647 | Acc: 82.22% (Best: 84.17% @ Ep8975) | LR: 0.000300 | Rev: 1/99999
Epoch 9518 | Cost: 0.206283 | Acc: 82.22% (Best: 84.17% @ Ep8975) | LR: 0.000300 | Rev: 0/99999
Epoch 9519 | Cost: 0.216041 | Acc: 82.78% (Best: 84.17% @ Ep8975) | LR: 0.000300 | Rev: 1/99999
Epoch 9520 | Cost: 0.205762 | Acc: 82.50% (Best: 84.17% @ Ep8975) | LR: 0.000300 | Rev: 0/99999
Epoch 9521 | Cost: 0.197169 | Acc: 82.78% (Best: 84.17% @ Ep8975) | LR: 0.000300 | Rev: 0/99999
Epoch 9522 | Cost: 0.198074 | Acc: 82.22% (Best: 84.17% @ Ep8975) | LR: 0.000300 | Rev: 1/99999
Epoch 9523 | Cost: 0.207250 | Acc: 82.50% (Best: 84.17% @ Ep8975) | LR: 0.000300 | Rev: 2/99999
Epoch 9524 | Cost: 0.193031 | Acc: 82.22% (Best: 84.17% @ Ep8975) | LR: 0.000300 | Rev: 0/99999
Epoch 9525 | Cost: 0.186789 | Acc: 83.33% (Best: 84.17% @ Ep8975) | LR: 0.000300 | Rev: 0/99999
Epoch 9526 | Cost: 0.197526 | Acc: 81.39% (Best: 84.17% @ Ep8975) | LR: 0.000300 | Rev: 1/99999
Epoch 9527 | Cost: 0.217360 | Acc: 83.33% (Best: 84.17% @ Ep8975) | LR: 0.000300 | Rev: 2/99999
Epoch 9528 | Cost: 0.201478 | Acc: 81.94% (Best: 84.17% @ Ep8975) | LR: 0.000300 | Rev: 0/99999
Epoch 9529 | Cost: 0.199676 | Acc: 81.39% (Best: 84.17% @ Ep8975) | LR: 0.000300 | Rev: 0/99999
Epoch 9530 | Cost: 0.191067 | Acc: 81.67% (Best: 84.17% @ Ep8975) | LR: 0.000300 | Rev: 0/99999
Epoch 9531 | Cost: 0.207565 | Acc: 81.67% (Best: 84.17% @ Ep8975) | LR: 0.000300 | Rev: 1/99999
Epoch 9532 | Cost: 0.203360 | Acc: 82.22% (Best: 84.17% @ Ep8975) | LR: 0.000300 | Rev: 0/99999
Epoch 9533 | Cost: 0.190303 | Acc: 83.06% (Best: 84.17% @ Ep8975) | LR: 0.000300 | Rev: 0/99999
Epoch 9534 | Cost: 0.199389 | Acc: 81.11% (Best: 84.17% @ Ep8975) | LR: 0.000300 | Rev: 1/99999
Epoch 9535 | Cost: 0.196030 | Acc: 81.39% (Best: 84.17% @ Ep8975) | LR: 0.000300 | Rev: 0/99999
Epoch 9536 | Cost: 0.199010 | Acc: 82.22% (Best: 84.17% @ Ep8975) | LR: 0.000300 | Rev: 1/99999
Epoch 9537 | Cost: 0.206922 | Acc: 82.22% (Best: 84.17% @ Ep8975) | LR: 0.000300 | Rev: 2/99999
Epoch 9538 | Cost: 0.210198 | Acc: 82.22% (Best: 84.17% @ Ep8975) | LR: 0.000300 | Rev: 3/99999
Epoch 9539 | Cost: 0.205806 | Acc: 81.39% (Best: 84.17% @ Ep8975) | LR: 0.000300 | Rev: 0/99999
Epoch 9540 | Cost: 0.193554 | Acc: 81.67% (Best: 84.17% @ Ep8975) | LR: 0.000300 | Rev: 0/99999
Epoch 9541 | Cost: 0.212087 | Acc: 82.22% (Best: 84.17% @ Ep8975) | LR: 0.000300 | Rev: 1/99999
Epoch 9542 | Cost: 0.206654 | Acc: 81.94% (Best: 84.17% @ Ep8975) | LR: 0.000300 | Rev: 0/99999
Epoch 9543 | Cost: 0.204271 | Acc: 82.50% (Best: 84.17% @ Ep8975) | LR: 0.000300 | Rev: 0/99999
Epoch 9544 | Cost: 0.190977 | Acc: 82.78% (Best: 84.17% @ Ep8975) | LR: 0.000300 | Rev: 0/99999
Epoch 9545 | Cost: 0.185627 | Acc: 82.22% (Best: 84.17% @ Ep8975) | LR: 0.000300 | Rev: 0/99999
Epoch 9546 | Cost: 0.190332 | Acc: 83.89% (Best: 84.17% @ Ep8975) | LR: 0.000300 | Rev: 1/99999
Epoch 9547 | Cost: 0.207065 | Acc: 82.22% (Best: 84.17% @ Ep8975) | LR: 0.000300 | Rev: 2/99999
Epoch 9548 | Cost: 0.194952 | Acc: 82.22% (Best: 84.17% @ Ep8975) | LR: 0.000300 | Rev: 0/99999
Epoch 9549 | Cost: 0.211904 | Acc: 81.94% (Best: 84.17% @ Ep8975) | LR: 0.000300 | Rev: 1/99999
Epoch 9550 | Cost: 0.213251 | Acc: 82.50% (Best: 84.17% @ Ep8975) | LR: 0.000300 | Rev: 2/99999
Epoch 9551 | Cost: 0.194207 | Acc: 81.11% (Best: 84.17% @ Ep8975) | LR: 0.000300 | Rev: 0/99999
Epoch 9552 | Cost: 0.204097 | Acc: 82.22% (Best: 84.17% @ Ep8975) | LR: 0.000300 | Rev: 1/99999
Epoch 9553 | Cost: 0.182858 | Acc: 83.06% (Best: 84.17% @ Ep8975) | LR: 0.000300 | Rev: 0/99999
Epoch 9554 | Cost: 0.200764 | Acc: 82.78% (Best: 84.17% @ Ep8975) | LR: 0.000300 | Rev: 1/99999
Epoch 9555 | Cost: 0.194896 | Acc: 81.94% (Best: 84.17% @ Ep8975) | LR: 0.000300 | Rev: 0/99999
Epoch 9556 | Cost: 0.202175 | Acc: 82.50% (Best: 84.17% @ Ep8975) | LR: 0.000300 | Rev: 1/99999
Epoch 9557 | Cost: 0.199154 | Acc: 81.67% (Best: 84.17% @ Ep8975) | LR: 0.000300 | Rev: 0/99999
Epoch 9558 | Cost: 0.198153 | Acc: 81.67% (Best: 84.17% @ Ep8975) | LR: 0.000300 | Rev: 0/99999
Epoch 9559 | Cost: 0.210249 | Acc: 83.33% (Best: 84.17% @ Ep8975) | LR: 0.000300 | Rev: 1/99999
Epoch 9560 | Cost: 0.199478 | Acc: 82.22% (Best: 84.17% @ Ep8975) | LR: 0.000300 | Rev: 0/99999
Epoch 9561 | Cost: 0.200321 | Acc: 83.06% (Best: 84.17% @ Ep8975) | LR: 0.000300 | Rev: 1/99999
Epoch 9562 | Cost: 0.185541 | Acc: 82.50% (Best: 84.17% @ Ep8975) | LR: 0.000300 | Rev: 0/99999
Epoch 9563 | Cost: 0.197775 | Acc: 83.06% (Best: 84.17% @ Ep8975) | LR: 0.000300 | Rev: 1/99999
Epoch 9564 | Cost: 0.207300 | Acc: 83.06% (Best: 84.17% @ Ep8975) | LR: 0.000300 | Rev: 2/99999
Epoch 9565 | Cost: 0.198978 | Acc: 80.56% (Best: 84.17% @ Ep8975) | LR: 0.000300 | Rev: 0/99999
Epoch 9566 | Cost: 0.210943 | Acc: 81.94% (Best: 84.17% @ Ep8975) | LR: 0.000300 | Rev: 1/99999
Epoch 9567 | Cost: 0.182847 | Acc: 81.94% (Best: 84.17% @ Ep8975) | LR: 0.000300 | Rev: 0/99999
Epoch 9568 | Cost: 0.211111 | Acc: 83.06% (Best: 84.17% @ Ep8975) | LR: 0.000300 | Rev: 1/99999
Epoch 9569 | Cost: 0.208087 | Acc: 81.94% (Best: 84.17% @ Ep8975) | LR: 0.000300 | Rev: 0/99999
Epoch 9570 | Cost: 0.208513 | Acc: 82.50% (Best: 84.17% @ Ep8975) | LR: 0.000300 | Rev: 1/99999
Epoch 9571 | Cost: 0.197963 | Acc: 82.50% (Best: 84.17% @ Ep8975) | LR: 0.000300 | Rev: 0/99999
Epoch 9572 | Cost: 0.196509 | Acc: 81.11% (Best: 84.17% @ Ep8975) | LR: 0.000300 | Rev: 0/99999
Epoch 9573 | Cost: 0.195221 | Acc: 81.39% (Best: 84.17% @ Ep8975) | LR: 0.000300 | Rev: 0/99999
Epoch 9574 | Cost: 0.207754 | Acc: 82.50% (Best: 84.17% @ Ep8975) | LR: 0.000300 | Rev: 1/99999
Epoch 9575 | Cost: 0.200031 | Acc: 81.67% (Best: 84.17% @ Ep8975) | LR: 0.000300 | Rev: 0/99999
Epoch 9576 | Cost: 0.204099 | Acc: 81.94% (Best: 84.17% @ Ep8975) | LR: 0.000300 | Rev: 1/99999
Epoch 9577 | Cost: 0.197439 | Acc: 81.67% (Best: 84.17% @ Ep8975) | LR: 0.000300 | Rev: 0/99999
Epoch 9578 | Cost: 0.203127 | Acc: 82.50% (Best: 84.17% @ Ep8975) | LR: 0.000300 | Rev: 1/99999
Epoch 9579 | Cost: 0.207758 | Acc: 82.50% (Best: 84.17% @ Ep8975) | LR: 0.000300 | Rev: 2/99999
Epoch 9580 | Cost: 0.191024 | Acc: 82.22% (Best: 84.17% @ Ep8975) | LR: 0.000300 | Rev: 0/99999
Epoch 9581 | Cost: 0.201641 | Acc: 82.22% (Best: 84.17% @ Ep8975) | LR: 0.000300 | Rev: 1/99999
Epoch 9582 | Cost: 0.196963 | Acc: 81.67% (Best: 84.17% @ Ep8975) | LR: 0.000300 | Rev: 0/99999
Epoch 9583 | Cost: 0.198068 | Acc: 82.22% (Best: 84.17% @ Ep8975) | LR: 0.000300 | Rev: 1/99999
Epoch 9584 | Cost: 0.193233 | Acc: 82.78% (Best: 84.17% @ Ep8975) | LR: 0.000300 | Rev: 0/99999
Epoch 9585 | Cost: 0.196428 | Acc: 82.22% (Best: 84.17% @ Ep8975) | LR: 0.000300 | Rev: 1/99999
Epoch 9586 | Cost: 0.192429 | Acc: 82.22% (Best: 84.17% @ Ep8975) | LR: 0.000300 | Rev: 0/99999
Epoch 9587 | Cost: 0.198649 | Acc: 82.22% (Best: 84.17% @ Ep8975) | LR: 0.000300 | Rev: 1/99999
Epoch 9588 | Cost: 0.208033 | Acc: 82.22% (Best: 84.17% @ Ep8975) | LR: 0.000300 | Rev: 2/99999
Epoch 9589 | Cost: 0.210033 | Acc: 82.22% (Best: 84.17% @ Ep8975) | LR: 0.000300 | Rev: 3/99999
Epoch 9590 | Cost: 0.223262 | Acc: 82.22% (Best: 84.17% @ Ep8975) | LR: 0.000300 | Rev: 4/99999
Epoch 9591 | Cost: 0.195966 | Acc: 82.78% (Best: 84.17% @ Ep8975) | LR: 0.000300 | Rev: 0/99999
Epoch 9592 | Cost: 0.201261 | Acc: 81.67% (Best: 84.17% @ Ep8975) | LR: 0.000300 | Rev: 1/99999
Epoch 9593 | Cost: 0.206382 | Acc: 81.67% (Best: 84.17% @ Ep8975) | LR: 0.000300 | Rev: 2/99999
Epoch 9594 | Cost: 0.207320 | Acc: 82.22% (Best: 84.17% @ Ep8975) | LR: 0.000300 | Rev: 3/99999
Epoch 9595 | Cost: 0.196729 | Acc: 82.22% (Best: 84.17% @ Ep8975) | LR: 0.000300 | Rev: 0/99999
Epoch 9596 | Cost: 0.207915 | Acc: 82.50% (Best: 84.17% @ Ep8975) | LR: 0.000300 | Rev: 1/99999
Epoch 9597 | Cost: 0.199966 | Acc: 83.06% (Best: 84.17% @ Ep8975) | LR: 0.000300 | Rev: 0/99999
Epoch 9598 | Cost: 0.191394 | Acc: 82.50% (Best: 84.17% @ Ep8975) | LR: 0.000300 | Rev: 0/99999
Epoch 9599 | Cost: 0.197334 | Acc: 82.22% (Best: 84.17% @ Ep8975) | LR: 0.000300 | Rev: 1/99999
Epoch 9600 | Cost: 0.197084 | Acc: 82.22% (Best: 84.17% @ Ep8975) | LR: 0.000300 | Rev: 0/99999
Epoch 9601 | Cost: 0.203538 | Acc: 82.22% (Best: 84.17% @ Ep8975) | LR: 0.000300 | Rev: 1/99999
Epoch 9602 | Cost: 0.189656 | Acc: 82.78% (Best: 84.17% @ Ep8975) | LR: 0.000300 | Rev: 0/99999
Epoch 9603 | Cost: 0.191953 | Acc: 81.94% (Best: 84.17% @ Ep8975) | LR: 0.000300 | Rev: 1/99999
Epoch 9604 | Cost: 0.201264 | Acc: 82.78% (Best: 84.17% @ Ep8975) | LR: 0.000300 | Rev: 2/99999
Epoch 9605 | Cost: 0.185275 | Acc: 82.22% (Best: 84.17% @ Ep8975) | LR: 0.000300 | Rev: 0/99999
Epoch 9606 | Cost: 0.183230 | Acc: 82.78% (Best: 84.17% @ Ep8975) | LR: 0.000300 | Rev: 0/99999
Epoch 9607 | Cost: 0.203129 | Acc: 82.50% (Best: 84.17% @ Ep8975) | LR: 0.000300 | Rev: 1/99999
Epoch 9608 | Cost: 0.214831 | Acc: 82.78% (Best: 84.17% @ Ep8975) | LR: 0.000300 | Rev: 2/99999
Epoch 9609 | Cost: 0.201597 | Acc: 81.94% (Best: 84.17% @ Ep8975) | LR: 0.000300 | Rev: 0/99999
Epoch 9610 | Cost: 0.201810 | Acc: 82.50% (Best: 84.17% @ Ep8975) | LR: 0.000300 | Rev: 1/99999
Epoch 9611 | Cost: 0.204114 | Acc: 81.67% (Best: 84.17% @ Ep8975) | LR: 0.000300 | Rev: 2/99999
Epoch 9612 | Cost: 0.191826 | Acc: 83.06% (Best: 84.17% @ Ep8975) | LR: 0.000300 | Rev: 0/99999
Epoch 9613 | Cost: 0.197860 | Acc: 81.67% (Best: 84.17% @ Ep8975) | LR: 0.000300 | Rev: 1/99999
Epoch 9614 | Cost: 0.211381 | Acc: 82.78% (Best: 84.17% @ Ep8975) | LR: 0.000300 | Rev: 2/99999
Epoch 9615 | Cost: 0.195894 | Acc: 81.94% (Best: 84.17% @ Ep8975) | LR: 0.000300 | Rev: 0/99999
Epoch 9616 | Cost: 0.203309 | Acc: 82.22% (Best: 84.17% @ Ep8975) | LR: 0.000300 | Rev: 1/99999
Epoch 9617 | Cost: 0.194147 | Acc: 82.50% (Best: 84.17% @ Ep8975) | LR: 0.000300 | Rev: 0/99999
Epoch 9618 | Cost: 0.192237 | Acc: 82.78% (Best: 84.17% @ Ep8975) | LR: 0.000300 | Rev: 0/99999
Epoch 9619 | Cost: 0.194107 | Acc: 82.50% (Best: 84.17% @ Ep8975) | LR: 0.000300 | Rev: 1/99999
Epoch 9620 | Cost: 0.185712 | Acc: 82.50% (Best: 84.17% @ Ep8975) | LR: 0.000300 | Rev: 0/99999
Epoch 9621 | Cost: 0.212033 | Acc: 82.22% (Best: 84.17% @ Ep8975) | LR: 0.000300 | Rev: 1/99999
Epoch 9622 | Cost: 0.195902 | Acc: 82.22% (Best: 84.17% @ Ep8975) | LR: 0.000300 | Rev: 0/99999
Epoch 9623 | Cost: 0.188422 | Acc: 81.94% (Best: 84.17% @ Ep8975) | LR: 0.000300 | Rev: 0/99999
Epoch 9624 | Cost: 0.204044 | Acc: 81.94% (Best: 84.17% @ Ep8975) | LR: 0.000300 | Rev: 1/99999
Epoch 9625 | Cost: 0.206128 | Acc: 82.22% (Best: 84.17% @ Ep8975) | LR: 0.000300 | Rev: 2/99999
Epoch 9626 | Cost: 0.192139 | Acc: 83.61% (Best: 84.17% @ Ep8975) | LR: 0.000300 | Rev: 0/99999
Epoch 9627 | Cost: 0.204337 | Acc: 81.94% (Best: 84.17% @ Ep8975) | LR: 0.000300 | Rev: 1/99999
Epoch 9628 | Cost: 0.213560 | Acc: 81.11% (Best: 84.17% @ Ep8975) | LR: 0.000300 | Rev: 2/99999
Epoch 9629 | Cost: 0.206110 | Acc: 81.67% (Best: 84.17% @ Ep8975) | LR: 0.000300 | Rev: 0/99999
Epoch 9630 | Cost: 0.196464 | Acc: 82.50% (Best: 84.17% @ Ep8975) | LR: 0.000300 | Rev: 0/99999
Epoch 9631 | Cost: 0.204115 | Acc: 82.22% (Best: 84.17% @ Ep8975) | LR: 0.000300 | Rev: 1/99999
Epoch 9632 | Cost: 0.196706 | Acc: 81.94% (Best: 84.17% @ Ep8975) | LR: 0.000300 | Rev: 0/99999
Epoch 9633 | Cost: 0.205087 | Acc: 81.67% (Best: 84.17% @ Ep8975) | LR: 0.000300 | Rev: 1/99999
Epoch 9634 | Cost: 0.206005 | Acc: 82.22% (Best: 84.17% @ Ep8975) | LR: 0.000300 | Rev: 2/99999
Epoch 9635 | Cost: 0.199768 | Acc: 81.94% (Best: 84.17% @ Ep8975) | LR: 0.000300 | Rev: 0/99999
Epoch 9636 | Cost: 0.199823 | Acc: 82.50% (Best: 84.17% @ Ep8975) | LR: 0.000300 | Rev: 1/99999
Epoch 9637 | Cost: 0.207948 | Acc: 83.06% (Best: 84.17% @ Ep8975) | LR: 0.000300 | Rev: 2/99999
Epoch 9638 | Cost: 0.206019 | Acc: 82.78% (Best: 84.17% @ Ep8975) | LR: 0.000300 | Rev: 0/99999
Epoch 9639 | Cost: 0.200467 | Acc: 82.22% (Best: 84.17% @ Ep8975) | LR: 0.000300 | Rev: 0/99999
Epoch 9640 | Cost: 0.188348 | Acc: 82.22% (Best: 84.17% @ Ep8975) | LR: 0.000300 | Rev: 0/99999
Epoch 9641 | Cost: 0.192778 | Acc: 81.67% (Best: 84.17% @ Ep8975) | LR: 0.000300 | Rev: 1/99999
Epoch 9642 | Cost: 0.189973 | Acc: 83.06% (Best: 84.17% @ Ep8975) | LR: 0.000300 | Rev: 0/99999
Epoch 9643 | Cost: 0.194292 | Acc: 83.06% (Best: 84.17% @ Ep8975) | LR: 0.000300 | Rev: 1/99999
Epoch 9644 | Cost: 0.210293 | Acc: 82.78% (Best: 84.17% @ Ep8975) | LR: 0.000300 | Rev: 2/99999
Epoch 9645 | Cost: 0.212068 | Acc: 83.06% (Best: 84.17% @ Ep8975) | LR: 0.000300 | Rev: 3/99999
Epoch 9646 | Cost: 0.195412 | Acc: 82.78% (Best: 84.17% @ Ep8975) | LR: 0.000300 | Rev: 0/99999
Epoch 9647 | Cost: 0.208181 | Acc: 82.78% (Best: 84.17% @ Ep8975) | LR: 0.000300 | Rev: 1/99999
Epoch 9648 | Cost: 0.211719 | Acc: 82.22% (Best: 84.17% @ Ep8975) | LR: 0.000300 | Rev: 2/99999
Epoch 9649 | Cost: 0.192204 | Acc: 81.67% (Best: 84.17% @ Ep8975) | LR: 0.000300 | Rev: 0/99999
Epoch 9650 | Cost: 0.197974 | Acc: 82.22% (Best: 84.17% @ Ep8975) | LR: 0.000300 | Rev: 1/99999
Epoch 9651 | Cost: 0.200282 | Acc: 82.50% (Best: 84.17% @ Ep8975) | LR: 0.000300 | Rev: 2/99999
Epoch 9652 | Cost: 0.215360 | Acc: 82.50% (Best: 84.17% @ Ep8975) | LR: 0.000300 | Rev: 3/99999
Epoch 9653 | Cost: 0.193143 | Acc: 81.11% (Best: 84.17% @ Ep8975) | LR: 0.000300 | Rev: 0/99999
Epoch 9654 | Cost: 0.203947 | Acc: 80.83% (Best: 84.17% @ Ep8975) | LR: 0.000300 | Rev: 1/99999
Epoch 9655 | Cost: 0.193681 | Acc: 81.94% (Best: 84.17% @ Ep8975) | LR: 0.000300 | Rev: 0/99999
Epoch 9656 | Cost: 0.208948 | Acc: 81.67% (Best: 84.17% @ Ep8975) | LR: 0.000300 | Rev: 1/99999
Epoch 9657 | Cost: 0.217627 | Acc: 82.78% (Best: 84.17% @ Ep8975) | LR: 0.000300 | Rev: 2/99999
Epoch 9658 | Cost: 0.191723 | Acc: 82.50% (Best: 84.17% @ Ep8975) | LR: 0.000300 | Rev: 0/99999
Epoch 9659 | Cost: 0.211468 | Acc: 82.22% (Best: 84.17% @ Ep8975) | LR: 0.000300 | Rev: 1/99999
Epoch 9660 | Cost: 0.205172 | Acc: 82.78% (Best: 84.17% @ Ep8975) | LR: 0.000300 | Rev: 0/99999
Epoch 9661 | Cost: 0.211829 | Acc: 82.22% (Best: 84.17% @ Ep8975) | LR: 0.000300 | Rev: 1/99999
Epoch 9662 | Cost: 0.193876 | Acc: 81.11% (Best: 84.17% @ Ep8975) | LR: 0.000300 | Rev: 0/99999
Epoch 9663 | Cost: 0.205410 | Acc: 83.06% (Best: 84.17% @ Ep8975) | LR: 0.000300 | Rev: 1/99999
Epoch 9664 | Cost: 0.202414 | Acc: 82.78% (Best: 84.17% @ Ep8975) | LR: 0.000300 | Rev: 0/99999
Epoch 9665 | Cost: 0.206500 | Acc: 81.94% (Best: 84.17% @ Ep8975) | LR: 0.000300 | Rev: 1/99999
Epoch 9666 | Cost: 0.205804 | Acc: 83.06% (Best: 84.17% @ Ep8975) | LR: 0.000300 | Rev: 0/99999
Epoch 9667 | Cost: 0.194408 | Acc: 81.67% (Best: 84.17% @ Ep8975) | LR: 0.000300 | Rev: 0/99999
Epoch 9668 | Cost: 0.182871 | Acc: 81.94% (Best: 84.17% @ Ep8975) | LR: 0.000300 | Rev: 0/99999
Epoch 9669 | Cost: 0.174973 | Acc: 81.67% (Best: 84.17% @ Ep8975) | LR: 0.000300 | Rev: 0/99999
Epoch 9670 | Cost: 0.195044 | Acc: 81.39% (Best: 84.17% @ Ep8975) | LR: 0.000300 | Rev: 1/99999
Epoch 9671 | Cost: 0.194403 | Acc: 82.22% (Best: 84.17% @ Ep8975) | LR: 0.000300 | Rev: 0/99999
Epoch 9672 | Cost: 0.205288 | Acc: 82.78% (Best: 84.17% @ Ep8975) | LR: 0.000300 | Rev: 1/99999
Epoch 9673 | Cost: 0.202557 | Acc: 81.39% (Best: 84.17% @ Ep8975) | LR: 0.000300 | Rev: 0/99999
Epoch 9674 | Cost: 0.205196 | Acc: 81.39% (Best: 84.17% @ Ep8975) | LR: 0.000300 | Rev: 1/99999
Epoch 9675 | Cost: 0.206196 | Acc: 82.22% (Best: 84.17% @ Ep8975) | LR: 0.000300 | Rev: 2/99999
Epoch 9676 | Cost: 0.192515 | Acc: 82.22% (Best: 84.17% @ Ep8975) | LR: 0.000300 | Rev: 0/99999
Epoch 9677 | Cost: 0.194565 | Acc: 82.50% (Best: 84.17% @ Ep8975) | LR: 0.000300 | Rev: 1/99999
Epoch 9678 | Cost: 0.206156 | Acc: 81.94% (Best: 84.17% @ Ep8975) | LR: 0.000300 | Rev: 2/99999
Epoch 9679 | Cost: 0.204018 | Acc: 82.78% (Best: 84.17% @ Ep8975) | LR: 0.000300 | Rev: 0/99999
Epoch 9680 | Cost: 0.207635 | Acc: 81.67% (Best: 84.17% @ Ep8975) | LR: 0.000300 | Rev: 1/99999
Epoch 9681 | Cost: 0.193984 | Acc: 81.39% (Best: 84.17% @ Ep8975) | LR: 0.000300 | Rev: 0/99999
Epoch 9682 | Cost: 0.209582 | Acc: 83.06% (Best: 84.17% @ Ep8975) | LR: 0.000300 | Rev: 1/99999
Epoch 9683 | Cost: 0.196260 | Acc: 82.78% (Best: 84.17% @ Ep8975) | LR: 0.000300 | Rev: 0/99999
Epoch 9684 | Cost: 0.200004 | Acc: 81.94% (Best: 84.17% @ Ep8975) | LR: 0.000300 | Rev: 1/99999
Epoch 9685 | Cost: 0.203091 | Acc: 82.50% (Best: 84.17% @ Ep8975) | LR: 0.000300 | Rev: 2/99999
Epoch 9686 | Cost: 0.183015 | Acc: 82.78% (Best: 84.17% @ Ep8975) | LR: 0.000300 | Rev: 0/99999
Epoch 9687 | Cost: 0.193692 | Acc: 81.94% (Best: 84.17% @ Ep8975) | LR: 0.000300 | Rev: 1/99999
Epoch 9688 | Cost: 0.197592 | Acc: 83.06% (Best: 84.17% @ Ep8975) | LR: 0.000300 | Rev: 2/99999
Epoch 9689 | Cost: 0.188131 | Acc: 82.78% (Best: 84.17% @ Ep8975) | LR: 0.000300 | Rev: 0/99999
Epoch 9690 | Cost: 0.183187 | Acc: 82.50% (Best: 84.17% @ Ep8975) | LR: 0.000300 | Rev: 0/99999
Epoch 9691 | Cost: 0.193508 | Acc: 82.22% (Best: 84.17% @ Ep8975) | LR: 0.000300 | Rev: 1/99999
Epoch 9692 | Cost: 0.193633 | Acc: 82.78% (Best: 84.17% @ Ep8975) | LR: 0.000300 | Rev: 2/99999
Epoch 9693 | Cost: 0.195080 | Acc: 82.22% (Best: 84.17% @ Ep8975) | LR: 0.000300 | Rev: 3/99999
Epoch 9694 | Cost: 0.202968 | Acc: 81.94% (Best: 84.17% @ Ep8975) | LR: 0.000300 | Rev: 4/99999
Epoch 9695 | Cost: 0.208691 | Acc: 82.78% (Best: 84.17% @ Ep8975) | LR: 0.000300 | Rev: 5/99999
Epoch 9696 | Cost: 0.194019 | Acc: 83.61% (Best: 84.17% @ Ep8975) | LR: 0.000300 | Rev: 0/99999
Epoch 9697 | Cost: 0.198822 | Acc: 81.67% (Best: 84.17% @ Ep8975) | LR: 0.000300 | Rev: 1/99999
Epoch 9698 | Cost: 0.195029 | Acc: 83.06% (Best: 84.17% @ Ep8975) | LR: 0.000300 | Rev: 0/99999
Epoch 9699 | Cost: 0.208682 | Acc: 82.22% (Best: 84.17% @ Ep8975) | LR: 0.000300 | Rev: 1/99999
Epoch 9700 | Cost: 0.202210 | Acc: 82.78% (Best: 84.17% @ Ep8975) | LR: 0.000300 | Rev: 0/99999
Epoch 9701 | Cost: 0.182658 | Acc: 82.50% (Best: 84.17% @ Ep8975) | LR: 0.000300 | Rev: 0/99999
Epoch 9702 | Cost: 0.185304 | Acc: 81.94% (Best: 84.17% @ Ep8975) | LR: 0.000300 | Rev: 1/99999
Epoch 9703 | Cost: 0.198288 | Acc: 81.67% (Best: 84.17% @ Ep8975) | LR: 0.000300 | Rev: 2/99999
Epoch 9704 | Cost: 0.204427 | Acc: 81.94% (Best: 84.17% @ Ep8975) | LR: 0.000300 | Rev: 3/99999
Epoch 9705 | Cost: 0.203236 | Acc: 82.78% (Best: 84.17% @ Ep8975) | LR: 0.000300 | Rev: 0/99999
Epoch 9706 | Cost: 0.182468 | Acc: 82.50% (Best: 84.17% @ Ep8975) | LR: 0.000300 | Rev: 0/99999
Epoch 9707 | Cost: 0.193822 | Acc: 83.06% (Best: 84.17% @ Ep8975) | LR: 0.000300 | Rev: 1/99999
Epoch 9708 | Cost: 0.191309 | Acc: 82.50% (Best: 84.17% @ Ep8975) | LR: 0.000300 | Rev: 0/99999
Epoch 9709 | Cost: 0.199682 | Acc: 82.50% (Best: 84.17% @ Ep8975) | LR: 0.000300 | Rev: 1/99999
Epoch 9710 | Cost: 0.195052 | Acc: 81.94% (Best: 84.17% @ Ep8975) | LR: 0.000300 | Rev: 0/99999
Epoch 9711 | Cost: 0.195004 | Acc: 83.06% (Best: 84.17% @ Ep8975) | LR: 0.000300 | Rev: 0/99999
Epoch 9712 | Cost: 0.194918 | Acc: 83.06% (Best: 84.17% @ Ep8975) | LR: 0.000300 | Rev: 0/99999
Epoch 9713 | Cost: 0.201157 | Acc: 82.50% (Best: 84.17% @ Ep8975) | LR: 0.000300 | Rev: 1/99999
Epoch 9714 | Cost: 0.191933 | Acc: 81.67% (Best: 84.17% @ Ep8975) | LR: 0.000300 | Rev: 0/99999
Epoch 9715 | Cost: 0.191520 | Acc: 82.78% (Best: 84.17% @ Ep8975) | LR: 0.000300 | Rev: 0/99999
Epoch 9716 | Cost: 0.202853 | Acc: 81.67% (Best: 84.17% @ Ep8975) | LR: 0.000300 | Rev: 1/99999
Epoch 9717 | Cost: 0.186183 | Acc: 82.78% (Best: 84.17% @ Ep8975) | LR: 0.000300 | Rev: 0/99999
Epoch 9718 | Cost: 0.193143 | Acc: 81.11% (Best: 84.17% @ Ep8975) | LR: 0.000300 | Rev: 1/99999
Epoch 9719 | Cost: 0.196723 | Acc: 81.94% (Best: 84.17% @ Ep8975) | LR: 0.000300 | Rev: 2/99999
Epoch 9720 | Cost: 0.190739 | Acc: 81.94% (Best: 84.17% @ Ep8975) | LR: 0.000300 | Rev: 0/99999
Epoch 9721 | Cost: 0.197088 | Acc: 82.22% (Best: 84.17% @ Ep8975) | LR: 0.000300 | Rev: 1/99999
Epoch 9722 | Cost: 0.206480 | Acc: 82.22% (Best: 84.17% @ Ep8975) | LR: 0.000300 | Rev: 2/99999
Epoch 9723 | Cost: 0.210886 | Acc: 82.50% (Best: 84.17% @ Ep8975) | LR: 0.000300 | Rev: 3/99999
Epoch 9724 | Cost: 0.193647 | Acc: 82.50% (Best: 84.17% @ Ep8975) | LR: 0.000300 | Rev: 0/99999
Epoch 9725 | Cost: 0.172555 | Acc: 82.50% (Best: 84.17% @ Ep8975) | LR: 0.000300 | Rev: 0/99999
Epoch 9726 | Cost: 0.209637 | Acc: 81.67% (Best: 84.17% @ Ep8975) | LR: 0.000300 | Rev: 1/99999
Epoch 9727 | Cost: 0.204736 | Acc: 82.78% (Best: 84.17% @ Ep8975) | LR: 0.000300 | Rev: 0/99999
Epoch 9728 | Cost: 0.228459 | Acc: 82.78% (Best: 84.17% @ Ep8975) | LR: 0.000300 | Rev: 1/99999
Epoch 9729 | Cost: 0.203570 | Acc: 81.11% (Best: 84.17% @ Ep8975) | LR: 0.000300 | Rev: 0/99999
Epoch 9730 | Cost: 0.186086 | Acc: 81.67% (Best: 84.17% @ Ep8975) | LR: 0.000300 | Rev: 0/99999
Epoch 9731 | Cost: 0.191589 | Acc: 81.67% (Best: 84.17% @ Ep8975) | LR: 0.000300 | Rev: 1/99999
Epoch 9732 | Cost: 0.202711 | Acc: 82.22% (Best: 84.17% @ Ep8975) | LR: 0.000300 | Rev: 2/99999
Epoch 9733 | Cost: 0.195922 | Acc: 81.94% (Best: 84.17% @ Ep8975) | LR: 0.000300 | Rev: 0/99999
Epoch 9734 | Cost: 0.184788 | Acc: 82.50% (Best: 84.17% @ Ep8975) | LR: 0.000300 | Rev: 0/99999
Epoch 9735 | Cost: 0.201692 | Acc: 82.50% (Best: 84.17% @ Ep8975) | LR: 0.000300 | Rev: 1/99999
Epoch 9736 | Cost: 0.195955 | Acc: 82.22% (Best: 84.17% @ Ep8975) | LR: 0.000300 | Rev: 0/99999
Epoch 9737 | Cost: 0.195142 | Acc: 81.67% (Best: 84.17% @ Ep8975) | LR: 0.000300 | Rev: 0/99999
Epoch 9738 | Cost: 0.186261 | Acc: 82.22% (Best: 84.17% @ Ep8975) | LR: 0.000300 | Rev: 0/99999
Epoch 9739 | Cost: 0.177944 | Acc: 82.78% (Best: 84.17% @ Ep8975) | LR: 0.000300 | Rev: 0/99999
Epoch 9740 | Cost: 0.193245 | Acc: 81.94% (Best: 84.17% @ Ep8975) | LR: 0.000300 | Rev: 1/99999
Epoch 9741 | Cost: 0.210751 | Acc: 81.67% (Best: 84.17% @ Ep8975) | LR: 0.000300 | Rev: 2/99999
Epoch 9742 | Cost: 0.206651 | Acc: 80.83% (Best: 84.17% @ Ep8975) | LR: 0.000300 | Rev: 0/99999
Epoch 9743 | Cost: 0.210611 | Acc: 82.50% (Best: 84.17% @ Ep8975) | LR: 0.000300 | Rev: 1/99999
Epoch 9744 | Cost: 0.200979 | Acc: 82.50% (Best: 84.17% @ Ep8975) | LR: 0.000300 | Rev: 0/99999
Epoch 9745 | Cost: 0.187626 | Acc: 82.50% (Best: 84.17% @ Ep8975) | LR: 0.000300 | Rev: 0/99999
Epoch 9746 | Cost: 0.197535 | Acc: 82.78% (Best: 84.17% @ Ep8975) | LR: 0.000300 | Rev: 1/99999
Epoch 9747 | Cost: 0.210695 | Acc: 82.50% (Best: 84.17% @ Ep8975) | LR: 0.000300 | Rev: 2/99999
Epoch 9748 | Cost: 0.192633 | Acc: 81.11% (Best: 84.17% @ Ep8975) | LR: 0.000300 | Rev: 0/99999
Epoch 9749 | Cost: 0.188267 | Acc: 81.39% (Best: 84.17% @ Ep8975) | LR: 0.000300 | Rev: 0/99999
Epoch 9750 | Cost: 0.199103 | Acc: 81.94% (Best: 84.17% @ Ep8975) | LR: 0.000300 | Rev: 1/99999
Epoch 9751 | Cost: 0.217396 | Acc: 81.67% (Best: 84.17% @ Ep8975) | LR: 0.000300 | Rev: 2/99999
Epoch 9752 | Cost: 0.200330 | Acc: 81.94% (Best: 84.17% @ Ep8975) | LR: 0.000300 | Rev: 0/99999
Epoch 9753 | Cost: 0.206511 | Acc: 81.67% (Best: 84.17% @ Ep8975) | LR: 0.000300 | Rev: 1/99999
Epoch 9754 | Cost: 0.176694 | Acc: 81.39% (Best: 84.17% @ Ep8975) | LR: 0.000300 | Rev: 0/99999
Epoch 9755 | Cost: 0.195119 | Acc: 81.39% (Best: 84.17% @ Ep8975) | LR: 0.000300 | Rev: 1/99999
Epoch 9756 | Cost: 0.206075 | Acc: 82.50% (Best: 84.17% @ Ep8975) | LR: 0.000300 | Rev: 2/99999
Epoch 9757 | Cost: 0.203323 | Acc: 81.67% (Best: 84.17% @ Ep8975) | LR: 0.000300 | Rev: 0/99999
Epoch 9758 | Cost: 0.203068 | Acc: 81.67% (Best: 84.17% @ Ep8975) | LR: 0.000300 | Rev: 0/99999
Epoch 9759 | Cost: 0.210568 | Acc: 82.22% (Best: 84.17% @ Ep8975) | LR: 0.000300 | Rev: 1/99999
Epoch 9760 | Cost: 0.201164 | Acc: 81.94% (Best: 84.17% @ Ep8975) | LR: 0.000300 | Rev: 0/99999
Epoch 9761 | Cost: 0.188241 | Acc: 82.22% (Best: 84.17% @ Ep8975) | LR: 0.000300 | Rev: 0/99999
Epoch 9762 | Cost: 0.182751 | Acc: 81.94% (Best: 84.17% @ Ep8975) | LR: 0.000300 | Rev: 0/99999
Epoch 9763 | Cost: 0.191523 | Acc: 82.22% (Best: 84.17% @ Ep8975) | LR: 0.000300 | Rev: 1/99999
Epoch 9764 | Cost: 0.193884 | Acc: 81.94% (Best: 84.17% @ Ep8975) | LR: 0.000300 | Rev: 2/99999
Epoch 9765 | Cost: 0.192030 | Acc: 82.22% (Best: 84.17% @ Ep8975) | LR: 0.000300 | Rev: 0/99999
Epoch 9766 | Cost: 0.199161 | Acc: 81.94% (Best: 84.17% @ Ep8975) | LR: 0.000300 | Rev: 1/99999
Epoch 9767 | Cost: 0.194120 | Acc: 82.22% (Best: 84.17% @ Ep8975) | LR: 0.000300 | Rev: 0/99999
Epoch 9768 | Cost: 0.203368 | Acc: 82.78% (Best: 84.17% @ Ep8975) | LR: 0.000300 | Rev: 1/99999
Epoch 9769 | Cost: 0.181760 | Acc: 82.78% (Best: 84.17% @ Ep8975) | LR: 0.000300 | Rev: 0/99999
Epoch 9770 | Cost: 0.198089 | Acc: 82.22% (Best: 84.17% @ Ep8975) | LR: 0.000300 | Rev: 1/99999
Epoch 9771 | Cost: 0.187061 | Acc: 82.50% (Best: 84.17% @ Ep8975) | LR: 0.000300 | Rev: 0/99999
Epoch 9772 | Cost: 0.200336 | Acc: 82.50% (Best: 84.17% @ Ep8975) | LR: 0.000300 | Rev: 1/99999
Epoch 9773 | Cost: 0.217999 | Acc: 82.78% (Best: 84.17% @ Ep8975) | LR: 0.000300 | Rev: 2/99999
Epoch 9774 | Cost: 0.197343 | Acc: 82.78% (Best: 84.17% @ Ep8975) | LR: 0.000300 | Rev: 0/99999
Epoch 9775 | Cost: 0.208489 | Acc: 81.94% (Best: 84.17% @ Ep8975) | LR: 0.000300 | Rev: 1/99999
Epoch 9776 | Cost: 0.196926 | Acc: 82.22% (Best: 84.17% @ Ep8975) | LR: 0.000300 | Rev: 0/99999
Epoch 9777 | Cost: 0.188721 | Acc: 81.94% (Best: 84.17% @ Ep8975) | LR: 0.000300 | Rev: 0/99999
Epoch 9778 | Cost: 0.199442 | Acc: 81.94% (Best: 84.17% @ Ep8975) | LR: 0.000300 | Rev: 1/99999
Epoch 9779 | Cost: 0.203289 | Acc: 82.50% (Best: 84.17% @ Ep8975) | LR: 0.000300 | Rev: 2/99999
Epoch 9780 | Cost: 0.208978 | Acc: 81.67% (Best: 84.17% @ Ep8975) | LR: 0.000300 | Rev: 3/99999
Epoch 9781 | Cost: 0.201810 | Acc: 81.67% (Best: 84.17% @ Ep8975) | LR: 0.000300 | Rev: 0/99999
Epoch 9782 | Cost: 0.206353 | Acc: 81.67% (Best: 84.17% @ Ep8975) | LR: 0.000300 | Rev: 1/99999
Epoch 9783 | Cost: 0.196498 | Acc: 81.94% (Best: 84.17% @ Ep8975) | LR: 0.000300 | Rev: 0/99999
Epoch 9784 | Cost: 0.202380 | Acc: 82.22% (Best: 84.17% @ Ep8975) | LR: 0.000300 | Rev: 1/99999
Epoch 9785 | Cost: 0.193717 | Acc: 83.06% (Best: 84.17% @ Ep8975) | LR: 0.000300 | Rev: 0/99999
Epoch 9786 | Cost: 0.185521 | Acc: 82.50% (Best: 84.17% @ Ep8975) | LR: 0.000300 | Rev: 0/99999
Epoch 9787 | Cost: 0.184730 | Acc: 82.78% (Best: 84.17% @ Ep8975) | LR: 0.000300 | Rev: 0/99999
Epoch 9788 | Cost: 0.206037 | Acc: 82.78% (Best: 84.17% @ Ep8975) | LR: 0.000300 | Rev: 1/99999
Epoch 9789 | Cost: 0.200241 | Acc: 81.94% (Best: 84.17% @ Ep8975) | LR: 0.000300 | Rev: 0/99999
Epoch 9790 | Cost: 0.199787 | Acc: 82.78% (Best: 84.17% @ Ep8975) | LR: 0.000300 | Rev: 0/99999
Epoch 9791 | Cost: 0.196748 | Acc: 81.39% (Best: 84.17% @ Ep8975) | LR: 0.000300 | Rev: 0/99999
Epoch 9792 | Cost: 0.186786 | Acc: 81.67% (Best: 84.17% @ Ep8975) | LR: 0.000300 | Rev: 0/99999
Epoch 9793 | Cost: 0.195755 | Acc: 82.50% (Best: 84.17% @ Ep8975) | LR: 0.000300 | Rev: 1/99999
Epoch 9794 | Cost: 0.197979 | Acc: 82.50% (Best: 84.17% @ Ep8975) | LR: 0.000300 | Rev: 2/99999
Epoch 9795 | Cost: 0.202758 | Acc: 81.39% (Best: 84.17% @ Ep8975) | LR: 0.000300 | Rev: 3/99999
Epoch 9796 | Cost: 0.193620 | Acc: 80.56% (Best: 84.17% @ Ep8975) | LR: 0.000300 | Rev: 0/99999
Epoch 9797 | Cost: 0.193437 | Acc: 82.22% (Best: 84.17% @ Ep8975) | LR: 0.000300 | Rev: 0/99999
Epoch 9798 | Cost: 0.212980 | Acc: 83.33% (Best: 84.17% @ Ep8975) | LR: 0.000300 | Rev: 1/99999
Epoch 9799 | Cost: 0.193070 | Acc: 82.78% (Best: 84.17% @ Ep8975) | LR: 0.000300 | Rev: 0/99999
Epoch 9800 | Cost: 0.217887 | Acc: 82.22% (Best: 84.17% @ Ep8975) | LR: 0.000300 | Rev: 1/99999
Epoch 9801 | Cost: 0.211802 | Acc: 81.94% (Best: 84.17% @ Ep8975) | LR: 0.000300 | Rev: 0/99999
Epoch 9802 | Cost: 0.213650 | Acc: 82.50% (Best: 84.17% @ Ep8975) | LR: 0.000300 | Rev: 1/99999
Epoch 9803 | Cost: 0.180490 | Acc: 83.06% (Best: 84.17% @ Ep8975) | LR: 0.000300 | Rev: 0/99999
Epoch 9804 | Cost: 0.217770 | Acc: 82.78% (Best: 84.17% @ Ep8975) | LR: 0.000300 | Rev: 1/99999
Epoch 9805 | Cost: 0.202569 | Acc: 81.94% (Best: 84.17% @ Ep8975) | LR: 0.000300 | Rev: 0/99999
Epoch 9806 | Cost: 0.205121 | Acc: 82.22% (Best: 84.17% @ Ep8975) | LR: 0.000300 | Rev: 1/99999
Epoch 9807 | Cost: 0.201005 | Acc: 83.06% (Best: 84.17% @ Ep8975) | LR: 0.000300 | Rev: 0/99999
Epoch 9808 | Cost: 0.196036 | Acc: 81.94% (Best: 84.17% @ Ep8975) | LR: 0.000300 | Rev: 0/99999
Epoch 9809 | Cost: 0.201576 | Acc: 82.50% (Best: 84.17% @ Ep8975) | LR: 0.000300 | Rev: 1/99999
Epoch 9810 | Cost: 0.183077 | Acc: 82.22% (Best: 84.17% @ Ep8975) | LR: 0.000300 | Rev: 0/99999
Epoch 9811 | Cost: 0.193259 | Acc: 82.22% (Best: 84.17% @ Ep8975) | LR: 0.000300 | Rev: 1/99999
Epoch 9812 | Cost: 0.197934 | Acc: 81.39% (Best: 84.17% @ Ep8975) | LR: 0.000300 | Rev: 2/99999
Epoch 9813 | Cost: 0.200495 | Acc: 81.67% (Best: 84.17% @ Ep8975) | LR: 0.000300 | Rev: 3/99999
Epoch 9814 | Cost: 0.215667 | Acc: 82.78% (Best: 84.17% @ Ep8975) | LR: 0.000300 | Rev: 4/99999
Epoch 9815 | Cost: 0.214126 | Acc: 82.50% (Best: 84.17% @ Ep8975) | LR: 0.000300 | Rev: 0/99999
Epoch 9816 | Cost: 0.197509 | Acc: 82.50% (Best: 84.17% @ Ep8975) | LR: 0.000300 | Rev: 0/99999
Epoch 9817 | Cost: 0.198150 | Acc: 82.78% (Best: 84.17% @ Ep8975) | LR: 0.000300 | Rev: 1/99999
Epoch 9818 | Cost: 0.191576 | Acc: 82.22% (Best: 84.17% @ Ep8975) | LR: 0.000300 | Rev: 0/99999
Epoch 9819 | Cost: 0.169475 | Acc: 82.50% (Best: 84.17% @ Ep8975) | LR: 0.000300 | Rev: 0/99999
Epoch 9820 | Cost: 0.190134 | Acc: 82.22% (Best: 84.17% @ Ep8975) | LR: 0.000300 | Rev: 1/99999
Epoch 9821 | Cost: 0.208209 | Acc: 83.06% (Best: 84.17% @ Ep8975) | LR: 0.000300 | Rev: 2/99999
Epoch 9822 | Cost: 0.208326 | Acc: 83.61% (Best: 84.17% @ Ep8975) | LR: 0.000300 | Rev: 3/99999
Epoch 9823 | Cost: 0.191551 | Acc: 82.78% (Best: 84.17% @ Ep8975) | LR: 0.000300 | Rev: 0/99999
Epoch 9824 | Cost: 0.193350 | Acc: 82.50% (Best: 84.17% @ Ep8975) | LR: 0.000300 | Rev: 1/99999
Epoch 9825 | Cost: 0.202875 | Acc: 81.11% (Best: 84.17% @ Ep8975) | LR: 0.000300 | Rev: 2/99999
Epoch 9826 | Cost: 0.202259 | Acc: 82.78% (Best: 84.17% @ Ep8975) | LR: 0.000300 | Rev: 0/99999
Epoch 9827 | Cost: 0.212678 | Acc: 83.33% (Best: 84.17% @ Ep8975) | LR: 0.000300 | Rev: 1/99999
Epoch 9828 | Cost: 0.206463 | Acc: 82.22% (Best: 84.17% @ Ep8975) | LR: 0.000300 | Rev: 0/99999
Epoch 9829 | Cost: 0.196717 | Acc: 81.11% (Best: 84.17% @ Ep8975) | LR: 0.000300 | Rev: 0/99999
Epoch 9830 | Cost: 0.202427 | Acc: 81.67% (Best: 84.17% @ Ep8975) | LR: 0.000300 | Rev: 1/99999
Epoch 9831 | Cost: 0.204347 | Acc: 83.06% (Best: 84.17% @ Ep8975) | LR: 0.000300 | Rev: 2/99999
Epoch 9832 | Cost: 0.203888 | Acc: 82.50% (Best: 84.17% @ Ep8975) | LR: 0.000300 | Rev: 0/99999
Epoch 9833 | Cost: 0.182916 | Acc: 81.94% (Best: 84.17% @ Ep8975) | LR: 0.000300 | Rev: 0/99999
Epoch 9834 | Cost: 0.208133 | Acc: 83.33% (Best: 84.17% @ Ep8975) | LR: 0.000300 | Rev: 1/99999
Epoch 9835 | Cost: 0.193223 | Acc: 82.50% (Best: 84.17% @ Ep8975) | LR: 0.000300 | Rev: 0/99999
Epoch 9836 | Cost: 0.193307 | Acc: 81.39% (Best: 84.17% @ Ep8975) | LR: 0.000300 | Rev: 1/99999
Epoch 9837 | Cost: 0.191484 | Acc: 83.33% (Best: 84.17% @ Ep8975) | LR: 0.000300 | Rev: 0/99999
Epoch 9838 | Cost: 0.193864 | Acc: 82.22% (Best: 84.17% @ Ep8975) | LR: 0.000300 | Rev: 1/99999
Epoch 9839 | Cost: 0.195360 | Acc: 83.06% (Best: 84.17% @ Ep8975) | LR: 0.000300 | Rev: 2/99999
Epoch 9840 | Cost: 0.215966 | Acc: 81.94% (Best: 84.17% @ Ep8975) | LR: 0.000300 | Rev: 3/99999
Epoch 9841 | Cost: 0.182529 | Acc: 82.22% (Best: 84.17% @ Ep8975) | LR: 0.000300 | Rev: 0/99999
Epoch 9842 | Cost: 0.195081 | Acc: 82.22% (Best: 84.17% @ Ep8975) | LR: 0.000300 | Rev: 1/99999
Epoch 9843 | Cost: 0.194380 | Acc: 82.78% (Best: 84.17% @ Ep8975) | LR: 0.000300 | Rev: 0/99999
Epoch 9844 | Cost: 0.193707 | Acc: 81.94% (Best: 84.17% @ Ep8975) | LR: 0.000300 | Rev: 0/99999
Epoch 9845 | Cost: 0.185354 | Acc: 81.94% (Best: 84.17% @ Ep8975) | LR: 0.000300 | Rev: 0/99999
Epoch 9846 | Cost: 0.187622 | Acc: 81.39% (Best: 84.17% @ Ep8975) | LR: 0.000300 | Rev: 1/99999
Epoch 9847 | Cost: 0.195441 | Acc: 81.39% (Best: 84.17% @ Ep8975) | LR: 0.000300 | Rev: 2/99999
Epoch 9848 | Cost: 0.203363 | Acc: 82.22% (Best: 84.17% @ Ep8975) | LR: 0.000300 | Rev: 3/99999
Epoch 9849 | Cost: 0.198391 | Acc: 83.33% (Best: 84.17% @ Ep8975) | LR: 0.000300 | Rev: 0/99999
Epoch 9850 | Cost: 0.185529 | Acc: 82.22% (Best: 84.17% @ Ep8975) | LR: 0.000300 | Rev: 0/99999
Epoch 9851 | Cost: 0.187129 | Acc: 82.78% (Best: 84.17% @ Ep8975) | LR: 0.000300 | Rev: 1/99999
Epoch 9852 | Cost: 0.202895 | Acc: 81.94% (Best: 84.17% @ Ep8975) | LR: 0.000300 | Rev: 2/99999
Epoch 9853 | Cost: 0.192485 | Acc: 81.94% (Best: 84.17% @ Ep8975) | LR: 0.000300 | Rev: 0/99999
Epoch 9854 | Cost: 0.191895 | Acc: 82.50% (Best: 84.17% @ Ep8975) | LR: 0.000300 | Rev: 0/99999
Epoch 9855 | Cost: 0.199969 | Acc: 81.11% (Best: 84.17% @ Ep8975) | LR: 0.000300 | Rev: 1/99999
Epoch 9856 | Cost: 0.191986 | Acc: 82.50% (Best: 84.17% @ Ep8975) | LR: 0.000300 | Rev: 0/99999
Epoch 9857 | Cost: 0.189706 | Acc: 81.67% (Best: 84.17% @ Ep8975) | LR: 0.000300 | Rev: 0/99999
Epoch 9858 | Cost: 0.182278 | Acc: 82.22% (Best: 84.17% @ Ep8975) | LR: 0.000300 | Rev: 0/99999
Epoch 9859 | Cost: 0.181324 | Acc: 82.50% (Best: 84.17% @ Ep8975) | LR: 0.000300 | Rev: 0/99999
Epoch 9860 | Cost: 0.196844 | Acc: 81.67% (Best: 84.17% @ Ep8975) | LR: 0.000300 | Rev: 1/99999
Epoch 9861 | Cost: 0.218065 | Acc: 83.61% (Best: 84.17% @ Ep8975) | LR: 0.000300 | Rev: 2/99999
Epoch 9862 | Cost: 0.207408 | Acc: 82.22% (Best: 84.17% @ Ep8975) | LR: 0.000300 | Rev: 0/99999
Epoch 9863 | Cost: 0.204936 | Acc: 82.22% (Best: 84.17% @ Ep8975) | LR: 0.000300 | Rev: 0/99999
Epoch 9864 | Cost: 0.190675 | Acc: 81.67% (Best: 84.17% @ Ep8975) | LR: 0.000300 | Rev: 0/99999
Epoch 9865 | Cost: 0.196830 | Acc: 83.06% (Best: 84.17% @ Ep8975) | LR: 0.000300 | Rev: 1/99999
Epoch 9866 | Cost: 0.205678 | Acc: 81.94% (Best: 84.17% @ Ep8975) | LR: 0.000300 | Rev: 2/99999
Epoch 9867 | Cost: 0.216068 | Acc: 82.50% (Best: 84.17% @ Ep8975) | LR: 0.000300 | Rev: 3/99999
Epoch 9868 | Cost: 0.203055 | Acc: 82.78% (Best: 84.17% @ Ep8975) | LR: 0.000300 | Rev: 0/99999
Epoch 9869 | Cost: 0.190847 | Acc: 82.78% (Best: 84.17% @ Ep8975) | LR: 0.000300 | Rev: 0/99999
Epoch 9870 | Cost: 0.198343 | Acc: 82.50% (Best: 84.17% @ Ep8975) | LR: 0.000300 | Rev: 1/99999
Epoch 9871 | Cost: 0.179445 | Acc: 82.50% (Best: 84.17% @ Ep8975) | LR: 0.000300 | Rev: 0/99999
Epoch 9872 | Cost: 0.202253 | Acc: 82.22% (Best: 84.17% @ Ep8975) | LR: 0.000300 | Rev: 1/99999
Epoch 9873 | Cost: 0.203658 | Acc: 81.94% (Best: 84.17% @ Ep8975) | LR: 0.000300 | Rev: 2/99999
Epoch 9874 | Cost: 0.198945 | Acc: 82.50% (Best: 84.17% @ Ep8975) | LR: 0.000300 | Rev: 0/99999
Epoch 9875 | Cost: 0.208761 | Acc: 83.06% (Best: 84.17% @ Ep8975) | LR: 0.000300 | Rev: 1/99999
Epoch 9876 | Cost: 0.190240 | Acc: 82.22% (Best: 84.17% @ Ep8975) | LR: 0.000300 | Rev: 0/99999
Epoch 9877 | Cost: 0.194590 | Acc: 82.78% (Best: 84.17% @ Ep8975) | LR: 0.000300 | Rev: 1/99999
Epoch 9878 | Cost: 0.189472 | Acc: 82.50% (Best: 84.17% @ Ep8975) | LR: 0.000300 | Rev: 0/99999
Epoch 9879 | Cost: 0.196456 | Acc: 81.94% (Best: 84.17% @ Ep8975) | LR: 0.000300 | Rev: 1/99999
Epoch 9880 | Cost: 0.185489 | Acc: 82.78% (Best: 84.17% @ Ep8975) | LR: 0.000300 | Rev: 0/99999
Epoch 9881 | Cost: 0.190910 | Acc: 83.33% (Best: 84.17% @ Ep8975) | LR: 0.000300 | Rev: 1/99999
Epoch 9882 | Cost: 0.200553 | Acc: 82.22% (Best: 84.17% @ Ep8975) | LR: 0.000300 | Rev: 2/99999
Epoch 9883 | Cost: 0.194141 | Acc: 81.94% (Best: 84.17% @ Ep8975) | LR: 0.000300 | Rev: 0/99999
Epoch 9884 | Cost: 0.195845 | Acc: 82.50% (Best: 84.17% @ Ep8975) | LR: 0.000300 | Rev: 1/99999
Epoch 9885 | Cost: 0.191983 | Acc: 81.94% (Best: 84.17% @ Ep8975) | LR: 0.000300 | Rev: 0/99999
Epoch 9886 | Cost: 0.208649 | Acc: 83.33% (Best: 84.17% @ Ep8975) | LR: 0.000300 | Rev: 1/99999
Epoch 9887 | Cost: 0.178032 | Acc: 82.22% (Best: 84.17% @ Ep8975) | LR: 0.000300 | Rev: 0/99999
Epoch 9888 | Cost: 0.199788 | Acc: 82.22% (Best: 84.17% @ Ep8975) | LR: 0.000300 | Rev: 1/99999
Epoch 9889 | Cost: 0.225063 | Acc: 81.94% (Best: 84.17% @ Ep8975) | LR: 0.000300 | Rev: 2/99999
Epoch 9890 | Cost: 0.208649 | Acc: 82.22% (Best: 84.17% @ Ep8975) | LR: 0.000300 | Rev: 0/99999
Epoch 9891 | Cost: 0.196664 | Acc: 81.94% (Best: 84.17% @ Ep8975) | LR: 0.000300 | Rev: 0/99999
Epoch 9892 | Cost: 0.193436 | Acc: 82.50% (Best: 84.17% @ Ep8975) | LR: 0.000300 | Rev: 0/99999
Epoch 9893 | Cost: 0.199965 | Acc: 81.94% (Best: 84.17% @ Ep8975) | LR: 0.000300 | Rev: 1/99999
Epoch 9894 | Cost: 0.218658 | Acc: 82.22% (Best: 84.17% @ Ep8975) | LR: 0.000300 | Rev: 2/99999
Epoch 9895 | Cost: 0.202155 | Acc: 80.83% (Best: 84.17% @ Ep8975) | LR: 0.000300 | Rev: 0/99999
Epoch 9896 | Cost: 0.195631 | Acc: 82.22% (Best: 84.17% @ Ep8975) | LR: 0.000300 | Rev: 0/99999
Epoch 9897 | Cost: 0.181533 | Acc: 83.61% (Best: 84.17% @ Ep8975) | LR: 0.000300 | Rev: 0/99999
Epoch 9898 | Cost: 0.207710 | Acc: 82.22% (Best: 84.17% @ Ep8975) | LR: 0.000300 | Rev: 1/99999
Epoch 9899 | Cost: 0.194550 | Acc: 83.06% (Best: 84.17% @ Ep8975) | LR: 0.000300 | Rev: 0/99999
Epoch 9900 | Cost: 0.176528 | Acc: 82.50% (Best: 84.17% @ Ep8975) | LR: 0.000300 | Rev: 0/99999
Epoch 9901 | Cost: 0.200716 | Acc: 81.94% (Best: 84.17% @ Ep8975) | LR: 0.000300 | Rev: 1/99999
Epoch 9902 | Cost: 0.192806 | Acc: 81.94% (Best: 84.17% @ Ep8975) | LR: 0.000300 | Rev: 0/99999
Epoch 9903 | Cost: 0.188558 | Acc: 82.50% (Best: 84.17% @ Ep8975) | LR: 0.000300 | Rev: 0/99999
Epoch 9904 | Cost: 0.200192 | Acc: 81.94% (Best: 84.17% @ Ep8975) | LR: 0.000300 | Rev: 1/99999
Epoch 9905 | Cost: 0.206126 | Acc: 81.67% (Best: 84.17% @ Ep8975) | LR: 0.000300 | Rev: 2/99999
Epoch 9906 | Cost: 0.199824 | Acc: 82.22% (Best: 84.17% @ Ep8975) | LR: 0.000300 | Rev: 0/99999
Epoch 9907 | Cost: 0.195113 | Acc: 82.22% (Best: 84.17% @ Ep8975) | LR: 0.000300 | Rev: 0/99999
Epoch 9908 | Cost: 0.202563 | Acc: 83.89% (Best: 84.17% @ Ep8975) | LR: 0.000300 | Rev: 1/99999
Epoch 9909 | Cost: 0.213784 | Acc: 81.94% (Best: 84.17% @ Ep8975) | LR: 0.000300 | Rev: 2/99999
Epoch 9910 | Cost: 0.202803 | Acc: 82.78% (Best: 84.17% @ Ep8975) | LR: 0.000300 | Rev: 0/99999
Epoch 9911 | Cost: 0.221575 | Acc: 82.78% (Best: 84.17% @ Ep8975) | LR: 0.000300 | Rev: 1/99999
Epoch 9912 | Cost: 0.194355 | Acc: 83.06% (Best: 84.17% @ Ep8975) | LR: 0.000300 | Rev: 0/99999
Epoch 9913 | Cost: 0.196969 | Acc: 81.67% (Best: 84.17% @ Ep8975) | LR: 0.000300 | Rev: 1/99999
Epoch 9914 | Cost: 0.190857 | Acc: 82.22% (Best: 84.17% @ Ep8975) | LR: 0.000300 | Rev: 0/99999
Epoch 9915 | Cost: 0.188987 | Acc: 82.22% (Best: 84.17% @ Ep8975) | LR: 0.000300 | Rev: 0/99999
Epoch 9916 | Cost: 0.192386 | Acc: 81.94% (Best: 84.17% @ Ep8975) | LR: 0.000300 | Rev: 1/99999
Epoch 9917 | Cost: 0.194302 | Acc: 82.50% (Best: 84.17% @ Ep8975) | LR: 0.000300 | Rev: 2/99999
Epoch 9918 | Cost: 0.195824 | Acc: 82.22% (Best: 84.17% @ Ep8975) | LR: 0.000300 | Rev: 3/99999
Epoch 9919 | Cost: 0.199377 | Acc: 81.94% (Best: 84.17% @ Ep8975) | LR: 0.000300 | Rev: 4/99999
Epoch 9920 | Cost: 0.219026 | Acc: 81.67% (Best: 84.17% @ Ep8975) | LR: 0.000300 | Rev: 5/99999
Epoch 9921 | Cost: 0.192874 | Acc: 82.78% (Best: 84.17% @ Ep8975) | LR: 0.000300 | Rev: 0/99999
Epoch 9922 | Cost: 0.205527 | Acc: 81.67% (Best: 84.17% @ Ep8975) | LR: 0.000300 | Rev: 1/99999
Epoch 9923 | Cost: 0.191631 | Acc: 83.06% (Best: 84.17% @ Ep8975) | LR: 0.000300 | Rev: 0/99999
Epoch 9924 | Cost: 0.194813 | Acc: 81.67% (Best: 84.17% @ Ep8975) | LR: 0.000300 | Rev: 1/99999
Epoch 9925 | Cost: 0.201820 | Acc: 82.50% (Best: 84.17% @ Ep8975) | LR: 0.000300 | Rev: 2/99999
Epoch 9926 | Cost: 0.193482 | Acc: 82.22% (Best: 84.17% @ Ep8975) | LR: 0.000300 | Rev: 0/99999
Epoch 9927 | Cost: 0.173008 | Acc: 82.22% (Best: 84.17% @ Ep8975) | LR: 0.000300 | Rev: 0/99999
Epoch 9928 | Cost: 0.193280 | Acc: 82.50% (Best: 84.17% @ Ep8975) | LR: 0.000300 | Rev: 1/99999
Epoch 9929 | Cost: 0.174485 | Acc: 81.94% (Best: 84.17% @ Ep8975) | LR: 0.000300 | Rev: 0/99999
Epoch 9930 | Cost: 0.198748 | Acc: 82.78% (Best: 84.17% @ Ep8975) | LR: 0.000300 | Rev: 1/99999
Epoch 9931 | Cost: 0.193691 | Acc: 82.78% (Best: 84.17% @ Ep8975) | LR: 0.000300 | Rev: 0/99999
Epoch 9932 | Cost: 0.192527 | Acc: 81.39% (Best: 84.17% @ Ep8975) | LR: 0.000300 | Rev: 0/99999
Epoch 9933 | Cost: 0.205519 | Acc: 82.50% (Best: 84.17% @ Ep8975) | LR: 0.000300 | Rev: 1/99999
Epoch 9934 | Cost: 0.193321 | Acc: 82.22% (Best: 84.17% @ Ep8975) | LR: 0.000300 | Rev: 0/99999
Epoch 9935 | Cost: 0.200413 | Acc: 82.22% (Best: 84.17% @ Ep8975) | LR: 0.000300 | Rev: 1/99999
Epoch 9936 | Cost: 0.200405 | Acc: 81.39% (Best: 84.17% @ Ep8975) | LR: 0.000300 | Rev: 0/99999
Epoch 9937 | Cost: 0.189196 | Acc: 81.39% (Best: 84.17% @ Ep8975) | LR: 0.000300 | Rev: 0/99999
Epoch 9938 | Cost: 0.199321 | Acc: 82.22% (Best: 84.17% @ Ep8975) | LR: 0.000300 | Rev: 1/99999
Epoch 9939 | Cost: 0.199568 | Acc: 82.22% (Best: 84.17% @ Ep8975) | LR: 0.000300 | Rev: 2/99999
Epoch 9940 | Cost: 0.202215 | Acc: 82.78% (Best: 84.17% @ Ep8975) | LR: 0.000300 | Rev: 3/99999
Epoch 9941 | Cost: 0.194823 | Acc: 83.06% (Best: 84.17% @ Ep8975) | LR: 0.000300 | Rev: 0/99999
Epoch 9942 | Cost: 0.198829 | Acc: 82.22% (Best: 84.17% @ Ep8975) | LR: 0.000300 | Rev: 1/99999
Epoch 9943 | Cost: 0.208339 | Acc: 82.22% (Best: 84.17% @ Ep8975) | LR: 0.000300 | Rev: 2/99999
Epoch 9944 | Cost: 0.206602 | Acc: 82.22% (Best: 84.17% @ Ep8975) | LR: 0.000300 | Rev: 0/99999
Epoch 9945 | Cost: 0.194271 | Acc: 82.78% (Best: 84.17% @ Ep8975) | LR: 0.000300 | Rev: 0/99999
Epoch 9946 | Cost: 0.188790 | Acc: 83.33% (Best: 84.17% @ Ep8975) | LR: 0.000300 | Rev: 0/99999
Epoch 9947 | Cost: 0.215906 | Acc: 82.50% (Best: 84.17% @ Ep8975) | LR: 0.000300 | Rev: 1/99999
Epoch 9948 | Cost: 0.203134 | Acc: 84.17% (Best: 84.17% @ Ep8975) | LR: 0.000300 | Rev: 0/99999
Epoch 9949 | Cost: 0.183199 | Acc: 83.61% (Best: 84.17% @ Ep8975) | LR: 0.000300 | Rev: 0/99999
Epoch 9950 | Cost: 0.199621 | Acc: 82.78% (Best: 84.17% @ Ep8975) | LR: 0.000300 | Rev: 1/99999
Epoch 9951 | Cost: 0.181899 | Acc: 82.50% (Best: 84.17% @ Ep8975) | LR: 0.000300 | Rev: 0/99999
Epoch 9952 | Cost: 0.186610 | Acc: 82.78% (Best: 84.17% @ Ep8975) | LR: 0.000300 | Rev: 1/99999
Epoch 9953 | Cost: 0.180529 | Acc: 83.06% (Best: 84.17% @ Ep8975) | LR: 0.000300 | Rev: 0/99999
Epoch 9954 | Cost: 0.183296 | Acc: 83.06% (Best: 84.17% @ Ep8975) | LR: 0.000300 | Rev: 1/99999
Epoch 9955 | Cost: 0.177491 | Acc: 82.50% (Best: 84.17% @ Ep8975) | LR: 0.000300 | Rev: 0/99999
Epoch 9956 | Cost: 0.193851 | Acc: 82.50% (Best: 84.17% @ Ep8975) | LR: 0.000300 | Rev: 1/99999
Epoch 9957 | Cost: 0.199810 | Acc: 82.22% (Best: 84.17% @ Ep8975) | LR: 0.000300 | Rev: 2/99999
Epoch 9958 | Cost: 0.200382 | Acc: 82.78% (Best: 84.17% @ Ep8975) | LR: 0.000300 | Rev: 3/99999
Epoch 9959 | Cost: 0.192558 | Acc: 83.33% (Best: 84.17% @ Ep8975) | LR: 0.000300 | Rev: 0/99999
Epoch 9960 | Cost: 0.192076 | Acc: 82.50% (Best: 84.17% @ Ep8975) | LR: 0.000300 | Rev: 0/99999
Epoch 9961 | Cost: 0.192762 | Acc: 82.50% (Best: 84.17% @ Ep8975) | LR: 0.000300 | Rev: 1/99999
Epoch 9962 | Cost: 0.190752 | Acc: 81.67% (Best: 84.17% @ Ep8975) | LR: 0.000300 | Rev: 0/99999
Epoch 9963 | Cost: 0.199226 | Acc: 82.22% (Best: 84.17% @ Ep8975) | LR: 0.000300 | Rev: 1/99999
Epoch 9964 | Cost: 0.200227 | Acc: 83.06% (Best: 84.17% @ Ep8975) | LR: 0.000300 | Rev: 2/99999
Epoch 9965 | Cost: 0.192484 | Acc: 82.50% (Best: 84.17% @ Ep8975) | LR: 0.000300 | Rev: 0/99999
Epoch 9966 | Cost: 0.187830 | Acc: 82.22% (Best: 84.17% @ Ep8975) | LR: 0.000300 | Rev: 0/99999
Epoch 9967 | Cost: 0.192023 | Acc: 82.50% (Best: 84.17% @ Ep8975) | LR: 0.000300 | Rev: 1/99999
Epoch 9968 | Cost: 0.191983 | Acc: 81.67% (Best: 84.17% @ Ep8975) | LR: 0.000300 | Rev: 0/99999
Epoch 9969 | Cost: 0.214626 | Acc: 81.94% (Best: 84.17% @ Ep8975) | LR: 0.000300 | Rev: 1/99999
Epoch 9970 | Cost: 0.180954 | Acc: 83.33% (Best: 84.17% @ Ep8975) | LR: 0.000300 | Rev: 0/99999
Epoch 9971 | Cost: 0.200176 | Acc: 83.33% (Best: 84.17% @ Ep8975) | LR: 0.000300 | Rev: 1/99999
Epoch 9972 | Cost: 0.198716 | Acc: 82.50% (Best: 84.17% @ Ep8975) | LR: 0.000300 | Rev: 0/99999
Epoch 9973 | Cost: 0.208307 | Acc: 83.33% (Best: 84.17% @ Ep8975) | LR: 0.000300 | Rev: 1/99999
Epoch 9974 | Cost: 0.178093 | Acc: 81.94% (Best: 84.17% @ Ep8975) | LR: 0.000300 | Rev: 0/99999
Epoch 9975 | Cost: 0.190201 | Acc: 81.39% (Best: 84.17% @ Ep8975) | LR: 0.000300 | Rev: 1/99999
Epoch 9976 | Cost: 0.190030 | Acc: 82.22% (Best: 84.17% @ Ep8975) | LR: 0.000300 | Rev: 0/99999
Epoch 9977 | Cost: 0.189421 | Acc: 81.39% (Best: 84.17% @ Ep8975) | LR: 0.000300 | Rev: 0/99999
Epoch 9978 | Cost: 0.191559 | Acc: 82.22% (Best: 84.17% @ Ep8975) | LR: 0.000300 | Rev: 1/99999
Epoch 9979 | Cost: 0.190630 | Acc: 82.50% (Best: 84.17% @ Ep8975) | LR: 0.000300 | Rev: 0/99999
Epoch 9980 | Cost: 0.205670 | Acc: 81.39% (Best: 84.17% @ Ep8975) | LR: 0.000300 | Rev: 1/99999
Epoch 9981 | Cost: 0.203345 | Acc: 82.78% (Best: 84.17% @ Ep8975) | LR: 0.000300 | Rev: 0/99999
Epoch 9982 | Cost: 0.194662 | Acc: 83.06% (Best: 84.17% @ Ep8975) | LR: 0.000300 | Rev: 0/99999
Epoch 9983 | Cost: 0.191090 | Acc: 82.78% (Best: 84.17% @ Ep8975) | LR: 0.000300 | Rev: 0/99999
Epoch 9984 | Cost: 0.186995 | Acc: 81.94% (Best: 84.17% @ Ep8975) | LR: 0.000300 | Rev: 0/99999
Epoch 9985 | Cost: 0.189894 | Acc: 83.89% (Best: 84.17% @ Ep8975) | LR: 0.000300 | Rev: 1/99999
Epoch 9986 | Cost: 0.190782 | Acc: 82.50% (Best: 84.17% @ Ep8975) | LR: 0.000300 | Rev: 2/99999
Epoch 9987 | Cost: 0.190321 | Acc: 81.94% (Best: 84.17% @ Ep8975) | LR: 0.000300 | Rev: 0/99999
Epoch 9988 | Cost: 0.210280 | Acc: 83.06% (Best: 84.17% @ Ep8975) | LR: 0.000300 | Rev: 1/99999
Epoch 9989 | Cost: 0.185057 | Acc: 80.83% (Best: 84.17% @ Ep8975) | LR: 0.000300 | Rev: 0/99999
Epoch 9990 | Cost: 0.190293 | Acc: 81.39% (Best: 84.17% @ Ep8975) | LR: 0.000300 | Rev: 1/99999
Epoch 9991 | Cost: 0.179611 | Acc: 82.22% (Best: 84.17% @ Ep8975) | LR: 0.000300 | Rev: 0/99999
Epoch 9992 | Cost: 0.188467 | Acc: 81.94% (Best: 84.17% @ Ep8975) | LR: 0.000300 | Rev: 1/99999
Epoch 9993 | Cost: 0.192248 | Acc: 82.22% (Best: 84.17% @ Ep8975) | LR: 0.000300 | Rev: 2/99999
Epoch 9994 | Cost: 0.184359 | Acc: 81.67% (Best: 84.17% @ Ep8975) | LR: 0.000300 | Rev: 0/99999
Epoch 9995 | Cost: 0.196023 | Acc: 81.67% (Best: 84.17% @ Ep8975) | LR: 0.000300 | Rev: 1/99999
Epoch 9996 | Cost: 0.188724 | Acc: 81.94% (Best: 84.17% @ Ep8975) | LR: 0.000300 | Rev: 0/99999
Epoch 9997 | Cost: 0.195948 | Acc: 82.22% (Best: 84.17% @ Ep8975) | LR: 0.000300 | Rev: 1/99999
Epoch 9998 | Cost: 0.193340 | Acc: 82.22% (Best: 84.17% @ Ep8975) | LR: 0.000300 | Rev: 0/99999
Epoch 9999 | Cost: 0.186594 | Acc: 82.50% (Best: 84.17% @ Ep8975) | LR: 0.000300 | Rev: 0/99999
Epoch 10000 | Cost: 0.196465 | Acc: 81.39% (Best: 84.17% @ Ep8975) | LR: 0.000300 | Rev: 1/99999

======================================================
[FINISH] Best Acc: 84.17% (Epoch 8975)
======================================================
