======================================================
 量子ハンター (永続キャッシュ・等差アクセル総力戦仕様) Step: 0.01
 Device: cuda | Seed: 42 | Base LR: 1e-05
======================================================

Epoch    1 | Cost: 1.084773 | Acc: 33.33% (Best: 33.33% @ Ep1) | LR: 0.000010 | Rev: 0/99999
Epoch    2 | Cost: 1.083690 | Acc: 33.33% (Best: 33.33% @ Ep1) | LR: 0.000010 | Rev: 0/99999
Epoch    3 | Cost: 1.083249 | Acc: 33.33% (Best: 33.33% @ Ep1) | LR: 0.000010 | Rev: 0/99999
Epoch    4 | Cost: 1.083129 | Acc: 33.33% (Best: 33.33% @ Ep1) | LR: 0.000010 | Rev: 0/99999
Epoch    5 | Cost: 1.081190 | Acc: 33.33% (Best: 33.33% @ Ep1) | LR: 0.000010 | Rev: 0/99999
Epoch    6 | Cost: 1.079168 | Acc: 33.33% (Best: 33.33% @ Ep1) | LR: 0.000010 | Rev: 0/99999
Epoch    7 | Cost: 1.079963 | Acc: 30.56% (Best: 33.33% @ Ep1) | LR: 0.000010 | Rev: 1/99999
Epoch    8 | Cost: 1.078021 | Acc: 30.56% (Best: 33.33% @ Ep1) | LR: 0.000010 | Rev: 0/99999
Epoch    9 | Cost: 1.079741 | Acc: 30.56% (Best: 33.33% @ Ep1) | LR: 0.000010 | Rev: 1/99999
Epoch   10 | Cost: 1.074857 | Acc: 30.56% (Best: 33.33% @ Ep1) | LR: 0.000010 | Rev: 0/99999
Epoch   11 | Cost: 1.088321 | Acc: 30.56% (Best: 33.33% @ Ep1) | LR: 0.000010 | Rev: 1/99999
Epoch   12 | Cost: 1.074176 | Acc: 30.56% (Best: 33.33% @ Ep1) | LR: 0.000010 | Rev: 0/99999
Epoch   13 | Cost: 1.075419 | Acc: 30.56% (Best: 33.33% @ Ep1) | LR: 0.000010 | Rev: 1/99999
Epoch   14 | Cost: 1.079324 | Acc: 33.33% (Best: 33.33% @ Ep1) | LR: 0.000010 | Rev: 2/99999
Epoch   15 | Cost: 1.078646 | Acc: 33.33% (Best: 33.33% @ Ep1) | LR: 0.000010 | Rev: 0/99999
Epoch   16 | Cost: 1.073128 | Acc: 33.33% (Best: 33.33% @ Ep1) | LR: 0.000010 | Rev: 0/99999
Epoch   17 | Cost: 1.071124 | Acc: 33.33% (Best: 33.33% @ Ep1) | LR: 0.000010 | Rev: 0/99999
Epoch   18 | Cost: 1.078543 | Acc: 36.11% (Best: 36.11% @ Ep18) | LR: 0.000010 | Rev: 1/99999
Epoch   19 | Cost: 1.076465 | Acc: 36.11% (Best: 36.11% @ Ep18) | LR: 0.000010 | Rev: 0/99999
Epoch   20 | Cost: 1.074952 | Acc: 36.11% (Best: 36.11% @ Ep18) | LR: 0.000010 | Rev: 0/99999
Epoch   21 | Cost: 1.069106 | Acc: 38.89% (Best: 38.89% @ Ep21) | LR: 0.000010 | Rev: 0/99999
Epoch   22 | Cost: 1.068599 | Acc: 38.89% (Best: 38.89% @ Ep21) | LR: 0.000010 | Rev: 0/99999
Epoch   23 | Cost: 1.066037 | Acc: 41.67% (Best: 41.67% @ Ep23) | LR: 0.000010 | Rev: 0/99999
Epoch   24 | Cost: 1.067145 | Acc: 41.67% (Best: 41.67% @ Ep23) | LR: 0.000010 | Rev: 1/99999
Epoch   25 | Cost: 1.077060 | Acc: 41.67% (Best: 41.67% @ Ep23) | LR: 0.000010 | Rev: 2/99999
Epoch   26 | Cost: 1.074272 | Acc: 41.67% (Best: 41.67% @ Ep23) | LR: 0.000010 | Rev: 0/99999
Epoch   27 | Cost: 1.064177 | Acc: 41.67% (Best: 41.67% @ Ep23) | LR: 0.000010 | Rev: 0/99999
Epoch   28 | Cost: 1.066557 | Acc: 41.67% (Best: 41.67% @ Ep23) | LR: 0.000010 | Rev: 1/99999
Epoch   29 | Cost: 1.065217 | Acc: 41.67% (Best: 41.67% @ Ep23) | LR: 0.000010 | Rev: 0/99999
Epoch   30 | Cost: 1.064835 | Acc: 41.67% (Best: 41.67% @ Ep23) | LR: 0.000010 | Rev: 0/99999
Epoch   31 | Cost: 1.069989 | Acc: 41.67% (Best: 41.67% @ Ep23) | LR: 0.000010 | Rev: 1/99999
Epoch   32 | Cost: 1.068020 | Acc: 41.67% (Best: 41.67% @ Ep23) | LR: 0.000010 | Rev: 0/99999
Epoch   33 | Cost: 1.068798 | Acc: 41.67% (Best: 41.67% @ Ep23) | LR: 0.000010 | Rev: 1/99999
Epoch   34 | Cost: 1.073148 | Acc: 41.67% (Best: 41.67% @ Ep23) | LR: 0.000010 | Rev: 2/99999
Epoch   35 | Cost: 1.068693 | Acc: 44.44% (Best: 44.44% @ Ep35) | LR: 0.000010 | Rev: 0/99999
Epoch   36 | Cost: 1.064212 | Acc: 44.44% (Best: 44.44% @ Ep35) | LR: 0.000010 | Rev: 0/99999
Epoch   37 | Cost: 1.059284 | Acc: 44.44% (Best: 44.44% @ Ep35) | LR: 0.000010 | Rev: 0/99999
Epoch   38 | Cost: 1.065991 | Acc: 44.44% (Best: 44.44% @ Ep35) | LR: 0.000010 | Rev: 1/99999
Epoch   39 | Cost: 1.064424 | Acc: 44.44% (Best: 44.44% @ Ep35) | LR: 0.000010 | Rev: 0/99999
Epoch   40 | Cost: 1.060419 | Acc: 44.44% (Best: 44.44% @ Ep35) | LR: 0.000010 | Rev: 0/99999
Epoch   41 | Cost: 1.065116 | Acc: 44.44% (Best: 44.44% @ Ep35) | LR: 0.000010 | Rev: 1/99999
Epoch   42 | Cost: 1.052133 | Acc: 44.44% (Best: 44.44% @ Ep35) | LR: 0.000010 | Rev: 0/99999
Epoch   43 | Cost: 1.055569 | Acc: 44.44% (Best: 44.44% @ Ep35) | LR: 0.000010 | Rev: 1/99999
Epoch   44 | Cost: 1.060203 | Acc: 44.44% (Best: 44.44% @ Ep35) | LR: 0.000010 | Rev: 2/99999
Epoch   45 | Cost: 1.057412 | Acc: 44.44% (Best: 44.44% @ Ep35) | LR: 0.000010 | Rev: 0/99999
Epoch   46 | Cost: 1.060500 | Acc: 44.44% (Best: 44.44% @ Ep35) | LR: 0.000010 | Rev: 1/99999
Epoch   47 | Cost: 1.057150 | Acc: 44.44% (Best: 44.44% @ Ep35) | LR: 0.000010 | Rev: 0/99999
Epoch   48 | Cost: 1.057246 | Acc: 44.44% (Best: 44.44% @ Ep35) | LR: 0.000010 | Rev: 1/99999
Epoch   49 | Cost: 1.065631 | Acc: 44.44% (Best: 44.44% @ Ep35) | LR: 0.000010 | Rev: 2/99999
Epoch   50 | Cost: 1.057048 | Acc: 44.44% (Best: 44.44% @ Ep35) | LR: 0.000010 | Rev: 0/99999
Epoch   51 | Cost: 1.058526 | Acc: 44.44% (Best: 44.44% @ Ep35) | LR: 0.000010 | Rev: 1/99999
Epoch   52 | Cost: 1.059858 | Acc: 44.44% (Best: 44.44% @ Ep35) | LR: 0.000010 | Rev: 2/99999
Epoch   53 | Cost: 1.055644 | Acc: 44.44% (Best: 44.44% @ Ep35) | LR: 0.000010 | Rev: 0/99999
Epoch   54 | Cost: 1.059421 | Acc: 47.22% (Best: 47.22% @ Ep54) | LR: 0.000010 | Rev: 1/99999
Epoch   55 | Cost: 1.053655 | Acc: 47.22% (Best: 47.22% @ Ep54) | LR: 0.000010 | Rev: 0/99999
Epoch   56 | Cost: 1.055550 | Acc: 47.22% (Best: 47.22% @ Ep54) | LR: 0.000010 | Rev: 1/99999
Epoch   57 | Cost: 1.057662 | Acc: 47.22% (Best: 47.22% @ Ep54) | LR: 0.000010 | Rev: 2/99999
Epoch   58 | Cost: 1.057879 | Acc: 47.22% (Best: 47.22% @ Ep54) | LR: 0.000010 | Rev: 3/99999
Epoch   59 | Cost: 1.055801 | Acc: 47.22% (Best: 47.22% @ Ep54) | LR: 0.000010 | Rev: 0/99999
Epoch   60 | Cost: 1.055992 | Acc: 47.22% (Best: 47.22% @ Ep54) | LR: 0.000010 | Rev: 1/99999
Epoch   61 | Cost: 1.050819 | Acc: 47.22% (Best: 47.22% @ Ep54) | LR: 0.000010 | Rev: 0/99999
Epoch   62 | Cost: 1.055815 | Acc: 47.22% (Best: 47.22% @ Ep54) | LR: 0.000010 | Rev: 1/99999
Epoch   63 | Cost: 1.053701 | Acc: 47.22% (Best: 47.22% @ Ep54) | LR: 0.000010 | Rev: 0/99999
Epoch   64 | Cost: 1.046612 | Acc: 47.22% (Best: 47.22% @ Ep54) | LR: 0.000010 | Rev: 0/99999
Epoch   65 | Cost: 1.052902 | Acc: 47.22% (Best: 47.22% @ Ep54) | LR: 0.000010 | Rev: 1/99999
Epoch   66 | Cost: 1.048713 | Acc: 47.22% (Best: 47.22% @ Ep54) | LR: 0.000010 | Rev: 0/99999
Epoch   67 | Cost: 1.058239 | Acc: 47.22% (Best: 47.22% @ Ep54) | LR: 0.000010 | Rev: 1/99999
Epoch   68 | Cost: 1.053337 | Acc: 47.22% (Best: 47.22% @ Ep54) | LR: 0.000010 | Rev: 0/99999
Epoch   69 | Cost: 1.049552 | Acc: 47.22% (Best: 47.22% @ Ep54) | LR: 0.000010 | Rev: 0/99999
Epoch   70 | Cost: 1.047073 | Acc: 47.22% (Best: 47.22% @ Ep54) | LR: 0.000010 | Rev: 0/99999
Epoch   71 | Cost: 1.046124 | Acc: 47.22% (Best: 47.22% @ Ep54) | LR: 0.000010 | Rev: 0/99999
Epoch   72 | Cost: 1.040196 | Acc: 47.22% (Best: 47.22% @ Ep54) | LR: 0.000010 | Rev: 0/99999
Epoch   73 | Cost: 1.046886 | Acc: 47.22% (Best: 47.22% @ Ep54) | LR: 0.000010 | Rev: 1/99999
Epoch   74 | Cost: 1.046112 | Acc: 47.22% (Best: 47.22% @ Ep54) | LR: 0.000010 | Rev: 0/99999
Epoch   75 | Cost: 1.050889 | Acc: 47.22% (Best: 47.22% @ Ep54) | LR: 0.000010 | Rev: 1/99999
Epoch   76 | Cost: 1.041915 | Acc: 47.22% (Best: 47.22% @ Ep54) | LR: 0.000010 | Rev: 0/99999
Epoch   77 | Cost: 1.044540 | Acc: 47.22% (Best: 47.22% @ Ep54) | LR: 0.000010 | Rev: 1/99999
Epoch   78 | Cost: 1.044731 | Acc: 47.22% (Best: 47.22% @ Ep54) | LR: 0.000010 | Rev: 2/99999
Epoch   79 | Cost: 1.048063 | Acc: 47.22% (Best: 47.22% @ Ep54) | LR: 0.000010 | Rev: 3/99999
Epoch   80 | Cost: 1.048304 | Acc: 47.22% (Best: 47.22% @ Ep54) | LR: 0.000010 | Rev: 4/99999
Epoch   81 | Cost: 1.037082 | Acc: 47.22% (Best: 47.22% @ Ep54) | LR: 0.000010 | Rev: 0/99999
Epoch   82 | Cost: 1.040894 | Acc: 47.22% (Best: 47.22% @ Ep54) | LR: 0.000010 | Rev: 1/99999
Epoch   83 | Cost: 1.047599 | Acc: 47.22% (Best: 47.22% @ Ep54) | LR: 0.000010 | Rev: 2/99999
Epoch   84 | Cost: 1.038505 | Acc: 47.22% (Best: 47.22% @ Ep54) | LR: 0.000010 | Rev: 0/99999
Epoch   85 | Cost: 1.042498 | Acc: 47.22% (Best: 47.22% @ Ep54) | LR: 0.000010 | Rev: 1/99999
Epoch   86 | Cost: 1.041144 | Acc: 47.22% (Best: 47.22% @ Ep54) | LR: 0.000010 | Rev: 0/99999
Epoch   87 | Cost: 1.043609 | Acc: 47.22% (Best: 47.22% @ Ep54) | LR: 0.000010 | Rev: 1/99999
Epoch   88 | Cost: 1.040823 | Acc: 47.22% (Best: 47.22% @ Ep54) | LR: 0.000010 | Rev: 0/99999
Epoch   89 | Cost: 1.040707 | Acc: 47.22% (Best: 47.22% @ Ep54) | LR: 0.000010 | Rev: 0/99999
Epoch   90 | Cost: 1.040039 | Acc: 47.22% (Best: 47.22% @ Ep54) | LR: 0.000010 | Rev: 0/99999
Epoch   91 | Cost: 1.038991 | Acc: 47.22% (Best: 47.22% @ Ep54) | LR: 0.000010 | Rev: 0/99999
Epoch   92 | Cost: 1.040889 | Acc: 47.22% (Best: 47.22% @ Ep54) | LR: 0.000010 | Rev: 1/99999
Epoch   93 | Cost: 1.041370 | Acc: 47.22% (Best: 47.22% @ Ep54) | LR: 0.000010 | Rev: 2/99999
Epoch   94 | Cost: 1.041320 | Acc: 47.22% (Best: 47.22% @ Ep54) | LR: 0.000010 | Rev: 0/99999
Epoch   95 | Cost: 1.034371 | Acc: 47.22% (Best: 47.22% @ Ep54) | LR: 0.000010 | Rev: 0/99999
Epoch   96 | Cost: 1.036315 | Acc: 47.22% (Best: 47.22% @ Ep54) | LR: 0.000010 | Rev: 1/99999
Epoch   97 | Cost: 1.038020 | Acc: 47.22% (Best: 47.22% @ Ep54) | LR: 0.000010 | Rev: 2/99999
Epoch   98 | Cost: 1.036886 | Acc: 47.22% (Best: 47.22% @ Ep54) | LR: 0.000010 | Rev: 0/99999
Epoch   99 | Cost: 1.038528 | Acc: 47.22% (Best: 47.22% @ Ep54) | LR: 0.000010 | Rev: 1/99999
Epoch  100 | Cost: 1.028042 | Acc: 47.22% (Best: 47.22% @ Ep54) | LR: 0.000010 | Rev: 0/99999
Epoch  101 | Cost: 1.035531 | Acc: 47.22% (Best: 47.22% @ Ep54) | LR: 0.000010 | Rev: 1/99999
Epoch  102 | Cost: 1.027720 | Acc: 47.22% (Best: 47.22% @ Ep54) | LR: 0.000010 | Rev: 0/99999
Epoch  103 | Cost: 1.024904 | Acc: 47.22% (Best: 47.22% @ Ep54) | LR: 0.000010 | Rev: 0/99999
Epoch  104 | Cost: 1.042902 | Acc: 47.22% (Best: 47.22% @ Ep54) | LR: 0.000020 | Rev: 1/99999
Epoch  105 | Cost: 1.035209 | Acc: 47.22% (Best: 47.22% @ Ep54) | LR: 0.000020 | Rev: 0/99999
Epoch  106 | Cost: 1.026584 | Acc: 47.22% (Best: 47.22% @ Ep54) | LR: 0.000020 | Rev: 0/99999
Epoch  107 | Cost: 1.032814 | Acc: 52.78% (Best: 52.78% @ Ep107) | LR: 0.000010 | Rev: 1/99999
Epoch  108 | Cost: 1.028569 | Acc: 52.78% (Best: 52.78% @ Ep107) | LR: 0.000010 | Rev: 0/99999
Epoch  109 | Cost: 1.030346 | Acc: 52.78% (Best: 52.78% @ Ep107) | LR: 0.000010 | Rev: 1/99999
Epoch  110 | Cost: 1.033371 | Acc: 52.78% (Best: 52.78% @ Ep107) | LR: 0.000010 | Rev: 2/99999
Epoch  111 | Cost: 1.026886 | Acc: 52.78% (Best: 52.78% @ Ep107) | LR: 0.000010 | Rev: 0/99999
Epoch  112 | Cost: 1.026753 | Acc: 52.78% (Best: 52.78% @ Ep107) | LR: 0.000010 | Rev: 0/99999
Epoch  113 | Cost: 1.026110 | Acc: 52.78% (Best: 52.78% @ Ep107) | LR: 0.000010 | Rev: 0/99999
Epoch  114 | Cost: 1.034231 | Acc: 52.78% (Best: 52.78% @ Ep107) | LR: 0.000010 | Rev: 1/99999
Epoch  115 | Cost: 1.024067 | Acc: 52.78% (Best: 52.78% @ Ep107) | LR: 0.000010 | Rev: 0/99999
Epoch  116 | Cost: 1.019881 | Acc: 52.78% (Best: 52.78% @ Ep107) | LR: 0.000010 | Rev: 0/99999
Epoch  117 | Cost: 1.022517 | Acc: 52.78% (Best: 52.78% @ Ep107) | LR: 0.000010 | Rev: 1/99999
Epoch  118 | Cost: 1.026142 | Acc: 52.78% (Best: 52.78% @ Ep107) | LR: 0.000010 | Rev: 2/99999
Epoch  119 | Cost: 1.027027 | Acc: 52.78% (Best: 52.78% @ Ep107) | LR: 0.000010 | Rev: 3/99999
Epoch  120 | Cost: 1.026867 | Acc: 52.78% (Best: 52.78% @ Ep107) | LR: 0.000010 | Rev: 0/99999
Epoch  121 | Cost: 1.030364 | Acc: 52.78% (Best: 52.78% @ Ep107) | LR: 0.000010 | Rev: 1/99999
Epoch  122 | Cost: 1.029452 | Acc: 52.78% (Best: 52.78% @ Ep107) | LR: 0.000010 | Rev: 0/99999
Epoch  123 | Cost: 1.016039 | Acc: 52.78% (Best: 52.78% @ Ep107) | LR: 0.000010 | Rev: 0/99999
Epoch  124 | Cost: 1.027166 | Acc: 52.78% (Best: 52.78% @ Ep107) | LR: 0.000010 | Rev: 1/99999
Epoch  125 | Cost: 1.029434 | Acc: 52.78% (Best: 52.78% @ Ep107) | LR: 0.000010 | Rev: 2/99999
Epoch  126 | Cost: 1.016006 | Acc: 52.78% (Best: 52.78% @ Ep107) | LR: 0.000010 | Rev: 0/99999
Epoch  127 | Cost: 1.021946 | Acc: 52.78% (Best: 52.78% @ Ep107) | LR: 0.000010 | Rev: 1/99999
Epoch  128 | Cost: 1.014416 | Acc: 52.78% (Best: 52.78% @ Ep107) | LR: 0.000010 | Rev: 0/99999
Epoch  129 | Cost: 1.009370 | Acc: 52.78% (Best: 52.78% @ Ep107) | LR: 0.000010 | Rev: 0/99999
Epoch  130 | Cost: 1.016596 | Acc: 52.78% (Best: 52.78% @ Ep107) | LR: 0.000010 | Rev: 1/99999
Epoch  131 | Cost: 1.014335 | Acc: 52.78% (Best: 52.78% @ Ep107) | LR: 0.000010 | Rev: 0/99999
Epoch  132 | Cost: 1.019491 | Acc: 55.56% (Best: 55.56% @ Ep132) | LR: 0.000010 | Rev: 1/99999
Epoch  133 | Cost: 1.019814 | Acc: 55.56% (Best: 55.56% @ Ep132) | LR: 0.000010 | Rev: 2/99999
Epoch  134 | Cost: 1.010231 | Acc: 58.33% (Best: 58.33% @ Ep134) | LR: 0.000010 | Rev: 0/99999
Epoch  135 | Cost: 1.011511 | Acc: 58.33% (Best: 58.33% @ Ep134) | LR: 0.000010 | Rev: 1/99999
Epoch  136 | Cost: 1.010930 | Acc: 58.33% (Best: 58.33% @ Ep134) | LR: 0.000010 | Rev: 0/99999
Epoch  137 | Cost: 1.021209 | Acc: 58.33% (Best: 58.33% @ Ep134) | LR: 0.000010 | Rev: 1/99999
Epoch  138 | Cost: 1.021317 | Acc: 58.33% (Best: 58.33% @ Ep134) | LR: 0.000010 | Rev: 2/99999
Epoch  139 | Cost: 1.019048 | Acc: 58.33% (Best: 58.33% @ Ep134) | LR: 0.000010 | Rev: 0/99999
Epoch  140 | Cost: 1.013570 | Acc: 58.33% (Best: 58.33% @ Ep134) | LR: 0.000010 | Rev: 0/99999
Epoch  141 | Cost: 1.015150 | Acc: 58.33% (Best: 58.33% @ Ep134) | LR: 0.000010 | Rev: 1/99999
Epoch  142 | Cost: 1.014078 | Acc: 58.33% (Best: 58.33% @ Ep134) | LR: 0.000010 | Rev: 0/99999
Epoch  143 | Cost: 1.015954 | Acc: 58.33% (Best: 58.33% @ Ep134) | LR: 0.000010 | Rev: 1/99999
Epoch  144 | Cost: 1.017408 | Acc: 58.33% (Best: 58.33% @ Ep134) | LR: 0.000010 | Rev: 2/99999
Epoch  145 | Cost: 1.012813 | Acc: 58.33% (Best: 58.33% @ Ep134) | LR: 0.000010 | Rev: 0/99999
Epoch  146 | Cost: 1.015382 | Acc: 58.33% (Best: 58.33% @ Ep134) | LR: 0.000010 | Rev: 1/99999
Epoch  147 | Cost: 1.009753 | Acc: 58.33% (Best: 58.33% @ Ep134) | LR: 0.000010 | Rev: 0/99999
Epoch  148 | Cost: 1.013421 | Acc: 58.33% (Best: 58.33% @ Ep134) | LR: 0.000010 | Rev: 1/99999
Epoch  149 | Cost: 1.008722 | Acc: 61.11% (Best: 61.11% @ Ep149) | LR: 0.000010 | Rev: 0/99999
Epoch  150 | Cost: 1.009054 | Acc: 63.89% (Best: 63.89% @ Ep150) | LR: 0.000010 | Rev: 1/99999
Epoch  151 | Cost: 1.016166 | Acc: 63.89% (Best: 63.89% @ Ep150) | LR: 0.000010 | Rev: 2/99999
Epoch  152 | Cost: 1.009227 | Acc: 63.89% (Best: 63.89% @ Ep150) | LR: 0.000010 | Rev: 0/99999
Epoch  153 | Cost: 1.011061 | Acc: 63.89% (Best: 63.89% @ Ep150) | LR: 0.000010 | Rev: 1/99999
Epoch  154 | Cost: 1.013931 | Acc: 63.89% (Best: 63.89% @ Ep150) | LR: 0.000010 | Rev: 2/99999
Epoch  155 | Cost: 1.007313 | Acc: 63.89% (Best: 63.89% @ Ep150) | LR: 0.000010 | Rev: 0/99999
Epoch  156 | Cost: 1.012000 | Acc: 63.89% (Best: 63.89% @ Ep150) | LR: 0.000010 | Rev: 1/99999
Epoch  157 | Cost: 1.005842 | Acc: 63.89% (Best: 63.89% @ Ep150) | LR: 0.000010 | Rev: 0/99999
Epoch  158 | Cost: 1.001403 | Acc: 63.89% (Best: 63.89% @ Ep150) | LR: 0.000010 | Rev: 0/99999
Epoch  159 | Cost: 1.002066 | Acc: 63.89% (Best: 63.89% @ Ep150) | LR: 0.000010 | Rev: 1/99999
Epoch  160 | Cost: 1.011234 | Acc: 63.89% (Best: 63.89% @ Ep150) | LR: 0.000010 | Rev: 2/99999
Epoch  161 | Cost: 1.009538 | Acc: 63.89% (Best: 63.89% @ Ep150) | LR: 0.000010 | Rev: 0/99999
Epoch  162 | Cost: 1.006442 | Acc: 63.89% (Best: 63.89% @ Ep150) | LR: 0.000010 | Rev: 0/99999
Epoch  163 | Cost: 1.006982 | Acc: 66.67% (Best: 66.67% @ Ep163) | LR: 0.000010 | Rev: 1/99999
Epoch  164 | Cost: 1.010895 | Acc: 66.67% (Best: 66.67% @ Ep163) | LR: 0.000010 | Rev: 2/99999
Epoch  165 | Cost: 1.005566 | Acc: 66.67% (Best: 66.67% @ Ep163) | LR: 0.000010 | Rev: 0/99999
Epoch  166 | Cost: 1.000267 | Acc: 66.67% (Best: 66.67% @ Ep163) | LR: 0.000010 | Rev: 0/99999
Epoch  167 | Cost: 0.999107 | Acc: 66.67% (Best: 66.67% @ Ep163) | LR: 0.000010 | Rev: 0/99999
Epoch  168 | Cost: 1.001708 | Acc: 66.67% (Best: 66.67% @ Ep163) | LR: 0.000010 | Rev: 1/99999
Epoch  169 | Cost: 1.001380 | Acc: 66.67% (Best: 66.67% @ Ep163) | LR: 0.000010 | Rev: 0/99999
Epoch  170 | Cost: 1.002704 | Acc: 66.67% (Best: 66.67% @ Ep163) | LR: 0.000010 | Rev: 1/99999
Epoch  171 | Cost: 1.006219 | Acc: 66.67% (Best: 66.67% @ Ep163) | LR: 0.000010 | Rev: 2/99999
Epoch  172 | Cost: 1.002092 | Acc: 66.67% (Best: 66.67% @ Ep163) | LR: 0.000010 | Rev: 0/99999
Epoch  173 | Cost: 1.005819 | Acc: 66.67% (Best: 66.67% @ Ep163) | LR: 0.000010 | Rev: 1/99999
Epoch  174 | Cost: 1.002615 | Acc: 66.67% (Best: 66.67% @ Ep163) | LR: 0.000010 | Rev: 0/99999
Epoch  175 | Cost: 1.000724 | Acc: 66.67% (Best: 66.67% @ Ep163) | LR: 0.000010 | Rev: 0/99999
Epoch  176 | Cost: 0.994918 | Acc: 66.67% (Best: 66.67% @ Ep163) | LR: 0.000010 | Rev: 0/99999
Epoch  177 | Cost: 0.999484 | Acc: 66.67% (Best: 66.67% @ Ep163) | LR: 0.000010 | Rev: 1/99999
Epoch  178 | Cost: 0.997798 | Acc: 66.67% (Best: 66.67% @ Ep163) | LR: 0.000010 | Rev: 0/99999
Epoch  179 | Cost: 1.000491 | Acc: 66.67% (Best: 66.67% @ Ep163) | LR: 0.000010 | Rev: 1/99999
Epoch  180 | Cost: 0.992549 | Acc: 66.67% (Best: 66.67% @ Ep163) | LR: 0.000010 | Rev: 0/99999
Epoch  181 | Cost: 0.987307 | Acc: 66.67% (Best: 66.67% @ Ep163) | LR: 0.000010 | Rev: 0/99999
Epoch  182 | Cost: 0.996405 | Acc: 66.67% (Best: 66.67% @ Ep163) | LR: 0.000010 | Rev: 1/99999
Epoch  183 | Cost: 0.994604 | Acc: 66.67% (Best: 66.67% @ Ep163) | LR: 0.000010 | Rev: 0/99999
Epoch  184 | Cost: 0.998201 | Acc: 66.67% (Best: 66.67% @ Ep163) | LR: 0.000010 | Rev: 1/99999
Epoch  185 | Cost: 0.999719 | Acc: 66.67% (Best: 66.67% @ Ep163) | LR: 0.000010 | Rev: 2/99999
Epoch  186 | Cost: 0.994330 | Acc: 66.67% (Best: 66.67% @ Ep163) | LR: 0.000010 | Rev: 0/99999
Epoch  187 | Cost: 0.992105 | Acc: 66.67% (Best: 66.67% @ Ep163) | LR: 0.000010 | Rev: 0/99999
Epoch  188 | Cost: 0.997371 | Acc: 66.67% (Best: 66.67% @ Ep163) | LR: 0.000010 | Rev: 1/99999
Epoch  189 | Cost: 0.997876 | Acc: 69.44% (Best: 69.44% @ Ep189) | LR: 0.000010 | Rev: 2/99999
Epoch  190 | Cost: 0.999279 | Acc: 69.44% (Best: 69.44% @ Ep189) | LR: 0.000010 | Rev: 3/99999
Epoch  191 | Cost: 0.994072 | Acc: 69.44% (Best: 69.44% @ Ep189) | LR: 0.000010 | Rev: 0/99999
Epoch  192 | Cost: 0.996150 | Acc: 69.44% (Best: 69.44% @ Ep189) | LR: 0.000010 | Rev: 1/99999
Epoch  193 | Cost: 0.992144 | Acc: 69.44% (Best: 69.44% @ Ep189) | LR: 0.000010 | Rev: 0/99999
Epoch  194 | Cost: 0.992209 | Acc: 69.44% (Best: 69.44% @ Ep189) | LR: 0.000010 | Rev: 1/99999
Epoch  195 | Cost: 0.990258 | Acc: 69.44% (Best: 69.44% @ Ep189) | LR: 0.000010 | Rev: 0/99999
Epoch  196 | Cost: 0.989887 | Acc: 69.44% (Best: 69.44% @ Ep189) | LR: 0.000010 | Rev: 0/99999
Epoch  197 | Cost: 0.987284 | Acc: 69.44% (Best: 69.44% @ Ep189) | LR: 0.000010 | Rev: 0/99999
Epoch  198 | Cost: 0.993193 | Acc: 69.44% (Best: 69.44% @ Ep189) | LR: 0.000010 | Rev: 1/99999
Epoch  199 | Cost: 0.984103 | Acc: 69.44% (Best: 69.44% @ Ep189) | LR: 0.000010 | Rev: 0/99999
Epoch  200 | Cost: 0.999123 | Acc: 69.44% (Best: 69.44% @ Ep189) | LR: 0.000010 | Rev: 1/99999
Epoch  201 | Cost: 0.989422 | Acc: 69.44% (Best: 69.44% @ Ep189) | LR: 0.000010 | Rev: 0/99999
Epoch  202 | Cost: 0.988589 | Acc: 69.44% (Best: 69.44% @ Ep189) | LR: 0.000010 | Rev: 0/99999
Epoch  203 | Cost: 0.994200 | Acc: 69.44% (Best: 69.44% @ Ep189) | LR: 0.000010 | Rev: 1/99999
Epoch  204 | Cost: 0.988945 | Acc: 69.44% (Best: 69.44% @ Ep189) | LR: 0.000010 | Rev: 0/99999
Epoch  205 | Cost: 0.984800 | Acc: 69.44% (Best: 69.44% @ Ep189) | LR: 0.000010 | Rev: 0/99999
Epoch  206 | Cost: 0.982893 | Acc: 69.44% (Best: 69.44% @ Ep189) | LR: 0.000010 | Rev: 0/99999
Epoch  207 | Cost: 0.989718 | Acc: 69.44% (Best: 69.44% @ Ep189) | LR: 0.000010 | Rev: 1/99999
Epoch  208 | Cost: 0.981219 | Acc: 69.44% (Best: 69.44% @ Ep189) | LR: 0.000010 | Rev: 0/99999
Epoch  209 | Cost: 0.980093 | Acc: 69.44% (Best: 69.44% @ Ep189) | LR: 0.000010 | Rev: 0/99999
Epoch  210 | Cost: 0.990504 | Acc: 69.44% (Best: 69.44% @ Ep189) | LR: 0.000010 | Rev: 1/99999
Epoch  211 | Cost: 0.983464 | Acc: 69.44% (Best: 69.44% @ Ep189) | LR: 0.000010 | Rev: 0/99999
Epoch  212 | Cost: 0.974286 | Acc: 69.44% (Best: 69.44% @ Ep189) | LR: 0.000010 | Rev: 0/99999
Epoch  213 | Cost: 0.987926 | Acc: 69.44% (Best: 69.44% @ Ep189) | LR: 0.000010 | Rev: 1/99999
Epoch  214 | Cost: 0.986823 | Acc: 69.44% (Best: 69.44% @ Ep189) | LR: 0.000010 | Rev: 0/99999
Epoch  215 | Cost: 0.982934 | Acc: 69.44% (Best: 69.44% @ Ep189) | LR: 0.000010 | Rev: 0/99999
Epoch  216 | Cost: 0.980292 | Acc: 69.44% (Best: 69.44% @ Ep189) | LR: 0.000010 | Rev: 0/99999
Epoch  217 | Cost: 0.971619 | Acc: 72.22% (Best: 72.22% @ Ep217) | LR: 0.000010 | Rev: 0/99999
Epoch  218 | Cost: 0.987289 | Acc: 72.22% (Best: 72.22% @ Ep217) | LR: 0.000010 | Rev: 1/99999
Epoch  219 | Cost: 0.973564 | Acc: 72.22% (Best: 72.22% @ Ep217) | LR: 0.000010 | Rev: 0/99999
Epoch  220 | Cost: 0.979696 | Acc: 72.22% (Best: 72.22% @ Ep217) | LR: 0.000010 | Rev: 1/99999
Epoch  221 | Cost: 0.982826 | Acc: 72.22% (Best: 72.22% @ Ep217) | LR: 0.000010 | Rev: 2/99999
Epoch  222 | Cost: 0.980585 | Acc: 72.22% (Best: 72.22% @ Ep217) | LR: 0.000010 | Rev: 0/99999
Epoch  223 | Cost: 0.979636 | Acc: 72.22% (Best: 72.22% @ Ep217) | LR: 0.000010 | Rev: 0/99999
Epoch  224 | Cost: 0.983583 | Acc: 72.22% (Best: 72.22% @ Ep217) | LR: 0.000010 | Rev: 1/99999
Epoch  225 | Cost: 0.977552 | Acc: 72.22% (Best: 72.22% @ Ep217) | LR: 0.000010 | Rev: 0/99999
Epoch  226 | Cost: 0.981989 | Acc: 72.22% (Best: 72.22% @ Ep217) | LR: 0.000010 | Rev: 1/99999
Epoch  227 | Cost: 0.975915 | Acc: 72.22% (Best: 72.22% @ Ep217) | LR: 0.000010 | Rev: 0/99999
Epoch  228 | Cost: 0.977281 | Acc: 72.22% (Best: 72.22% @ Ep217) | LR: 0.000010 | Rev: 1/99999
Epoch  229 | Cost: 0.975535 | Acc: 69.44% (Best: 72.22% @ Ep217) | LR: 0.000010 | Rev: 0/99999
Epoch  230 | Cost: 0.974646 | Acc: 69.44% (Best: 72.22% @ Ep217) | LR: 0.000010 | Rev: 0/99999
Epoch  231 | Cost: 0.975491 | Acc: 69.44% (Best: 72.22% @ Ep217) | LR: 0.000010 | Rev: 1/99999
Epoch  232 | Cost: 0.972785 | Acc: 69.44% (Best: 72.22% @ Ep217) | LR: 0.000010 | Rev: 0/99999
Epoch  233 | Cost: 0.976428 | Acc: 69.44% (Best: 72.22% @ Ep217) | LR: 0.000010 | Rev: 1/99999
Epoch  234 | Cost: 0.977749 | Acc: 69.44% (Best: 72.22% @ Ep217) | LR: 0.000010 | Rev: 2/99999
Epoch  235 | Cost: 0.977281 | Acc: 69.44% (Best: 72.22% @ Ep217) | LR: 0.000010 | Rev: 0/99999
Epoch  236 | Cost: 0.976404 | Acc: 69.44% (Best: 72.22% @ Ep217) | LR: 0.000010 | Rev: 0/99999
Epoch  237 | Cost: 0.976692 | Acc: 69.44% (Best: 72.22% @ Ep217) | LR: 0.000010 | Rev: 1/99999
Epoch  238 | Cost: 0.964713 | Acc: 69.44% (Best: 72.22% @ Ep217) | LR: 0.000010 | Rev: 0/99999
Epoch  239 | Cost: 0.973120 | Acc: 69.44% (Best: 72.22% @ Ep217) | LR: 0.000010 | Rev: 1/99999
Epoch  240 | Cost: 0.967397 | Acc: 69.44% (Best: 72.22% @ Ep217) | LR: 0.000010 | Rev: 0/99999
Epoch  241 | Cost: 0.966917 | Acc: 69.44% (Best: 72.22% @ Ep217) | LR: 0.000010 | Rev: 0/99999
Epoch  242 | Cost: 0.966654 | Acc: 69.44% (Best: 72.22% @ Ep217) | LR: 0.000010 | Rev: 0/99999
Epoch  243 | Cost: 0.966293 | Acc: 69.44% (Best: 72.22% @ Ep217) | LR: 0.000010 | Rev: 0/99999
Epoch  244 | Cost: 0.964081 | Acc: 69.44% (Best: 72.22% @ Ep217) | LR: 0.000010 | Rev: 0/99999
Epoch  245 | Cost: 0.965755 | Acc: 69.44% (Best: 72.22% @ Ep217) | LR: 0.000010 | Rev: 1/99999
Epoch  246 | Cost: 0.970028 | Acc: 69.44% (Best: 72.22% @ Ep217) | LR: 0.000010 | Rev: 2/99999
Epoch  247 | Cost: 0.965973 | Acc: 69.44% (Best: 72.22% @ Ep217) | LR: 0.000010 | Rev: 0/99999
Epoch  248 | Cost: 0.958033 | Acc: 69.44% (Best: 72.22% @ Ep217) | LR: 0.000010 | Rev: 0/99999
Epoch  249 | Cost: 0.965653 | Acc: 69.44% (Best: 72.22% @ Ep217) | LR: 0.000010 | Rev: 1/99999
Epoch  250 | Cost: 0.975714 | Acc: 69.44% (Best: 72.22% @ Ep217) | LR: 0.000010 | Rev: 2/99999
Epoch  251 | Cost: 0.959131 | Acc: 69.44% (Best: 72.22% @ Ep217) | LR: 0.000010 | Rev: 0/99999
Epoch  252 | Cost: 0.967448 | Acc: 69.44% (Best: 72.22% @ Ep217) | LR: 0.000010 | Rev: 1/99999
Epoch  253 | Cost: 0.971220 | Acc: 69.44% (Best: 72.22% @ Ep217) | LR: 0.000010 | Rev: 2/99999
Epoch  254 | Cost: 0.959965 | Acc: 69.44% (Best: 72.22% @ Ep217) | LR: 0.000010 | Rev: 0/99999
Epoch  255 | Cost: 0.964281 | Acc: 69.44% (Best: 72.22% @ Ep217) | LR: 0.000010 | Rev: 1/99999
Epoch  256 | Cost: 0.959760 | Acc: 69.44% (Best: 72.22% @ Ep217) | LR: 0.000010 | Rev: 0/99999
Epoch  257 | Cost: 0.956428 | Acc: 69.44% (Best: 72.22% @ Ep217) | LR: 0.000010 | Rev: 0/99999
Epoch  258 | Cost: 0.963579 | Acc: 69.44% (Best: 72.22% @ Ep217) | LR: 0.000010 | Rev: 1/99999
Epoch  259 | Cost: 0.958055 | Acc: 69.44% (Best: 72.22% @ Ep217) | LR: 0.000010 | Rev: 0/99999
Epoch  260 | Cost: 0.954711 | Acc: 72.22% (Best: 72.22% @ Ep217) | LR: 0.000010 | Rev: 0/99999
Epoch  261 | Cost: 0.965150 | Acc: 72.22% (Best: 72.22% @ Ep217) | LR: 0.000010 | Rev: 1/99999
Epoch  262 | Cost: 0.958830 | Acc: 72.22% (Best: 72.22% @ Ep217) | LR: 0.000010 | Rev: 0/99999
Epoch  263 | Cost: 0.959703 | Acc: 72.22% (Best: 72.22% @ Ep217) | LR: 0.000010 | Rev: 1/99999
Epoch  264 | Cost: 0.960829 | Acc: 72.22% (Best: 72.22% @ Ep217) | LR: 0.000010 | Rev: 2/99999
Epoch  265 | Cost: 0.956513 | Acc: 72.22% (Best: 72.22% @ Ep217) | LR: 0.000010 | Rev: 0/99999
Epoch  266 | Cost: 0.960577 | Acc: 72.22% (Best: 72.22% @ Ep217) | LR: 0.000010 | Rev: 1/99999
Epoch  267 | Cost: 0.960664 | Acc: 72.22% (Best: 72.22% @ Ep217) | LR: 0.000020 | Rev: 2/99999
Epoch  268 | Cost: 0.952781 | Acc: 72.22% (Best: 72.22% @ Ep217) | LR: 0.000020 | Rev: 0/99999
Epoch  269 | Cost: 0.962423 | Acc: 72.22% (Best: 72.22% @ Ep217) | LR: 0.000020 | Rev: 1/99999
Epoch  270 | Cost: 0.959681 | Acc: 72.22% (Best: 72.22% @ Ep217) | LR: 0.000020 | Rev: 0/99999
Epoch  271 | Cost: 0.952149 | Acc: 72.22% (Best: 72.22% @ Ep217) | LR: 0.000020 | Rev: 0/99999
Epoch  272 | Cost: 0.956358 | Acc: 72.22% (Best: 72.22% @ Ep217) | LR: 0.000020 | Rev: 1/99999
Epoch  273 | Cost: 0.947192 | Acc: 72.22% (Best: 72.22% @ Ep217) | LR: 0.000020 | Rev: 0/99999
Epoch  274 | Cost: 0.954405 | Acc: 72.22% (Best: 72.22% @ Ep217) | LR: 0.000020 | Rev: 1/99999
Epoch  275 | Cost: 0.952118 | Acc: 72.22% (Best: 72.22% @ Ep217) | LR: 0.000020 | Rev: 0/99999
Epoch  276 | Cost: 0.952692 | Acc: 72.22% (Best: 72.22% @ Ep217) | LR: 0.000020 | Rev: 1/99999
Epoch  277 | Cost: 0.945803 | Acc: 72.22% (Best: 72.22% @ Ep217) | LR: 0.000030 | Rev: 0/99999
Epoch  278 | Cost: 0.955151 | Acc: 72.22% (Best: 72.22% @ Ep217) | LR: 0.000030 | Rev: 1/99999
Epoch  279 | Cost: 0.947415 | Acc: 72.22% (Best: 72.22% @ Ep217) | LR: 0.000030 | Rev: 0/99999
Epoch  280 | Cost: 0.947808 | Acc: 72.22% (Best: 72.22% @ Ep217) | LR: 0.000030 | Rev: 1/99999
Epoch  281 | Cost: 0.947308 | Acc: 72.22% (Best: 72.22% @ Ep217) | LR: 0.000030 | Rev: 0/99999
Epoch  282 | Cost: 0.949114 | Acc: 72.22% (Best: 72.22% @ Ep217) | LR: 0.000030 | Rev: 1/99999
Epoch  283 | Cost: 0.943040 | Acc: 72.22% (Best: 72.22% @ Ep217) | LR: 0.000030 | Rev: 0/99999
Epoch  284 | Cost: 0.939711 | Acc: 72.22% (Best: 72.22% @ Ep217) | LR: 0.000030 | Rev: 0/99999
Epoch  285 | Cost: 0.936403 | Acc: 72.22% (Best: 72.22% @ Ep217) | LR: 0.000030 | Rev: 0/99999
Epoch  286 | Cost: 0.937816 | Acc: 75.00% (Best: 75.00% @ Ep286) | LR: 0.000010 | Rev: 1/99999
Epoch  287 | Cost: 0.941669 | Acc: 75.00% (Best: 75.00% @ Ep286) | LR: 0.000010 | Rev: 2/99999
Epoch  288 | Cost: 0.937089 | Acc: 75.00% (Best: 75.00% @ Ep286) | LR: 0.000010 | Rev: 0/99999
Epoch  289 | Cost: 0.942385 | Acc: 75.00% (Best: 75.00% @ Ep286) | LR: 0.000010 | Rev: 1/99999
Epoch  290 | Cost: 0.935232 | Acc: 75.00% (Best: 75.00% @ Ep286) | LR: 0.000010 | Rev: 0/99999
Epoch  291 | Cost: 0.923997 | Acc: 75.00% (Best: 75.00% @ Ep286) | LR: 0.000010 | Rev: 0/99999
Epoch  292 | Cost: 0.931574 | Acc: 75.00% (Best: 75.00% @ Ep286) | LR: 0.000010 | Rev: 1/99999
Epoch  293 | Cost: 0.924118 | Acc: 75.00% (Best: 75.00% @ Ep286) | LR: 0.000010 | Rev: 0/99999
Epoch  294 | Cost: 0.931187 | Acc: 75.00% (Best: 75.00% @ Ep286) | LR: 0.000010 | Rev: 1/99999
Epoch  295 | Cost: 0.937386 | Acc: 75.00% (Best: 75.00% @ Ep286) | LR: 0.000010 | Rev: 2/99999
Epoch  296 | Cost: 0.934129 | Acc: 75.00% (Best: 75.00% @ Ep286) | LR: 0.000010 | Rev: 0/99999
Epoch  297 | Cost: 0.935532 | Acc: 75.00% (Best: 75.00% @ Ep286) | LR: 0.000010 | Rev: 1/99999
Epoch  298 | Cost: 0.931137 | Acc: 75.00% (Best: 75.00% @ Ep286) | LR: 0.000010 | Rev: 0/99999
Epoch  299 | Cost: 0.937536 | Acc: 75.00% (Best: 75.00% @ Ep286) | LR: 0.000010 | Rev: 1/99999
Epoch  300 | Cost: 0.939755 | Acc: 75.00% (Best: 75.00% @ Ep286) | LR: 0.000010 | Rev: 2/99999
Epoch  301 | Cost: 0.929962 | Acc: 75.00% (Best: 75.00% @ Ep286) | LR: 0.000010 | Rev: 0/99999
Epoch  302 | Cost: 0.939000 | Acc: 75.00% (Best: 75.00% @ Ep286) | LR: 0.000010 | Rev: 1/99999
Epoch  303 | Cost: 0.938440 | Acc: 75.00% (Best: 75.00% @ Ep286) | LR: 0.000010 | Rev: 0/99999
Epoch  304 | Cost: 0.931974 | Acc: 75.00% (Best: 75.00% @ Ep286) | LR: 0.000010 | Rev: 0/99999
Epoch  305 | Cost: 0.933656 | Acc: 77.78% (Best: 77.78% @ Ep305) | LR: 0.000010 | Rev: 1/99999
Epoch  306 | Cost: 0.938541 | Acc: 77.78% (Best: 77.78% @ Ep305) | LR: 0.000010 | Rev: 2/99999
Epoch  307 | Cost: 0.928034 | Acc: 77.78% (Best: 77.78% @ Ep305) | LR: 0.000010 | Rev: 0/99999
Epoch  308 | Cost: 0.923793 | Acc: 77.78% (Best: 77.78% @ Ep305) | LR: 0.000010 | Rev: 0/99999
Epoch  309 | Cost: 0.921917 | Acc: 77.78% (Best: 77.78% @ Ep305) | LR: 0.000010 | Rev: 0/99999
Epoch  310 | Cost: 0.920302 | Acc: 77.78% (Best: 77.78% @ Ep305) | LR: 0.000010 | Rev: 0/99999
Epoch  311 | Cost: 0.920060 | Acc: 77.78% (Best: 77.78% @ Ep305) | LR: 0.000010 | Rev: 0/99999
Epoch  312 | Cost: 0.930811 | Acc: 77.78% (Best: 77.78% @ Ep305) | LR: 0.000010 | Rev: 1/99999
Epoch  313 | Cost: 0.924393 | Acc: 77.78% (Best: 77.78% @ Ep305) | LR: 0.000010 | Rev: 0/99999
Epoch  314 | Cost: 0.928019 | Acc: 77.78% (Best: 77.78% @ Ep305) | LR: 0.000010 | Rev: 1/99999
Epoch  315 | Cost: 0.924061 | Acc: 77.78% (Best: 77.78% @ Ep305) | LR: 0.000010 | Rev: 0/99999
Epoch  316 | Cost: 0.930859 | Acc: 77.78% (Best: 77.78% @ Ep305) | LR: 0.000010 | Rev: 1/99999
Epoch  317 | Cost: 0.925310 | Acc: 77.78% (Best: 77.78% @ Ep305) | LR: 0.000010 | Rev: 0/99999
Epoch  318 | Cost: 0.922472 | Acc: 77.78% (Best: 77.78% @ Ep305) | LR: 0.000010 | Rev: 0/99999
Epoch  319 | Cost: 0.919795 | Acc: 77.78% (Best: 77.78% @ Ep305) | LR: 0.000010 | Rev: 0/99999
Epoch  320 | Cost: 0.922746 | Acc: 77.78% (Best: 77.78% @ Ep305) | LR: 0.000010 | Rev: 1/99999
Epoch  321 | Cost: 0.918392 | Acc: 77.78% (Best: 77.78% @ Ep305) | LR: 0.000010 | Rev: 0/99999
Epoch  322 | Cost: 0.922732 | Acc: 77.78% (Best: 77.78% @ Ep305) | LR: 0.000010 | Rev: 1/99999
Epoch  323 | Cost: 0.921110 | Acc: 77.78% (Best: 77.78% @ Ep305) | LR: 0.000010 | Rev: 0/99999
Epoch  324 | Cost: 0.925561 | Acc: 77.78% (Best: 77.78% @ Ep305) | LR: 0.000010 | Rev: 1/99999
Epoch  325 | Cost: 0.919672 | Acc: 77.78% (Best: 77.78% @ Ep305) | LR: 0.000010 | Rev: 0/99999
Epoch  326 | Cost: 0.914657 | Acc: 77.78% (Best: 77.78% @ Ep305) | LR: 0.000010 | Rev: 0/99999
Epoch  327 | Cost: 0.917689 | Acc: 77.78% (Best: 77.78% @ Ep305) | LR: 0.000010 | Rev: 1/99999
Epoch  328 | Cost: 0.931120 | Acc: 77.78% (Best: 77.78% @ Ep305) | LR: 0.000010 | Rev: 2/99999
Epoch  329 | Cost: 0.921739 | Acc: 77.78% (Best: 77.78% @ Ep305) | LR: 0.000010 | Rev: 0/99999
Epoch  330 | Cost: 0.918908 | Acc: 77.78% (Best: 77.78% @ Ep305) | LR: 0.000010 | Rev: 0/99999
Epoch  331 | Cost: 0.915305 | Acc: 77.78% (Best: 77.78% @ Ep305) | LR: 0.000010 | Rev: 0/99999
Epoch  332 | Cost: 0.917094 | Acc: 77.78% (Best: 77.78% @ Ep305) | LR: 0.000010 | Rev: 1/99999
Epoch  333 | Cost: 0.915521 | Acc: 77.78% (Best: 77.78% @ Ep305) | LR: 0.000010 | Rev: 0/99999
Epoch  334 | Cost: 0.919808 | Acc: 77.78% (Best: 77.78% @ Ep305) | LR: 0.000010 | Rev: 1/99999
Epoch  335 | Cost: 0.903693 | Acc: 77.78% (Best: 77.78% @ Ep305) | LR: 0.000010 | Rev: 0/99999
Epoch  336 | Cost: 0.915836 | Acc: 77.78% (Best: 77.78% @ Ep305) | LR: 0.000010 | Rev: 1/99999
Epoch  337 | Cost: 0.916783 | Acc: 77.78% (Best: 77.78% @ Ep305) | LR: 0.000010 | Rev: 2/99999
Epoch  338 | Cost: 0.914873 | Acc: 77.78% (Best: 77.78% @ Ep305) | LR: 0.000010 | Rev: 0/99999
Epoch  339 | Cost: 0.916225 | Acc: 77.78% (Best: 77.78% @ Ep305) | LR: 0.000010 | Rev: 1/99999
Epoch  340 | Cost: 0.912898 | Acc: 77.78% (Best: 77.78% @ Ep305) | LR: 0.000010 | Rev: 0/99999
Epoch  341 | Cost: 0.918114 | Acc: 77.78% (Best: 77.78% @ Ep305) | LR: 0.000010 | Rev: 1/99999
Epoch  342 | Cost: 0.915270 | Acc: 77.78% (Best: 77.78% @ Ep305) | LR: 0.000010 | Rev: 0/99999
Epoch  343 | Cost: 0.913051 | Acc: 77.78% (Best: 77.78% @ Ep305) | LR: 0.000010 | Rev: 0/99999
Epoch  344 | Cost: 0.916428 | Acc: 77.78% (Best: 77.78% @ Ep305) | LR: 0.000010 | Rev: 1/99999
Epoch  345 | Cost: 0.913684 | Acc: 77.78% (Best: 77.78% @ Ep305) | LR: 0.000010 | Rev: 0/99999
Epoch  346 | Cost: 0.911637 | Acc: 77.78% (Best: 77.78% @ Ep305) | LR: 0.000010 | Rev: 0/99999
Epoch  347 | Cost: 0.906787 | Acc: 77.78% (Best: 77.78% @ Ep305) | LR: 0.000010 | Rev: 0/99999
Epoch  348 | Cost: 0.917709 | Acc: 77.78% (Best: 77.78% @ Ep305) | LR: 0.000010 | Rev: 1/99999
Epoch  349 | Cost: 0.900323 | Acc: 77.78% (Best: 77.78% @ Ep305) | LR: 0.000010 | Rev: 0/99999
Epoch  350 | Cost: 0.913164 | Acc: 77.78% (Best: 77.78% @ Ep305) | LR: 0.000010 | Rev: 1/99999
Epoch  351 | Cost: 0.914023 | Acc: 77.78% (Best: 77.78% @ Ep305) | LR: 0.000010 | Rev: 2/99999
Epoch  352 | Cost: 0.915264 | Acc: 77.78% (Best: 77.78% @ Ep305) | LR: 0.000010 | Rev: 3/99999
Epoch  353 | Cost: 0.907883 | Acc: 77.78% (Best: 77.78% @ Ep305) | LR: 0.000010 | Rev: 0/99999
Epoch  354 | Cost: 0.906429 | Acc: 77.78% (Best: 77.78% @ Ep305) | LR: 0.000010 | Rev: 0/99999
Epoch  355 | Cost: 0.908094 | Acc: 77.78% (Best: 77.78% @ Ep305) | LR: 0.000020 | Rev: 1/99999
Epoch  356 | Cost: 0.906140 | Acc: 77.78% (Best: 77.78% @ Ep305) | LR: 0.000020 | Rev: 0/99999
Epoch  357 | Cost: 0.913325 | Acc: 77.78% (Best: 77.78% @ Ep305) | LR: 0.000020 | Rev: 1/99999
Epoch  358 | Cost: 0.909596 | Acc: 75.00% (Best: 77.78% @ Ep305) | LR: 0.000020 | Rev: 0/99999
Epoch  359 | Cost: 0.909794 | Acc: 75.00% (Best: 77.78% @ Ep305) | LR: 0.000020 | Rev: 1/99999
Epoch  360 | Cost: 0.901105 | Acc: 75.00% (Best: 77.78% @ Ep305) | LR: 0.000020 | Rev: 0/99999
Epoch  361 | Cost: 0.908958 | Acc: 75.00% (Best: 77.78% @ Ep305) | LR: 0.000020 | Rev: 1/99999
Epoch  362 | Cost: 0.907486 | Acc: 75.00% (Best: 77.78% @ Ep305) | LR: 0.000020 | Rev: 0/99999
Epoch  363 | Cost: 0.897737 | Acc: 75.00% (Best: 77.78% @ Ep305) | LR: 0.000020 | Rev: 0/99999
Epoch  364 | Cost: 0.899252 | Acc: 75.00% (Best: 77.78% @ Ep305) | LR: 0.000020 | Rev: 1/99999
Epoch  365 | Cost: 0.900741 | Acc: 75.00% (Best: 77.78% @ Ep305) | LR: 0.000030 | Rev: 2/99999
Epoch  366 | Cost: 0.899181 | Acc: 75.00% (Best: 77.78% @ Ep305) | LR: 0.000030 | Rev: 0/99999
Epoch  367 | Cost: 0.895782 | Acc: 75.00% (Best: 77.78% @ Ep305) | LR: 0.000030 | Rev: 0/99999
Epoch  368 | Cost: 0.912415 | Acc: 75.00% (Best: 77.78% @ Ep305) | LR: 0.000030 | Rev: 1/99999
Epoch  369 | Cost: 0.895846 | Acc: 75.00% (Best: 77.78% @ Ep305) | LR: 0.000030 | Rev: 0/99999
Epoch  370 | Cost: 0.899436 | Acc: 77.78% (Best: 77.78% @ Ep305) | LR: 0.000030 | Rev: 1/99999
Epoch  371 | Cost: 0.885086 | Acc: 77.78% (Best: 77.78% @ Ep305) | LR: 0.000030 | Rev: 0/99999
Epoch  372 | Cost: 0.886012 | Acc: 77.78% (Best: 77.78% @ Ep305) | LR: 0.000030 | Rev: 1/99999
Epoch  373 | Cost: 0.892058 | Acc: 77.78% (Best: 77.78% @ Ep305) | LR: 0.000030 | Rev: 2/99999
Epoch  374 | Cost: 0.885779 | Acc: 77.78% (Best: 77.78% @ Ep305) | LR: 0.000030 | Rev: 0/99999
Epoch  375 | Cost: 0.879408 | Acc: 77.78% (Best: 77.78% @ Ep305) | LR: 0.000040 | Rev: 0/99999
Epoch  376 | Cost: 0.887796 | Acc: 77.78% (Best: 77.78% @ Ep305) | LR: 0.000040 | Rev: 1/99999
Epoch  377 | Cost: 0.884547 | Acc: 77.78% (Best: 77.78% @ Ep305) | LR: 0.000040 | Rev: 0/99999
Epoch  378 | Cost: 0.885403 | Acc: 77.78% (Best: 77.78% @ Ep305) | LR: 0.000040 | Rev: 1/99999
Epoch  379 | Cost: 0.882741 | Acc: 77.78% (Best: 77.78% @ Ep305) | LR: 0.000040 | Rev: 0/99999
Epoch  380 | Cost: 0.880928 | Acc: 77.78% (Best: 77.78% @ Ep305) | LR: 0.000040 | Rev: 0/99999
Epoch  381 | Cost: 0.879442 | Acc: 77.78% (Best: 77.78% @ Ep305) | LR: 0.000040 | Rev: 0/99999
Epoch  382 | Cost: 0.884120 | Acc: 77.78% (Best: 77.78% @ Ep305) | LR: 0.000040 | Rev: 1/99999
Epoch  383 | Cost: 0.878381 | Acc: 77.78% (Best: 77.78% @ Ep305) | LR: 0.000040 | Rev: 0/99999
Epoch  384 | Cost: 0.879949 | Acc: 77.78% (Best: 77.78% @ Ep305) | LR: 0.000040 | Rev: 1/99999
Epoch  385 | Cost: 0.869512 | Acc: 77.78% (Best: 77.78% @ Ep305) | LR: 0.000050 | Rev: 0/99999
Epoch  386 | Cost: 0.863127 | Acc: 77.78% (Best: 77.78% @ Ep305) | LR: 0.000050 | Rev: 0/99999
Epoch  387 | Cost: 0.867411 | Acc: 77.78% (Best: 77.78% @ Ep305) | LR: 0.000050 | Rev: 1/99999
Epoch  388 | Cost: 0.860801 | Acc: 77.78% (Best: 77.78% @ Ep305) | LR: 0.000050 | Rev: 0/99999
Epoch  389 | Cost: 0.867716 | Acc: 77.78% (Best: 77.78% @ Ep305) | LR: 0.000050 | Rev: 1/99999
Epoch  390 | Cost: 0.866387 | Acc: 77.78% (Best: 77.78% @ Ep305) | LR: 0.000050 | Rev: 0/99999
Epoch  391 | Cost: 0.867030 | Acc: 77.78% (Best: 77.78% @ Ep305) | LR: 0.000050 | Rev: 1/99999
Epoch  392 | Cost: 0.860798 | Acc: 77.78% (Best: 77.78% @ Ep305) | LR: 0.000050 | Rev: 0/99999
Epoch  393 | Cost: 0.853353 | Acc: 77.78% (Best: 77.78% @ Ep305) | LR: 0.000050 | Rev: 0/99999
Epoch  394 | Cost: 0.860638 | Acc: 77.78% (Best: 77.78% @ Ep305) | LR: 0.000050 | Rev: 1/99999
Epoch  395 | Cost: 0.862421 | Acc: 80.56% (Best: 80.56% @ Ep395) | LR: 0.000010 | Rev: 2/99999
Epoch  396 | Cost: 0.850539 | Acc: 80.56% (Best: 80.56% @ Ep395) | LR: 0.000010 | Rev: 0/99999
Epoch  397 | Cost: 0.835560 | Acc: 80.56% (Best: 80.56% @ Ep395) | LR: 0.000010 | Rev: 0/99999
Epoch  398 | Cost: 0.857971 | Acc: 80.56% (Best: 80.56% @ Ep395) | LR: 0.000010 | Rev: 1/99999
Epoch  399 | Cost: 0.844339 | Acc: 80.56% (Best: 80.56% @ Ep395) | LR: 0.000010 | Rev: 0/99999
Epoch  400 | Cost: 0.848122 | Acc: 80.56% (Best: 80.56% @ Ep395) | LR: 0.000010 | Rev: 1/99999
Epoch  401 | Cost: 0.844708 | Acc: 83.33% (Best: 83.33% @ Ep401) | LR: 0.000010 | Rev: 0/99999
Epoch  402 | Cost: 0.847388 | Acc: 83.33% (Best: 83.33% @ Ep401) | LR: 0.000010 | Rev: 1/99999
Epoch  403 | Cost: 0.839719 | Acc: 83.33% (Best: 83.33% @ Ep401) | LR: 0.000010 | Rev: 0/99999
Epoch  404 | Cost: 0.848334 | Acc: 83.33% (Best: 83.33% @ Ep401) | LR: 0.000010 | Rev: 1/99999
Epoch  405 | Cost: 0.852830 | Acc: 83.33% (Best: 83.33% @ Ep401) | LR: 0.000010 | Rev: 2/99999
Epoch  406 | Cost: 0.835230 | Acc: 83.33% (Best: 83.33% @ Ep401) | LR: 0.000010 | Rev: 0/99999
Epoch  407 | Cost: 0.851568 | Acc: 83.33% (Best: 83.33% @ Ep401) | LR: 0.000010 | Rev: 1/99999
Epoch  408 | Cost: 0.839289 | Acc: 83.33% (Best: 83.33% @ Ep401) | LR: 0.000010 | Rev: 0/99999
Epoch  409 | Cost: 0.847584 | Acc: 83.33% (Best: 83.33% @ Ep401) | LR: 0.000010 | Rev: 1/99999
Epoch  410 | Cost: 0.842408 | Acc: 83.33% (Best: 83.33% @ Ep401) | LR: 0.000010 | Rev: 0/99999
Epoch  411 | Cost: 0.844319 | Acc: 83.33% (Best: 83.33% @ Ep401) | LR: 0.000010 | Rev: 1/99999
Epoch  412 | Cost: 0.841358 | Acc: 83.33% (Best: 83.33% @ Ep401) | LR: 0.000010 | Rev: 0/99999
Epoch  413 | Cost: 0.839043 | Acc: 83.33% (Best: 83.33% @ Ep401) | LR: 0.000010 | Rev: 0/99999
Epoch  414 | Cost: 0.839744 | Acc: 83.33% (Best: 83.33% @ Ep401) | LR: 0.000010 | Rev: 1/99999
Epoch  415 | Cost: 0.839278 | Acc: 83.33% (Best: 83.33% @ Ep401) | LR: 0.000010 | Rev: 0/99999
Epoch  416 | Cost: 0.844075 | Acc: 83.33% (Best: 83.33% @ Ep401) | LR: 0.000010 | Rev: 1/99999
Epoch  417 | Cost: 0.839843 | Acc: 83.33% (Best: 83.33% @ Ep401) | LR: 0.000010 | Rev: 0/99999
Epoch  418 | Cost: 0.839358 | Acc: 83.33% (Best: 83.33% @ Ep401) | LR: 0.000010 | Rev: 0/99999
Epoch  419 | Cost: 0.841032 | Acc: 83.33% (Best: 83.33% @ Ep401) | LR: 0.000010 | Rev: 1/99999
Epoch  420 | Cost: 0.841492 | Acc: 83.33% (Best: 83.33% @ Ep401) | LR: 0.000010 | Rev: 2/99999
Epoch  421 | Cost: 0.841788 | Acc: 83.33% (Best: 83.33% @ Ep401) | LR: 0.000010 | Rev: 3/99999
Epoch  422 | Cost: 0.838475 | Acc: 83.33% (Best: 83.33% @ Ep401) | LR: 0.000010 | Rev: 0/99999
Epoch  423 | Cost: 0.849116 | Acc: 86.11% (Best: 86.11% @ Ep423) | LR: 0.000010 | Rev: 1/99999
Epoch  424 | Cost: 0.839751 | Acc: 86.11% (Best: 86.11% @ Ep423) | LR: 0.000010 | Rev: 0/99999
Epoch  425 | Cost: 0.834073 | Acc: 86.11% (Best: 86.11% @ Ep423) | LR: 0.000010 | Rev: 0/99999
Epoch  426 | Cost: 0.832409 | Acc: 86.11% (Best: 86.11% @ Ep423) | LR: 0.000010 | Rev: 0/99999
Epoch  427 | Cost: 0.834368 | Acc: 86.11% (Best: 86.11% @ Ep423) | LR: 0.000010 | Rev: 1/99999
Epoch  428 | Cost: 0.839156 | Acc: 86.11% (Best: 86.11% @ Ep423) | LR: 0.000010 | Rev: 2/99999
Epoch  429 | Cost: 0.843139 | Acc: 86.11% (Best: 86.11% @ Ep423) | LR: 0.000010 | Rev: 3/99999
Epoch  430 | Cost: 0.842748 | Acc: 86.11% (Best: 86.11% @ Ep423) | LR: 0.000010 | Rev: 0/99999
Epoch  431 | Cost: 0.833146 | Acc: 86.11% (Best: 86.11% @ Ep423) | LR: 0.000010 | Rev: 0/99999
Epoch  432 | Cost: 0.832527 | Acc: 86.11% (Best: 86.11% @ Ep423) | LR: 0.000010 | Rev: 0/99999
Epoch  433 | Cost: 0.838049 | Acc: 86.11% (Best: 86.11% @ Ep423) | LR: 0.000010 | Rev: 1/99999
Epoch  434 | Cost: 0.838565 | Acc: 86.11% (Best: 86.11% @ Ep423) | LR: 0.000010 | Rev: 2/99999
Epoch  435 | Cost: 0.838356 | Acc: 86.11% (Best: 86.11% @ Ep423) | LR: 0.000010 | Rev: 0/99999
Epoch  436 | Cost: 0.827871 | Acc: 86.11% (Best: 86.11% @ Ep423) | LR: 0.000010 | Rev: 0/99999
Epoch  437 | Cost: 0.832352 | Acc: 86.11% (Best: 86.11% @ Ep423) | LR: 0.000010 | Rev: 1/99999
Epoch  438 | Cost: 0.829800 | Acc: 86.11% (Best: 86.11% @ Ep423) | LR: 0.000010 | Rev: 0/99999
Epoch  439 | Cost: 0.829389 | Acc: 86.11% (Best: 86.11% @ Ep423) | LR: 0.000010 | Rev: 0/99999
Epoch  440 | Cost: 0.830649 | Acc: 86.11% (Best: 86.11% @ Ep423) | LR: 0.000010 | Rev: 1/99999
Epoch  441 | Cost: 0.832271 | Acc: 86.11% (Best: 86.11% @ Ep423) | LR: 0.000010 | Rev: 2/99999
Epoch  442 | Cost: 0.823762 | Acc: 86.11% (Best: 86.11% @ Ep423) | LR: 0.000010 | Rev: 0/99999
Epoch  443 | Cost: 0.832834 | Acc: 86.11% (Best: 86.11% @ Ep423) | LR: 0.000010 | Rev: 1/99999
Epoch  444 | Cost: 0.828228 | Acc: 86.11% (Best: 86.11% @ Ep423) | LR: 0.000010 | Rev: 0/99999
Epoch  445 | Cost: 0.834980 | Acc: 86.11% (Best: 86.11% @ Ep423) | LR: 0.000010 | Rev: 1/99999
Epoch  446 | Cost: 0.834046 | Acc: 86.11% (Best: 86.11% @ Ep423) | LR: 0.000010 | Rev: 0/99999
Epoch  447 | Cost: 0.836954 | Acc: 86.11% (Best: 86.11% @ Ep423) | LR: 0.000010 | Rev: 1/99999
Epoch  448 | Cost: 0.831612 | Acc: 86.11% (Best: 86.11% @ Ep423) | LR: 0.000010 | Rev: 0/99999
Epoch  449 | Cost: 0.830530 | Acc: 86.11% (Best: 86.11% @ Ep423) | LR: 0.000010 | Rev: 0/99999
Epoch  450 | Cost: 0.821467 | Acc: 86.11% (Best: 86.11% @ Ep423) | LR: 0.000010 | Rev: 0/99999
Epoch  451 | Cost: 0.831935 | Acc: 86.11% (Best: 86.11% @ Ep423) | LR: 0.000010 | Rev: 1/99999
Epoch  452 | Cost: 0.828146 | Acc: 86.11% (Best: 86.11% @ Ep423) | LR: 0.000010 | Rev: 0/99999
Epoch  453 | Cost: 0.838647 | Acc: 86.11% (Best: 86.11% @ Ep423) | LR: 0.000010 | Rev: 1/99999
Epoch  454 | Cost: 0.817776 | Acc: 86.11% (Best: 86.11% @ Ep423) | LR: 0.000010 | Rev: 0/99999
Epoch  455 | Cost: 0.821313 | Acc: 86.11% (Best: 86.11% @ Ep423) | LR: 0.000010 | Rev: 1/99999
Epoch  456 | Cost: 0.823924 | Acc: 86.11% (Best: 86.11% @ Ep423) | LR: 0.000010 | Rev: 2/99999
Epoch  457 | Cost: 0.824768 | Acc: 86.11% (Best: 86.11% @ Ep423) | LR: 0.000010 | Rev: 3/99999
Epoch  458 | Cost: 0.821592 | Acc: 86.11% (Best: 86.11% @ Ep423) | LR: 0.000010 | Rev: 0/99999
Epoch  459 | Cost: 0.821351 | Acc: 86.11% (Best: 86.11% @ Ep423) | LR: 0.000010 | Rev: 0/99999
Epoch  460 | Cost: 0.821317 | Acc: 86.11% (Best: 86.11% @ Ep423) | LR: 0.000010 | Rev: 0/99999
Epoch  461 | Cost: 0.822236 | Acc: 86.11% (Best: 86.11% @ Ep423) | LR: 0.000010 | Rev: 1/99999
Epoch  462 | Cost: 0.824216 | Acc: 86.11% (Best: 86.11% @ Ep423) | LR: 0.000010 | Rev: 2/99999
Epoch  463 | Cost: 0.811254 | Acc: 86.11% (Best: 86.11% @ Ep423) | LR: 0.000010 | Rev: 0/99999
Epoch  464 | Cost: 0.828918 | Acc: 86.11% (Best: 86.11% @ Ep423) | LR: 0.000010 | Rev: 1/99999
Epoch  465 | Cost: 0.816696 | Acc: 86.11% (Best: 86.11% @ Ep423) | LR: 0.000010 | Rev: 0/99999
Epoch  466 | Cost: 0.812558 | Acc: 86.11% (Best: 86.11% @ Ep423) | LR: 0.000010 | Rev: 0/99999
Epoch  467 | Cost: 0.818191 | Acc: 86.11% (Best: 86.11% @ Ep423) | LR: 0.000010 | Rev: 1/99999
Epoch  468 | Cost: 0.820211 | Acc: 86.11% (Best: 86.11% @ Ep423) | LR: 0.000010 | Rev: 2/99999
Epoch  469 | Cost: 0.813714 | Acc: 86.11% (Best: 86.11% @ Ep423) | LR: 0.000010 | Rev: 0/99999
Epoch  470 | Cost: 0.812558 | Acc: 86.11% (Best: 86.11% @ Ep423) | LR: 0.000010 | Rev: 0/99999
Epoch  471 | Cost: 0.819565 | Acc: 86.11% (Best: 86.11% @ Ep423) | LR: 0.000010 | Rev: 1/99999
Epoch  472 | Cost: 0.820935 | Acc: 86.11% (Best: 86.11% @ Ep423) | LR: 0.000010 | Rev: 2/99999
Epoch  473 | Cost: 0.818203 | Acc: 86.11% (Best: 86.11% @ Ep423) | LR: 0.000020 | Rev: 0/99999
Epoch  474 | Cost: 0.820508 | Acc: 86.11% (Best: 86.11% @ Ep423) | LR: 0.000020 | Rev: 1/99999
Epoch  475 | Cost: 0.814767 | Acc: 86.11% (Best: 86.11% @ Ep423) | LR: 0.000020 | Rev: 0/99999
Epoch  476 | Cost: 0.810124 | Acc: 86.11% (Best: 86.11% @ Ep423) | LR: 0.000020 | Rev: 0/99999
Epoch  477 | Cost: 0.801367 | Acc: 86.11% (Best: 86.11% @ Ep423) | LR: 0.000020 | Rev: 0/99999
Epoch  478 | Cost: 0.813394 | Acc: 86.11% (Best: 86.11% @ Ep423) | LR: 0.000020 | Rev: 1/99999
Epoch  479 | Cost: 0.804816 | Acc: 86.11% (Best: 86.11% @ Ep423) | LR: 0.000020 | Rev: 0/99999
Epoch  480 | Cost: 0.816155 | Acc: 86.11% (Best: 86.11% @ Ep423) | LR: 0.000020 | Rev: 1/99999
Epoch  481 | Cost: 0.812982 | Acc: 86.11% (Best: 86.11% @ Ep423) | LR: 0.000020 | Rev: 0/99999
Epoch  482 | Cost: 0.809306 | Acc: 86.11% (Best: 86.11% @ Ep423) | LR: 0.000020 | Rev: 0/99999
Epoch  483 | Cost: 0.812501 | Acc: 86.11% (Best: 86.11% @ Ep423) | LR: 0.000030 | Rev: 1/99999
Epoch  484 | Cost: 0.810186 | Acc: 86.11% (Best: 86.11% @ Ep423) | LR: 0.000030 | Rev: 0/99999
Epoch  485 | Cost: 0.799995 | Acc: 86.11% (Best: 86.11% @ Ep423) | LR: 0.000030 | Rev: 0/99999
Epoch  486 | Cost: 0.803056 | Acc: 86.11% (Best: 86.11% @ Ep423) | LR: 0.000030 | Rev: 1/99999
Epoch  487 | Cost: 0.793443 | Acc: 86.11% (Best: 86.11% @ Ep423) | LR: 0.000030 | Rev: 0/99999
Epoch  488 | Cost: 0.799781 | Acc: 86.11% (Best: 86.11% @ Ep423) | LR: 0.000030 | Rev: 1/99999
Epoch  489 | Cost: 0.806410 | Acc: 86.11% (Best: 86.11% @ Ep423) | LR: 0.000030 | Rev: 2/99999
Epoch  490 | Cost: 0.799429 | Acc: 86.11% (Best: 86.11% @ Ep423) | LR: 0.000030 | Rev: 0/99999
Epoch  491 | Cost: 0.800849 | Acc: 86.11% (Best: 86.11% @ Ep423) | LR: 0.000030 | Rev: 1/99999
Epoch  492 | Cost: 0.797434 | Acc: 86.11% (Best: 86.11% @ Ep423) | LR: 0.000030 | Rev: 0/99999
Epoch  493 | Cost: 0.805590 | Acc: 86.11% (Best: 86.11% @ Ep423) | LR: 0.000040 | Rev: 1/99999
Epoch  494 | Cost: 0.805113 | Acc: 86.11% (Best: 86.11% @ Ep423) | LR: 0.000040 | Rev: 0/99999
Epoch  495 | Cost: 0.798095 | Acc: 86.11% (Best: 86.11% @ Ep423) | LR: 0.000040 | Rev: 0/99999
Epoch  496 | Cost: 0.787660 | Acc: 86.11% (Best: 86.11% @ Ep423) | LR: 0.000040 | Rev: 0/99999
Epoch  497 | Cost: 0.789030 | Acc: 86.11% (Best: 86.11% @ Ep423) | LR: 0.000040 | Rev: 1/99999
Epoch  498 | Cost: 0.784472 | Acc: 86.11% (Best: 86.11% @ Ep423) | LR: 0.000040 | Rev: 0/99999
Epoch  499 | Cost: 0.779651 | Acc: 86.11% (Best: 86.11% @ Ep423) | LR: 0.000040 | Rev: 0/99999
Epoch  500 | Cost: 0.788876 | Acc: 86.11% (Best: 86.11% @ Ep423) | LR: 0.000040 | Rev: 1/99999
Epoch  501 | Cost: 0.784411 | Acc: 86.11% (Best: 86.11% @ Ep423) | LR: 0.000040 | Rev: 0/99999
Epoch  502 | Cost: 0.783490 | Acc: 86.11% (Best: 86.11% @ Ep423) | LR: 0.000040 | Rev: 0/99999
Epoch  503 | Cost: 0.778540 | Acc: 86.11% (Best: 86.11% @ Ep423) | LR: 0.000050 | Rev: 0/99999
Epoch  504 | Cost: 0.778492 | Acc: 86.11% (Best: 86.11% @ Ep423) | LR: 0.000050 | Rev: 0/99999
Epoch  505 | Cost: 0.776178 | Acc: 86.11% (Best: 86.11% @ Ep423) | LR: 0.000050 | Rev: 0/99999
Epoch  506 | Cost: 0.781148 | Acc: 86.11% (Best: 86.11% @ Ep423) | LR: 0.000050 | Rev: 1/99999
Epoch  507 | Cost: 0.775928 | Acc: 86.11% (Best: 86.11% @ Ep423) | LR: 0.000050 | Rev: 0/99999
Epoch  508 | Cost: 0.759234 | Acc: 86.11% (Best: 86.11% @ Ep423) | LR: 0.000050 | Rev: 0/99999
Epoch  509 | Cost: 0.777817 | Acc: 86.11% (Best: 86.11% @ Ep423) | LR: 0.000050 | Rev: 1/99999
Epoch  510 | Cost: 0.765743 | Acc: 86.11% (Best: 86.11% @ Ep423) | LR: 0.000050 | Rev: 0/99999
Epoch  511 | Cost: 0.758346 | Acc: 86.11% (Best: 86.11% @ Ep423) | LR: 0.000050 | Rev: 0/99999
Epoch  512 | Cost: 0.773523 | Acc: 86.11% (Best: 86.11% @ Ep423) | LR: 0.000050 | Rev: 1/99999
Epoch  513 | Cost: 0.761908 | Acc: 86.11% (Best: 86.11% @ Ep423) | LR: 0.000060 | Rev: 0/99999
Epoch  514 | Cost: 0.777953 | Acc: 86.11% (Best: 86.11% @ Ep423) | LR: 0.000060 | Rev: 1/99999
Epoch  515 | Cost: 0.749736 | Acc: 86.11% (Best: 86.11% @ Ep423) | LR: 0.000060 | Rev: 0/99999
Epoch  516 | Cost: 0.756269 | Acc: 86.11% (Best: 86.11% @ Ep423) | LR: 0.000060 | Rev: 1/99999
Epoch  517 | Cost: 0.730971 | Acc: 86.11% (Best: 86.11% @ Ep423) | LR: 0.000060 | Rev: 0/99999
Epoch  518 | Cost: 0.742211 | Acc: 86.11% (Best: 86.11% @ Ep423) | LR: 0.000060 | Rev: 1/99999
Epoch  519 | Cost: 0.746259 | Acc: 86.11% (Best: 86.11% @ Ep423) | LR: 0.000060 | Rev: 2/99999
Epoch  520 | Cost: 0.745403 | Acc: 86.11% (Best: 86.11% @ Ep423) | LR: 0.000060 | Rev: 0/99999
Epoch  521 | Cost: 0.741535 | Acc: 86.11% (Best: 86.11% @ Ep423) | LR: 0.000060 | Rev: 0/99999
Epoch  522 | Cost: 0.743265 | Acc: 86.11% (Best: 86.11% @ Ep423) | LR: 0.000060 | Rev: 1/99999
Epoch  523 | Cost: 0.737856 | Acc: 86.11% (Best: 86.11% @ Ep423) | LR: 0.000070 | Rev: 0/99999
Epoch  524 | Cost: 0.742805 | Acc: 86.11% (Best: 86.11% @ Ep423) | LR: 0.000070 | Rev: 1/99999
Epoch  525 | Cost: 0.734710 | Acc: 86.11% (Best: 86.11% @ Ep423) | LR: 0.000070 | Rev: 0/99999
Epoch  526 | Cost: 0.722361 | Acc: 86.11% (Best: 86.11% @ Ep423) | LR: 0.000070 | Rev: 0/99999
Epoch  527 | Cost: 0.733077 | Acc: 86.11% (Best: 86.11% @ Ep423) | LR: 0.000070 | Rev: 1/99999
Epoch  528 | Cost: 0.736442 | Acc: 86.11% (Best: 86.11% @ Ep423) | LR: 0.000070 | Rev: 2/99999
Epoch  529 | Cost: 0.721591 | Acc: 86.11% (Best: 86.11% @ Ep423) | LR: 0.000070 | Rev: 0/99999
Epoch  530 | Cost: 0.722286 | Acc: 86.11% (Best: 86.11% @ Ep423) | LR: 0.000070 | Rev: 1/99999
Epoch  531 | Cost: 0.712656 | Acc: 86.11% (Best: 86.11% @ Ep423) | LR: 0.000070 | Rev: 0/99999
Epoch  532 | Cost: 0.710745 | Acc: 86.11% (Best: 86.11% @ Ep423) | LR: 0.000070 | Rev: 0/99999
Epoch  533 | Cost: 0.709626 | Acc: 86.11% (Best: 86.11% @ Ep423) | LR: 0.000080 | Rev: 0/99999
Epoch  534 | Cost: 0.702792 | Acc: 86.11% (Best: 86.11% @ Ep423) | LR: 0.000080 | Rev: 0/99999
Epoch  535 | Cost: 0.713039 | Acc: 86.11% (Best: 86.11% @ Ep423) | LR: 0.000080 | Rev: 1/99999
Epoch  536 | Cost: 0.709980 | Acc: 86.11% (Best: 86.11% @ Ep423) | LR: 0.000080 | Rev: 0/99999
Epoch  537 | Cost: 0.703418 | Acc: 86.11% (Best: 86.11% @ Ep423) | LR: 0.000080 | Rev: 0/99999
Epoch  538 | Cost: 0.695399 | Acc: 86.11% (Best: 86.11% @ Ep423) | LR: 0.000080 | Rev: 0/99999
Epoch  539 | Cost: 0.679735 | Acc: 86.11% (Best: 86.11% @ Ep423) | LR: 0.000080 | Rev: 0/99999
Epoch  540 | Cost: 0.694411 | Acc: 86.11% (Best: 86.11% @ Ep423) | LR: 0.000080 | Rev: 1/99999
Epoch  541 | Cost: 0.687572 | Acc: 86.11% (Best: 86.11% @ Ep423) | LR: 0.000080 | Rev: 0/99999
Epoch  542 | Cost: 0.689775 | Acc: 86.11% (Best: 86.11% @ Ep423) | LR: 0.000080 | Rev: 1/99999
Epoch  543 | Cost: 0.683839 | Acc: 86.11% (Best: 86.11% @ Ep423) | LR: 0.000090 | Rev: 0/99999
Epoch  544 | Cost: 0.684716 | Acc: 86.11% (Best: 86.11% @ Ep423) | LR: 0.000090 | Rev: 1/99999
Epoch  545 | Cost: 0.685659 | Acc: 86.11% (Best: 86.11% @ Ep423) | LR: 0.000090 | Rev: 2/99999
Epoch  546 | Cost: 0.678712 | Acc: 86.11% (Best: 86.11% @ Ep423) | LR: 0.000090 | Rev: 0/99999
Epoch  547 | Cost: 0.680642 | Acc: 86.11% (Best: 86.11% @ Ep423) | LR: 0.000090 | Rev: 1/99999
Epoch  548 | Cost: 0.666494 | Acc: 86.11% (Best: 86.11% @ Ep423) | LR: 0.000090 | Rev: 0/99999
Epoch  549 | Cost: 0.667927 | Acc: 86.11% (Best: 86.11% @ Ep423) | LR: 0.000090 | Rev: 1/99999
Epoch  550 | Cost: 0.663269 | Acc: 86.11% (Best: 86.11% @ Ep423) | LR: 0.000090 | Rev: 0/99999
Epoch  551 | Cost: 0.644896 | Acc: 86.11% (Best: 86.11% @ Ep423) | LR: 0.000090 | Rev: 0/99999
Epoch  552 | Cost: 0.663077 | Acc: 86.11% (Best: 86.11% @ Ep423) | LR: 0.000090 | Rev: 1/99999
Epoch  553 | Cost: 0.654743 | Acc: 86.11% (Best: 86.11% @ Ep423) | LR: 0.000100 | Rev: 0/99999
Epoch  554 | Cost: 0.654829 | Acc: 86.11% (Best: 86.11% @ Ep423) | LR: 0.000100 | Rev: 1/99999
Epoch  555 | Cost: 0.646462 | Acc: 86.11% (Best: 86.11% @ Ep423) | LR: 0.000100 | Rev: 0/99999
Epoch  556 | Cost: 0.643797 | Acc: 86.11% (Best: 86.11% @ Ep423) | LR: 0.000100 | Rev: 0/99999
Epoch  557 | Cost: 0.640289 | Acc: 86.11% (Best: 86.11% @ Ep423) | LR: 0.000100 | Rev: 0/99999
Epoch  558 | Cost: 0.649775 | Acc: 86.11% (Best: 86.11% @ Ep423) | LR: 0.000100 | Rev: 1/99999
Epoch  559 | Cost: 0.651140 | Acc: 86.11% (Best: 86.11% @ Ep423) | LR: 0.000100 | Rev: 2/99999
Epoch  560 | Cost: 0.633151 | Acc: 86.11% (Best: 86.11% @ Ep423) | LR: 0.000100 | Rev: 0/99999
Epoch  561 | Cost: 0.624059 | Acc: 86.11% (Best: 86.11% @ Ep423) | LR: 0.000100 | Rev: 0/99999
Epoch  562 | Cost: 0.615004 | Acc: 86.11% (Best: 86.11% @ Ep423) | LR: 0.000100 | Rev: 0/99999
Epoch  563 | Cost: 0.614818 | Acc: 86.11% (Best: 86.11% @ Ep423) | LR: 0.000110 | Rev: 0/99999
Epoch  564 | Cost: 0.619241 | Acc: 86.11% (Best: 86.11% @ Ep423) | LR: 0.000110 | Rev: 1/99999
Epoch  565 | Cost: 0.618310 | Acc: 86.11% (Best: 86.11% @ Ep423) | LR: 0.000110 | Rev: 0/99999
Epoch  566 | Cost: 0.624431 | Acc: 86.11% (Best: 86.11% @ Ep423) | LR: 0.000110 | Rev: 1/99999
Epoch  567 | Cost: 0.620784 | Acc: 86.11% (Best: 86.11% @ Ep423) | LR: 0.000110 | Rev: 0/99999
Epoch  568 | Cost: 0.612614 | Acc: 86.11% (Best: 86.11% @ Ep423) | LR: 0.000110 | Rev: 0/99999
Epoch  569 | Cost: 0.612177 | Acc: 86.11% (Best: 86.11% @ Ep423) | LR: 0.000110 | Rev: 0/99999
Epoch  570 | Cost: 0.596830 | Acc: 86.11% (Best: 86.11% @ Ep423) | LR: 0.000110 | Rev: 0/99999
Epoch  571 | Cost: 0.598128 | Acc: 86.11% (Best: 86.11% @ Ep423) | LR: 0.000110 | Rev: 1/99999
Epoch  572 | Cost: 0.603395 | Acc: 86.11% (Best: 86.11% @ Ep423) | LR: 0.000110 | Rev: 2/99999
Epoch  573 | Cost: 0.592214 | Acc: 86.11% (Best: 86.11% @ Ep423) | LR: 0.000120 | Rev: 0/99999
Epoch  574 | Cost: 0.578379 | Acc: 86.11% (Best: 86.11% @ Ep423) | LR: 0.000120 | Rev: 0/99999
Epoch  575 | Cost: 0.580078 | Acc: 86.11% (Best: 86.11% @ Ep423) | LR: 0.000120 | Rev: 1/99999
Epoch  576 | Cost: 0.589394 | Acc: 86.11% (Best: 86.11% @ Ep423) | LR: 0.000120 | Rev: 2/99999
Epoch  577 | Cost: 0.593065 | Acc: 86.11% (Best: 86.11% @ Ep423) | LR: 0.000120 | Rev: 3/99999
Epoch  578 | Cost: 0.575879 | Acc: 86.11% (Best: 86.11% @ Ep423) | LR: 0.000120 | Rev: 0/99999
Epoch  579 | Cost: 0.564987 | Acc: 88.89% (Best: 88.89% @ Ep579) | LR: 0.000010 | Rev: 0/99999
Epoch  580 | Cost: 0.573917 | Acc: 88.89% (Best: 88.89% @ Ep579) | LR: 0.000010 | Rev: 1/99999
Epoch  581 | Cost: 0.571102 | Acc: 88.89% (Best: 88.89% @ Ep579) | LR: 0.000010 | Rev: 0/99999
Epoch  582 | Cost: 0.581444 | Acc: 88.89% (Best: 88.89% @ Ep579) | LR: 0.000010 | Rev: 1/99999
Epoch  583 | Cost: 0.580820 | Acc: 88.89% (Best: 88.89% @ Ep579) | LR: 0.000010 | Rev: 0/99999
Epoch  584 | Cost: 0.573324 | Acc: 88.89% (Best: 88.89% @ Ep579) | LR: 0.000010 | Rev: 0/99999
Epoch  585 | Cost: 0.590154 | Acc: 88.89% (Best: 88.89% @ Ep579) | LR: 0.000010 | Rev: 1/99999
Epoch  586 | Cost: 0.585889 | Acc: 88.89% (Best: 88.89% @ Ep579) | LR: 0.000010 | Rev: 0/99999
Epoch  587 | Cost: 0.574669 | Acc: 88.89% (Best: 88.89% @ Ep579) | LR: 0.000010 | Rev: 0/99999
Epoch  588 | Cost: 0.565133 | Acc: 88.89% (Best: 88.89% @ Ep579) | LR: 0.000010 | Rev: 0/99999
Epoch  589 | Cost: 0.567561 | Acc: 88.89% (Best: 88.89% @ Ep579) | LR: 0.000010 | Rev: 1/99999
Epoch  590 | Cost: 0.568976 | Acc: 88.89% (Best: 88.89% @ Ep579) | LR: 0.000010 | Rev: 2/99999
Epoch  591 | Cost: 0.581591 | Acc: 88.89% (Best: 88.89% @ Ep579) | LR: 0.000010 | Rev: 3/99999
Epoch  592 | Cost: 0.564987 | Acc: 88.89% (Best: 88.89% @ Ep579) | LR: 0.000010 | Rev: 0/99999
Epoch  593 | Cost: 0.586591 | Acc: 88.89% (Best: 88.89% @ Ep579) | LR: 0.000010 | Rev: 1/99999
Epoch  594 | Cost: 0.556594 | Acc: 88.89% (Best: 88.89% @ Ep579) | LR: 0.000010 | Rev: 0/99999
Epoch  595 | Cost: 0.569545 | Acc: 88.89% (Best: 88.89% @ Ep579) | LR: 0.000010 | Rev: 1/99999
Epoch  596 | Cost: 0.576829 | Acc: 88.89% (Best: 88.89% @ Ep579) | LR: 0.000010 | Rev: 2/99999
Epoch  597 | Cost: 0.579613 | Acc: 88.89% (Best: 88.89% @ Ep579) | LR: 0.000010 | Rev: 3/99999
Epoch  598 | Cost: 0.573950 | Acc: 88.89% (Best: 88.89% @ Ep579) | LR: 0.000010 | Rev: 0/99999
Epoch  599 | Cost: 0.568426 | Acc: 88.89% (Best: 88.89% @ Ep579) | LR: 0.000010 | Rev: 0/99999
Epoch  600 | Cost: 0.567332 | Acc: 88.89% (Best: 88.89% @ Ep579) | LR: 0.000010 | Rev: 0/99999
Epoch  601 | Cost: 0.568295 | Acc: 88.89% (Best: 88.89% @ Ep579) | LR: 0.000010 | Rev: 1/99999
Epoch  602 | Cost: 0.579971 | Acc: 88.89% (Best: 88.89% @ Ep579) | LR: 0.000010 | Rev: 2/99999
Epoch  603 | Cost: 0.574004 | Acc: 88.89% (Best: 88.89% @ Ep579) | LR: 0.000010 | Rev: 0/99999
Epoch  604 | Cost: 0.584171 | Acc: 88.89% (Best: 88.89% @ Ep579) | LR: 0.000010 | Rev: 1/99999
Epoch  605 | Cost: 0.575434 | Acc: 88.89% (Best: 88.89% @ Ep579) | LR: 0.000010 | Rev: 0/99999
Epoch  606 | Cost: 0.566275 | Acc: 88.89% (Best: 88.89% @ Ep579) | LR: 0.000010 | Rev: 0/99999
Epoch  607 | Cost: 0.572971 | Acc: 88.89% (Best: 88.89% @ Ep579) | LR: 0.000010 | Rev: 1/99999
Epoch  608 | Cost: 0.580175 | Acc: 88.89% (Best: 88.89% @ Ep579) | LR: 0.000010 | Rev: 2/99999
Epoch  609 | Cost: 0.561657 | Acc: 88.89% (Best: 88.89% @ Ep579) | LR: 0.000010 | Rev: 0/99999
Epoch  610 | Cost: 0.567171 | Acc: 88.89% (Best: 88.89% @ Ep579) | LR: 0.000010 | Rev: 1/99999
Epoch  611 | Cost: 0.563396 | Acc: 88.89% (Best: 88.89% @ Ep579) | LR: 0.000010 | Rev: 0/99999
Epoch  612 | Cost: 0.565174 | Acc: 88.89% (Best: 88.89% @ Ep579) | LR: 0.000010 | Rev: 1/99999
Epoch  613 | Cost: 0.573174 | Acc: 88.89% (Best: 88.89% @ Ep579) | LR: 0.000010 | Rev: 2/99999
Epoch  614 | Cost: 0.573876 | Acc: 88.89% (Best: 88.89% @ Ep579) | LR: 0.000010 | Rev: 3/99999
Epoch  615 | Cost: 0.570047 | Acc: 88.89% (Best: 88.89% @ Ep579) | LR: 0.000010 | Rev: 0/99999
Epoch  616 | Cost: 0.566136 | Acc: 88.89% (Best: 88.89% @ Ep579) | LR: 0.000010 | Rev: 0/99999
Epoch  617 | Cost: 0.562558 | Acc: 88.89% (Best: 88.89% @ Ep579) | LR: 0.000010 | Rev: 0/99999
Epoch  618 | Cost: 0.564472 | Acc: 88.89% (Best: 88.89% @ Ep579) | LR: 0.000010 | Rev: 1/99999
Epoch  619 | Cost: 0.565738 | Acc: 88.89% (Best: 88.89% @ Ep579) | LR: 0.000010 | Rev: 2/99999
Epoch  620 | Cost: 0.565198 | Acc: 88.89% (Best: 88.89% @ Ep579) | LR: 0.000010 | Rev: 0/99999
Epoch  621 | Cost: 0.570688 | Acc: 88.89% (Best: 88.89% @ Ep579) | LR: 0.000010 | Rev: 1/99999
Epoch  622 | Cost: 0.568077 | Acc: 88.89% (Best: 88.89% @ Ep579) | LR: 0.000010 | Rev: 0/99999
Epoch  623 | Cost: 0.560619 | Acc: 88.89% (Best: 88.89% @ Ep579) | LR: 0.000010 | Rev: 0/99999
Epoch  624 | Cost: 0.555303 | Acc: 88.89% (Best: 88.89% @ Ep579) | LR: 0.000010 | Rev: 0/99999
Epoch  625 | Cost: 0.569137 | Acc: 88.89% (Best: 88.89% @ Ep579) | LR: 0.000010 | Rev: 1/99999
Epoch  626 | Cost: 0.565762 | Acc: 88.89% (Best: 88.89% @ Ep579) | LR: 0.000010 | Rev: 0/99999
Epoch  627 | Cost: 0.561912 | Acc: 88.89% (Best: 88.89% @ Ep579) | LR: 0.000010 | Rev: 0/99999
Epoch  628 | Cost: 0.575930 | Acc: 88.89% (Best: 88.89% @ Ep579) | LR: 0.000010 | Rev: 1/99999
Epoch  629 | Cost: 0.569089 | Acc: 88.89% (Best: 88.89% @ Ep579) | LR: 0.000020 | Rev: 0/99999
Epoch  630 | Cost: 0.562675 | Acc: 88.89% (Best: 88.89% @ Ep579) | LR: 0.000020 | Rev: 0/99999
Epoch  631 | Cost: 0.562395 | Acc: 88.89% (Best: 88.89% @ Ep579) | LR: 0.000020 | Rev: 0/99999
Epoch  632 | Cost: 0.561235 | Acc: 88.89% (Best: 88.89% @ Ep579) | LR: 0.000020 | Rev: 0/99999
Epoch  633 | Cost: 0.552306 | Acc: 88.89% (Best: 88.89% @ Ep579) | LR: 0.000020 | Rev: 0/99999
Epoch  634 | Cost: 0.567214 | Acc: 88.89% (Best: 88.89% @ Ep579) | LR: 0.000020 | Rev: 1/99999
Epoch  635 | Cost: 0.574312 | Acc: 88.89% (Best: 88.89% @ Ep579) | LR: 0.000020 | Rev: 2/99999
Epoch  636 | Cost: 0.554023 | Acc: 88.89% (Best: 88.89% @ Ep579) | LR: 0.000020 | Rev: 0/99999
Epoch  637 | Cost: 0.559685 | Acc: 88.89% (Best: 88.89% @ Ep579) | LR: 0.000020 | Rev: 1/99999
Epoch  638 | Cost: 0.559748 | Acc: 88.89% (Best: 88.89% @ Ep579) | LR: 0.000020 | Rev: 2/99999
Epoch  639 | Cost: 0.557442 | Acc: 88.89% (Best: 88.89% @ Ep579) | LR: 0.000030 | Rev: 0/99999
Epoch  640 | Cost: 0.562713 | Acc: 88.89% (Best: 88.89% @ Ep579) | LR: 0.000030 | Rev: 1/99999
Epoch  641 | Cost: 0.564429 | Acc: 88.89% (Best: 88.89% @ Ep579) | LR: 0.000030 | Rev: 2/99999
Epoch  642 | Cost: 0.564256 | Acc: 88.89% (Best: 88.89% @ Ep579) | LR: 0.000030 | Rev: 0/99999
Epoch  643 | Cost: 0.556499 | Acc: 88.89% (Best: 88.89% @ Ep579) | LR: 0.000030 | Rev: 0/99999
Epoch  644 | Cost: 0.552747 | Acc: 88.89% (Best: 88.89% @ Ep579) | LR: 0.000030 | Rev: 0/99999
Epoch  645 | Cost: 0.553036 | Acc: 88.89% (Best: 88.89% @ Ep579) | LR: 0.000030 | Rev: 1/99999
Epoch  646 | Cost: 0.550101 | Acc: 88.89% (Best: 88.89% @ Ep579) | LR: 0.000030 | Rev: 0/99999
Epoch  647 | Cost: 0.557396 | Acc: 88.89% (Best: 88.89% @ Ep579) | LR: 0.000030 | Rev: 1/99999
Epoch  648 | Cost: 0.558948 | Acc: 88.89% (Best: 88.89% @ Ep579) | LR: 0.000030 | Rev: 2/99999
Epoch  649 | Cost: 0.560734 | Acc: 88.89% (Best: 88.89% @ Ep579) | LR: 0.000040 | Rev: 3/99999
Epoch  650 | Cost: 0.565559 | Acc: 88.89% (Best: 88.89% @ Ep579) | LR: 0.000040 | Rev: 4/99999
Epoch  651 | Cost: 0.557148 | Acc: 88.89% (Best: 88.89% @ Ep579) | LR: 0.000040 | Rev: 0/99999
Epoch  652 | Cost: 0.554238 | Acc: 88.89% (Best: 88.89% @ Ep579) | LR: 0.000040 | Rev: 0/99999
Epoch  653 | Cost: 0.542100 | Acc: 88.89% (Best: 88.89% @ Ep579) | LR: 0.000040 | Rev: 0/99999
Epoch  654 | Cost: 0.553618 | Acc: 88.89% (Best: 88.89% @ Ep579) | LR: 0.000040 | Rev: 1/99999
Epoch  655 | Cost: 0.547646 | Acc: 88.89% (Best: 88.89% @ Ep579) | LR: 0.000040 | Rev: 0/99999
Epoch  656 | Cost: 0.561183 | Acc: 88.89% (Best: 88.89% @ Ep579) | LR: 0.000040 | Rev: 1/99999
Epoch  657 | Cost: 0.562432 | Acc: 88.89% (Best: 88.89% @ Ep579) | LR: 0.000040 | Rev: 2/99999
Epoch  658 | Cost: 0.544429 | Acc: 88.89% (Best: 88.89% @ Ep579) | LR: 0.000040 | Rev: 0/99999
Epoch  659 | Cost: 0.547256 | Acc: 88.89% (Best: 88.89% @ Ep579) | LR: 0.000050 | Rev: 1/99999
Epoch  660 | Cost: 0.540288 | Acc: 88.89% (Best: 88.89% @ Ep579) | LR: 0.000050 | Rev: 0/99999
Epoch  661 | Cost: 0.545058 | Acc: 88.89% (Best: 88.89% @ Ep579) | LR: 0.000050 | Rev: 1/99999
Epoch  662 | Cost: 0.556071 | Acc: 88.89% (Best: 88.89% @ Ep579) | LR: 0.000050 | Rev: 2/99999
Epoch  663 | Cost: 0.554548 | Acc: 88.89% (Best: 88.89% @ Ep579) | LR: 0.000050 | Rev: 0/99999
Epoch  664 | Cost: 0.541325 | Acc: 88.89% (Best: 88.89% @ Ep579) | LR: 0.000050 | Rev: 0/99999
Epoch  665 | Cost: 0.541913 | Acc: 88.89% (Best: 88.89% @ Ep579) | LR: 0.000050 | Rev: 1/99999
Epoch  666 | Cost: 0.540197 | Acc: 88.89% (Best: 88.89% @ Ep579) | LR: 0.000050 | Rev: 0/99999
Epoch  667 | Cost: 0.553881 | Acc: 88.89% (Best: 88.89% @ Ep579) | LR: 0.000050 | Rev: 1/99999
Epoch  668 | Cost: 0.547191 | Acc: 88.89% (Best: 88.89% @ Ep579) | LR: 0.000050 | Rev: 0/99999
Epoch  669 | Cost: 0.538852 | Acc: 88.89% (Best: 88.89% @ Ep579) | LR: 0.000060 | Rev: 0/99999
Epoch  670 | Cost: 0.537620 | Acc: 88.89% (Best: 88.89% @ Ep579) | LR: 0.000060 | Rev: 0/99999
Epoch  671 | Cost: 0.543783 | Acc: 88.89% (Best: 88.89% @ Ep579) | LR: 0.000060 | Rev: 1/99999
Epoch  672 | Cost: 0.540008 | Acc: 88.89% (Best: 88.89% @ Ep579) | LR: 0.000060 | Rev: 0/99999
Epoch  673 | Cost: 0.549008 | Acc: 88.89% (Best: 88.89% @ Ep579) | LR: 0.000060 | Rev: 1/99999
Epoch  674 | Cost: 0.539963 | Acc: 88.89% (Best: 88.89% @ Ep579) | LR: 0.000060 | Rev: 0/99999
Epoch  675 | Cost: 0.533084 | Acc: 88.89% (Best: 88.89% @ Ep579) | LR: 0.000060 | Rev: 0/99999
Epoch  676 | Cost: 0.534637 | Acc: 88.89% (Best: 88.89% @ Ep579) | LR: 0.000060 | Rev: 1/99999
Epoch  677 | Cost: 0.539990 | Acc: 88.89% (Best: 88.89% @ Ep579) | LR: 0.000060 | Rev: 2/99999
Epoch  678 | Cost: 0.533482 | Acc: 88.89% (Best: 88.89% @ Ep579) | LR: 0.000060 | Rev: 0/99999
Epoch  679 | Cost: 0.524703 | Acc: 88.89% (Best: 88.89% @ Ep579) | LR: 0.000070 | Rev: 0/99999
Epoch  680 | Cost: 0.532838 | Acc: 88.89% (Best: 88.89% @ Ep579) | LR: 0.000070 | Rev: 1/99999
Epoch  681 | Cost: 0.529222 | Acc: 88.89% (Best: 88.89% @ Ep579) | LR: 0.000070 | Rev: 0/99999
Epoch  682 | Cost: 0.527696 | Acc: 88.89% (Best: 88.89% @ Ep579) | LR: 0.000070 | Rev: 0/99999
Epoch  683 | Cost: 0.525069 | Acc: 88.89% (Best: 88.89% @ Ep579) | LR: 0.000070 | Rev: 0/99999
Epoch  684 | Cost: 0.518196 | Acc: 88.89% (Best: 88.89% @ Ep579) | LR: 0.000070 | Rev: 0/99999
Epoch  685 | Cost: 0.515282 | Acc: 88.89% (Best: 88.89% @ Ep579) | LR: 0.000070 | Rev: 0/99999
Epoch  686 | Cost: 0.523294 | Acc: 88.89% (Best: 88.89% @ Ep579) | LR: 0.000070 | Rev: 1/99999
Epoch  687 | Cost: 0.522424 | Acc: 88.89% (Best: 88.89% @ Ep579) | LR: 0.000070 | Rev: 0/99999
Epoch  688 | Cost: 0.508871 | Acc: 88.89% (Best: 88.89% @ Ep579) | LR: 0.000070 | Rev: 0/99999
Epoch  689 | Cost: 0.511581 | Acc: 88.89% (Best: 88.89% @ Ep579) | LR: 0.000080 | Rev: 1/99999
Epoch  690 | Cost: 0.518419 | Acc: 88.89% (Best: 88.89% @ Ep579) | LR: 0.000080 | Rev: 2/99999
Epoch  691 | Cost: 0.512073 | Acc: 88.89% (Best: 88.89% @ Ep579) | LR: 0.000080 | Rev: 0/99999
Epoch  692 | Cost: 0.523536 | Acc: 88.89% (Best: 88.89% @ Ep579) | LR: 0.000080 | Rev: 1/99999
Epoch  693 | Cost: 0.528276 | Acc: 88.89% (Best: 88.89% @ Ep579) | LR: 0.000080 | Rev: 2/99999
Epoch  694 | Cost: 0.500593 | Acc: 88.89% (Best: 88.89% @ Ep579) | LR: 0.000080 | Rev: 0/99999
Epoch  695 | Cost: 0.505393 | Acc: 88.89% (Best: 88.89% @ Ep579) | LR: 0.000080 | Rev: 1/99999
Epoch  696 | Cost: 0.515544 | Acc: 88.89% (Best: 88.89% @ Ep579) | LR: 0.000080 | Rev: 2/99999
Epoch  697 | Cost: 0.516354 | Acc: 88.89% (Best: 88.89% @ Ep579) | LR: 0.000080 | Rev: 3/99999
Epoch  698 | Cost: 0.517923 | Acc: 88.89% (Best: 88.89% @ Ep579) | LR: 0.000080 | Rev: 4/99999
Epoch  699 | Cost: 0.502108 | Acc: 88.89% (Best: 88.89% @ Ep579) | LR: 0.000090 | Rev: 0/99999
Epoch  700 | Cost: 0.505836 | Acc: 88.89% (Best: 88.89% @ Ep579) | LR: 0.000090 | Rev: 1/99999
Epoch  701 | Cost: 0.486617 | Acc: 88.89% (Best: 88.89% @ Ep579) | LR: 0.000090 | Rev: 0/99999
Epoch  702 | Cost: 0.494018 | Acc: 88.89% (Best: 88.89% @ Ep579) | LR: 0.000090 | Rev: 1/99999
Epoch  703 | Cost: 0.496160 | Acc: 88.89% (Best: 88.89% @ Ep579) | LR: 0.000090 | Rev: 2/99999
Epoch  704 | Cost: 0.498592 | Acc: 88.89% (Best: 88.89% @ Ep579) | LR: 0.000090 | Rev: 3/99999
Epoch  705 | Cost: 0.495615 | Acc: 88.89% (Best: 88.89% @ Ep579) | LR: 0.000090 | Rev: 0/99999
Epoch  706 | Cost: 0.505051 | Acc: 88.89% (Best: 88.89% @ Ep579) | LR: 0.000090 | Rev: 1/99999
Epoch  707 | Cost: 0.485045 | Acc: 88.89% (Best: 88.89% @ Ep579) | LR: 0.000090 | Rev: 0/99999
Epoch  708 | Cost: 0.488826 | Acc: 88.89% (Best: 88.89% @ Ep579) | LR: 0.000090 | Rev: 1/99999
Epoch  709 | Cost: 0.485322 | Acc: 88.89% (Best: 88.89% @ Ep579) | LR: 0.000100 | Rev: 0/99999
Epoch  710 | Cost: 0.499430 | Acc: 88.89% (Best: 88.89% @ Ep579) | LR: 0.000100 | Rev: 1/99999
Epoch  711 | Cost: 0.492504 | Acc: 88.89% (Best: 88.89% @ Ep579) | LR: 0.000100 | Rev: 0/99999
Epoch  712 | Cost: 0.487894 | Acc: 88.89% (Best: 88.89% @ Ep579) | LR: 0.000100 | Rev: 0/99999
Epoch  713 | Cost: 0.491047 | Acc: 88.89% (Best: 88.89% @ Ep579) | LR: 0.000100 | Rev: 1/99999
Epoch  714 | Cost: 0.496533 | Acc: 88.89% (Best: 88.89% @ Ep579) | LR: 0.000100 | Rev: 2/99999
Epoch  715 | Cost: 0.483258 | Acc: 88.89% (Best: 88.89% @ Ep579) | LR: 0.000100 | Rev: 0/99999
Epoch  716 | Cost: 0.496549 | Acc: 88.89% (Best: 88.89% @ Ep579) | LR: 0.000100 | Rev: 1/99999
Epoch  717 | Cost: 0.479330 | Acc: 88.89% (Best: 88.89% @ Ep579) | LR: 0.000100 | Rev: 0/99999
Epoch  718 | Cost: 0.481827 | Acc: 88.89% (Best: 88.89% @ Ep579) | LR: 0.000100 | Rev: 1/99999
Epoch  719 | Cost: 0.474474 | Acc: 88.89% (Best: 88.89% @ Ep579) | LR: 0.000110 | Rev: 0/99999
Epoch  720 | Cost: 0.494654 | Acc: 88.89% (Best: 88.89% @ Ep579) | LR: 0.000110 | Rev: 1/99999
Epoch  721 | Cost: 0.470610 | Acc: 88.89% (Best: 88.89% @ Ep579) | LR: 0.000110 | Rev: 0/99999
Epoch  722 | Cost: 0.467657 | Acc: 88.89% (Best: 88.89% @ Ep579) | LR: 0.000110 | Rev: 0/99999
Epoch  723 | Cost: 0.476170 | Acc: 88.89% (Best: 88.89% @ Ep579) | LR: 0.000110 | Rev: 1/99999
Epoch  724 | Cost: 0.485589 | Acc: 88.89% (Best: 88.89% @ Ep579) | LR: 0.000110 | Rev: 2/99999
Epoch  725 | Cost: 0.462143 | Acc: 88.89% (Best: 88.89% @ Ep579) | LR: 0.000110 | Rev: 0/99999
Epoch  726 | Cost: 0.463209 | Acc: 88.89% (Best: 88.89% @ Ep579) | LR: 0.000110 | Rev: 1/99999
Epoch  727 | Cost: 0.476981 | Acc: 88.89% (Best: 88.89% @ Ep579) | LR: 0.000110 | Rev: 2/99999
Epoch  728 | Cost: 0.469030 | Acc: 88.89% (Best: 88.89% @ Ep579) | LR: 0.000110 | Rev: 0/99999
Epoch  729 | Cost: 0.451693 | Acc: 88.89% (Best: 88.89% @ Ep579) | LR: 0.000120 | Rev: 0/99999
Epoch  730 | Cost: 0.466874 | Acc: 88.89% (Best: 88.89% @ Ep579) | LR: 0.000120 | Rev: 1/99999
Epoch  731 | Cost: 0.477828 | Acc: 88.89% (Best: 88.89% @ Ep579) | LR: 0.000120 | Rev: 2/99999
Epoch  732 | Cost: 0.464826 | Acc: 88.89% (Best: 88.89% @ Ep579) | LR: 0.000120 | Rev: 0/99999
Epoch  733 | Cost: 0.450387 | Acc: 88.89% (Best: 88.89% @ Ep579) | LR: 0.000120 | Rev: 0/99999
Epoch  734 | Cost: 0.468007 | Acc: 88.89% (Best: 88.89% @ Ep579) | LR: 0.000120 | Rev: 1/99999
Epoch  735 | Cost: 0.467454 | Acc: 88.89% (Best: 88.89% @ Ep579) | LR: 0.000120 | Rev: 0/99999
Epoch  736 | Cost: 0.457512 | Acc: 88.89% (Best: 88.89% @ Ep579) | LR: 0.000120 | Rev: 0/99999
Epoch  737 | Cost: 0.473070 | Acc: 88.89% (Best: 88.89% @ Ep579) | LR: 0.000120 | Rev: 1/99999
Epoch  738 | Cost: 0.464884 | Acc: 88.89% (Best: 88.89% @ Ep579) | LR: 0.000120 | Rev: 0/99999
Epoch  739 | Cost: 0.468790 | Acc: 88.89% (Best: 88.89% @ Ep579) | LR: 0.000130 | Rev: 1/99999
Epoch  740 | Cost: 0.450525 | Acc: 88.89% (Best: 88.89% @ Ep579) | LR: 0.000130 | Rev: 0/99999
Epoch  741 | Cost: 0.449786 | Acc: 88.89% (Best: 88.89% @ Ep579) | LR: 0.000130 | Rev: 0/99999
Epoch  742 | Cost: 0.463249 | Acc: 88.89% (Best: 88.89% @ Ep579) | LR: 0.000130 | Rev: 1/99999
Epoch  743 | Cost: 0.452840 | Acc: 88.89% (Best: 88.89% @ Ep579) | LR: 0.000130 | Rev: 0/99999
Epoch  744 | Cost: 0.455575 | Acc: 88.89% (Best: 88.89% @ Ep579) | LR: 0.000130 | Rev: 1/99999
Epoch  745 | Cost: 0.457855 | Acc: 88.89% (Best: 88.89% @ Ep579) | LR: 0.000130 | Rev: 2/99999
Epoch  746 | Cost: 0.456720 | Acc: 88.89% (Best: 88.89% @ Ep579) | LR: 0.000130 | Rev: 0/99999
Epoch  747 | Cost: 0.446662 | Acc: 88.89% (Best: 88.89% @ Ep579) | LR: 0.000130 | Rev: 0/99999
Epoch  748 | Cost: 0.449962 | Acc: 88.89% (Best: 88.89% @ Ep579) | LR: 0.000130 | Rev: 1/99999
Epoch  749 | Cost: 0.448779 | Acc: 88.89% (Best: 88.89% @ Ep579) | LR: 0.000140 | Rev: 0/99999
Epoch  750 | Cost: 0.454468 | Acc: 88.89% (Best: 88.89% @ Ep579) | LR: 0.000140 | Rev: 1/99999
Epoch  751 | Cost: 0.436775 | Acc: 88.89% (Best: 88.89% @ Ep579) | LR: 0.000140 | Rev: 0/99999
Epoch  752 | Cost: 0.455628 | Acc: 88.89% (Best: 88.89% @ Ep579) | LR: 0.000140 | Rev: 1/99999
Epoch  753 | Cost: 0.441565 | Acc: 88.89% (Best: 88.89% @ Ep579) | LR: 0.000140 | Rev: 0/99999
Epoch  754 | Cost: 0.432755 | Acc: 88.89% (Best: 88.89% @ Ep579) | LR: 0.000140 | Rev: 0/99999
Epoch  755 | Cost: 0.440704 | Acc: 88.89% (Best: 88.89% @ Ep579) | LR: 0.000140 | Rev: 1/99999
Epoch  756 | Cost: 0.450449 | Acc: 88.89% (Best: 88.89% @ Ep579) | LR: 0.000140 | Rev: 2/99999
Epoch  757 | Cost: 0.433748 | Acc: 88.89% (Best: 88.89% @ Ep579) | LR: 0.000140 | Rev: 0/99999
Epoch  758 | Cost: 0.440230 | Acc: 88.89% (Best: 88.89% @ Ep579) | LR: 0.000140 | Rev: 1/99999
Epoch  759 | Cost: 0.436185 | Acc: 88.89% (Best: 88.89% @ Ep579) | LR: 0.000150 | Rev: 0/99999
Epoch  760 | Cost: 0.433523 | Acc: 88.89% (Best: 88.89% @ Ep579) | LR: 0.000150 | Rev: 0/99999
Epoch  761 | Cost: 0.454203 | Acc: 88.89% (Best: 88.89% @ Ep579) | LR: 0.000150 | Rev: 1/99999
Epoch  762 | Cost: 0.429044 | Acc: 88.89% (Best: 88.89% @ Ep579) | LR: 0.000150 | Rev: 0/99999
Epoch  763 | Cost: 0.461062 | Acc: 88.89% (Best: 88.89% @ Ep579) | LR: 0.000150 | Rev: 1/99999
Epoch  764 | Cost: 0.441301 | Acc: 88.89% (Best: 88.89% @ Ep579) | LR: 0.000150 | Rev: 0/99999
Epoch  765 | Cost: 0.443225 | Acc: 88.89% (Best: 88.89% @ Ep579) | LR: 0.000150 | Rev: 1/99999
Epoch  766 | Cost: 0.454418 | Acc: 88.89% (Best: 88.89% @ Ep579) | LR: 0.000150 | Rev: 2/99999
Epoch  767 | Cost: 0.435364 | Acc: 88.89% (Best: 88.89% @ Ep579) | LR: 0.000150 | Rev: 0/99999
Epoch  768 | Cost: 0.434227 | Acc: 88.89% (Best: 88.89% @ Ep579) | LR: 0.000150 | Rev: 0/99999
Epoch  769 | Cost: 0.414204 | Acc: 88.89% (Best: 88.89% @ Ep579) | LR: 0.000160 | Rev: 0/99999
Epoch  770 | Cost: 0.420634 | Acc: 88.89% (Best: 88.89% @ Ep579) | LR: 0.000160 | Rev: 1/99999
Epoch  771 | Cost: 0.419870 | Acc: 88.89% (Best: 88.89% @ Ep579) | LR: 0.000160 | Rev: 0/99999
Epoch  772 | Cost: 0.423517 | Acc: 91.67% (Best: 91.67% @ Ep772) | LR: 0.000010 | Rev: 1/99999
Epoch  773 | Cost: 0.425986 | Acc: 91.67% (Best: 91.67% @ Ep772) | LR: 0.000010 | Rev: 2/99999
Epoch  774 | Cost: 0.426815 | Acc: 91.67% (Best: 91.67% @ Ep772) | LR: 0.000010 | Rev: 3/99999
Epoch  775 | Cost: 0.430164 | Acc: 91.67% (Best: 91.67% @ Ep772) | LR: 0.000010 | Rev: 4/99999
Epoch  776 | Cost: 0.425646 | Acc: 91.67% (Best: 91.67% @ Ep772) | LR: 0.000010 | Rev: 0/99999
Epoch  777 | Cost: 0.445979 | Acc: 91.67% (Best: 91.67% @ Ep772) | LR: 0.000010 | Rev: 1/99999
Epoch  778 | Cost: 0.407787 | Acc: 91.67% (Best: 91.67% @ Ep772) | LR: 0.000010 | Rev: 0/99999
Epoch  779 | Cost: 0.415136 | Acc: 91.67% (Best: 91.67% @ Ep772) | LR: 0.000010 | Rev: 1/99999
Epoch  780 | Cost: 0.409106 | Acc: 91.67% (Best: 91.67% @ Ep772) | LR: 0.000010 | Rev: 0/99999
Epoch  781 | Cost: 0.414803 | Acc: 91.67% (Best: 91.67% @ Ep772) | LR: 0.000010 | Rev: 1/99999
Epoch  782 | Cost: 0.452360 | Acc: 91.67% (Best: 91.67% @ Ep772) | LR: 0.000010 | Rev: 2/99999
Epoch  783 | Cost: 0.421918 | Acc: 91.67% (Best: 91.67% @ Ep772) | LR: 0.000010 | Rev: 0/99999
Epoch  784 | Cost: 0.435854 | Acc: 91.67% (Best: 91.67% @ Ep772) | LR: 0.000010 | Rev: 1/99999
Epoch  785 | Cost: 0.434398 | Acc: 91.67% (Best: 91.67% @ Ep772) | LR: 0.000010 | Rev: 0/99999
Epoch  786 | Cost: 0.437187 | Acc: 91.67% (Best: 91.67% @ Ep772) | LR: 0.000010 | Rev: 1/99999
Epoch  787 | Cost: 0.435625 | Acc: 91.67% (Best: 91.67% @ Ep772) | LR: 0.000010 | Rev: 0/99999
Epoch  788 | Cost: 0.423903 | Acc: 91.67% (Best: 91.67% @ Ep772) | LR: 0.000010 | Rev: 0/99999
Epoch  789 | Cost: 0.420991 | Acc: 91.67% (Best: 91.67% @ Ep772) | LR: 0.000010 | Rev: 0/99999
Epoch  790 | Cost: 0.436269 | Acc: 91.67% (Best: 91.67% @ Ep772) | LR: 0.000010 | Rev: 1/99999
Epoch  791 | Cost: 0.417553 | Acc: 91.67% (Best: 91.67% @ Ep772) | LR: 0.000010 | Rev: 0/99999
Epoch  792 | Cost: 0.415977 | Acc: 91.67% (Best: 91.67% @ Ep772) | LR: 0.000010 | Rev: 0/99999
Epoch  793 | Cost: 0.429151 | Acc: 91.67% (Best: 91.67% @ Ep772) | LR: 0.000010 | Rev: 1/99999
Epoch  794 | Cost: 0.421096 | Acc: 91.67% (Best: 91.67% @ Ep772) | LR: 0.000010 | Rev: 0/99999
Epoch  795 | Cost: 0.432501 | Acc: 91.67% (Best: 91.67% @ Ep772) | LR: 0.000010 | Rev: 1/99999
Epoch  796 | Cost: 0.428701 | Acc: 91.67% (Best: 91.67% @ Ep772) | LR: 0.000010 | Rev: 0/99999
Epoch  797 | Cost: 0.415808 | Acc: 91.67% (Best: 91.67% @ Ep772) | LR: 0.000010 | Rev: 0/99999
Epoch  798 | Cost: 0.417788 | Acc: 91.67% (Best: 91.67% @ Ep772) | LR: 0.000010 | Rev: 1/99999
Epoch  799 | Cost: 0.418965 | Acc: 91.67% (Best: 91.67% @ Ep772) | LR: 0.000010 | Rev: 2/99999
Epoch  800 | Cost: 0.406859 | Acc: 91.67% (Best: 91.67% @ Ep772) | LR: 0.000010 | Rev: 0/99999
Epoch  801 | Cost: 0.417341 | Acc: 91.67% (Best: 91.67% @ Ep772) | LR: 0.000010 | Rev: 1/99999
Epoch  802 | Cost: 0.423662 | Acc: 91.67% (Best: 91.67% @ Ep772) | LR: 0.000010 | Rev: 2/99999
Epoch  803 | Cost: 0.433980 | Acc: 91.67% (Best: 91.67% @ Ep772) | LR: 0.000010 | Rev: 3/99999
Epoch  804 | Cost: 0.414675 | Acc: 91.67% (Best: 91.67% @ Ep772) | LR: 0.000010 | Rev: 0/99999
Epoch  805 | Cost: 0.413912 | Acc: 91.67% (Best: 91.67% @ Ep772) | LR: 0.000010 | Rev: 0/99999
Epoch  806 | Cost: 0.413191 | Acc: 91.67% (Best: 91.67% @ Ep772) | LR: 0.000010 | Rev: 0/99999
Epoch  807 | Cost: 0.436688 | Acc: 91.67% (Best: 91.67% @ Ep772) | LR: 0.000010 | Rev: 1/99999
Epoch  808 | Cost: 0.415146 | Acc: 91.67% (Best: 91.67% @ Ep772) | LR: 0.000010 | Rev: 0/99999
Epoch  809 | Cost: 0.431354 | Acc: 91.67% (Best: 91.67% @ Ep772) | LR: 0.000010 | Rev: 1/99999
Epoch  810 | Cost: 0.411302 | Acc: 91.67% (Best: 91.67% @ Ep772) | LR: 0.000010 | Rev: 0/99999
Epoch  811 | Cost: 0.426425 | Acc: 91.67% (Best: 91.67% @ Ep772) | LR: 0.000010 | Rev: 1/99999
Epoch  812 | Cost: 0.426468 | Acc: 91.67% (Best: 91.67% @ Ep772) | LR: 0.000010 | Rev: 2/99999
Epoch  813 | Cost: 0.418375 | Acc: 91.67% (Best: 91.67% @ Ep772) | LR: 0.000010 | Rev: 0/99999
Epoch  814 | Cost: 0.416977 | Acc: 91.67% (Best: 91.67% @ Ep772) | LR: 0.000010 | Rev: 0/99999
Epoch  815 | Cost: 0.443461 | Acc: 91.67% (Best: 91.67% @ Ep772) | LR: 0.000010 | Rev: 1/99999
Epoch  816 | Cost: 0.420617 | Acc: 91.67% (Best: 91.67% @ Ep772) | LR: 0.000010 | Rev: 0/99999
Epoch  817 | Cost: 0.422333 | Acc: 91.67% (Best: 91.67% @ Ep772) | LR: 0.000010 | Rev: 1/99999
Epoch  818 | Cost: 0.422042 | Acc: 91.67% (Best: 91.67% @ Ep772) | LR: 0.000010 | Rev: 0/99999
Epoch  819 | Cost: 0.429240 | Acc: 91.67% (Best: 91.67% @ Ep772) | LR: 0.000010 | Rev: 1/99999
Epoch  820 | Cost: 0.420101 | Acc: 91.67% (Best: 91.67% @ Ep772) | LR: 0.000010 | Rev: 0/99999
Epoch  821 | Cost: 0.413553 | Acc: 91.67% (Best: 91.67% @ Ep772) | LR: 0.000010 | Rev: 0/99999
Epoch  822 | Cost: 0.424367 | Acc: 91.67% (Best: 91.67% @ Ep772) | LR: 0.000020 | Rev: 1/99999
Epoch  823 | Cost: 0.420485 | Acc: 91.67% (Best: 91.67% @ Ep772) | LR: 0.000020 | Rev: 0/99999
Epoch  824 | Cost: 0.423416 | Acc: 91.67% (Best: 91.67% @ Ep772) | LR: 0.000020 | Rev: 1/99999
Epoch  825 | Cost: 0.426482 | Acc: 91.67% (Best: 91.67% @ Ep772) | LR: 0.000020 | Rev: 2/99999
Epoch  826 | Cost: 0.404576 | Acc: 91.67% (Best: 91.67% @ Ep772) | LR: 0.000020 | Rev: 0/99999
Epoch  827 | Cost: 0.429849 | Acc: 91.67% (Best: 91.67% @ Ep772) | LR: 0.000020 | Rev: 1/99999
Epoch  828 | Cost: 0.439745 | Acc: 91.67% (Best: 91.67% @ Ep772) | LR: 0.000020 | Rev: 2/99999
Epoch  829 | Cost: 0.442285 | Acc: 91.67% (Best: 91.67% @ Ep772) | LR: 0.000020 | Rev: 3/99999
Epoch  830 | Cost: 0.427763 | Acc: 91.67% (Best: 91.67% @ Ep772) | LR: 0.000020 | Rev: 0/99999
Epoch  831 | Cost: 0.419579 | Acc: 91.67% (Best: 91.67% @ Ep772) | LR: 0.000020 | Rev: 0/99999
Epoch  832 | Cost: 0.431466 | Acc: 91.67% (Best: 91.67% @ Ep772) | LR: 0.000030 | Rev: 1/99999
Epoch  833 | Cost: 0.436294 | Acc: 91.67% (Best: 91.67% @ Ep772) | LR: 0.000030 | Rev: 2/99999
Epoch  834 | Cost: 0.409153 | Acc: 91.67% (Best: 91.67% @ Ep772) | LR: 0.000030 | Rev: 0/99999
Epoch  835 | Cost: 0.435983 | Acc: 91.67% (Best: 91.67% @ Ep772) | LR: 0.000030 | Rev: 1/99999
Epoch  836 | Cost: 0.421629 | Acc: 91.67% (Best: 91.67% @ Ep772) | LR: 0.000030 | Rev: 0/99999
Epoch  837 | Cost: 0.416505 | Acc: 91.67% (Best: 91.67% @ Ep772) | LR: 0.000030 | Rev: 0/99999
Epoch  838 | Cost: 0.435265 | Acc: 91.67% (Best: 91.67% @ Ep772) | LR: 0.000030 | Rev: 1/99999
Epoch  839 | Cost: 0.426379 | Acc: 91.67% (Best: 91.67% @ Ep772) | LR: 0.000030 | Rev: 0/99999
Epoch  840 | Cost: 0.413299 | Acc: 91.67% (Best: 91.67% @ Ep772) | LR: 0.000030 | Rev: 0/99999
Epoch  841 | Cost: 0.422366 | Acc: 91.67% (Best: 91.67% @ Ep772) | LR: 0.000030 | Rev: 1/99999
Epoch  842 | Cost: 0.434517 | Acc: 91.67% (Best: 91.67% @ Ep772) | LR: 0.000040 | Rev: 2/99999
Epoch  843 | Cost: 0.412511 | Acc: 91.67% (Best: 91.67% @ Ep772) | LR: 0.000040 | Rev: 0/99999
Epoch  844 | Cost: 0.433143 | Acc: 91.67% (Best: 91.67% @ Ep772) | LR: 0.000040 | Rev: 1/99999
Epoch  845 | Cost: 0.407799 | Acc: 91.67% (Best: 91.67% @ Ep772) | LR: 0.000040 | Rev: 0/99999
Epoch  846 | Cost: 0.420796 | Acc: 91.67% (Best: 91.67% @ Ep772) | LR: 0.000040 | Rev: 1/99999
Epoch  847 | Cost: 0.413139 | Acc: 91.67% (Best: 91.67% @ Ep772) | LR: 0.000040 | Rev: 0/99999
Epoch  848 | Cost: 0.408361 | Acc: 91.67% (Best: 91.67% @ Ep772) | LR: 0.000040 | Rev: 0/99999
Epoch  849 | Cost: 0.413786 | Acc: 91.67% (Best: 91.67% @ Ep772) | LR: 0.000040 | Rev: 1/99999
Epoch  850 | Cost: 0.423750 | Acc: 91.67% (Best: 91.67% @ Ep772) | LR: 0.000040 | Rev: 2/99999
Epoch  851 | Cost: 0.433230 | Acc: 91.67% (Best: 91.67% @ Ep772) | LR: 0.000040 | Rev: 3/99999
Epoch  852 | Cost: 0.426486 | Acc: 91.67% (Best: 91.67% @ Ep772) | LR: 0.000050 | Rev: 0/99999
Epoch  853 | Cost: 0.417454 | Acc: 91.67% (Best: 91.67% @ Ep772) | LR: 0.000050 | Rev: 0/99999
Epoch  854 | Cost: 0.430240 | Acc: 91.67% (Best: 91.67% @ Ep772) | LR: 0.000050 | Rev: 1/99999
Epoch  855 | Cost: 0.419219 | Acc: 91.67% (Best: 91.67% @ Ep772) | LR: 0.000050 | Rev: 0/99999
Epoch  856 | Cost: 0.414072 | Acc: 91.67% (Best: 91.67% @ Ep772) | LR: 0.000050 | Rev: 0/99999
Epoch  857 | Cost: 0.421517 | Acc: 91.67% (Best: 91.67% @ Ep772) | LR: 0.000050 | Rev: 1/99999
Epoch  858 | Cost: 0.396701 | Acc: 91.67% (Best: 91.67% @ Ep772) | LR: 0.000050 | Rev: 0/99999
Epoch  859 | Cost: 0.421509 | Acc: 91.67% (Best: 91.67% @ Ep772) | LR: 0.000050 | Rev: 1/99999
Epoch  860 | Cost: 0.397776 | Acc: 91.67% (Best: 91.67% @ Ep772) | LR: 0.000050 | Rev: 0/99999
Epoch  861 | Cost: 0.422913 | Acc: 91.67% (Best: 91.67% @ Ep772) | LR: 0.000050 | Rev: 1/99999
Epoch  862 | Cost: 0.417447 | Acc: 91.67% (Best: 91.67% @ Ep772) | LR: 0.000060 | Rev: 0/99999
Epoch  863 | Cost: 0.415238 | Acc: 91.67% (Best: 91.67% @ Ep772) | LR: 0.000060 | Rev: 0/99999
Epoch  864 | Cost: 0.417624 | Acc: 91.67% (Best: 91.67% @ Ep772) | LR: 0.000060 | Rev: 1/99999
Epoch  865 | Cost: 0.413781 | Acc: 91.67% (Best: 91.67% @ Ep772) | LR: 0.000060 | Rev: 0/99999
Epoch  866 | Cost: 0.411508 | Acc: 91.67% (Best: 91.67% @ Ep772) | LR: 0.000060 | Rev: 0/99999
Epoch  867 | Cost: 0.434612 | Acc: 91.67% (Best: 91.67% @ Ep772) | LR: 0.000060 | Rev: 1/99999
Epoch  868 | Cost: 0.415897 | Acc: 91.67% (Best: 91.67% @ Ep772) | LR: 0.000060 | Rev: 0/99999
Epoch  869 | Cost: 0.417465 | Acc: 91.67% (Best: 91.67% @ Ep772) | LR: 0.000060 | Rev: 1/99999
Epoch  870 | Cost: 0.417566 | Acc: 91.67% (Best: 91.67% @ Ep772) | LR: 0.000060 | Rev: 2/99999
Epoch  871 | Cost: 0.415255 | Acc: 91.67% (Best: 91.67% @ Ep772) | LR: 0.000060 | Rev: 0/99999
Epoch  872 | Cost: 0.420031 | Acc: 91.67% (Best: 91.67% @ Ep772) | LR: 0.000070 | Rev: 1/99999
Epoch  873 | Cost: 0.407677 | Acc: 91.67% (Best: 91.67% @ Ep772) | LR: 0.000070 | Rev: 0/99999
Epoch  874 | Cost: 0.424543 | Acc: 91.67% (Best: 91.67% @ Ep772) | LR: 0.000070 | Rev: 1/99999
Epoch  875 | Cost: 0.430521 | Acc: 91.67% (Best: 91.67% @ Ep772) | LR: 0.000070 | Rev: 2/99999
Epoch  876 | Cost: 0.421935 | Acc: 91.67% (Best: 91.67% @ Ep772) | LR: 0.000070 | Rev: 0/99999
Epoch  877 | Cost: 0.408792 | Acc: 91.67% (Best: 91.67% @ Ep772) | LR: 0.000070 | Rev: 0/99999
Epoch  878 | Cost: 0.409442 | Acc: 91.67% (Best: 91.67% @ Ep772) | LR: 0.000070 | Rev: 1/99999
Epoch  879 | Cost: 0.410615 | Acc: 91.67% (Best: 91.67% @ Ep772) | LR: 0.000070 | Rev: 2/99999
Epoch  880 | Cost: 0.424251 | Acc: 91.67% (Best: 91.67% @ Ep772) | LR: 0.000070 | Rev: 3/99999
Epoch  881 | Cost: 0.403219 | Acc: 91.67% (Best: 91.67% @ Ep772) | LR: 0.000070 | Rev: 0/99999
Epoch  882 | Cost: 0.399678 | Acc: 91.67% (Best: 91.67% @ Ep772) | LR: 0.000080 | Rev: 0/99999
Epoch  883 | Cost: 0.403757 | Acc: 91.67% (Best: 91.67% @ Ep772) | LR: 0.000080 | Rev: 1/99999
Epoch  884 | Cost: 0.425004 | Acc: 91.67% (Best: 91.67% @ Ep772) | LR: 0.000080 | Rev: 2/99999
Epoch  885 | Cost: 0.406664 | Acc: 91.67% (Best: 91.67% @ Ep772) | LR: 0.000080 | Rev: 0/99999
Epoch  886 | Cost: 0.407973 | Acc: 91.67% (Best: 91.67% @ Ep772) | LR: 0.000080 | Rev: 1/99999
Epoch  887 | Cost: 0.415041 | Acc: 91.67% (Best: 91.67% @ Ep772) | LR: 0.000080 | Rev: 2/99999
Epoch  888 | Cost: 0.414949 | Acc: 91.67% (Best: 91.67% @ Ep772) | LR: 0.000080 | Rev: 0/99999
Epoch  889 | Cost: 0.404328 | Acc: 91.67% (Best: 91.67% @ Ep772) | LR: 0.000080 | Rev: 0/99999
Epoch  890 | Cost: 0.407523 | Acc: 91.67% (Best: 91.67% @ Ep772) | LR: 0.000080 | Rev: 1/99999
Epoch  891 | Cost: 0.414354 | Acc: 91.67% (Best: 91.67% @ Ep772) | LR: 0.000080 | Rev: 2/99999
Epoch  892 | Cost: 0.415679 | Acc: 91.67% (Best: 91.67% @ Ep772) | LR: 0.000090 | Rev: 3/99999
Epoch  893 | Cost: 0.408796 | Acc: 91.67% (Best: 91.67% @ Ep772) | LR: 0.000090 | Rev: 0/99999
Epoch  894 | Cost: 0.411837 | Acc: 91.67% (Best: 91.67% @ Ep772) | LR: 0.000090 | Rev: 1/99999
Epoch  895 | Cost: 0.430218 | Acc: 91.67% (Best: 91.67% @ Ep772) | LR: 0.000090 | Rev: 2/99999
Epoch  896 | Cost: 0.397612 | Acc: 91.67% (Best: 91.67% @ Ep772) | LR: 0.000090 | Rev: 0/99999
Epoch  897 | Cost: 0.412024 | Acc: 91.67% (Best: 91.67% @ Ep772) | LR: 0.000090 | Rev: 1/99999
Epoch  898 | Cost: 0.401268 | Acc: 91.67% (Best: 91.67% @ Ep772) | LR: 0.000090 | Rev: 0/99999
Epoch  899 | Cost: 0.406670 | Acc: 91.67% (Best: 91.67% @ Ep772) | LR: 0.000090 | Rev: 1/99999
Epoch  900 | Cost: 0.394667 | Acc: 91.67% (Best: 91.67% @ Ep772) | LR: 0.000090 | Rev: 0/99999
Epoch  901 | Cost: 0.404901 | Acc: 91.67% (Best: 91.67% @ Ep772) | LR: 0.000090 | Rev: 1/99999
Epoch  902 | Cost: 0.402086 | Acc: 91.67% (Best: 91.67% @ Ep772) | LR: 0.000100 | Rev: 0/99999
Epoch  903 | Cost: 0.406822 | Acc: 91.67% (Best: 91.67% @ Ep772) | LR: 0.000100 | Rev: 1/99999
Epoch  904 | Cost: 0.420655 | Acc: 91.67% (Best: 91.67% @ Ep772) | LR: 0.000100 | Rev: 2/99999
Epoch  905 | Cost: 0.439937 | Acc: 91.67% (Best: 91.67% @ Ep772) | LR: 0.000100 | Rev: 3/99999
Epoch  906 | Cost: 0.411031 | Acc: 91.67% (Best: 91.67% @ Ep772) | LR: 0.000100 | Rev: 0/99999
Epoch  907 | Cost: 0.413466 | Acc: 91.67% (Best: 91.67% @ Ep772) | LR: 0.000100 | Rev: 1/99999
Epoch  908 | Cost: 0.407291 | Acc: 91.67% (Best: 91.67% @ Ep772) | LR: 0.000100 | Rev: 0/99999
Epoch  909 | Cost: 0.405503 | Acc: 91.67% (Best: 91.67% @ Ep772) | LR: 0.000100 | Rev: 0/99999
Epoch  910 | Cost: 0.414468 | Acc: 91.67% (Best: 91.67% @ Ep772) | LR: 0.000100 | Rev: 1/99999
Epoch  911 | Cost: 0.387515 | Acc: 91.67% (Best: 91.67% @ Ep772) | LR: 0.000100 | Rev: 0/99999
Epoch  912 | Cost: 0.408603 | Acc: 88.89% (Best: 91.67% @ Ep772) | LR: 0.000110 | Rev: 1/99999
Epoch  913 | Cost: 0.406443 | Acc: 91.67% (Best: 91.67% @ Ep772) | LR: 0.000110 | Rev: 0/99999
Epoch  914 | Cost: 0.387519 | Acc: 91.67% (Best: 91.67% @ Ep772) | LR: 0.000110 | Rev: 0/99999
Epoch  915 | Cost: 0.412434 | Acc: 91.67% (Best: 91.67% @ Ep772) | LR: 0.000110 | Rev: 1/99999
Epoch  916 | Cost: 0.418205 | Acc: 91.67% (Best: 91.67% @ Ep772) | LR: 0.000110 | Rev: 2/99999
Epoch  917 | Cost: 0.408239 | Acc: 88.89% (Best: 91.67% @ Ep772) | LR: 0.000110 | Rev: 0/99999
Epoch  918 | Cost: 0.406279 | Acc: 88.89% (Best: 91.67% @ Ep772) | LR: 0.000110 | Rev: 0/99999
Epoch  919 | Cost: 0.391928 | Acc: 88.89% (Best: 91.67% @ Ep772) | LR: 0.000110 | Rev: 0/99999
Epoch  920 | Cost: 0.401451 | Acc: 88.89% (Best: 91.67% @ Ep772) | LR: 0.000110 | Rev: 1/99999
Epoch  921 | Cost: 0.400682 | Acc: 88.89% (Best: 91.67% @ Ep772) | LR: 0.000110 | Rev: 0/99999
Epoch  922 | Cost: 0.404432 | Acc: 88.89% (Best: 91.67% @ Ep772) | LR: 0.000120 | Rev: 1/99999
Epoch  923 | Cost: 0.397114 | Acc: 91.67% (Best: 91.67% @ Ep772) | LR: 0.000120 | Rev: 0/99999
Epoch  924 | Cost: 0.383766 | Acc: 91.67% (Best: 91.67% @ Ep772) | LR: 0.000120 | Rev: 0/99999
Epoch  925 | Cost: 0.398532 | Acc: 91.67% (Best: 91.67% @ Ep772) | LR: 0.000120 | Rev: 1/99999
Epoch  926 | Cost: 0.394644 | Acc: 91.67% (Best: 91.67% @ Ep772) | LR: 0.000120 | Rev: 0/99999
Epoch  927 | Cost: 0.398295 | Acc: 91.67% (Best: 91.67% @ Ep772) | LR: 0.000120 | Rev: 1/99999
Epoch  928 | Cost: 0.395425 | Acc: 91.67% (Best: 91.67% @ Ep772) | LR: 0.000120 | Rev: 0/99999
Epoch  929 | Cost: 0.405288 | Acc: 91.67% (Best: 91.67% @ Ep772) | LR: 0.000120 | Rev: 1/99999
Epoch  930 | Cost: 0.391010 | Acc: 91.67% (Best: 91.67% @ Ep772) | LR: 0.000120 | Rev: 0/99999
Epoch  931 | Cost: 0.390699 | Acc: 91.67% (Best: 91.67% @ Ep772) | LR: 0.000120 | Rev: 0/99999
Epoch  932 | Cost: 0.391460 | Acc: 91.67% (Best: 91.67% @ Ep772) | LR: 0.000130 | Rev: 1/99999
Epoch  933 | Cost: 0.394263 | Acc: 91.67% (Best: 91.67% @ Ep772) | LR: 0.000130 | Rev: 2/99999
Epoch  934 | Cost: 0.402522 | Acc: 91.67% (Best: 91.67% @ Ep772) | LR: 0.000130 | Rev: 3/99999
Epoch  935 | Cost: 0.388732 | Acc: 91.67% (Best: 91.67% @ Ep772) | LR: 0.000130 | Rev: 0/99999
Epoch  936 | Cost: 0.369776 | Acc: 91.67% (Best: 91.67% @ Ep772) | LR: 0.000130 | Rev: 0/99999
Epoch  937 | Cost: 0.389029 | Acc: 91.67% (Best: 91.67% @ Ep772) | LR: 0.000130 | Rev: 1/99999
Epoch  938 | Cost: 0.397990 | Acc: 91.67% (Best: 91.67% @ Ep772) | LR: 0.000130 | Rev: 2/99999
Epoch  939 | Cost: 0.391326 | Acc: 91.67% (Best: 91.67% @ Ep772) | LR: 0.000130 | Rev: 0/99999
Epoch  940 | Cost: 0.404780 | Acc: 91.67% (Best: 91.67% @ Ep772) | LR: 0.000130 | Rev: 1/99999
Epoch  941 | Cost: 0.393746 | Acc: 91.67% (Best: 91.67% @ Ep772) | LR: 0.000130 | Rev: 0/99999
Epoch  942 | Cost: 0.384480 | Acc: 91.67% (Best: 91.67% @ Ep772) | LR: 0.000140 | Rev: 0/99999
Epoch  943 | Cost: 0.389801 | Acc: 91.67% (Best: 91.67% @ Ep772) | LR: 0.000140 | Rev: 1/99999
Epoch  944 | Cost: 0.396619 | Acc: 91.67% (Best: 91.67% @ Ep772) | LR: 0.000140 | Rev: 2/99999
Epoch  945 | Cost: 0.380271 | Acc: 91.67% (Best: 91.67% @ Ep772) | LR: 0.000140 | Rev: 0/99999
Epoch  946 | Cost: 0.393432 | Acc: 91.67% (Best: 91.67% @ Ep772) | LR: 0.000140 | Rev: 1/99999
Epoch  947 | Cost: 0.391360 | Acc: 91.67% (Best: 91.67% @ Ep772) | LR: 0.000140 | Rev: 0/99999
Epoch  948 | Cost: 0.390680 | Acc: 91.67% (Best: 91.67% @ Ep772) | LR: 0.000140 | Rev: 0/99999
Epoch  949 | Cost: 0.384357 | Acc: 91.67% (Best: 91.67% @ Ep772) | LR: 0.000140 | Rev: 0/99999
Epoch  950 | Cost: 0.388816 | Acc: 91.67% (Best: 91.67% @ Ep772) | LR: 0.000140 | Rev: 1/99999
Epoch  951 | Cost: 0.406882 | Acc: 91.67% (Best: 91.67% @ Ep772) | LR: 0.000140 | Rev: 2/99999
Epoch  952 | Cost: 0.379148 | Acc: 91.67% (Best: 91.67% @ Ep772) | LR: 0.000150 | Rev: 0/99999
Epoch  953 | Cost: 0.376968 | Acc: 91.67% (Best: 91.67% @ Ep772) | LR: 0.000150 | Rev: 0/99999
Epoch  954 | Cost: 0.379913 | Acc: 91.67% (Best: 91.67% @ Ep772) | LR: 0.000150 | Rev: 1/99999
Epoch  955 | Cost: 0.385541 | Acc: 91.67% (Best: 91.67% @ Ep772) | LR: 0.000150 | Rev: 2/99999
Epoch  956 | Cost: 0.389865 | Acc: 91.67% (Best: 91.67% @ Ep772) | LR: 0.000150 | Rev: 3/99999
Epoch  957 | Cost: 0.379413 | Acc: 91.67% (Best: 91.67% @ Ep772) | LR: 0.000150 | Rev: 0/99999
Epoch  958 | Cost: 0.383593 | Acc: 91.67% (Best: 91.67% @ Ep772) | LR: 0.000150 | Rev: 1/99999
Epoch  959 | Cost: 0.395573 | Acc: 91.67% (Best: 91.67% @ Ep772) | LR: 0.000150 | Rev: 2/99999
Epoch  960 | Cost: 0.368986 | Acc: 91.67% (Best: 91.67% @ Ep772) | LR: 0.000150 | Rev: 0/99999
Epoch  961 | Cost: 0.384966 | Acc: 88.89% (Best: 91.67% @ Ep772) | LR: 0.000150 | Rev: 1/99999
Epoch  962 | Cost: 0.387603 | Acc: 88.89% (Best: 91.67% @ Ep772) | LR: 0.000160 | Rev: 2/99999
Epoch  963 | Cost: 0.390420 | Acc: 88.89% (Best: 91.67% @ Ep772) | LR: 0.000160 | Rev: 3/99999
Epoch  964 | Cost: 0.367942 | Acc: 88.89% (Best: 91.67% @ Ep772) | LR: 0.000160 | Rev: 0/99999
Epoch  965 | Cost: 0.375988 | Acc: 86.11% (Best: 91.67% @ Ep772) | LR: 0.000160 | Rev: 1/99999
Epoch  966 | Cost: 0.381128 | Acc: 88.89% (Best: 91.67% @ Ep772) | LR: 0.000160 | Rev: 2/99999
Epoch  967 | Cost: 0.364220 | Acc: 88.89% (Best: 91.67% @ Ep772) | LR: 0.000160 | Rev: 0/99999
Epoch  968 | Cost: 0.389543 | Acc: 88.89% (Best: 91.67% @ Ep772) | LR: 0.000160 | Rev: 1/99999
Epoch  969 | Cost: 0.377267 | Acc: 88.89% (Best: 91.67% @ Ep772) | LR: 0.000160 | Rev: 0/99999
Epoch  970 | Cost: 0.370242 | Acc: 88.89% (Best: 91.67% @ Ep772) | LR: 0.000160 | Rev: 0/99999
Epoch  971 | Cost: 0.378103 | Acc: 88.89% (Best: 91.67% @ Ep772) | LR: 0.000160 | Rev: 1/99999
Epoch  972 | Cost: 0.383302 | Acc: 88.89% (Best: 91.67% @ Ep772) | LR: 0.000170 | Rev: 2/99999
Epoch  973 | Cost: 0.386320 | Acc: 88.89% (Best: 91.67% @ Ep772) | LR: 0.000170 | Rev: 3/99999
Epoch  974 | Cost: 0.367623 | Acc: 88.89% (Best: 91.67% @ Ep772) | LR: 0.000170 | Rev: 0/99999
Epoch  975 | Cost: 0.384598 | Acc: 88.89% (Best: 91.67% @ Ep772) | LR: 0.000170 | Rev: 1/99999
Epoch  976 | Cost: 0.359186 | Acc: 88.89% (Best: 91.67% @ Ep772) | LR: 0.000170 | Rev: 0/99999
Epoch  977 | Cost: 0.363927 | Acc: 88.89% (Best: 91.67% @ Ep772) | LR: 0.000170 | Rev: 1/99999
Epoch  978 | Cost: 0.374361 | Acc: 88.89% (Best: 91.67% @ Ep772) | LR: 0.000170 | Rev: 2/99999
Epoch  979 | Cost: 0.383139 | Acc: 88.89% (Best: 91.67% @ Ep772) | LR: 0.000170 | Rev: 3/99999
Epoch  980 | Cost: 0.384625 | Acc: 88.89% (Best: 91.67% @ Ep772) | LR: 0.000170 | Rev: 4/99999
Epoch  981 | Cost: 0.394853 | Acc: 86.11% (Best: 91.67% @ Ep772) | LR: 0.000170 | Rev: 5/99999
Epoch  982 | Cost: 0.377208 | Acc: 88.89% (Best: 91.67% @ Ep772) | LR: 0.000180 | Rev: 0/99999
Epoch  983 | Cost: 0.369579 | Acc: 86.11% (Best: 91.67% @ Ep772) | LR: 0.000180 | Rev: 0/99999
Epoch  984 | Cost: 0.359234 | Acc: 86.11% (Best: 91.67% @ Ep772) | LR: 0.000180 | Rev: 0/99999
Epoch  985 | Cost: 0.370133 | Acc: 86.11% (Best: 91.67% @ Ep772) | LR: 0.000180 | Rev: 1/99999
Epoch  986 | Cost: 0.384393 | Acc: 86.11% (Best: 91.67% @ Ep772) | LR: 0.000180 | Rev: 2/99999
Epoch  987 | Cost: 0.380401 | Acc: 86.11% (Best: 91.67% @ Ep772) | LR: 0.000180 | Rev: 0/99999
Epoch  988 | Cost: 0.355880 | Acc: 86.11% (Best: 91.67% @ Ep772) | LR: 0.000180 | Rev: 0/99999
Epoch  989 | Cost: 0.365884 | Acc: 86.11% (Best: 91.67% @ Ep772) | LR: 0.000180 | Rev: 1/99999
Epoch  990 | Cost: 0.393335 | Acc: 86.11% (Best: 91.67% @ Ep772) | LR: 0.000180 | Rev: 2/99999
Epoch  991 | Cost: 0.378103 | Acc: 86.11% (Best: 91.67% @ Ep772) | LR: 0.000180 | Rev: 0/99999
Epoch  992 | Cost: 0.355207 | Acc: 86.11% (Best: 91.67% @ Ep772) | LR: 0.000190 | Rev: 0/99999
Epoch  993 | Cost: 0.382189 | Acc: 86.11% (Best: 91.67% @ Ep772) | LR: 0.000190 | Rev: 1/99999
Epoch  994 | Cost: 0.380036 | Acc: 86.11% (Best: 91.67% @ Ep772) | LR: 0.000190 | Rev: 0/99999
Epoch  995 | Cost: 0.373094 | Acc: 86.11% (Best: 91.67% @ Ep772) | LR: 0.000190 | Rev: 0/99999
Epoch  996 | Cost: 0.377088 | Acc: 86.11% (Best: 91.67% @ Ep772) | LR: 0.000190 | Rev: 1/99999
Epoch  997 | Cost: 0.380328 | Acc: 86.11% (Best: 91.67% @ Ep772) | LR: 0.000190 | Rev: 2/99999
Epoch  998 | Cost: 0.361990 | Acc: 86.11% (Best: 91.67% @ Ep772) | LR: 0.000190 | Rev: 0/99999
Epoch  999 | Cost: 0.362694 | Acc: 86.11% (Best: 91.67% @ Ep772) | LR: 0.000190 | Rev: 1/99999
Epoch 1000 | Cost: 0.376778 | Acc: 86.11% (Best: 91.67% @ Ep772) | LR: 0.000190 | Rev: 2/99999
Epoch 1001 | Cost: 0.359655 | Acc: 86.11% (Best: 91.67% @ Ep772) | LR: 0.000190 | Rev: 0/99999
Epoch 1002 | Cost: 0.384855 | Acc: 86.11% (Best: 91.67% @ Ep772) | LR: 0.000200 | Rev: 1/99999
Epoch 1003 | Cost: 0.375547 | Acc: 86.11% (Best: 91.67% @ Ep772) | LR: 0.000200 | Rev: 0/99999
Epoch 1004 | Cost: 0.363564 | Acc: 86.11% (Best: 91.67% @ Ep772) | LR: 0.000200 | Rev: 0/99999
Epoch 1005 | Cost: 0.367673 | Acc: 86.11% (Best: 91.67% @ Ep772) | LR: 0.000200 | Rev: 1/99999
Epoch 1006 | Cost: 0.360104 | Acc: 86.11% (Best: 91.67% @ Ep772) | LR: 0.000200 | Rev: 0/99999
Epoch 1007 | Cost: 0.359909 | Acc: 86.11% (Best: 91.67% @ Ep772) | LR: 0.000200 | Rev: 0/99999
Epoch 1008 | Cost: 0.376961 | Acc: 86.11% (Best: 91.67% @ Ep772) | LR: 0.000200 | Rev: 1/99999
Epoch 1009 | Cost: 0.355127 | Acc: 86.11% (Best: 91.67% @ Ep772) | LR: 0.000200 | Rev: 0/99999
Epoch 1010 | Cost: 0.366044 | Acc: 86.11% (Best: 91.67% @ Ep772) | LR: 0.000200 | Rev: 1/99999
Epoch 1011 | Cost: 0.361942 | Acc: 86.11% (Best: 91.67% @ Ep772) | LR: 0.000200 | Rev: 0/99999
Epoch 1012 | Cost: 0.366952 | Acc: 86.11% (Best: 91.67% @ Ep772) | LR: 0.000210 | Rev: 1/99999
Epoch 1013 | Cost: 0.382059 | Acc: 86.11% (Best: 91.67% @ Ep772) | LR: 0.000210 | Rev: 2/99999
Epoch 1014 | Cost: 0.358520 | Acc: 86.11% (Best: 91.67% @ Ep772) | LR: 0.000210 | Rev: 0/99999
Epoch 1015 | Cost: 0.360746 | Acc: 86.11% (Best: 91.67% @ Ep772) | LR: 0.000210 | Rev: 1/99999
Epoch 1016 | Cost: 0.364260 | Acc: 88.89% (Best: 91.67% @ Ep772) | LR: 0.000210 | Rev: 2/99999
Epoch 1017 | Cost: 0.369457 | Acc: 88.89% (Best: 91.67% @ Ep772) | LR: 0.000210 | Rev: 3/99999
Epoch 1018 | Cost: 0.361197 | Acc: 86.11% (Best: 91.67% @ Ep772) | LR: 0.000210 | Rev: 0/99999
Epoch 1019 | Cost: 0.373127 | Acc: 86.11% (Best: 91.67% @ Ep772) | LR: 0.000210 | Rev: 1/99999
Epoch 1020 | Cost: 0.351811 | Acc: 86.11% (Best: 91.67% @ Ep772) | LR: 0.000210 | Rev: 0/99999
Epoch 1021 | Cost: 0.367371 | Acc: 86.11% (Best: 91.67% @ Ep772) | LR: 0.000210 | Rev: 1/99999
Epoch 1022 | Cost: 0.349762 | Acc: 86.11% (Best: 91.67% @ Ep772) | LR: 0.000220 | Rev: 0/99999
Epoch 1023 | Cost: 0.349149 | Acc: 86.11% (Best: 91.67% @ Ep772) | LR: 0.000220 | Rev: 0/99999
Epoch 1024 | Cost: 0.347947 | Acc: 86.11% (Best: 91.67% @ Ep772) | LR: 0.000220 | Rev: 0/99999
Epoch 1025 | Cost: 0.351345 | Acc: 86.11% (Best: 91.67% @ Ep772) | LR: 0.000220 | Rev: 1/99999
Epoch 1026 | Cost: 0.365467 | Acc: 86.11% (Best: 91.67% @ Ep772) | LR: 0.000220 | Rev: 2/99999
Epoch 1027 | Cost: 0.342392 | Acc: 86.11% (Best: 91.67% @ Ep772) | LR: 0.000220 | Rev: 0/99999
Epoch 1028 | Cost: 0.365147 | Acc: 86.11% (Best: 91.67% @ Ep772) | LR: 0.000220 | Rev: 1/99999
Epoch 1029 | Cost: 0.353450 | Acc: 86.11% (Best: 91.67% @ Ep772) | LR: 0.000220 | Rev: 0/99999
Epoch 1030 | Cost: 0.355361 | Acc: 86.11% (Best: 91.67% @ Ep772) | LR: 0.000220 | Rev: 1/99999
Epoch 1031 | Cost: 0.396228 | Acc: 86.11% (Best: 91.67% @ Ep772) | LR: 0.000220 | Rev: 2/99999
Epoch 1032 | Cost: 0.365335 | Acc: 86.11% (Best: 91.67% @ Ep772) | LR: 0.000230 | Rev: 0/99999
Epoch 1033 | Cost: 0.369173 | Acc: 86.11% (Best: 91.67% @ Ep772) | LR: 0.000230 | Rev: 1/99999
Epoch 1034 | Cost: 0.361706 | Acc: 86.11% (Best: 91.67% @ Ep772) | LR: 0.000230 | Rev: 0/99999
Epoch 1035 | Cost: 0.352998 | Acc: 86.11% (Best: 91.67% @ Ep772) | LR: 0.000230 | Rev: 0/99999
Epoch 1036 | Cost: 0.343657 | Acc: 86.11% (Best: 91.67% @ Ep772) | LR: 0.000230 | Rev: 0/99999
Epoch 1037 | Cost: 0.355928 | Acc: 86.11% (Best: 91.67% @ Ep772) | LR: 0.000230 | Rev: 1/99999
Epoch 1038 | Cost: 0.370201 | Acc: 86.11% (Best: 91.67% @ Ep772) | LR: 0.000230 | Rev: 2/99999
Epoch 1039 | Cost: 0.369622 | Acc: 86.11% (Best: 91.67% @ Ep772) | LR: 0.000230 | Rev: 0/99999
Epoch 1040 | Cost: 0.344877 | Acc: 86.11% (Best: 91.67% @ Ep772) | LR: 0.000230 | Rev: 0/99999
Epoch 1041 | Cost: 0.355221 | Acc: 86.11% (Best: 91.67% @ Ep772) | LR: 0.000230 | Rev: 1/99999
Epoch 1042 | Cost: 0.335032 | Acc: 86.11% (Best: 91.67% @ Ep772) | LR: 0.000240 | Rev: 0/99999
Epoch 1043 | Cost: 0.351514 | Acc: 86.11% (Best: 91.67% @ Ep772) | LR: 0.000240 | Rev: 1/99999
Epoch 1044 | Cost: 0.347169 | Acc: 86.11% (Best: 91.67% @ Ep772) | LR: 0.000240 | Rev: 0/99999
Epoch 1045 | Cost: 0.343376 | Acc: 86.11% (Best: 91.67% @ Ep772) | LR: 0.000240 | Rev: 0/99999
Epoch 1046 | Cost: 0.346529 | Acc: 86.11% (Best: 91.67% @ Ep772) | LR: 0.000240 | Rev: 1/99999
Epoch 1047 | Cost: 0.350568 | Acc: 86.11% (Best: 91.67% @ Ep772) | LR: 0.000240 | Rev: 2/99999
Epoch 1048 | Cost: 0.362746 | Acc: 86.11% (Best: 91.67% @ Ep772) | LR: 0.000240 | Rev: 3/99999
Epoch 1049 | Cost: 0.361100 | Acc: 86.11% (Best: 91.67% @ Ep772) | LR: 0.000240 | Rev: 0/99999
Epoch 1050 | Cost: 0.359480 | Acc: 86.11% (Best: 91.67% @ Ep772) | LR: 0.000240 | Rev: 0/99999
Epoch 1051 | Cost: 0.370850 | Acc: 86.11% (Best: 91.67% @ Ep772) | LR: 0.000240 | Rev: 1/99999
Epoch 1052 | Cost: 0.356448 | Acc: 86.11% (Best: 91.67% @ Ep772) | LR: 0.000250 | Rev: 0/99999
Epoch 1053 | Cost: 0.322518 | Acc: 86.11% (Best: 91.67% @ Ep772) | LR: 0.000250 | Rev: 0/99999
Epoch 1054 | Cost: 0.357351 | Acc: 86.11% (Best: 91.67% @ Ep772) | LR: 0.000250 | Rev: 1/99999
Epoch 1055 | Cost: 0.357410 | Acc: 86.11% (Best: 91.67% @ Ep772) | LR: 0.000250 | Rev: 2/99999
Epoch 1056 | Cost: 0.359241 | Acc: 88.89% (Best: 91.67% @ Ep772) | LR: 0.000250 | Rev: 3/99999
Epoch 1057 | Cost: 0.363435 | Acc: 88.89% (Best: 91.67% @ Ep772) | LR: 0.000250 | Rev: 4/99999
Epoch 1058 | Cost: 0.361581 | Acc: 88.89% (Best: 91.67% @ Ep772) | LR: 0.000250 | Rev: 0/99999
Epoch 1059 | Cost: 0.366763 | Acc: 88.89% (Best: 91.67% @ Ep772) | LR: 0.000250 | Rev: 1/99999
Epoch 1060 | Cost: 0.337812 | Acc: 88.89% (Best: 91.67% @ Ep772) | LR: 0.000250 | Rev: 0/99999
Epoch 1061 | Cost: 0.351758 | Acc: 88.89% (Best: 91.67% @ Ep772) | LR: 0.000250 | Rev: 1/99999
Epoch 1062 | Cost: 0.340634 | Acc: 86.11% (Best: 91.67% @ Ep772) | LR: 0.000260 | Rev: 0/99999
Epoch 1063 | Cost: 0.350729 | Acc: 86.11% (Best: 91.67% @ Ep772) | LR: 0.000260 | Rev: 1/99999
Epoch 1064 | Cost: 0.351860 | Acc: 86.11% (Best: 91.67% @ Ep772) | LR: 0.000260 | Rev: 2/99999
Epoch 1065 | Cost: 0.358372 | Acc: 88.89% (Best: 91.67% @ Ep772) | LR: 0.000260 | Rev: 3/99999
Epoch 1066 | Cost: 0.346561 | Acc: 88.89% (Best: 91.67% @ Ep772) | LR: 0.000260 | Rev: 0/99999
Epoch 1067 | Cost: 0.344368 | Acc: 88.89% (Best: 91.67% @ Ep772) | LR: 0.000260 | Rev: 0/99999
Epoch 1068 | Cost: 0.355155 | Acc: 88.89% (Best: 91.67% @ Ep772) | LR: 0.000260 | Rev: 1/99999
Epoch 1069 | Cost: 0.332937 | Acc: 88.89% (Best: 91.67% @ Ep772) | LR: 0.000260 | Rev: 0/99999
Epoch 1070 | Cost: 0.350771 | Acc: 88.89% (Best: 91.67% @ Ep772) | LR: 0.000260 | Rev: 1/99999
Epoch 1071 | Cost: 0.349285 | Acc: 88.89% (Best: 91.67% @ Ep772) | LR: 0.000260 | Rev: 0/99999
Epoch 1072 | Cost: 0.348036 | Acc: 88.89% (Best: 91.67% @ Ep772) | LR: 0.000270 | Rev: 0/99999
Epoch 1073 | Cost: 0.341723 | Acc: 88.89% (Best: 91.67% @ Ep772) | LR: 0.000270 | Rev: 0/99999
Epoch 1074 | Cost: 0.349570 | Acc: 88.89% (Best: 91.67% @ Ep772) | LR: 0.000270 | Rev: 1/99999
Epoch 1075 | Cost: 0.350550 | Acc: 88.89% (Best: 91.67% @ Ep772) | LR: 0.000270 | Rev: 2/99999
Epoch 1076 | Cost: 0.335249 | Acc: 88.89% (Best: 91.67% @ Ep772) | LR: 0.000270 | Rev: 0/99999
Epoch 1077 | Cost: 0.330510 | Acc: 88.89% (Best: 91.67% @ Ep772) | LR: 0.000270 | Rev: 0/99999
Epoch 1078 | Cost: 0.347495 | Acc: 88.89% (Best: 91.67% @ Ep772) | LR: 0.000270 | Rev: 1/99999
Epoch 1079 | Cost: 0.361456 | Acc: 88.89% (Best: 91.67% @ Ep772) | LR: 0.000270 | Rev: 2/99999
Epoch 1080 | Cost: 0.325493 | Acc: 88.89% (Best: 91.67% @ Ep772) | LR: 0.000270 | Rev: 0/99999
Epoch 1081 | Cost: 0.352959 | Acc: 88.89% (Best: 91.67% @ Ep772) | LR: 0.000270 | Rev: 1/99999
Epoch 1082 | Cost: 0.336546 | Acc: 88.89% (Best: 91.67% @ Ep772) | LR: 0.000280 | Rev: 0/99999
Epoch 1083 | Cost: 0.356174 | Acc: 88.89% (Best: 91.67% @ Ep772) | LR: 0.000280 | Rev: 1/99999
Epoch 1084 | Cost: 0.340119 | Acc: 88.89% (Best: 91.67% @ Ep772) | LR: 0.000280 | Rev: 0/99999
Epoch 1085 | Cost: 0.358567 | Acc: 88.89% (Best: 91.67% @ Ep772) | LR: 0.000280 | Rev: 1/99999
Epoch 1086 | Cost: 0.338736 | Acc: 86.11% (Best: 91.67% @ Ep772) | LR: 0.000280 | Rev: 0/99999
Epoch 1087 | Cost: 0.345525 | Acc: 88.89% (Best: 91.67% @ Ep772) | LR: 0.000280 | Rev: 1/99999
Epoch 1088 | Cost: 0.340215 | Acc: 86.11% (Best: 91.67% @ Ep772) | LR: 0.000280 | Rev: 0/99999
Epoch 1089 | Cost: 0.340066 | Acc: 86.11% (Best: 91.67% @ Ep772) | LR: 0.000280 | Rev: 0/99999
Epoch 1090 | Cost: 0.335582 | Acc: 86.11% (Best: 91.67% @ Ep772) | LR: 0.000280 | Rev: 0/99999
Epoch 1091 | Cost: 0.350149 | Acc: 86.11% (Best: 91.67% @ Ep772) | LR: 0.000280 | Rev: 1/99999
Epoch 1092 | Cost: 0.350238 | Acc: 88.89% (Best: 91.67% @ Ep772) | LR: 0.000290 | Rev: 2/99999
Epoch 1093 | Cost: 0.344182 | Acc: 86.11% (Best: 91.67% @ Ep772) | LR: 0.000290 | Rev: 0/99999
Epoch 1094 | Cost: 0.337528 | Acc: 88.89% (Best: 91.67% @ Ep772) | LR: 0.000290 | Rev: 0/99999
Epoch 1095 | Cost: 0.350626 | Acc: 88.89% (Best: 91.67% @ Ep772) | LR: 0.000290 | Rev: 1/99999
Epoch 1096 | Cost: 0.332707 | Acc: 86.11% (Best: 91.67% @ Ep772) | LR: 0.000290 | Rev: 0/99999
Epoch 1097 | Cost: 0.354392 | Acc: 86.11% (Best: 91.67% @ Ep772) | LR: 0.000290 | Rev: 1/99999
Epoch 1098 | Cost: 0.329728 | Acc: 86.11% (Best: 91.67% @ Ep772) | LR: 0.000290 | Rev: 0/99999
Epoch 1099 | Cost: 0.338895 | Acc: 86.11% (Best: 91.67% @ Ep772) | LR: 0.000290 | Rev: 1/99999
Epoch 1100 | Cost: 0.336128 | Acc: 86.11% (Best: 91.67% @ Ep772) | LR: 0.000290 | Rev: 0/99999
Epoch 1101 | Cost: 0.338832 | Acc: 86.11% (Best: 91.67% @ Ep772) | LR: 0.000290 | Rev: 1/99999
Epoch 1102 | Cost: 0.351642 | Acc: 88.89% (Best: 91.67% @ Ep772) | LR: 0.000300 | Rev: 2/99999
Epoch 1103 | Cost: 0.337672 | Acc: 86.11% (Best: 91.67% @ Ep772) | LR: 0.000300 | Rev: 0/99999
Epoch 1104 | Cost: 0.337592 | Acc: 86.11% (Best: 91.67% @ Ep772) | LR: 0.000300 | Rev: 0/99999
Epoch 1105 | Cost: 0.326911 | Acc: 86.11% (Best: 91.67% @ Ep772) | LR: 0.000300 | Rev: 0/99999
Epoch 1106 | Cost: 0.330545 | Acc: 86.11% (Best: 91.67% @ Ep772) | LR: 0.000300 | Rev: 1/99999
Epoch 1107 | Cost: 0.347232 | Acc: 86.11% (Best: 91.67% @ Ep772) | LR: 0.000300 | Rev: 2/99999
Epoch 1108 | Cost: 0.333139 | Acc: 86.11% (Best: 91.67% @ Ep772) | LR: 0.000300 | Rev: 0/99999
Epoch 1109 | Cost: 0.322078 | Acc: 86.11% (Best: 91.67% @ Ep772) | LR: 0.000300 | Rev: 0/99999
Epoch 1110 | Cost: 0.340374 | Acc: 86.11% (Best: 91.67% @ Ep772) | LR: 0.000300 | Rev: 1/99999
Epoch 1111 | Cost: 0.328240 | Acc: 86.11% (Best: 91.67% @ Ep772) | LR: 0.000300 | Rev: 0/99999
Epoch 1112 | Cost: 0.331595 | Acc: 86.11% (Best: 91.67% @ Ep772) | LR: 0.000300 | Rev: 1/99999
Epoch 1113 | Cost: 0.337835 | Acc: 88.89% (Best: 91.67% @ Ep772) | LR: 0.000300 | Rev: 2/99999
Epoch 1114 | Cost: 0.340493 | Acc: 88.89% (Best: 91.67% @ Ep772) | LR: 0.000300 | Rev: 3/99999
Epoch 1115 | Cost: 0.340215 | Acc: 88.89% (Best: 91.67% @ Ep772) | LR: 0.000300 | Rev: 0/99999
Epoch 1116 | Cost: 0.325212 | Acc: 86.11% (Best: 91.67% @ Ep772) | LR: 0.000300 | Rev: 0/99999
Epoch 1117 | Cost: 0.329028 | Acc: 86.11% (Best: 91.67% @ Ep772) | LR: 0.000300 | Rev: 1/99999
Epoch 1118 | Cost: 0.344024 | Acc: 88.89% (Best: 91.67% @ Ep772) | LR: 0.000300 | Rev: 2/99999
Epoch 1119 | Cost: 0.331295 | Acc: 86.11% (Best: 91.67% @ Ep772) | LR: 0.000300 | Rev: 0/99999
Epoch 1120 | Cost: 0.333087 | Acc: 88.89% (Best: 91.67% @ Ep772) | LR: 0.000300 | Rev: 1/99999
Epoch 1121 | Cost: 0.354647 | Acc: 88.89% (Best: 91.67% @ Ep772) | LR: 0.000300 | Rev: 2/99999
Epoch 1122 | Cost: 0.307975 | Acc: 88.89% (Best: 91.67% @ Ep772) | LR: 0.000300 | Rev: 0/99999
Epoch 1123 | Cost: 0.328582 | Acc: 88.89% (Best: 91.67% @ Ep772) | LR: 0.000300 | Rev: 1/99999
Epoch 1124 | Cost: 0.330403 | Acc: 88.89% (Best: 91.67% @ Ep772) | LR: 0.000300 | Rev: 2/99999
Epoch 1125 | Cost: 0.332844 | Acc: 88.89% (Best: 91.67% @ Ep772) | LR: 0.000300 | Rev: 3/99999
Epoch 1126 | Cost: 0.323570 | Acc: 88.89% (Best: 91.67% @ Ep772) | LR: 0.000300 | Rev: 0/99999
Epoch 1127 | Cost: 0.316934 | Acc: 88.89% (Best: 91.67% @ Ep772) | LR: 0.000300 | Rev: 0/99999
Epoch 1128 | Cost: 0.334888 | Acc: 88.89% (Best: 91.67% @ Ep772) | LR: 0.000300 | Rev: 1/99999
Epoch 1129 | Cost: 0.340079 | Acc: 88.89% (Best: 91.67% @ Ep772) | LR: 0.000300 | Rev: 2/99999
Epoch 1130 | Cost: 0.335328 | Acc: 88.89% (Best: 91.67% @ Ep772) | LR: 0.000300 | Rev: 0/99999
Epoch 1131 | Cost: 0.340450 | Acc: 86.11% (Best: 91.67% @ Ep772) | LR: 0.000300 | Rev: 1/99999
Epoch 1132 | Cost: 0.338148 | Acc: 86.11% (Best: 91.67% @ Ep772) | LR: 0.000300 | Rev: 0/99999
Epoch 1133 | Cost: 0.315698 | Acc: 88.89% (Best: 91.67% @ Ep772) | LR: 0.000300 | Rev: 0/99999
Epoch 1134 | Cost: 0.316429 | Acc: 86.11% (Best: 91.67% @ Ep772) | LR: 0.000300 | Rev: 1/99999
Epoch 1135 | Cost: 0.350012 | Acc: 86.11% (Best: 91.67% @ Ep772) | LR: 0.000300 | Rev: 2/99999
Epoch 1136 | Cost: 0.340407 | Acc: 88.89% (Best: 91.67% @ Ep772) | LR: 0.000300 | Rev: 0/99999
Epoch 1137 | Cost: 0.328866 | Acc: 88.89% (Best: 91.67% @ Ep772) | LR: 0.000300 | Rev: 0/99999
Epoch 1138 | Cost: 0.346990 | Acc: 86.11% (Best: 91.67% @ Ep772) | LR: 0.000300 | Rev: 1/99999
Epoch 1139 | Cost: 0.326417 | Acc: 86.11% (Best: 91.67% @ Ep772) | LR: 0.000300 | Rev: 0/99999
Epoch 1140 | Cost: 0.318512 | Acc: 86.11% (Best: 91.67% @ Ep772) | LR: 0.000300 | Rev: 0/99999
Epoch 1141 | Cost: 0.335021 | Acc: 88.89% (Best: 91.67% @ Ep772) | LR: 0.000300 | Rev: 1/99999
Epoch 1142 | Cost: 0.334950 | Acc: 86.11% (Best: 91.67% @ Ep772) | LR: 0.000300 | Rev: 0/99999
Epoch 1143 | Cost: 0.323052 | Acc: 86.11% (Best: 91.67% @ Ep772) | LR: 0.000300 | Rev: 0/99999
Epoch 1144 | Cost: 0.331146 | Acc: 86.11% (Best: 91.67% @ Ep772) | LR: 0.000300 | Rev: 1/99999
Epoch 1145 | Cost: 0.307062 | Acc: 86.11% (Best: 91.67% @ Ep772) | LR: 0.000300 | Rev: 0/99999
Epoch 1146 | Cost: 0.335337 | Acc: 86.11% (Best: 91.67% @ Ep772) | LR: 0.000300 | Rev: 1/99999
Epoch 1147 | Cost: 0.350081 | Acc: 88.89% (Best: 91.67% @ Ep772) | LR: 0.000300 | Rev: 2/99999
Epoch 1148 | Cost: 0.317916 | Acc: 88.89% (Best: 91.67% @ Ep772) | LR: 0.000300 | Rev: 0/99999
Epoch 1149 | Cost: 0.335738 | Acc: 83.33% (Best: 91.67% @ Ep772) | LR: 0.000300 | Rev: 1/99999
Epoch 1150 | Cost: 0.322040 | Acc: 86.11% (Best: 91.67% @ Ep772) | LR: 0.000300 | Rev: 0/99999
Epoch 1151 | Cost: 0.308970 | Acc: 83.33% (Best: 91.67% @ Ep772) | LR: 0.000300 | Rev: 0/99999
Epoch 1152 | Cost: 0.330073 | Acc: 86.11% (Best: 91.67% @ Ep772) | LR: 0.000300 | Rev: 1/99999
Epoch 1153 | Cost: 0.330051 | Acc: 88.89% (Best: 91.67% @ Ep772) | LR: 0.000300 | Rev: 0/99999
Epoch 1154 | Cost: 0.325611 | Acc: 88.89% (Best: 91.67% @ Ep772) | LR: 0.000300 | Rev: 0/99999
Epoch 1155 | Cost: 0.329136 | Acc: 88.89% (Best: 91.67% @ Ep772) | LR: 0.000300 | Rev: 1/99999
Epoch 1156 | Cost: 0.335524 | Acc: 86.11% (Best: 91.67% @ Ep772) | LR: 0.000300 | Rev: 2/99999
Epoch 1157 | Cost: 0.315640 | Acc: 88.89% (Best: 91.67% @ Ep772) | LR: 0.000300 | Rev: 0/99999
Epoch 1158 | Cost: 0.329364 | Acc: 88.89% (Best: 91.67% @ Ep772) | LR: 0.000300 | Rev: 1/99999
Epoch 1159 | Cost: 0.320716 | Acc: 88.89% (Best: 91.67% @ Ep772) | LR: 0.000300 | Rev: 0/99999
Epoch 1160 | Cost: 0.320520 | Acc: 88.89% (Best: 91.67% @ Ep772) | LR: 0.000300 | Rev: 0/99999
Epoch 1161 | Cost: 0.309373 | Acc: 88.89% (Best: 91.67% @ Ep772) | LR: 0.000300 | Rev: 0/99999
Epoch 1162 | Cost: 0.318707 | Acc: 88.89% (Best: 91.67% @ Ep772) | LR: 0.000300 | Rev: 1/99999
Epoch 1163 | Cost: 0.337116 | Acc: 88.89% (Best: 91.67% @ Ep772) | LR: 0.000300 | Rev: 2/99999
Epoch 1164 | Cost: 0.350752 | Acc: 88.89% (Best: 91.67% @ Ep772) | LR: 0.000300 | Rev: 3/99999
Epoch 1165 | Cost: 0.330146 | Acc: 88.89% (Best: 91.67% @ Ep772) | LR: 0.000300 | Rev: 0/99999
Epoch 1166 | Cost: 0.319127 | Acc: 88.89% (Best: 91.67% @ Ep772) | LR: 0.000300 | Rev: 0/99999
Epoch 1167 | Cost: 0.319201 | Acc: 88.89% (Best: 91.67% @ Ep772) | LR: 0.000300 | Rev: 1/99999
Epoch 1168 | Cost: 0.328340 | Acc: 88.89% (Best: 91.67% @ Ep772) | LR: 0.000300 | Rev: 2/99999
Epoch 1169 | Cost: 0.323841 | Acc: 88.89% (Best: 91.67% @ Ep772) | LR: 0.000300 | Rev: 0/99999
Epoch 1170 | Cost: 0.322844 | Acc: 88.89% (Best: 91.67% @ Ep772) | LR: 0.000300 | Rev: 0/99999
Epoch 1171 | Cost: 0.336709 | Acc: 88.89% (Best: 91.67% @ Ep772) | LR: 0.000300 | Rev: 1/99999
Epoch 1172 | Cost: 0.323457 | Acc: 88.89% (Best: 91.67% @ Ep772) | LR: 0.000300 | Rev: 0/99999
Epoch 1173 | Cost: 0.320132 | Acc: 88.89% (Best: 91.67% @ Ep772) | LR: 0.000300 | Rev: 0/99999
Epoch 1174 | Cost: 0.309424 | Acc: 86.11% (Best: 91.67% @ Ep772) | LR: 0.000300 | Rev: 0/99999
Epoch 1175 | Cost: 0.329411 | Acc: 88.89% (Best: 91.67% @ Ep772) | LR: 0.000300 | Rev: 1/99999
Epoch 1176 | Cost: 0.342778 | Acc: 86.11% (Best: 91.67% @ Ep772) | LR: 0.000300 | Rev: 2/99999
Epoch 1177 | Cost: 0.326485 | Acc: 86.11% (Best: 91.67% @ Ep772) | LR: 0.000300 | Rev: 0/99999
Epoch 1178 | Cost: 0.312650 | Acc: 88.89% (Best: 91.67% @ Ep772) | LR: 0.000300 | Rev: 0/99999
Epoch 1179 | Cost: 0.310125 | Acc: 88.89% (Best: 91.67% @ Ep772) | LR: 0.000300 | Rev: 0/99999
Epoch 1180 | Cost: 0.305543 | Acc: 88.89% (Best: 91.67% @ Ep772) | LR: 0.000300 | Rev: 0/99999
Epoch 1181 | Cost: 0.331781 | Acc: 86.11% (Best: 91.67% @ Ep772) | LR: 0.000300 | Rev: 1/99999
Epoch 1182 | Cost: 0.311691 | Acc: 86.11% (Best: 91.67% @ Ep772) | LR: 0.000300 | Rev: 0/99999
Epoch 1183 | Cost: 0.314498 | Acc: 86.11% (Best: 91.67% @ Ep772) | LR: 0.000300 | Rev: 1/99999
Epoch 1184 | Cost: 0.315043 | Acc: 86.11% (Best: 91.67% @ Ep772) | LR: 0.000300 | Rev: 2/99999
Epoch 1185 | Cost: 0.319504 | Acc: 86.11% (Best: 91.67% @ Ep772) | LR: 0.000300 | Rev: 3/99999
Epoch 1186 | Cost: 0.319694 | Acc: 86.11% (Best: 91.67% @ Ep772) | LR: 0.000300 | Rev: 4/99999
Epoch 1187 | Cost: 0.296673 | Acc: 86.11% (Best: 91.67% @ Ep772) | LR: 0.000300 | Rev: 0/99999
Epoch 1188 | Cost: 0.334418 | Acc: 88.89% (Best: 91.67% @ Ep772) | LR: 0.000300 | Rev: 1/99999
Epoch 1189 | Cost: 0.315401 | Acc: 88.89% (Best: 91.67% @ Ep772) | LR: 0.000300 | Rev: 0/99999
Epoch 1190 | Cost: 0.307855 | Acc: 88.89% (Best: 91.67% @ Ep772) | LR: 0.000300 | Rev: 0/99999
Epoch 1191 | Cost: 0.295599 | Acc: 88.89% (Best: 91.67% @ Ep772) | LR: 0.000300 | Rev: 0/99999
Epoch 1192 | Cost: 0.305642 | Acc: 88.89% (Best: 91.67% @ Ep772) | LR: 0.000300 | Rev: 1/99999
Epoch 1193 | Cost: 0.323582 | Acc: 86.11% (Best: 91.67% @ Ep772) | LR: 0.000300 | Rev: 2/99999
Epoch 1194 | Cost: 0.316190 | Acc: 83.33% (Best: 91.67% @ Ep772) | LR: 0.000300 | Rev: 0/99999
Epoch 1195 | Cost: 0.309510 | Acc: 83.33% (Best: 91.67% @ Ep772) | LR: 0.000300 | Rev: 0/99999
Epoch 1196 | Cost: 0.309602 | Acc: 86.11% (Best: 91.67% @ Ep772) | LR: 0.000300 | Rev: 1/99999
Epoch 1197 | Cost: 0.321610 | Acc: 86.11% (Best: 91.67% @ Ep772) | LR: 0.000300 | Rev: 2/99999
Epoch 1198 | Cost: 0.305501 | Acc: 88.89% (Best: 91.67% @ Ep772) | LR: 0.000300 | Rev: 0/99999
Epoch 1199 | Cost: 0.326495 | Acc: 86.11% (Best: 91.67% @ Ep772) | LR: 0.000300 | Rev: 1/99999
Epoch 1200 | Cost: 0.313517 | Acc: 86.11% (Best: 91.67% @ Ep772) | LR: 0.000300 | Rev: 0/99999
Epoch 1201 | Cost: 0.319415 | Acc: 86.11% (Best: 91.67% @ Ep772) | LR: 0.000300 | Rev: 1/99999
Epoch 1202 | Cost: 0.327396 | Acc: 83.33% (Best: 91.67% @ Ep772) | LR: 0.000300 | Rev: 2/99999
Epoch 1203 | Cost: 0.315759 | Acc: 83.33% (Best: 91.67% @ Ep772) | LR: 0.000300 | Rev: 0/99999
Epoch 1204 | Cost: 0.324840 | Acc: 83.33% (Best: 91.67% @ Ep772) | LR: 0.000300 | Rev: 1/99999
Epoch 1205 | Cost: 0.295081 | Acc: 83.33% (Best: 91.67% @ Ep772) | LR: 0.000300 | Rev: 0/99999
Epoch 1206 | Cost: 0.311881 | Acc: 83.33% (Best: 91.67% @ Ep772) | LR: 0.000300 | Rev: 1/99999
Epoch 1207 | Cost: 0.333812 | Acc: 83.33% (Best: 91.67% @ Ep772) | LR: 0.000300 | Rev: 2/99999
Epoch 1208 | Cost: 0.327663 | Acc: 83.33% (Best: 91.67% @ Ep772) | LR: 0.000300 | Rev: 0/99999
Epoch 1209 | Cost: 0.295583 | Acc: 83.33% (Best: 91.67% @ Ep772) | LR: 0.000300 | Rev: 0/99999
Epoch 1210 | Cost: 0.317890 | Acc: 83.33% (Best: 91.67% @ Ep772) | LR: 0.000300 | Rev: 1/99999
Epoch 1211 | Cost: 0.303633 | Acc: 86.11% (Best: 91.67% @ Ep772) | LR: 0.000300 | Rev: 0/99999
Epoch 1212 | Cost: 0.311226 | Acc: 83.33% (Best: 91.67% @ Ep772) | LR: 0.000300 | Rev: 1/99999
Epoch 1213 | Cost: 0.332130 | Acc: 83.33% (Best: 91.67% @ Ep772) | LR: 0.000300 | Rev: 2/99999
Epoch 1214 | Cost: 0.318499 | Acc: 83.33% (Best: 91.67% @ Ep772) | LR: 0.000300 | Rev: 0/99999
Epoch 1215 | Cost: 0.322927 | Acc: 83.33% (Best: 91.67% @ Ep772) | LR: 0.000300 | Rev: 1/99999
Epoch 1216 | Cost: 0.315399 | Acc: 83.33% (Best: 91.67% @ Ep772) | LR: 0.000300 | Rev: 0/99999
Epoch 1217 | Cost: 0.336816 | Acc: 83.33% (Best: 91.67% @ Ep772) | LR: 0.000300 | Rev: 1/99999
Epoch 1218 | Cost: 0.330215 | Acc: 83.33% (Best: 91.67% @ Ep772) | LR: 0.000300 | Rev: 0/99999
Epoch 1219 | Cost: 0.316846 | Acc: 83.33% (Best: 91.67% @ Ep772) | LR: 0.000300 | Rev: 0/99999
Epoch 1220 | Cost: 0.309617 | Acc: 83.33% (Best: 91.67% @ Ep772) | LR: 0.000300 | Rev: 0/99999
Epoch 1221 | Cost: 0.321884 | Acc: 83.33% (Best: 91.67% @ Ep772) | LR: 0.000300 | Rev: 1/99999
Epoch 1222 | Cost: 0.301454 | Acc: 83.33% (Best: 91.67% @ Ep772) | LR: 0.000300 | Rev: 0/99999
Epoch 1223 | Cost: 0.311815 | Acc: 83.33% (Best: 91.67% @ Ep772) | LR: 0.000300 | Rev: 1/99999
Epoch 1224 | Cost: 0.313744 | Acc: 83.33% (Best: 91.67% @ Ep772) | LR: 0.000300 | Rev: 2/99999
Epoch 1225 | Cost: 0.304534 | Acc: 83.33% (Best: 91.67% @ Ep772) | LR: 0.000300 | Rev: 0/99999
Epoch 1226 | Cost: 0.300257 | Acc: 83.33% (Best: 91.67% @ Ep772) | LR: 0.000300 | Rev: 0/99999
Epoch 1227 | Cost: 0.306027 | Acc: 83.33% (Best: 91.67% @ Ep772) | LR: 0.000300 | Rev: 1/99999
Epoch 1228 | Cost: 0.321165 | Acc: 83.33% (Best: 91.67% @ Ep772) | LR: 0.000300 | Rev: 2/99999
Epoch 1229 | Cost: 0.311966 | Acc: 83.33% (Best: 91.67% @ Ep772) | LR: 0.000300 | Rev: 0/99999
Epoch 1230 | Cost: 0.324296 | Acc: 83.33% (Best: 91.67% @ Ep772) | LR: 0.000300 | Rev: 1/99999
Epoch 1231 | Cost: 0.310687 | Acc: 83.33% (Best: 91.67% @ Ep772) | LR: 0.000300 | Rev: 0/99999
Epoch 1232 | Cost: 0.295993 | Acc: 83.33% (Best: 91.67% @ Ep772) | LR: 0.000300 | Rev: 0/99999
Epoch 1233 | Cost: 0.303845 | Acc: 83.33% (Best: 91.67% @ Ep772) | LR: 0.000300 | Rev: 1/99999
Epoch 1234 | Cost: 0.301042 | Acc: 83.33% (Best: 91.67% @ Ep772) | LR: 0.000300 | Rev: 0/99999
Epoch 1235 | Cost: 0.302651 | Acc: 83.33% (Best: 91.67% @ Ep772) | LR: 0.000300 | Rev: 1/99999
Epoch 1236 | Cost: 0.306794 | Acc: 83.33% (Best: 91.67% @ Ep772) | LR: 0.000300 | Rev: 2/99999
Epoch 1237 | Cost: 0.322896 | Acc: 83.33% (Best: 91.67% @ Ep772) | LR: 0.000300 | Rev: 3/99999
Epoch 1238 | Cost: 0.308522 | Acc: 83.33% (Best: 91.67% @ Ep772) | LR: 0.000300 | Rev: 0/99999
Epoch 1239 | Cost: 0.307666 | Acc: 83.33% (Best: 91.67% @ Ep772) | LR: 0.000300 | Rev: 0/99999
Epoch 1240 | Cost: 0.282735 | Acc: 83.33% (Best: 91.67% @ Ep772) | LR: 0.000300 | Rev: 0/99999
Epoch 1241 | Cost: 0.304189 | Acc: 83.33% (Best: 91.67% @ Ep772) | LR: 0.000300 | Rev: 1/99999
Epoch 1242 | Cost: 0.326583 | Acc: 83.33% (Best: 91.67% @ Ep772) | LR: 0.000300 | Rev: 2/99999
Epoch 1243 | Cost: 0.298313 | Acc: 83.33% (Best: 91.67% @ Ep772) | LR: 0.000300 | Rev: 0/99999
Epoch 1244 | Cost: 0.313217 | Acc: 83.33% (Best: 91.67% @ Ep772) | LR: 0.000300 | Rev: 1/99999
Epoch 1245 | Cost: 0.323452 | Acc: 83.33% (Best: 91.67% @ Ep772) | LR: 0.000300 | Rev: 2/99999
Epoch 1246 | Cost: 0.302585 | Acc: 83.33% (Best: 91.67% @ Ep772) | LR: 0.000300 | Rev: 0/99999
Epoch 1247 | Cost: 0.305453 | Acc: 83.33% (Best: 91.67% @ Ep772) | LR: 0.000300 | Rev: 1/99999
Epoch 1248 | Cost: 0.294435 | Acc: 83.33% (Best: 91.67% @ Ep772) | LR: 0.000300 | Rev: 0/99999
Epoch 1249 | Cost: 0.278595 | Acc: 83.33% (Best: 91.67% @ Ep772) | LR: 0.000300 | Rev: 0/99999
Epoch 1250 | Cost: 0.283704 | Acc: 83.33% (Best: 91.67% @ Ep772) | LR: 0.000300 | Rev: 1/99999
Epoch 1251 | Cost: 0.300989 | Acc: 83.33% (Best: 91.67% @ Ep772) | LR: 0.000300 | Rev: 2/99999
Epoch 1252 | Cost: 0.314712 | Acc: 83.33% (Best: 91.67% @ Ep772) | LR: 0.000300 | Rev: 3/99999
Epoch 1253 | Cost: 0.302168 | Acc: 83.33% (Best: 91.67% @ Ep772) | LR: 0.000300 | Rev: 0/99999
Epoch 1254 | Cost: 0.291823 | Acc: 83.33% (Best: 91.67% @ Ep772) | LR: 0.000300 | Rev: 0/99999
Epoch 1255 | Cost: 0.315834 | Acc: 83.33% (Best: 91.67% @ Ep772) | LR: 0.000300 | Rev: 1/99999
Epoch 1256 | Cost: 0.295970 | Acc: 83.33% (Best: 91.67% @ Ep772) | LR: 0.000300 | Rev: 0/99999
Epoch 1257 | Cost: 0.310404 | Acc: 83.33% (Best: 91.67% @ Ep772) | LR: 0.000300 | Rev: 1/99999
Epoch 1258 | Cost: 0.298931 | Acc: 83.33% (Best: 91.67% @ Ep772) | LR: 0.000300 | Rev: 0/99999
Epoch 1259 | Cost: 0.295284 | Acc: 83.33% (Best: 91.67% @ Ep772) | LR: 0.000300 | Rev: 0/99999
Epoch 1260 | Cost: 0.312143 | Acc: 83.33% (Best: 91.67% @ Ep772) | LR: 0.000300 | Rev: 1/99999
Epoch 1261 | Cost: 0.284681 | Acc: 86.11% (Best: 91.67% @ Ep772) | LR: 0.000300 | Rev: 0/99999
Epoch 1262 | Cost: 0.288420 | Acc: 86.11% (Best: 91.67% @ Ep772) | LR: 0.000300 | Rev: 1/99999
Epoch 1263 | Cost: 0.296143 | Acc: 86.11% (Best: 91.67% @ Ep772) | LR: 0.000300 | Rev: 2/99999
Epoch 1264 | Cost: 0.295160 | Acc: 86.11% (Best: 91.67% @ Ep772) | LR: 0.000300 | Rev: 0/99999
Epoch 1265 | Cost: 0.283119 | Acc: 83.33% (Best: 91.67% @ Ep772) | LR: 0.000300 | Rev: 0/99999
Epoch 1266 | Cost: 0.306383 | Acc: 83.33% (Best: 91.67% @ Ep772) | LR: 0.000300 | Rev: 1/99999
Epoch 1267 | Cost: 0.309337 | Acc: 83.33% (Best: 91.67% @ Ep772) | LR: 0.000300 | Rev: 2/99999
Epoch 1268 | Cost: 0.304864 | Acc: 86.11% (Best: 91.67% @ Ep772) | LR: 0.000300 | Rev: 0/99999
Epoch 1269 | Cost: 0.308204 | Acc: 86.11% (Best: 91.67% @ Ep772) | LR: 0.000300 | Rev: 1/99999
Epoch 1270 | Cost: 0.289592 | Acc: 86.11% (Best: 91.67% @ Ep772) | LR: 0.000300 | Rev: 0/99999
Epoch 1271 | Cost: 0.282148 | Acc: 86.11% (Best: 91.67% @ Ep772) | LR: 0.000300 | Rev: 0/99999
Epoch 1272 | Cost: 0.307302 | Acc: 86.11% (Best: 91.67% @ Ep772) | LR: 0.000300 | Rev: 1/99999
Epoch 1273 | Cost: 0.297715 | Acc: 83.33% (Best: 91.67% @ Ep772) | LR: 0.000300 | Rev: 0/99999
Epoch 1274 | Cost: 0.301166 | Acc: 83.33% (Best: 91.67% @ Ep772) | LR: 0.000300 | Rev: 1/99999
Epoch 1275 | Cost: 0.287783 | Acc: 86.11% (Best: 91.67% @ Ep772) | LR: 0.000300 | Rev: 0/99999
Epoch 1276 | Cost: 0.287578 | Acc: 86.11% (Best: 91.67% @ Ep772) | LR: 0.000300 | Rev: 0/99999
Epoch 1277 | Cost: 0.311812 | Acc: 86.11% (Best: 91.67% @ Ep772) | LR: 0.000300 | Rev: 1/99999
Epoch 1278 | Cost: 0.278490 | Acc: 86.11% (Best: 91.67% @ Ep772) | LR: 0.000300 | Rev: 0/99999
Epoch 1279 | Cost: 0.286118 | Acc: 86.11% (Best: 91.67% @ Ep772) | LR: 0.000300 | Rev: 1/99999
Epoch 1280 | Cost: 0.300680 | Acc: 86.11% (Best: 91.67% @ Ep772) | LR: 0.000300 | Rev: 2/99999
Epoch 1281 | Cost: 0.290706 | Acc: 83.33% (Best: 91.67% @ Ep772) | LR: 0.000300 | Rev: 0/99999
Epoch 1282 | Cost: 0.296007 | Acc: 83.33% (Best: 91.67% @ Ep772) | LR: 0.000300 | Rev: 1/99999
Epoch 1283 | Cost: 0.292796 | Acc: 83.33% (Best: 91.67% @ Ep772) | LR: 0.000300 | Rev: 0/99999
Epoch 1284 | Cost: 0.289234 | Acc: 83.33% (Best: 91.67% @ Ep772) | LR: 0.000300 | Rev: 0/99999
Epoch 1285 | Cost: 0.305870 | Acc: 83.33% (Best: 91.67% @ Ep772) | LR: 0.000300 | Rev: 1/99999
Epoch 1286 | Cost: 0.293856 | Acc: 83.33% (Best: 91.67% @ Ep772) | LR: 0.000300 | Rev: 0/99999
Epoch 1287 | Cost: 0.267521 | Acc: 83.33% (Best: 91.67% @ Ep772) | LR: 0.000300 | Rev: 0/99999
Epoch 1288 | Cost: 0.291011 | Acc: 83.33% (Best: 91.67% @ Ep772) | LR: 0.000300 | Rev: 1/99999
Epoch 1289 | Cost: 0.281824 | Acc: 83.33% (Best: 91.67% @ Ep772) | LR: 0.000300 | Rev: 0/99999
Epoch 1290 | Cost: 0.278927 | Acc: 83.33% (Best: 91.67% @ Ep772) | LR: 0.000300 | Rev: 0/99999
Epoch 1291 | Cost: 0.293033 | Acc: 83.33% (Best: 91.67% @ Ep772) | LR: 0.000300 | Rev: 1/99999
Epoch 1292 | Cost: 0.292883 | Acc: 83.33% (Best: 91.67% @ Ep772) | LR: 0.000300 | Rev: 0/99999
Epoch 1293 | Cost: 0.312067 | Acc: 83.33% (Best: 91.67% @ Ep772) | LR: 0.000300 | Rev: 1/99999
Epoch 1294 | Cost: 0.287572 | Acc: 83.33% (Best: 91.67% @ Ep772) | LR: 0.000300 | Rev: 0/99999
Epoch 1295 | Cost: 0.293035 | Acc: 83.33% (Best: 91.67% @ Ep772) | LR: 0.000300 | Rev: 1/99999
Epoch 1296 | Cost: 0.303958 | Acc: 83.33% (Best: 91.67% @ Ep772) | LR: 0.000300 | Rev: 2/99999
Epoch 1297 | Cost: 0.283877 | Acc: 83.33% (Best: 91.67% @ Ep772) | LR: 0.000300 | Rev: 0/99999
Epoch 1298 | Cost: 0.289661 | Acc: 86.11% (Best: 91.67% @ Ep772) | LR: 0.000300 | Rev: 1/99999
Epoch 1299 | Cost: 0.286212 | Acc: 86.11% (Best: 91.67% @ Ep772) | LR: 0.000300 | Rev: 0/99999
Epoch 1300 | Cost: 0.288330 | Acc: 86.11% (Best: 91.67% @ Ep772) | LR: 0.000300 | Rev: 1/99999
Epoch 1301 | Cost: 0.278104 | Acc: 86.11% (Best: 91.67% @ Ep772) | LR: 0.000300 | Rev: 0/99999
Epoch 1302 | Cost: 0.289516 | Acc: 86.11% (Best: 91.67% @ Ep772) | LR: 0.000300 | Rev: 1/99999
Epoch 1303 | Cost: 0.292102 | Acc: 86.11% (Best: 91.67% @ Ep772) | LR: 0.000300 | Rev: 2/99999
Epoch 1304 | Cost: 0.291041 | Acc: 86.11% (Best: 91.67% @ Ep772) | LR: 0.000300 | Rev: 0/99999
Epoch 1305 | Cost: 0.280935 | Acc: 86.11% (Best: 91.67% @ Ep772) | LR: 0.000300 | Rev: 0/99999
Epoch 1306 | Cost: 0.300573 | Acc: 86.11% (Best: 91.67% @ Ep772) | LR: 0.000300 | Rev: 1/99999
Epoch 1307 | Cost: 0.281178 | Acc: 86.11% (Best: 91.67% @ Ep772) | LR: 0.000300 | Rev: 0/99999
Epoch 1308 | Cost: 0.282821 | Acc: 86.11% (Best: 91.67% @ Ep772) | LR: 0.000300 | Rev: 1/99999
Epoch 1309 | Cost: 0.300460 | Acc: 86.11% (Best: 91.67% @ Ep772) | LR: 0.000300 | Rev: 2/99999
Epoch 1310 | Cost: 0.274414 | Acc: 86.11% (Best: 91.67% @ Ep772) | LR: 0.000300 | Rev: 0/99999
Epoch 1311 | Cost: 0.308585 | Acc: 86.11% (Best: 91.67% @ Ep772) | LR: 0.000300 | Rev: 1/99999
Epoch 1312 | Cost: 0.275755 | Acc: 86.11% (Best: 91.67% @ Ep772) | LR: 0.000300 | Rev: 0/99999
Epoch 1313 | Cost: 0.300128 | Acc: 86.11% (Best: 91.67% @ Ep772) | LR: 0.000300 | Rev: 1/99999
Epoch 1314 | Cost: 0.287177 | Acc: 83.33% (Best: 91.67% @ Ep772) | LR: 0.000300 | Rev: 0/99999
Epoch 1315 | Cost: 0.298153 | Acc: 83.33% (Best: 91.67% @ Ep772) | LR: 0.000300 | Rev: 1/99999
Epoch 1316 | Cost: 0.298040 | Acc: 83.33% (Best: 91.67% @ Ep772) | LR: 0.000300 | Rev: 0/99999
Epoch 1317 | Cost: 0.275396 | Acc: 83.33% (Best: 91.67% @ Ep772) | LR: 0.000300 | Rev: 0/99999
Epoch 1318 | Cost: 0.295352 | Acc: 83.33% (Best: 91.67% @ Ep772) | LR: 0.000300 | Rev: 1/99999
Epoch 1319 | Cost: 0.298851 | Acc: 83.33% (Best: 91.67% @ Ep772) | LR: 0.000300 | Rev: 2/99999
Epoch 1320 | Cost: 0.283887 | Acc: 83.33% (Best: 91.67% @ Ep772) | LR: 0.000300 | Rev: 0/99999
Epoch 1321 | Cost: 0.283680 | Acc: 83.33% (Best: 91.67% @ Ep772) | LR: 0.000300 | Rev: 0/99999
Epoch 1322 | Cost: 0.289361 | Acc: 83.33% (Best: 91.67% @ Ep772) | LR: 0.000300 | Rev: 1/99999
Epoch 1323 | Cost: 0.298251 | Acc: 83.33% (Best: 91.67% @ Ep772) | LR: 0.000300 | Rev: 2/99999
Epoch 1324 | Cost: 0.279406 | Acc: 83.33% (Best: 91.67% @ Ep772) | LR: 0.000300 | Rev: 0/99999
Epoch 1325 | Cost: 0.311127 | Acc: 83.33% (Best: 91.67% @ Ep772) | LR: 0.000300 | Rev: 1/99999
Epoch 1326 | Cost: 0.285386 | Acc: 83.33% (Best: 91.67% @ Ep772) | LR: 0.000300 | Rev: 0/99999
Epoch 1327 | Cost: 0.287668 | Acc: 83.33% (Best: 91.67% @ Ep772) | LR: 0.000300 | Rev: 1/99999
Epoch 1328 | Cost: 0.293057 | Acc: 83.33% (Best: 91.67% @ Ep772) | LR: 0.000300 | Rev: 2/99999
Epoch 1329 | Cost: 0.289816 | Acc: 83.33% (Best: 91.67% @ Ep772) | LR: 0.000300 | Rev: 0/99999
Epoch 1330 | Cost: 0.282395 | Acc: 83.33% (Best: 91.67% @ Ep772) | LR: 0.000300 | Rev: 0/99999
Epoch 1331 | Cost: 0.283221 | Acc: 83.33% (Best: 91.67% @ Ep772) | LR: 0.000300 | Rev: 1/99999
Epoch 1332 | Cost: 0.275240 | Acc: 86.11% (Best: 91.67% @ Ep772) | LR: 0.000300 | Rev: 0/99999
Epoch 1333 | Cost: 0.289120 | Acc: 86.11% (Best: 91.67% @ Ep772) | LR: 0.000300 | Rev: 1/99999
Epoch 1334 | Cost: 0.280884 | Acc: 86.11% (Best: 91.67% @ Ep772) | LR: 0.000300 | Rev: 0/99999
Epoch 1335 | Cost: 0.268962 | Acc: 86.11% (Best: 91.67% @ Ep772) | LR: 0.000300 | Rev: 0/99999
Epoch 1336 | Cost: 0.274572 | Acc: 86.11% (Best: 91.67% @ Ep772) | LR: 0.000300 | Rev: 1/99999
Epoch 1337 | Cost: 0.282888 | Acc: 86.11% (Best: 91.67% @ Ep772) | LR: 0.000300 | Rev: 2/99999
Epoch 1338 | Cost: 0.270078 | Acc: 86.11% (Best: 91.67% @ Ep772) | LR: 0.000300 | Rev: 0/99999
Epoch 1339 | Cost: 0.281064 | Acc: 86.11% (Best: 91.67% @ Ep772) | LR: 0.000300 | Rev: 1/99999
Epoch 1340 | Cost: 0.314251 | Acc: 86.11% (Best: 91.67% @ Ep772) | LR: 0.000300 | Rev: 2/99999
Epoch 1341 | Cost: 0.270380 | Acc: 86.11% (Best: 91.67% @ Ep772) | LR: 0.000300 | Rev: 0/99999
Epoch 1342 | Cost: 0.290066 | Acc: 86.11% (Best: 91.67% @ Ep772) | LR: 0.000300 | Rev: 1/99999
Epoch 1343 | Cost: 0.293313 | Acc: 86.11% (Best: 91.67% @ Ep772) | LR: 0.000300 | Rev: 2/99999
Epoch 1344 | Cost: 0.263765 | Acc: 86.11% (Best: 91.67% @ Ep772) | LR: 0.000300 | Rev: 0/99999
Epoch 1345 | Cost: 0.281344 | Acc: 86.11% (Best: 91.67% @ Ep772) | LR: 0.000300 | Rev: 1/99999
Epoch 1346 | Cost: 0.287742 | Acc: 86.11% (Best: 91.67% @ Ep772) | LR: 0.000300 | Rev: 2/99999
Epoch 1347 | Cost: 0.290776 | Acc: 86.11% (Best: 91.67% @ Ep772) | LR: 0.000300 | Rev: 3/99999
Epoch 1348 | Cost: 0.284610 | Acc: 86.11% (Best: 91.67% @ Ep772) | LR: 0.000300 | Rev: 0/99999
Epoch 1349 | Cost: 0.276077 | Acc: 86.11% (Best: 91.67% @ Ep772) | LR: 0.000300 | Rev: 0/99999
Epoch 1350 | Cost: 0.301184 | Acc: 86.11% (Best: 91.67% @ Ep772) | LR: 0.000300 | Rev: 1/99999
Epoch 1351 | Cost: 0.282346 | Acc: 86.11% (Best: 91.67% @ Ep772) | LR: 0.000300 | Rev: 0/99999
Epoch 1352 | Cost: 0.263637 | Acc: 86.11% (Best: 91.67% @ Ep772) | LR: 0.000300 | Rev: 0/99999
Epoch 1353 | Cost: 0.281267 | Acc: 86.11% (Best: 91.67% @ Ep772) | LR: 0.000300 | Rev: 1/99999
Epoch 1354 | Cost: 0.281282 | Acc: 86.11% (Best: 91.67% @ Ep772) | LR: 0.000300 | Rev: 2/99999
Epoch 1355 | Cost: 0.282968 | Acc: 86.11% (Best: 91.67% @ Ep772) | LR: 0.000300 | Rev: 3/99999
Epoch 1356 | Cost: 0.275612 | Acc: 86.11% (Best: 91.67% @ Ep772) | LR: 0.000300 | Rev: 0/99999
Epoch 1357 | Cost: 0.276336 | Acc: 86.11% (Best: 91.67% @ Ep772) | LR: 0.000300 | Rev: 1/99999
Epoch 1358 | Cost: 0.276605 | Acc: 86.11% (Best: 91.67% @ Ep772) | LR: 0.000300 | Rev: 2/99999
Epoch 1359 | Cost: 0.266518 | Acc: 86.11% (Best: 91.67% @ Ep772) | LR: 0.000300 | Rev: 0/99999
Epoch 1360 | Cost: 0.264600 | Acc: 86.11% (Best: 91.67% @ Ep772) | LR: 0.000300 | Rev: 0/99999
Epoch 1361 | Cost: 0.269992 | Acc: 86.11% (Best: 91.67% @ Ep772) | LR: 0.000300 | Rev: 1/99999
Epoch 1362 | Cost: 0.270880 | Acc: 86.11% (Best: 91.67% @ Ep772) | LR: 0.000300 | Rev: 2/99999
Epoch 1363 | Cost: 0.280689 | Acc: 86.11% (Best: 91.67% @ Ep772) | LR: 0.000300 | Rev: 3/99999
Epoch 1364 | Cost: 0.274627 | Acc: 86.11% (Best: 91.67% @ Ep772) | LR: 0.000300 | Rev: 0/99999
Epoch 1365 | Cost: 0.291637 | Acc: 86.11% (Best: 91.67% @ Ep772) | LR: 0.000300 | Rev: 1/99999
Epoch 1366 | Cost: 0.274544 | Acc: 86.11% (Best: 91.67% @ Ep772) | LR: 0.000300 | Rev: 0/99999
Epoch 1367 | Cost: 0.257845 | Acc: 86.11% (Best: 91.67% @ Ep772) | LR: 0.000300 | Rev: 0/99999
Epoch 1368 | Cost: 0.302335 | Acc: 86.11% (Best: 91.67% @ Ep772) | LR: 0.000300 | Rev: 1/99999
Epoch 1369 | Cost: 0.278045 | Acc: 86.11% (Best: 91.67% @ Ep772) | LR: 0.000300 | Rev: 0/99999
Epoch 1370 | Cost: 0.295925 | Acc: 83.33% (Best: 91.67% @ Ep772) | LR: 0.000300 | Rev: 1/99999
Epoch 1371 | Cost: 0.282941 | Acc: 83.33% (Best: 91.67% @ Ep772) | LR: 0.000300 | Rev: 0/99999
Epoch 1372 | Cost: 0.278424 | Acc: 86.11% (Best: 91.67% @ Ep772) | LR: 0.000300 | Rev: 0/99999
Epoch 1373 | Cost: 0.274431 | Acc: 86.11% (Best: 91.67% @ Ep772) | LR: 0.000300 | Rev: 0/99999
Epoch 1374 | Cost: 0.271770 | Acc: 86.11% (Best: 91.67% @ Ep772) | LR: 0.000300 | Rev: 0/99999
Epoch 1375 | Cost: 0.263098 | Acc: 86.11% (Best: 91.67% @ Ep772) | LR: 0.000300 | Rev: 0/99999
Epoch 1376 | Cost: 0.244258 | Acc: 86.11% (Best: 91.67% @ Ep772) | LR: 0.000300 | Rev: 0/99999
Epoch 1377 | Cost: 0.288491 | Acc: 86.11% (Best: 91.67% @ Ep772) | LR: 0.000300 | Rev: 1/99999
Epoch 1378 | Cost: 0.283688 | Acc: 86.11% (Best: 91.67% @ Ep772) | LR: 0.000300 | Rev: 0/99999
Epoch 1379 | Cost: 0.278063 | Acc: 86.11% (Best: 91.67% @ Ep772) | LR: 0.000300 | Rev: 0/99999
Epoch 1380 | Cost: 0.270612 | Acc: 86.11% (Best: 91.67% @ Ep772) | LR: 0.000300 | Rev: 0/99999
Epoch 1381 | Cost: 0.269865 | Acc: 86.11% (Best: 91.67% @ Ep772) | LR: 0.000300 | Rev: 0/99999
Epoch 1382 | Cost: 0.265747 | Acc: 86.11% (Best: 91.67% @ Ep772) | LR: 0.000300 | Rev: 0/99999
Epoch 1383 | Cost: 0.252286 | Acc: 86.11% (Best: 91.67% @ Ep772) | LR: 0.000300 | Rev: 0/99999
Epoch 1384 | Cost: 0.270006 | Acc: 86.11% (Best: 91.67% @ Ep772) | LR: 0.000300 | Rev: 1/99999
Epoch 1385 | Cost: 0.293524 | Acc: 86.11% (Best: 91.67% @ Ep772) | LR: 0.000300 | Rev: 2/99999
Epoch 1386 | Cost: 0.265738 | Acc: 86.11% (Best: 91.67% @ Ep772) | LR: 0.000300 | Rev: 0/99999
Epoch 1387 | Cost: 0.288500 | Acc: 86.11% (Best: 91.67% @ Ep772) | LR: 0.000300 | Rev: 1/99999
Epoch 1388 | Cost: 0.269977 | Acc: 86.11% (Best: 91.67% @ Ep772) | LR: 0.000300 | Rev: 0/99999
Epoch 1389 | Cost: 0.250369 | Acc: 86.11% (Best: 91.67% @ Ep772) | LR: 0.000300 | Rev: 0/99999
Epoch 1390 | Cost: 0.270175 | Acc: 86.11% (Best: 91.67% @ Ep772) | LR: 0.000300 | Rev: 1/99999
Epoch 1391 | Cost: 0.287620 | Acc: 86.11% (Best: 91.67% @ Ep772) | LR: 0.000300 | Rev: 2/99999
Epoch 1392 | Cost: 0.268741 | Acc: 86.11% (Best: 91.67% @ Ep772) | LR: 0.000300 | Rev: 0/99999
Epoch 1393 | Cost: 0.277751 | Acc: 86.11% (Best: 91.67% @ Ep772) | LR: 0.000300 | Rev: 1/99999
Epoch 1394 | Cost: 0.264861 | Acc: 86.11% (Best: 91.67% @ Ep772) | LR: 0.000300 | Rev: 0/99999
Epoch 1395 | Cost: 0.285398 | Acc: 86.11% (Best: 91.67% @ Ep772) | LR: 0.000300 | Rev: 1/99999
Epoch 1396 | Cost: 0.270653 | Acc: 86.11% (Best: 91.67% @ Ep772) | LR: 0.000300 | Rev: 0/99999
Epoch 1397 | Cost: 0.266647 | Acc: 86.11% (Best: 91.67% @ Ep772) | LR: 0.000300 | Rev: 0/99999
Epoch 1398 | Cost: 0.264312 | Acc: 86.11% (Best: 91.67% @ Ep772) | LR: 0.000300 | Rev: 0/99999
Epoch 1399 | Cost: 0.291933 | Acc: 86.11% (Best: 91.67% @ Ep772) | LR: 0.000300 | Rev: 1/99999
Epoch 1400 | Cost: 0.265955 | Acc: 86.11% (Best: 91.67% @ Ep772) | LR: 0.000300 | Rev: 0/99999
Epoch 1401 | Cost: 0.289310 | Acc: 86.11% (Best: 91.67% @ Ep772) | LR: 0.000300 | Rev: 1/99999
Epoch 1402 | Cost: 0.267404 | Acc: 86.11% (Best: 91.67% @ Ep772) | LR: 0.000300 | Rev: 0/99999
Epoch 1403 | Cost: 0.284383 | Acc: 86.11% (Best: 91.67% @ Ep772) | LR: 0.000300 | Rev: 1/99999
Epoch 1404 | Cost: 0.276280 | Acc: 86.11% (Best: 91.67% @ Ep772) | LR: 0.000300 | Rev: 0/99999
Epoch 1405 | Cost: 0.267162 | Acc: 86.11% (Best: 91.67% @ Ep772) | LR: 0.000300 | Rev: 0/99999
Epoch 1406 | Cost: 0.270255 | Acc: 86.11% (Best: 91.67% @ Ep772) | LR: 0.000300 | Rev: 1/99999
Epoch 1407 | Cost: 0.282564 | Acc: 86.11% (Best: 91.67% @ Ep772) | LR: 0.000300 | Rev: 2/99999
Epoch 1408 | Cost: 0.262651 | Acc: 86.11% (Best: 91.67% @ Ep772) | LR: 0.000300 | Rev: 0/99999
Epoch 1409 | Cost: 0.282250 | Acc: 86.11% (Best: 91.67% @ Ep772) | LR: 0.000300 | Rev: 1/99999
Epoch 1410 | Cost: 0.277086 | Acc: 86.11% (Best: 91.67% @ Ep772) | LR: 0.000300 | Rev: 0/99999
Epoch 1411 | Cost: 0.264059 | Acc: 86.11% (Best: 91.67% @ Ep772) | LR: 0.000300 | Rev: 0/99999
Epoch 1412 | Cost: 0.280416 | Acc: 86.11% (Best: 91.67% @ Ep772) | LR: 0.000300 | Rev: 1/99999
Epoch 1413 | Cost: 0.276142 | Acc: 86.11% (Best: 91.67% @ Ep772) | LR: 0.000300 | Rev: 0/99999
Epoch 1414 | Cost: 0.261751 | Acc: 86.11% (Best: 91.67% @ Ep772) | LR: 0.000300 | Rev: 0/99999
Epoch 1415 | Cost: 0.259553 | Acc: 86.11% (Best: 91.67% @ Ep772) | LR: 0.000300 | Rev: 0/99999
Epoch 1416 | Cost: 0.280711 | Acc: 86.11% (Best: 91.67% @ Ep772) | LR: 0.000300 | Rev: 1/99999
Epoch 1417 | Cost: 0.262275 | Acc: 86.11% (Best: 91.67% @ Ep772) | LR: 0.000300 | Rev: 0/99999
Epoch 1418 | Cost: 0.277480 | Acc: 86.11% (Best: 91.67% @ Ep772) | LR: 0.000300 | Rev: 1/99999
Epoch 1419 | Cost: 0.267092 | Acc: 86.11% (Best: 91.67% @ Ep772) | LR: 0.000300 | Rev: 0/99999
Epoch 1420 | Cost: 0.249981 | Acc: 86.11% (Best: 91.67% @ Ep772) | LR: 0.000300 | Rev: 0/99999
Epoch 1421 | Cost: 0.267828 | Acc: 86.11% (Best: 91.67% @ Ep772) | LR: 0.000300 | Rev: 1/99999
Epoch 1422 | Cost: 0.269227 | Acc: 86.11% (Best: 91.67% @ Ep772) | LR: 0.000300 | Rev: 2/99999
Epoch 1423 | Cost: 0.256586 | Acc: 86.11% (Best: 91.67% @ Ep772) | LR: 0.000300 | Rev: 0/99999
Epoch 1424 | Cost: 0.267874 | Acc: 86.11% (Best: 91.67% @ Ep772) | LR: 0.000300 | Rev: 1/99999
Epoch 1425 | Cost: 0.279434 | Acc: 86.11% (Best: 91.67% @ Ep772) | LR: 0.000300 | Rev: 2/99999
Epoch 1426 | Cost: 0.273719 | Acc: 86.11% (Best: 91.67% @ Ep772) | LR: 0.000300 | Rev: 0/99999
Epoch 1427 | Cost: 0.249600 | Acc: 86.11% (Best: 91.67% @ Ep772) | LR: 0.000300 | Rev: 0/99999
Epoch 1428 | Cost: 0.263067 | Acc: 86.11% (Best: 91.67% @ Ep772) | LR: 0.000300 | Rev: 1/99999
Epoch 1429 | Cost: 0.268295 | Acc: 86.11% (Best: 91.67% @ Ep772) | LR: 0.000300 | Rev: 2/99999
Epoch 1430 | Cost: 0.249663 | Acc: 86.11% (Best: 91.67% @ Ep772) | LR: 0.000300 | Rev: 0/99999
Epoch 1431 | Cost: 0.244619 | Acc: 86.11% (Best: 91.67% @ Ep772) | LR: 0.000300 | Rev: 0/99999
Epoch 1432 | Cost: 0.260359 | Acc: 88.89% (Best: 91.67% @ Ep772) | LR: 0.000300 | Rev: 1/99999
Epoch 1433 | Cost: 0.249259 | Acc: 86.11% (Best: 91.67% @ Ep772) | LR: 0.000300 | Rev: 0/99999
Epoch 1434 | Cost: 0.274762 | Acc: 86.11% (Best: 91.67% @ Ep772) | LR: 0.000300 | Rev: 1/99999
Epoch 1435 | Cost: 0.264053 | Acc: 88.89% (Best: 91.67% @ Ep772) | LR: 0.000300 | Rev: 0/99999
Epoch 1436 | Cost: 0.275135 | Acc: 88.89% (Best: 91.67% @ Ep772) | LR: 0.000300 | Rev: 1/99999
Epoch 1437 | Cost: 0.250657 | Acc: 88.89% (Best: 91.67% @ Ep772) | LR: 0.000300 | Rev: 0/99999
Epoch 1438 | Cost: 0.255443 | Acc: 88.89% (Best: 91.67% @ Ep772) | LR: 0.000300 | Rev: 1/99999
Epoch 1439 | Cost: 0.259074 | Acc: 88.89% (Best: 91.67% @ Ep772) | LR: 0.000300 | Rev: 2/99999
Epoch 1440 | Cost: 0.262070 | Acc: 88.89% (Best: 91.67% @ Ep772) | LR: 0.000300 | Rev: 3/99999
Epoch 1441 | Cost: 0.266441 | Acc: 86.11% (Best: 91.67% @ Ep772) | LR: 0.000300 | Rev: 4/99999
Epoch 1442 | Cost: 0.248484 | Acc: 86.11% (Best: 91.67% @ Ep772) | LR: 0.000300 | Rev: 0/99999
Epoch 1443 | Cost: 0.279590 | Acc: 86.11% (Best: 91.67% @ Ep772) | LR: 0.000300 | Rev: 1/99999
Epoch 1444 | Cost: 0.243188 | Acc: 86.11% (Best: 91.67% @ Ep772) | LR: 0.000300 | Rev: 0/99999
Epoch 1445 | Cost: 0.270164 | Acc: 86.11% (Best: 91.67% @ Ep772) | LR: 0.000300 | Rev: 1/99999
Epoch 1446 | Cost: 0.250887 | Acc: 86.11% (Best: 91.67% @ Ep772) | LR: 0.000300 | Rev: 0/99999
Epoch 1447 | Cost: 0.267322 | Acc: 86.11% (Best: 91.67% @ Ep772) | LR: 0.000300 | Rev: 1/99999
Epoch 1448 | Cost: 0.254869 | Acc: 86.11% (Best: 91.67% @ Ep772) | LR: 0.000300 | Rev: 0/99999
Epoch 1449 | Cost: 0.262168 | Acc: 86.11% (Best: 91.67% @ Ep772) | LR: 0.000300 | Rev: 1/99999
Epoch 1450 | Cost: 0.258842 | Acc: 86.11% (Best: 91.67% @ Ep772) | LR: 0.000300 | Rev: 0/99999
Epoch 1451 | Cost: 0.237475 | Acc: 86.11% (Best: 91.67% @ Ep772) | LR: 0.000300 | Rev: 0/99999
Epoch 1452 | Cost: 0.273324 | Acc: 86.11% (Best: 91.67% @ Ep772) | LR: 0.000300 | Rev: 1/99999
Epoch 1453 | Cost: 0.251349 | Acc: 86.11% (Best: 91.67% @ Ep772) | LR: 0.000300 | Rev: 0/99999
Epoch 1454 | Cost: 0.254795 | Acc: 86.11% (Best: 91.67% @ Ep772) | LR: 0.000300 | Rev: 1/99999
Epoch 1455 | Cost: 0.266773 | Acc: 86.11% (Best: 91.67% @ Ep772) | LR: 0.000300 | Rev: 2/99999
Epoch 1456 | Cost: 0.275672 | Acc: 86.11% (Best: 91.67% @ Ep772) | LR: 0.000300 | Rev: 3/99999
Epoch 1457 | Cost: 0.268907 | Acc: 86.11% (Best: 91.67% @ Ep772) | LR: 0.000300 | Rev: 0/99999
Epoch 1458 | Cost: 0.250931 | Acc: 86.11% (Best: 91.67% @ Ep772) | LR: 0.000300 | Rev: 0/99999
Epoch 1459 | Cost: 0.249214 | Acc: 86.11% (Best: 91.67% @ Ep772) | LR: 0.000300 | Rev: 0/99999
Epoch 1460 | Cost: 0.244361 | Acc: 86.11% (Best: 91.67% @ Ep772) | LR: 0.000300 | Rev: 0/99999
Epoch 1461 | Cost: 0.271578 | Acc: 86.11% (Best: 91.67% @ Ep772) | LR: 0.000300 | Rev: 1/99999
Epoch 1462 | Cost: 0.231656 | Acc: 86.11% (Best: 91.67% @ Ep772) | LR: 0.000300 | Rev: 0/99999
Epoch 1463 | Cost: 0.262580 | Acc: 86.11% (Best: 91.67% @ Ep772) | LR: 0.000300 | Rev: 1/99999
Epoch 1464 | Cost: 0.259443 | Acc: 86.11% (Best: 91.67% @ Ep772) | LR: 0.000300 | Rev: 0/99999
Epoch 1465 | Cost: 0.250101 | Acc: 86.11% (Best: 91.67% @ Ep772) | LR: 0.000300 | Rev: 0/99999
Epoch 1466 | Cost: 0.261281 | Acc: 88.89% (Best: 91.67% @ Ep772) | LR: 0.000300 | Rev: 1/99999
Epoch 1467 | Cost: 0.254404 | Acc: 88.89% (Best: 91.67% @ Ep772) | LR: 0.000300 | Rev: 0/99999
Epoch 1468 | Cost: 0.243361 | Acc: 88.89% (Best: 91.67% @ Ep772) | LR: 0.000300 | Rev: 0/99999
Epoch 1469 | Cost: 0.245821 | Acc: 88.89% (Best: 91.67% @ Ep772) | LR: 0.000300 | Rev: 1/99999
Epoch 1470 | Cost: 0.227211 | Acc: 88.89% (Best: 91.67% @ Ep772) | LR: 0.000300 | Rev: 0/99999
Epoch 1471 | Cost: 0.246420 | Acc: 88.89% (Best: 91.67% @ Ep772) | LR: 0.000300 | Rev: 1/99999
Epoch 1472 | Cost: 0.277033 | Acc: 88.89% (Best: 91.67% @ Ep772) | LR: 0.000300 | Rev: 2/99999
Epoch 1473 | Cost: 0.264865 | Acc: 88.89% (Best: 91.67% @ Ep772) | LR: 0.000300 | Rev: 0/99999
Epoch 1474 | Cost: 0.247452 | Acc: 88.89% (Best: 91.67% @ Ep772) | LR: 0.000300 | Rev: 0/99999
Epoch 1475 | Cost: 0.238384 | Acc: 88.89% (Best: 91.67% @ Ep772) | LR: 0.000300 | Rev: 0/99999
Epoch 1476 | Cost: 0.241459 | Acc: 88.89% (Best: 91.67% @ Ep772) | LR: 0.000300 | Rev: 1/99999
Epoch 1477 | Cost: 0.253793 | Acc: 88.89% (Best: 91.67% @ Ep772) | LR: 0.000300 | Rev: 2/99999
Epoch 1478 | Cost: 0.254480 | Acc: 88.89% (Best: 91.67% @ Ep772) | LR: 0.000300 | Rev: 3/99999
Epoch 1479 | Cost: 0.249592 | Acc: 88.89% (Best: 91.67% @ Ep772) | LR: 0.000300 | Rev: 0/99999
Epoch 1480 | Cost: 0.235189 | Acc: 88.89% (Best: 91.67% @ Ep772) | LR: 0.000300 | Rev: 0/99999
Epoch 1481 | Cost: 0.228563 | Acc: 88.89% (Best: 91.67% @ Ep772) | LR: 0.000300 | Rev: 0/99999
Epoch 1482 | Cost: 0.250030 | Acc: 88.89% (Best: 91.67% @ Ep772) | LR: 0.000300 | Rev: 1/99999
Epoch 1483 | Cost: 0.254619 | Acc: 88.89% (Best: 91.67% @ Ep772) | LR: 0.000300 | Rev: 2/99999
Epoch 1484 | Cost: 0.264719 | Acc: 88.89% (Best: 91.67% @ Ep772) | LR: 0.000300 | Rev: 3/99999
Epoch 1485 | Cost: 0.242502 | Acc: 88.89% (Best: 91.67% @ Ep772) | LR: 0.000300 | Rev: 0/99999
Epoch 1486 | Cost: 0.260451 | Acc: 88.89% (Best: 91.67% @ Ep772) | LR: 0.000300 | Rev: 1/99999
Epoch 1487 | Cost: 0.254119 | Acc: 88.89% (Best: 91.67% @ Ep772) | LR: 0.000300 | Rev: 0/99999
Epoch 1488 | Cost: 0.242473 | Acc: 88.89% (Best: 91.67% @ Ep772) | LR: 0.000300 | Rev: 0/99999
Epoch 1489 | Cost: 0.246490 | Acc: 88.89% (Best: 91.67% @ Ep772) | LR: 0.000300 | Rev: 1/99999
Epoch 1490 | Cost: 0.245684 | Acc: 88.89% (Best: 91.67% @ Ep772) | LR: 0.000300 | Rev: 0/99999
Epoch 1491 | Cost: 0.245870 | Acc: 88.89% (Best: 91.67% @ Ep772) | LR: 0.000300 | Rev: 1/99999
Epoch 1492 | Cost: 0.253586 | Acc: 88.89% (Best: 91.67% @ Ep772) | LR: 0.000300 | Rev: 2/99999
Epoch 1493 | Cost: 0.216837 | Acc: 88.89% (Best: 91.67% @ Ep772) | LR: 0.000300 | Rev: 0/99999
Epoch 1494 | Cost: 0.242504 | Acc: 88.89% (Best: 91.67% @ Ep772) | LR: 0.000300 | Rev: 1/99999
Epoch 1495 | Cost: 0.239596 | Acc: 88.89% (Best: 91.67% @ Ep772) | LR: 0.000300 | Rev: 0/99999
Epoch 1496 | Cost: 0.246766 | Acc: 86.11% (Best: 91.67% @ Ep772) | LR: 0.000300 | Rev: 1/99999
Epoch 1497 | Cost: 0.258819 | Acc: 86.11% (Best: 91.67% @ Ep772) | LR: 0.000300 | Rev: 2/99999
Epoch 1498 | Cost: 0.236290 | Acc: 86.11% (Best: 91.67% @ Ep772) | LR: 0.000300 | Rev: 0/99999
Epoch 1499 | Cost: 0.245933 | Acc: 88.89% (Best: 91.67% @ Ep772) | LR: 0.000300 | Rev: 1/99999
Epoch 1500 | Cost: 0.239744 | Acc: 88.89% (Best: 91.67% @ Ep772) | LR: 0.000300 | Rev: 0/99999
Epoch 1501 | Cost: 0.241643 | Acc: 88.89% (Best: 91.67% @ Ep772) | LR: 0.000300 | Rev: 1/99999
Epoch 1502 | Cost: 0.245490 | Acc: 88.89% (Best: 91.67% @ Ep772) | LR: 0.000300 | Rev: 2/99999
Epoch 1503 | Cost: 0.228080 | Acc: 88.89% (Best: 91.67% @ Ep772) | LR: 0.000300 | Rev: 0/99999
Epoch 1504 | Cost: 0.252431 | Acc: 88.89% (Best: 91.67% @ Ep772) | LR: 0.000300 | Rev: 1/99999
Epoch 1505 | Cost: 0.255721 | Acc: 88.89% (Best: 91.67% @ Ep772) | LR: 0.000300 | Rev: 2/99999
Epoch 1506 | Cost: 0.260847 | Acc: 88.89% (Best: 91.67% @ Ep772) | LR: 0.000300 | Rev: 3/99999
Epoch 1507 | Cost: 0.230175 | Acc: 88.89% (Best: 91.67% @ Ep772) | LR: 0.000300 | Rev: 0/99999
Epoch 1508 | Cost: 0.247678 | Acc: 88.89% (Best: 91.67% @ Ep772) | LR: 0.000300 | Rev: 1/99999
Epoch 1509 | Cost: 0.242135 | Acc: 88.89% (Best: 91.67% @ Ep772) | LR: 0.000300 | Rev: 0/99999
Epoch 1510 | Cost: 0.231118 | Acc: 86.11% (Best: 91.67% @ Ep772) | LR: 0.000300 | Rev: 0/99999
Epoch 1511 | Cost: 0.256991 | Acc: 88.89% (Best: 91.67% @ Ep772) | LR: 0.000300 | Rev: 1/99999
Epoch 1512 | Cost: 0.250582 | Acc: 88.89% (Best: 91.67% @ Ep772) | LR: 0.000300 | Rev: 0/99999
Epoch 1513 | Cost: 0.237187 | Acc: 88.89% (Best: 91.67% @ Ep772) | LR: 0.000300 | Rev: 0/99999
Epoch 1514 | Cost: 0.222007 | Acc: 88.89% (Best: 91.67% @ Ep772) | LR: 0.000300 | Rev: 0/99999
Epoch 1515 | Cost: 0.251688 | Acc: 86.11% (Best: 91.67% @ Ep772) | LR: 0.000300 | Rev: 1/99999
Epoch 1516 | Cost: 0.257697 | Acc: 86.11% (Best: 91.67% @ Ep772) | LR: 0.000300 | Rev: 2/99999
Epoch 1517 | Cost: 0.246100 | Acc: 88.89% (Best: 91.67% @ Ep772) | LR: 0.000300 | Rev: 0/99999
Epoch 1518 | Cost: 0.219902 | Acc: 88.89% (Best: 91.67% @ Ep772) | LR: 0.000300 | Rev: 0/99999
Epoch 1519 | Cost: 0.233364 | Acc: 88.89% (Best: 91.67% @ Ep772) | LR: 0.000300 | Rev: 1/99999
Epoch 1520 | Cost: 0.254724 | Acc: 88.89% (Best: 91.67% @ Ep772) | LR: 0.000300 | Rev: 2/99999
Epoch 1521 | Cost: 0.263457 | Acc: 88.89% (Best: 91.67% @ Ep772) | LR: 0.000300 | Rev: 3/99999
Epoch 1522 | Cost: 0.242879 | Acc: 88.89% (Best: 91.67% @ Ep772) | LR: 0.000300 | Rev: 0/99999
Epoch 1523 | Cost: 0.249349 | Acc: 88.89% (Best: 91.67% @ Ep772) | LR: 0.000300 | Rev: 1/99999
Epoch 1524 | Cost: 0.224500 | Acc: 88.89% (Best: 91.67% @ Ep772) | LR: 0.000300 | Rev: 0/99999
Epoch 1525 | Cost: 0.235795 | Acc: 88.89% (Best: 91.67% @ Ep772) | LR: 0.000300 | Rev: 1/99999
Epoch 1526 | Cost: 0.266786 | Acc: 88.89% (Best: 91.67% @ Ep772) | LR: 0.000300 | Rev: 2/99999
Epoch 1527 | Cost: 0.243954 | Acc: 88.89% (Best: 91.67% @ Ep772) | LR: 0.000300 | Rev: 0/99999
Epoch 1528 | Cost: 0.238880 | Acc: 88.89% (Best: 91.67% @ Ep772) | LR: 0.000300 | Rev: 0/99999
Epoch 1529 | Cost: 0.221693 | Acc: 86.11% (Best: 91.67% @ Ep772) | LR: 0.000300 | Rev: 0/99999
Epoch 1530 | Cost: 0.220798 | Acc: 86.11% (Best: 91.67% @ Ep772) | LR: 0.000300 | Rev: 0/99999
Epoch 1531 | Cost: 0.247216 | Acc: 88.89% (Best: 91.67% @ Ep772) | LR: 0.000300 | Rev: 1/99999
Epoch 1532 | Cost: 0.231173 | Acc: 88.89% (Best: 91.67% @ Ep772) | LR: 0.000300 | Rev: 0/99999
Epoch 1533 | Cost: 0.232193 | Acc: 88.89% (Best: 91.67% @ Ep772) | LR: 0.000300 | Rev: 1/99999
Epoch 1534 | Cost: 0.237878 | Acc: 88.89% (Best: 91.67% @ Ep772) | LR: 0.000300 | Rev: 2/99999
Epoch 1535 | Cost: 0.257933 | Acc: 86.11% (Best: 91.67% @ Ep772) | LR: 0.000300 | Rev: 3/99999
Epoch 1536 | Cost: 0.234888 | Acc: 88.89% (Best: 91.67% @ Ep772) | LR: 0.000300 | Rev: 0/99999
Epoch 1537 | Cost: 0.241513 | Acc: 88.89% (Best: 91.67% @ Ep772) | LR: 0.000300 | Rev: 1/99999
Epoch 1538 | Cost: 0.242531 | Acc: 88.89% (Best: 91.67% @ Ep772) | LR: 0.000300 | Rev: 2/99999
Epoch 1539 | Cost: 0.234084 | Acc: 91.67% (Best: 91.67% @ Ep772) | LR: 0.000300 | Rev: 0/99999
Epoch 1540 | Cost: 0.235782 | Acc: 91.67% (Best: 91.67% @ Ep772) | LR: 0.000300 | Rev: 1/99999
Epoch 1541 | Cost: 0.267860 | Acc: 91.67% (Best: 91.67% @ Ep772) | LR: 0.000300 | Rev: 2/99999
Epoch 1542 | Cost: 0.220367 | Acc: 91.67% (Best: 91.67% @ Ep772) | LR: 0.000300 | Rev: 0/99999
Epoch 1543 | Cost: 0.233604 | Acc: 91.67% (Best: 91.67% @ Ep772) | LR: 0.000300 | Rev: 1/99999
Epoch 1544 | Cost: 0.248116 | Acc: 91.67% (Best: 91.67% @ Ep772) | LR: 0.000300 | Rev: 2/99999
Epoch 1545 | Cost: 0.231235 | Acc: 91.67% (Best: 91.67% @ Ep772) | LR: 0.000300 | Rev: 0/99999
Epoch 1546 | Cost: 0.223001 | Acc: 91.67% (Best: 91.67% @ Ep772) | LR: 0.000300 | Rev: 0/99999
Epoch 1547 | Cost: 0.241601 | Acc: 91.67% (Best: 91.67% @ Ep772) | LR: 0.000300 | Rev: 1/99999
Epoch 1548 | Cost: 0.265546 | Acc: 91.67% (Best: 91.67% @ Ep772) | LR: 0.000300 | Rev: 2/99999
Epoch 1549 | Cost: 0.256250 | Acc: 91.67% (Best: 91.67% @ Ep772) | LR: 0.000300 | Rev: 0/99999
Epoch 1550 | Cost: 0.250610 | Acc: 91.67% (Best: 91.67% @ Ep772) | LR: 0.000300 | Rev: 0/99999
Epoch 1551 | Cost: 0.227535 | Acc: 91.67% (Best: 91.67% @ Ep772) | LR: 0.000300 | Rev: 0/99999
Epoch 1552 | Cost: 0.218930 | Acc: 88.89% (Best: 91.67% @ Ep772) | LR: 0.000300 | Rev: 0/99999
Epoch 1553 | Cost: 0.255292 | Acc: 88.89% (Best: 91.67% @ Ep772) | LR: 0.000300 | Rev: 1/99999
Epoch 1554 | Cost: 0.245354 | Acc: 88.89% (Best: 91.67% @ Ep772) | LR: 0.000300 | Rev: 0/99999
Epoch 1555 | Cost: 0.232174 | Acc: 91.67% (Best: 91.67% @ Ep772) | LR: 0.000300 | Rev: 0/99999
Epoch 1556 | Cost: 0.238134 | Acc: 88.89% (Best: 91.67% @ Ep772) | LR: 0.000300 | Rev: 1/99999
Epoch 1557 | Cost: 0.253456 | Acc: 88.89% (Best: 91.67% @ Ep772) | LR: 0.000300 | Rev: 2/99999
Epoch 1558 | Cost: 0.257188 | Acc: 88.89% (Best: 91.67% @ Ep772) | LR: 0.000300 | Rev: 3/99999
Epoch 1559 | Cost: 0.260588 | Acc: 91.67% (Best: 91.67% @ Ep772) | LR: 0.000300 | Rev: 4/99999
Epoch 1560 | Cost: 0.234271 | Acc: 88.89% (Best: 91.67% @ Ep772) | LR: 0.000300 | Rev: 0/99999
Epoch 1561 | Cost: 0.238459 | Acc: 91.67% (Best: 91.67% @ Ep772) | LR: 0.000300 | Rev: 1/99999
Epoch 1562 | Cost: 0.224868 | Acc: 88.89% (Best: 91.67% @ Ep772) | LR: 0.000300 | Rev: 0/99999
Epoch 1563 | Cost: 0.232920 | Acc: 88.89% (Best: 91.67% @ Ep772) | LR: 0.000300 | Rev: 1/99999
Epoch 1564 | Cost: 0.224252 | Acc: 88.89% (Best: 91.67% @ Ep772) | LR: 0.000300 | Rev: 0/99999
Epoch 1565 | Cost: 0.215784 | Acc: 88.89% (Best: 91.67% @ Ep772) | LR: 0.000300 | Rev: 0/99999
Epoch 1566 | Cost: 0.218756 | Acc: 88.89% (Best: 91.67% @ Ep772) | LR: 0.000300 | Rev: 1/99999
Epoch 1567 | Cost: 0.235571 | Acc: 91.67% (Best: 91.67% @ Ep772) | LR: 0.000300 | Rev: 2/99999
Epoch 1568 | Cost: 0.236923 | Acc: 88.89% (Best: 91.67% @ Ep772) | LR: 0.000300 | Rev: 3/99999
Epoch 1569 | Cost: 0.229211 | Acc: 88.89% (Best: 91.67% @ Ep772) | LR: 0.000300 | Rev: 0/99999
Epoch 1570 | Cost: 0.214047 | Acc: 88.89% (Best: 91.67% @ Ep772) | LR: 0.000300 | Rev: 0/99999
Epoch 1571 | Cost: 0.216246 | Acc: 88.89% (Best: 91.67% @ Ep772) | LR: 0.000300 | Rev: 1/99999
Epoch 1572 | Cost: 0.235360 | Acc: 88.89% (Best: 91.67% @ Ep772) | LR: 0.000300 | Rev: 2/99999
Epoch 1573 | Cost: 0.229669 | Acc: 88.89% (Best: 91.67% @ Ep772) | LR: 0.000300 | Rev: 0/99999
Epoch 1574 | Cost: 0.237076 | Acc: 88.89% (Best: 91.67% @ Ep772) | LR: 0.000300 | Rev: 1/99999
Epoch 1575 | Cost: 0.211788 | Acc: 88.89% (Best: 91.67% @ Ep772) | LR: 0.000300 | Rev: 0/99999
Epoch 1576 | Cost: 0.238342 | Acc: 88.89% (Best: 91.67% @ Ep772) | LR: 0.000300 | Rev: 1/99999
Epoch 1577 | Cost: 0.229938 | Acc: 88.89% (Best: 91.67% @ Ep772) | LR: 0.000300 | Rev: 0/99999
Epoch 1578 | Cost: 0.228737 | Acc: 88.89% (Best: 91.67% @ Ep772) | LR: 0.000300 | Rev: 0/99999
Epoch 1579 | Cost: 0.238964 | Acc: 88.89% (Best: 91.67% @ Ep772) | LR: 0.000300 | Rev: 1/99999
Epoch 1580 | Cost: 0.219928 | Acc: 88.89% (Best: 91.67% @ Ep772) | LR: 0.000300 | Rev: 0/99999
Epoch 1581 | Cost: 0.208964 | Acc: 88.89% (Best: 91.67% @ Ep772) | LR: 0.000300 | Rev: 0/99999
Epoch 1582 | Cost: 0.225311 | Acc: 88.89% (Best: 91.67% @ Ep772) | LR: 0.000300 | Rev: 1/99999
Epoch 1583 | Cost: 0.238483 | Acc: 88.89% (Best: 91.67% @ Ep772) | LR: 0.000300 | Rev: 2/99999
Epoch 1584 | Cost: 0.218163 | Acc: 88.89% (Best: 91.67% @ Ep772) | LR: 0.000300 | Rev: 0/99999
Epoch 1585 | Cost: 0.263323 | Acc: 88.89% (Best: 91.67% @ Ep772) | LR: 0.000300 | Rev: 1/99999
Epoch 1586 | Cost: 0.212236 | Acc: 88.89% (Best: 91.67% @ Ep772) | LR: 0.000300 | Rev: 0/99999
Epoch 1587 | Cost: 0.210860 | Acc: 88.89% (Best: 91.67% @ Ep772) | LR: 0.000300 | Rev: 0/99999
Epoch 1588 | Cost: 0.215762 | Acc: 88.89% (Best: 91.67% @ Ep772) | LR: 0.000300 | Rev: 1/99999
Epoch 1589 | Cost: 0.227046 | Acc: 88.89% (Best: 91.67% @ Ep772) | LR: 0.000300 | Rev: 2/99999
Epoch 1590 | Cost: 0.203164 | Acc: 88.89% (Best: 91.67% @ Ep772) | LR: 0.000300 | Rev: 0/99999
Epoch 1591 | Cost: 0.212987 | Acc: 88.89% (Best: 91.67% @ Ep772) | LR: 0.000300 | Rev: 1/99999
Epoch 1592 | Cost: 0.219698 | Acc: 88.89% (Best: 91.67% @ Ep772) | LR: 0.000300 | Rev: 2/99999
Epoch 1593 | Cost: 0.219055 | Acc: 88.89% (Best: 91.67% @ Ep772) | LR: 0.000300 | Rev: 0/99999
Epoch 1594 | Cost: 0.244550 | Acc: 88.89% (Best: 91.67% @ Ep772) | LR: 0.000300 | Rev: 1/99999
Epoch 1595 | Cost: 0.227241 | Acc: 88.89% (Best: 91.67% @ Ep772) | LR: 0.000300 | Rev: 0/99999
Epoch 1596 | Cost: 0.217398 | Acc: 88.89% (Best: 91.67% @ Ep772) | LR: 0.000300 | Rev: 0/99999
Epoch 1597 | Cost: 0.204802 | Acc: 88.89% (Best: 91.67% @ Ep772) | LR: 0.000300 | Rev: 0/99999
Epoch 1598 | Cost: 0.230438 | Acc: 88.89% (Best: 91.67% @ Ep772) | LR: 0.000300 | Rev: 1/99999
Epoch 1599 | Cost: 0.225730 | Acc: 88.89% (Best: 91.67% @ Ep772) | LR: 0.000300 | Rev: 0/99999
Epoch 1600 | Cost: 0.212606 | Acc: 88.89% (Best: 91.67% @ Ep772) | LR: 0.000300 | Rev: 0/99999
Epoch 1601 | Cost: 0.221376 | Acc: 88.89% (Best: 91.67% @ Ep772) | LR: 0.000300 | Rev: 1/99999
Epoch 1602 | Cost: 0.223741 | Acc: 88.89% (Best: 91.67% @ Ep772) | LR: 0.000300 | Rev: 2/99999
Epoch 1603 | Cost: 0.210010 | Acc: 88.89% (Best: 91.67% @ Ep772) | LR: 0.000300 | Rev: 0/99999
Epoch 1604 | Cost: 0.235203 | Acc: 88.89% (Best: 91.67% @ Ep772) | LR: 0.000300 | Rev: 1/99999
Epoch 1605 | Cost: 0.229384 | Acc: 88.89% (Best: 91.67% @ Ep772) | LR: 0.000300 | Rev: 0/99999
Epoch 1606 | Cost: 0.211884 | Acc: 91.67% (Best: 91.67% @ Ep772) | LR: 0.000300 | Rev: 0/99999
Epoch 1607 | Cost: 0.222909 | Acc: 91.67% (Best: 91.67% @ Ep772) | LR: 0.000300 | Rev: 1/99999
Epoch 1608 | Cost: 0.224802 | Acc: 88.89% (Best: 91.67% @ Ep772) | LR: 0.000300 | Rev: 2/99999
Epoch 1609 | Cost: 0.202943 | Acc: 88.89% (Best: 91.67% @ Ep772) | LR: 0.000300 | Rev: 0/99999
Epoch 1610 | Cost: 0.210924 | Acc: 91.67% (Best: 91.67% @ Ep772) | LR: 0.000300 | Rev: 1/99999
Epoch 1611 | Cost: 0.222656 | Acc: 91.67% (Best: 91.67% @ Ep772) | LR: 0.000300 | Rev: 2/99999
Epoch 1612 | Cost: 0.212295 | Acc: 91.67% (Best: 91.67% @ Ep772) | LR: 0.000300 | Rev: 0/99999
Epoch 1613 | Cost: 0.220888 | Acc: 91.67% (Best: 91.67% @ Ep772) | LR: 0.000300 | Rev: 1/99999
Epoch 1614 | Cost: 0.221578 | Acc: 91.67% (Best: 91.67% @ Ep772) | LR: 0.000300 | Rev: 2/99999
Epoch 1615 | Cost: 0.235050 | Acc: 91.67% (Best: 91.67% @ Ep772) | LR: 0.000300 | Rev: 3/99999
Epoch 1616 | Cost: 0.215686 | Acc: 91.67% (Best: 91.67% @ Ep772) | LR: 0.000300 | Rev: 0/99999
Epoch 1617 | Cost: 0.198163 | Acc: 91.67% (Best: 91.67% @ Ep772) | LR: 0.000300 | Rev: 0/99999
Epoch 1618 | Cost: 0.216361 | Acc: 88.89% (Best: 91.67% @ Ep772) | LR: 0.000300 | Rev: 1/99999
Epoch 1619 | Cost: 0.206780 | Acc: 88.89% (Best: 91.67% @ Ep772) | LR: 0.000300 | Rev: 0/99999
Epoch 1620 | Cost: 0.229177 | Acc: 91.67% (Best: 91.67% @ Ep772) | LR: 0.000300 | Rev: 1/99999
Epoch 1621 | Cost: 0.211804 | Acc: 91.67% (Best: 91.67% @ Ep772) | LR: 0.000300 | Rev: 0/99999
Epoch 1622 | Cost: 0.200386 | Acc: 91.67% (Best: 91.67% @ Ep772) | LR: 0.000300 | Rev: 0/99999
Epoch 1623 | Cost: 0.208786 | Acc: 91.67% (Best: 91.67% @ Ep772) | LR: 0.000300 | Rev: 1/99999
Epoch 1624 | Cost: 0.229829 | Acc: 91.67% (Best: 91.67% @ Ep772) | LR: 0.000300 | Rev: 2/99999
Epoch 1625 | Cost: 0.223913 | Acc: 91.67% (Best: 91.67% @ Ep772) | LR: 0.000300 | Rev: 0/99999
Epoch 1626 | Cost: 0.200921 | Acc: 91.67% (Best: 91.67% @ Ep772) | LR: 0.000300 | Rev: 0/99999
Epoch 1627 | Cost: 0.220873 | Acc: 91.67% (Best: 91.67% @ Ep772) | LR: 0.000300 | Rev: 1/99999
Epoch 1628 | Cost: 0.246248 | Acc: 91.67% (Best: 91.67% @ Ep772) | LR: 0.000300 | Rev: 2/99999
Epoch 1629 | Cost: 0.195961 | Acc: 91.67% (Best: 91.67% @ Ep772) | LR: 0.000300 | Rev: 0/99999
Epoch 1630 | Cost: 0.220527 | Acc: 91.67% (Best: 91.67% @ Ep772) | LR: 0.000300 | Rev: 1/99999
Epoch 1631 | Cost: 0.199423 | Acc: 91.67% (Best: 91.67% @ Ep772) | LR: 0.000300 | Rev: 0/99999
Epoch 1632 | Cost: 0.206879 | Acc: 91.67% (Best: 91.67% @ Ep772) | LR: 0.000300 | Rev: 1/99999
Epoch 1633 | Cost: 0.242353 | Acc: 91.67% (Best: 91.67% @ Ep772) | LR: 0.000300 | Rev: 2/99999
Epoch 1634 | Cost: 0.191576 | Acc: 91.67% (Best: 91.67% @ Ep772) | LR: 0.000300 | Rev: 0/99999
Epoch 1635 | Cost: 0.217643 | Acc: 91.67% (Best: 91.67% @ Ep772) | LR: 0.000300 | Rev: 1/99999
Epoch 1636 | Cost: 0.232705 | Acc: 91.67% (Best: 91.67% @ Ep772) | LR: 0.000300 | Rev: 2/99999
Epoch 1637 | Cost: 0.225033 | Acc: 88.89% (Best: 91.67% @ Ep772) | LR: 0.000300 | Rev: 0/99999
Epoch 1638 | Cost: 0.198728 | Acc: 88.89% (Best: 91.67% @ Ep772) | LR: 0.000300 | Rev: 0/99999
Epoch 1639 | Cost: 0.216189 | Acc: 88.89% (Best: 91.67% @ Ep772) | LR: 0.000300 | Rev: 1/99999
Epoch 1640 | Cost: 0.210767 | Acc: 88.89% (Best: 91.67% @ Ep772) | LR: 0.000300 | Rev: 0/99999
Epoch 1641 | Cost: 0.218106 | Acc: 88.89% (Best: 91.67% @ Ep772) | LR: 0.000300 | Rev: 1/99999
Epoch 1642 | Cost: 0.205069 | Acc: 88.89% (Best: 91.67% @ Ep772) | LR: 0.000300 | Rev: 0/99999
Epoch 1643 | Cost: 0.205844 | Acc: 88.89% (Best: 91.67% @ Ep772) | LR: 0.000300 | Rev: 1/99999
Epoch 1644 | Cost: 0.212023 | Acc: 88.89% (Best: 91.67% @ Ep772) | LR: 0.000300 | Rev: 2/99999
Epoch 1645 | Cost: 0.213425 | Acc: 91.67% (Best: 91.67% @ Ep772) | LR: 0.000300 | Rev: 3/99999
Epoch 1646 | Cost: 0.208213 | Acc: 88.89% (Best: 91.67% @ Ep772) | LR: 0.000300 | Rev: 0/99999
Epoch 1647 | Cost: 0.219294 | Acc: 88.89% (Best: 91.67% @ Ep772) | LR: 0.000300 | Rev: 1/99999
Epoch 1648 | Cost: 0.221696 | Acc: 88.89% (Best: 91.67% @ Ep772) | LR: 0.000300 | Rev: 2/99999
Epoch 1649 | Cost: 0.208917 | Acc: 88.89% (Best: 91.67% @ Ep772) | LR: 0.000300 | Rev: 0/99999
Epoch 1650 | Cost: 0.236051 | Acc: 88.89% (Best: 91.67% @ Ep772) | LR: 0.000300 | Rev: 1/99999
Epoch 1651 | Cost: 0.210476 | Acc: 88.89% (Best: 91.67% @ Ep772) | LR: 0.000300 | Rev: 0/99999
Epoch 1652 | Cost: 0.243646 | Acc: 91.67% (Best: 91.67% @ Ep772) | LR: 0.000300 | Rev: 1/99999
Epoch 1653 | Cost: 0.242547 | Acc: 88.89% (Best: 91.67% @ Ep772) | LR: 0.000300 | Rev: 0/99999
Epoch 1654 | Cost: 0.209601 | Acc: 91.67% (Best: 91.67% @ Ep772) | LR: 0.000300 | Rev: 0/99999
Epoch 1655 | Cost: 0.209871 | Acc: 91.67% (Best: 91.67% @ Ep772) | LR: 0.000300 | Rev: 1/99999
Epoch 1656 | Cost: 0.208411 | Acc: 91.67% (Best: 91.67% @ Ep772) | LR: 0.000300 | Rev: 0/99999
Epoch 1657 | Cost: 0.193525 | Acc: 91.67% (Best: 91.67% @ Ep772) | LR: 0.000300 | Rev: 0/99999
Epoch 1658 | Cost: 0.207707 | Acc: 91.67% (Best: 91.67% @ Ep772) | LR: 0.000300 | Rev: 1/99999
Epoch 1659 | Cost: 0.235428 | Acc: 91.67% (Best: 91.67% @ Ep772) | LR: 0.000300 | Rev: 2/99999
Epoch 1660 | Cost: 0.204389 | Acc: 91.67% (Best: 91.67% @ Ep772) | LR: 0.000300 | Rev: 0/99999
Epoch 1661 | Cost: 0.183954 | Acc: 91.67% (Best: 91.67% @ Ep772) | LR: 0.000300 | Rev: 0/99999
Epoch 1662 | Cost: 0.215625 | Acc: 91.67% (Best: 91.67% @ Ep772) | LR: 0.000300 | Rev: 1/99999
Epoch 1663 | Cost: 0.197439 | Acc: 91.67% (Best: 91.67% @ Ep772) | LR: 0.000300 | Rev: 0/99999
Epoch 1664 | Cost: 0.206403 | Acc: 91.67% (Best: 91.67% @ Ep772) | LR: 0.000300 | Rev: 1/99999
Epoch 1665 | Cost: 0.190678 | Acc: 91.67% (Best: 91.67% @ Ep772) | LR: 0.000300 | Rev: 0/99999
Epoch 1666 | Cost: 0.210436 | Acc: 91.67% (Best: 91.67% @ Ep772) | LR: 0.000300 | Rev: 1/99999
Epoch 1667 | Cost: 0.228887 | Acc: 91.67% (Best: 91.67% @ Ep772) | LR: 0.000300 | Rev: 2/99999
Epoch 1668 | Cost: 0.188551 | Acc: 91.67% (Best: 91.67% @ Ep772) | LR: 0.000300 | Rev: 0/99999
Epoch 1669 | Cost: 0.213635 | Acc: 91.67% (Best: 91.67% @ Ep772) | LR: 0.000300 | Rev: 1/99999
Epoch 1670 | Cost: 0.222951 | Acc: 91.67% (Best: 91.67% @ Ep772) | LR: 0.000300 | Rev: 2/99999
Epoch 1671 | Cost: 0.183499 | Acc: 91.67% (Best: 91.67% @ Ep772) | LR: 0.000300 | Rev: 0/99999
Epoch 1672 | Cost: 0.222962 | Acc: 91.67% (Best: 91.67% @ Ep772) | LR: 0.000300 | Rev: 1/99999
Epoch 1673 | Cost: 0.226276 | Acc: 91.67% (Best: 91.67% @ Ep772) | LR: 0.000300 | Rev: 2/99999
Epoch 1674 | Cost: 0.211224 | Acc: 91.67% (Best: 91.67% @ Ep772) | LR: 0.000300 | Rev: 0/99999
Epoch 1675 | Cost: 0.208489 | Acc: 91.67% (Best: 91.67% @ Ep772) | LR: 0.000300 | Rev: 0/99999
Epoch 1676 | Cost: 0.213840 | Acc: 91.67% (Best: 91.67% @ Ep772) | LR: 0.000300 | Rev: 1/99999
Epoch 1677 | Cost: 0.214878 | Acc: 91.67% (Best: 91.67% @ Ep772) | LR: 0.000300 | Rev: 2/99999
Epoch 1678 | Cost: 0.217215 | Acc: 91.67% (Best: 91.67% @ Ep772) | LR: 0.000300 | Rev: 3/99999
Epoch 1679 | Cost: 0.198365 | Acc: 88.89% (Best: 91.67% @ Ep772) | LR: 0.000300 | Rev: 0/99999
Epoch 1680 | Cost: 0.188288 | Acc: 88.89% (Best: 91.67% @ Ep772) | LR: 0.000300 | Rev: 0/99999
Epoch 1681 | Cost: 0.197881 | Acc: 88.89% (Best: 91.67% @ Ep772) | LR: 0.000300 | Rev: 1/99999
Epoch 1682 | Cost: 0.215351 | Acc: 88.89% (Best: 91.67% @ Ep772) | LR: 0.000300 | Rev: 2/99999
Epoch 1683 | Cost: 0.205880 | Acc: 88.89% (Best: 91.67% @ Ep772) | LR: 0.000300 | Rev: 0/99999
Epoch 1684 | Cost: 0.205854 | Acc: 88.89% (Best: 91.67% @ Ep772) | LR: 0.000300 | Rev: 0/99999
Epoch 1685 | Cost: 0.210475 | Acc: 88.89% (Best: 91.67% @ Ep772) | LR: 0.000300 | Rev: 1/99999
Epoch 1686 | Cost: 0.191179 | Acc: 88.89% (Best: 91.67% @ Ep772) | LR: 0.000300 | Rev: 0/99999
Epoch 1687 | Cost: 0.195949 | Acc: 88.89% (Best: 91.67% @ Ep772) | LR: 0.000300 | Rev: 1/99999
Epoch 1688 | Cost: 0.207473 | Acc: 88.89% (Best: 91.67% @ Ep772) | LR: 0.000300 | Rev: 2/99999
Epoch 1689 | Cost: 0.191786 | Acc: 88.89% (Best: 91.67% @ Ep772) | LR: 0.000300 | Rev: 0/99999
Epoch 1690 | Cost: 0.208512 | Acc: 88.89% (Best: 91.67% @ Ep772) | LR: 0.000300 | Rev: 1/99999
Epoch 1691 | Cost: 0.206188 | Acc: 88.89% (Best: 91.67% @ Ep772) | LR: 0.000300 | Rev: 0/99999
Epoch 1692 | Cost: 0.207468 | Acc: 88.89% (Best: 91.67% @ Ep772) | LR: 0.000300 | Rev: 1/99999
Epoch 1693 | Cost: 0.193559 | Acc: 88.89% (Best: 91.67% @ Ep772) | LR: 0.000300 | Rev: 0/99999
Epoch 1694 | Cost: 0.223351 | Acc: 88.89% (Best: 91.67% @ Ep772) | LR: 0.000300 | Rev: 1/99999
Epoch 1695 | Cost: 0.200309 | Acc: 88.89% (Best: 91.67% @ Ep772) | LR: 0.000300 | Rev: 0/99999
Epoch 1696 | Cost: 0.203895 | Acc: 88.89% (Best: 91.67% @ Ep772) | LR: 0.000300 | Rev: 1/99999
Epoch 1697 | Cost: 0.197381 | Acc: 88.89% (Best: 91.67% @ Ep772) | LR: 0.000300 | Rev: 0/99999
Epoch 1698 | Cost: 0.204650 | Acc: 88.89% (Best: 91.67% @ Ep772) | LR: 0.000300 | Rev: 1/99999
Epoch 1699 | Cost: 0.203102 | Acc: 88.89% (Best: 91.67% @ Ep772) | LR: 0.000300 | Rev: 0/99999
Epoch 1700 | Cost: 0.169223 | Acc: 91.67% (Best: 91.67% @ Ep772) | LR: 0.000300 | Rev: 0/99999
Epoch 1701 | Cost: 0.194097 | Acc: 91.67% (Best: 91.67% @ Ep772) | LR: 0.000300 | Rev: 1/99999
Epoch 1702 | Cost: 0.185598 | Acc: 91.67% (Best: 91.67% @ Ep772) | LR: 0.000300 | Rev: 0/99999
Epoch 1703 | Cost: 0.198146 | Acc: 91.67% (Best: 91.67% @ Ep772) | LR: 0.000300 | Rev: 1/99999
Epoch 1704 | Cost: 0.201966 | Acc: 91.67% (Best: 91.67% @ Ep772) | LR: 0.000300 | Rev: 2/99999
Epoch 1705 | Cost: 0.218379 | Acc: 88.89% (Best: 91.67% @ Ep772) | LR: 0.000300 | Rev: 3/99999
Epoch 1706 | Cost: 0.226681 | Acc: 88.89% (Best: 91.67% @ Ep772) | LR: 0.000300 | Rev: 4/99999
Epoch 1707 | Cost: 0.204370 | Acc: 88.89% (Best: 91.67% @ Ep772) | LR: 0.000300 | Rev: 0/99999
Epoch 1708 | Cost: 0.189967 | Acc: 88.89% (Best: 91.67% @ Ep772) | LR: 0.000300 | Rev: 0/99999
Epoch 1709 | Cost: 0.200871 | Acc: 91.67% (Best: 91.67% @ Ep772) | LR: 0.000300 | Rev: 1/99999
Epoch 1710 | Cost: 0.193405 | Acc: 91.67% (Best: 91.67% @ Ep772) | LR: 0.000300 | Rev: 0/99999
Epoch 1711 | Cost: 0.183168 | Acc: 91.67% (Best: 91.67% @ Ep772) | LR: 0.000300 | Rev: 0/99999
Epoch 1712 | Cost: 0.195464 | Acc: 91.67% (Best: 91.67% @ Ep772) | LR: 0.000300 | Rev: 1/99999
Epoch 1713 | Cost: 0.178041 | Acc: 91.67% (Best: 91.67% @ Ep772) | LR: 0.000300 | Rev: 0/99999
Epoch 1714 | Cost: 0.183614 | Acc: 91.67% (Best: 91.67% @ Ep772) | LR: 0.000300 | Rev: 1/99999
Epoch 1715 | Cost: 0.182110 | Acc: 88.89% (Best: 91.67% @ Ep772) | LR: 0.000300 | Rev: 0/99999
Epoch 1716 | Cost: 0.186601 | Acc: 88.89% (Best: 91.67% @ Ep772) | LR: 0.000300 | Rev: 1/99999
Epoch 1717 | Cost: 0.210661 | Acc: 88.89% (Best: 91.67% @ Ep772) | LR: 0.000300 | Rev: 2/99999
Epoch 1718 | Cost: 0.191504 | Acc: 88.89% (Best: 91.67% @ Ep772) | LR: 0.000300 | Rev: 0/99999
Epoch 1719 | Cost: 0.223814 | Acc: 88.89% (Best: 91.67% @ Ep772) | LR: 0.000300 | Rev: 1/99999
Epoch 1720 | Cost: 0.215612 | Acc: 88.89% (Best: 91.67% @ Ep772) | LR: 0.000300 | Rev: 0/99999
Epoch 1721 | Cost: 0.179296 | Acc: 91.67% (Best: 91.67% @ Ep772) | LR: 0.000300 | Rev: 0/99999
Epoch 1722 | Cost: 0.161959 | Acc: 91.67% (Best: 91.67% @ Ep772) | LR: 0.000300 | Rev: 0/99999
Epoch 1723 | Cost: 0.183887 | Acc: 91.67% (Best: 91.67% @ Ep772) | LR: 0.000300 | Rev: 1/99999
Epoch 1724 | Cost: 0.187558 | Acc: 91.67% (Best: 91.67% @ Ep772) | LR: 0.000300 | Rev: 2/99999
Epoch 1725 | Cost: 0.188226 | Acc: 91.67% (Best: 91.67% @ Ep772) | LR: 0.000300 | Rev: 3/99999
Epoch 1726 | Cost: 0.192083 | Acc: 88.89% (Best: 91.67% @ Ep772) | LR: 0.000300 | Rev: 4/99999
Epoch 1727 | Cost: 0.190391 | Acc: 88.89% (Best: 91.67% @ Ep772) | LR: 0.000300 | Rev: 0/99999
Epoch 1728 | Cost: 0.222232 | Acc: 88.89% (Best: 91.67% @ Ep772) | LR: 0.000300 | Rev: 1/99999
Epoch 1729 | Cost: 0.196697 | Acc: 91.67% (Best: 91.67% @ Ep772) | LR: 0.000300 | Rev: 0/99999
Epoch 1730 | Cost: 0.175144 | Acc: 91.67% (Best: 91.67% @ Ep772) | LR: 0.000300 | Rev: 0/99999
Epoch 1731 | Cost: 0.205118 | Acc: 91.67% (Best: 91.67% @ Ep772) | LR: 0.000300 | Rev: 1/99999
Epoch 1732 | Cost: 0.193949 | Acc: 91.67% (Best: 91.67% @ Ep772) | LR: 0.000300 | Rev: 0/99999
Epoch 1733 | Cost: 0.198576 | Acc: 91.67% (Best: 91.67% @ Ep772) | LR: 0.000300 | Rev: 1/99999
Epoch 1734 | Cost: 0.177941 | Acc: 91.67% (Best: 91.67% @ Ep772) | LR: 0.000300 | Rev: 0/99999
Epoch 1735 | Cost: 0.198470 | Acc: 91.67% (Best: 91.67% @ Ep772) | LR: 0.000300 | Rev: 1/99999
Epoch 1736 | Cost: 0.184985 | Acc: 91.67% (Best: 91.67% @ Ep772) | LR: 0.000300 | Rev: 0/99999
Epoch 1737 | Cost: 0.197515 | Acc: 91.67% (Best: 91.67% @ Ep772) | LR: 0.000300 | Rev: 1/99999
Epoch 1738 | Cost: 0.194315 | Acc: 91.67% (Best: 91.67% @ Ep772) | LR: 0.000300 | Rev: 0/99999
Epoch 1739 | Cost: 0.190406 | Acc: 91.67% (Best: 91.67% @ Ep772) | LR: 0.000300 | Rev: 0/99999
Epoch 1740 | Cost: 0.178920 | Acc: 91.67% (Best: 91.67% @ Ep772) | LR: 0.000300 | Rev: 0/99999
Epoch 1741 | Cost: 0.190145 | Acc: 91.67% (Best: 91.67% @ Ep772) | LR: 0.000300 | Rev: 1/99999
Epoch 1742 | Cost: 0.184514 | Acc: 91.67% (Best: 91.67% @ Ep772) | LR: 0.000300 | Rev: 0/99999
Epoch 1743 | Cost: 0.194085 | Acc: 91.67% (Best: 91.67% @ Ep772) | LR: 0.000300 | Rev: 1/99999
Epoch 1744 | Cost: 0.183485 | Acc: 91.67% (Best: 91.67% @ Ep772) | LR: 0.000300 | Rev: 0/99999
Epoch 1745 | Cost: 0.184256 | Acc: 91.67% (Best: 91.67% @ Ep772) | LR: 0.000300 | Rev: 1/99999
Epoch 1746 | Cost: 0.184447 | Acc: 94.44% (Best: 94.44% @ Ep1746) | LR: 0.000010 | Rev: 2/99999
Epoch 1747 | Cost: 0.192348 | Acc: 94.44% (Best: 94.44% @ Ep1746) | LR: 0.000010 | Rev: 3/99999
Epoch 1748 | Cost: 0.201350 | Acc: 94.44% (Best: 94.44% @ Ep1746) | LR: 0.000010 | Rev: 4/99999
Epoch 1749 | Cost: 0.208209 | Acc: 94.44% (Best: 94.44% @ Ep1746) | LR: 0.000010 | Rev: 5/99999
Epoch 1750 | Cost: 0.204770 | Acc: 94.44% (Best: 94.44% @ Ep1746) | LR: 0.000010 | Rev: 0/99999
Epoch 1751 | Cost: 0.195954 | Acc: 94.44% (Best: 94.44% @ Ep1746) | LR: 0.000010 | Rev: 0/99999
Epoch 1752 | Cost: 0.173572 | Acc: 94.44% (Best: 94.44% @ Ep1746) | LR: 0.000010 | Rev: 0/99999
Epoch 1753 | Cost: 0.209423 | Acc: 94.44% (Best: 94.44% @ Ep1746) | LR: 0.000010 | Rev: 1/99999
Epoch 1754 | Cost: 0.197998 | Acc: 94.44% (Best: 94.44% @ Ep1746) | LR: 0.000010 | Rev: 0/99999
Epoch 1755 | Cost: 0.206201 | Acc: 94.44% (Best: 94.44% @ Ep1746) | LR: 0.000010 | Rev: 1/99999
Epoch 1756 | Cost: 0.174605 | Acc: 94.44% (Best: 94.44% @ Ep1746) | LR: 0.000010 | Rev: 0/99999
Epoch 1757 | Cost: 0.193866 | Acc: 94.44% (Best: 94.44% @ Ep1746) | LR: 0.000010 | Rev: 1/99999
Epoch 1758 | Cost: 0.186006 | Acc: 94.44% (Best: 94.44% @ Ep1746) | LR: 0.000010 | Rev: 0/99999
Epoch 1759 | Cost: 0.210308 | Acc: 94.44% (Best: 94.44% @ Ep1746) | LR: 0.000010 | Rev: 1/99999
Epoch 1760 | Cost: 0.196634 | Acc: 94.44% (Best: 94.44% @ Ep1746) | LR: 0.000010 | Rev: 0/99999
Epoch 1761 | Cost: 0.190588 | Acc: 94.44% (Best: 94.44% @ Ep1746) | LR: 0.000010 | Rev: 0/99999
Epoch 1762 | Cost: 0.238140 | Acc: 91.67% (Best: 94.44% @ Ep1746) | LR: 0.000010 | Rev: 1/99999
Epoch 1763 | Cost: 0.192498 | Acc: 94.44% (Best: 94.44% @ Ep1746) | LR: 0.000010 | Rev: 0/99999
Epoch 1764 | Cost: 0.192377 | Acc: 94.44% (Best: 94.44% @ Ep1746) | LR: 0.000010 | Rev: 0/99999
Epoch 1765 | Cost: 0.172670 | Acc: 94.44% (Best: 94.44% @ Ep1746) | LR: 0.000010 | Rev: 0/99999
Epoch 1766 | Cost: 0.204865 | Acc: 94.44% (Best: 94.44% @ Ep1746) | LR: 0.000010 | Rev: 1/99999
Epoch 1767 | Cost: 0.188439 | Acc: 94.44% (Best: 94.44% @ Ep1746) | LR: 0.000010 | Rev: 0/99999
Epoch 1768 | Cost: 0.177937 | Acc: 94.44% (Best: 94.44% @ Ep1746) | LR: 0.000010 | Rev: 0/99999
Epoch 1769 | Cost: 0.203227 | Acc: 94.44% (Best: 94.44% @ Ep1746) | LR: 0.000010 | Rev: 1/99999
Epoch 1770 | Cost: 0.196138 | Acc: 94.44% (Best: 94.44% @ Ep1746) | LR: 0.000010 | Rev: 0/99999
Epoch 1771 | Cost: 0.181557 | Acc: 94.44% (Best: 94.44% @ Ep1746) | LR: 0.000010 | Rev: 0/99999
Epoch 1772 | Cost: 0.190503 | Acc: 94.44% (Best: 94.44% @ Ep1746) | LR: 0.000010 | Rev: 1/99999
Epoch 1773 | Cost: 0.178033 | Acc: 94.44% (Best: 94.44% @ Ep1746) | LR: 0.000010 | Rev: 0/99999
Epoch 1774 | Cost: 0.204278 | Acc: 94.44% (Best: 94.44% @ Ep1746) | LR: 0.000010 | Rev: 1/99999
Epoch 1775 | Cost: 0.178849 | Acc: 94.44% (Best: 94.44% @ Ep1746) | LR: 0.000010 | Rev: 0/99999
Epoch 1776 | Cost: 0.186851 | Acc: 94.44% (Best: 94.44% @ Ep1746) | LR: 0.000010 | Rev: 1/99999
Epoch 1777 | Cost: 0.211329 | Acc: 94.44% (Best: 94.44% @ Ep1746) | LR: 0.000010 | Rev: 2/99999
Epoch 1778 | Cost: 0.224513 | Acc: 94.44% (Best: 94.44% @ Ep1746) | LR: 0.000010 | Rev: 3/99999
Epoch 1779 | Cost: 0.189100 | Acc: 94.44% (Best: 94.44% @ Ep1746) | LR: 0.000010 | Rev: 0/99999
Epoch 1780 | Cost: 0.218468 | Acc: 94.44% (Best: 94.44% @ Ep1746) | LR: 0.000010 | Rev: 1/99999
Epoch 1781 | Cost: 0.188480 | Acc: 94.44% (Best: 94.44% @ Ep1746) | LR: 0.000010 | Rev: 0/99999
Epoch 1782 | Cost: 0.204657 | Acc: 94.44% (Best: 94.44% @ Ep1746) | LR: 0.000010 | Rev: 1/99999
Epoch 1783 | Cost: 0.184892 | Acc: 94.44% (Best: 94.44% @ Ep1746) | LR: 0.000010 | Rev: 0/99999
Epoch 1784 | Cost: 0.205268 | Acc: 94.44% (Best: 94.44% @ Ep1746) | LR: 0.000010 | Rev: 1/99999
Epoch 1785 | Cost: 0.178599 | Acc: 94.44% (Best: 94.44% @ Ep1746) | LR: 0.000010 | Rev: 0/99999
Epoch 1786 | Cost: 0.197392 | Acc: 94.44% (Best: 94.44% @ Ep1746) | LR: 0.000010 | Rev: 1/99999
Epoch 1787 | Cost: 0.179901 | Acc: 94.44% (Best: 94.44% @ Ep1746) | LR: 0.000010 | Rev: 0/99999
Epoch 1788 | Cost: 0.180264 | Acc: 94.44% (Best: 94.44% @ Ep1746) | LR: 0.000010 | Rev: 1/99999
Epoch 1789 | Cost: 0.173183 | Acc: 94.44% (Best: 94.44% @ Ep1746) | LR: 0.000010 | Rev: 0/99999
Epoch 1790 | Cost: 0.189841 | Acc: 94.44% (Best: 94.44% @ Ep1746) | LR: 0.000010 | Rev: 1/99999
Epoch 1791 | Cost: 0.194429 | Acc: 94.44% (Best: 94.44% @ Ep1746) | LR: 0.000010 | Rev: 2/99999
Epoch 1792 | Cost: 0.175403 | Acc: 94.44% (Best: 94.44% @ Ep1746) | LR: 0.000010 | Rev: 0/99999
Epoch 1793 | Cost: 0.201625 | Acc: 94.44% (Best: 94.44% @ Ep1746) | LR: 0.000010 | Rev: 1/99999
Epoch 1794 | Cost: 0.182853 | Acc: 94.44% (Best: 94.44% @ Ep1746) | LR: 0.000010 | Rev: 0/99999
Epoch 1795 | Cost: 0.209671 | Acc: 94.44% (Best: 94.44% @ Ep1746) | LR: 0.000010 | Rev: 1/99999
Epoch 1796 | Cost: 0.183143 | Acc: 94.44% (Best: 94.44% @ Ep1746) | LR: 0.000020 | Rev: 0/99999
Epoch 1797 | Cost: 0.197069 | Acc: 94.44% (Best: 94.44% @ Ep1746) | LR: 0.000020 | Rev: 1/99999
Epoch 1798 | Cost: 0.165281 | Acc: 94.44% (Best: 94.44% @ Ep1746) | LR: 0.000020 | Rev: 0/99999
Epoch 1799 | Cost: 0.191336 | Acc: 94.44% (Best: 94.44% @ Ep1746) | LR: 0.000020 | Rev: 1/99999
Epoch 1800 | Cost: 0.192043 | Acc: 94.44% (Best: 94.44% @ Ep1746) | LR: 0.000020 | Rev: 2/99999
Epoch 1801 | Cost: 0.214025 | Acc: 94.44% (Best: 94.44% @ Ep1746) | LR: 0.000020 | Rev: 3/99999
Epoch 1802 | Cost: 0.180781 | Acc: 94.44% (Best: 94.44% @ Ep1746) | LR: 0.000020 | Rev: 0/99999
Epoch 1803 | Cost: 0.183975 | Acc: 94.44% (Best: 94.44% @ Ep1746) | LR: 0.000020 | Rev: 1/99999
Epoch 1804 | Cost: 0.198330 | Acc: 94.44% (Best: 94.44% @ Ep1746) | LR: 0.000020 | Rev: 2/99999
Epoch 1805 | Cost: 0.205567 | Acc: 94.44% (Best: 94.44% @ Ep1746) | LR: 0.000020 | Rev: 3/99999
Epoch 1806 | Cost: 0.196247 | Acc: 94.44% (Best: 94.44% @ Ep1746) | LR: 0.000030 | Rev: 0/99999
Epoch 1807 | Cost: 0.207499 | Acc: 94.44% (Best: 94.44% @ Ep1746) | LR: 0.000030 | Rev: 1/99999
Epoch 1808 | Cost: 0.148932 | Acc: 94.44% (Best: 94.44% @ Ep1746) | LR: 0.000030 | Rev: 0/99999
Epoch 1809 | Cost: 0.192791 | Acc: 94.44% (Best: 94.44% @ Ep1746) | LR: 0.000030 | Rev: 1/99999
Epoch 1810 | Cost: 0.190819 | Acc: 94.44% (Best: 94.44% @ Ep1746) | LR: 0.000030 | Rev: 0/99999
Epoch 1811 | Cost: 0.203737 | Acc: 94.44% (Best: 94.44% @ Ep1746) | LR: 0.000030 | Rev: 1/99999
Epoch 1812 | Cost: 0.203615 | Acc: 94.44% (Best: 94.44% @ Ep1746) | LR: 0.000030 | Rev: 0/99999
Epoch 1813 | Cost: 0.172062 | Acc: 94.44% (Best: 94.44% @ Ep1746) | LR: 0.000030 | Rev: 0/99999
Epoch 1814 | Cost: 0.199721 | Acc: 94.44% (Best: 94.44% @ Ep1746) | LR: 0.000030 | Rev: 1/99999
Epoch 1815 | Cost: 0.159838 | Acc: 94.44% (Best: 94.44% @ Ep1746) | LR: 0.000030 | Rev: 0/99999
Epoch 1816 | Cost: 0.182838 | Acc: 94.44% (Best: 94.44% @ Ep1746) | LR: 0.000040 | Rev: 1/99999
Epoch 1817 | Cost: 0.177164 | Acc: 94.44% (Best: 94.44% @ Ep1746) | LR: 0.000040 | Rev: 0/99999
Epoch 1818 | Cost: 0.203410 | Acc: 94.44% (Best: 94.44% @ Ep1746) | LR: 0.000040 | Rev: 1/99999
Epoch 1819 | Cost: 0.207500 | Acc: 94.44% (Best: 94.44% @ Ep1746) | LR: 0.000040 | Rev: 2/99999
Epoch 1820 | Cost: 0.194663 | Acc: 94.44% (Best: 94.44% @ Ep1746) | LR: 0.000040 | Rev: 0/99999
Epoch 1821 | Cost: 0.182112 | Acc: 94.44% (Best: 94.44% @ Ep1746) | LR: 0.000040 | Rev: 0/99999
Epoch 1822 | Cost: 0.206405 | Acc: 94.44% (Best: 94.44% @ Ep1746) | LR: 0.000040 | Rev: 1/99999
Epoch 1823 | Cost: 0.193911 | Acc: 94.44% (Best: 94.44% @ Ep1746) | LR: 0.000040 | Rev: 0/99999
Epoch 1824 | Cost: 0.169816 | Acc: 94.44% (Best: 94.44% @ Ep1746) | LR: 0.000040 | Rev: 0/99999
Epoch 1825 | Cost: 0.198496 | Acc: 94.44% (Best: 94.44% @ Ep1746) | LR: 0.000040 | Rev: 1/99999
Epoch 1826 | Cost: 0.184387 | Acc: 94.44% (Best: 94.44% @ Ep1746) | LR: 0.000050 | Rev: 0/99999
Epoch 1827 | Cost: 0.171384 | Acc: 94.44% (Best: 94.44% @ Ep1746) | LR: 0.000050 | Rev: 0/99999
Epoch 1828 | Cost: 0.210751 | Acc: 94.44% (Best: 94.44% @ Ep1746) | LR: 0.000050 | Rev: 1/99999
Epoch 1829 | Cost: 0.190673 | Acc: 94.44% (Best: 94.44% @ Ep1746) | LR: 0.000050 | Rev: 0/99999
Epoch 1830 | Cost: 0.183439 | Acc: 94.44% (Best: 94.44% @ Ep1746) | LR: 0.000050 | Rev: 0/99999
Epoch 1831 | Cost: 0.188551 | Acc: 94.44% (Best: 94.44% @ Ep1746) | LR: 0.000050 | Rev: 1/99999
Epoch 1832 | Cost: 0.175969 | Acc: 94.44% (Best: 94.44% @ Ep1746) | LR: 0.000050 | Rev: 0/99999
Epoch 1833 | Cost: 0.186248 | Acc: 94.44% (Best: 94.44% @ Ep1746) | LR: 0.000050 | Rev: 1/99999
Epoch 1834 | Cost: 0.206962 | Acc: 94.44% (Best: 94.44% @ Ep1746) | LR: 0.000050 | Rev: 2/99999
Epoch 1835 | Cost: 0.206355 | Acc: 94.44% (Best: 94.44% @ Ep1746) | LR: 0.000050 | Rev: 0/99999
Epoch 1836 | Cost: 0.194528 | Acc: 94.44% (Best: 94.44% @ Ep1746) | LR: 0.000060 | Rev: 0/99999
Epoch 1837 | Cost: 0.225368 | Acc: 94.44% (Best: 94.44% @ Ep1746) | LR: 0.000060 | Rev: 1/99999
Epoch 1838 | Cost: 0.168533 | Acc: 94.44% (Best: 94.44% @ Ep1746) | LR: 0.000060 | Rev: 0/99999
Epoch 1839 | Cost: 0.196234 | Acc: 94.44% (Best: 94.44% @ Ep1746) | LR: 0.000060 | Rev: 1/99999
Epoch 1840 | Cost: 0.222930 | Acc: 94.44% (Best: 94.44% @ Ep1746) | LR: 0.000060 | Rev: 2/99999
Epoch 1841 | Cost: 0.191757 | Acc: 94.44% (Best: 94.44% @ Ep1746) | LR: 0.000060 | Rev: 0/99999
Epoch 1842 | Cost: 0.193438 | Acc: 94.44% (Best: 94.44% @ Ep1746) | LR: 0.000060 | Rev: 1/99999
Epoch 1843 | Cost: 0.178137 | Acc: 94.44% (Best: 94.44% @ Ep1746) | LR: 0.000060 | Rev: 0/99999
Epoch 1844 | Cost: 0.171922 | Acc: 94.44% (Best: 94.44% @ Ep1746) | LR: 0.000060 | Rev: 0/99999
Epoch 1845 | Cost: 0.206599 | Acc: 94.44% (Best: 94.44% @ Ep1746) | LR: 0.000060 | Rev: 1/99999
Epoch 1846 | Cost: 0.158253 | Acc: 94.44% (Best: 94.44% @ Ep1746) | LR: 0.000070 | Rev: 0/99999
Epoch 1847 | Cost: 0.205959 | Acc: 94.44% (Best: 94.44% @ Ep1746) | LR: 0.000070 | Rev: 1/99999
Epoch 1848 | Cost: 0.207690 | Acc: 94.44% (Best: 94.44% @ Ep1746) | LR: 0.000070 | Rev: 2/99999
Epoch 1849 | Cost: 0.166100 | Acc: 94.44% (Best: 94.44% @ Ep1746) | LR: 0.000070 | Rev: 0/99999
Epoch 1850 | Cost: 0.165072 | Acc: 94.44% (Best: 94.44% @ Ep1746) | LR: 0.000070 | Rev: 0/99999
Epoch 1851 | Cost: 0.204314 | Acc: 94.44% (Best: 94.44% @ Ep1746) | LR: 0.000070 | Rev: 1/99999
Epoch 1852 | Cost: 0.193231 | Acc: 94.44% (Best: 94.44% @ Ep1746) | LR: 0.000070 | Rev: 0/99999
Epoch 1853 | Cost: 0.180516 | Acc: 94.44% (Best: 94.44% @ Ep1746) | LR: 0.000070 | Rev: 0/99999
Epoch 1854 | Cost: 0.166301 | Acc: 94.44% (Best: 94.44% @ Ep1746) | LR: 0.000070 | Rev: 0/99999
Epoch 1855 | Cost: 0.172776 | Acc: 94.44% (Best: 94.44% @ Ep1746) | LR: 0.000070 | Rev: 1/99999
Epoch 1856 | Cost: 0.189299 | Acc: 94.44% (Best: 94.44% @ Ep1746) | LR: 0.000080 | Rev: 2/99999
Epoch 1857 | Cost: 0.185854 | Acc: 94.44% (Best: 94.44% @ Ep1746) | LR: 0.000080 | Rev: 0/99999
Epoch 1858 | Cost: 0.176433 | Acc: 94.44% (Best: 94.44% @ Ep1746) | LR: 0.000080 | Rev: 0/99999
Epoch 1859 | Cost: 0.196012 | Acc: 94.44% (Best: 94.44% @ Ep1746) | LR: 0.000080 | Rev: 1/99999
Epoch 1860 | Cost: 0.206978 | Acc: 94.44% (Best: 94.44% @ Ep1746) | LR: 0.000080 | Rev: 2/99999
Epoch 1861 | Cost: 0.186099 | Acc: 94.44% (Best: 94.44% @ Ep1746) | LR: 0.000080 | Rev: 0/99999
Epoch 1862 | Cost: 0.210663 | Acc: 94.44% (Best: 94.44% @ Ep1746) | LR: 0.000080 | Rev: 1/99999
Epoch 1863 | Cost: 0.218366 | Acc: 94.44% (Best: 94.44% @ Ep1746) | LR: 0.000080 | Rev: 2/99999
Epoch 1864 | Cost: 0.169296 | Acc: 94.44% (Best: 94.44% @ Ep1746) | LR: 0.000080 | Rev: 0/99999
Epoch 1865 | Cost: 0.209988 | Acc: 91.67% (Best: 94.44% @ Ep1746) | LR: 0.000080 | Rev: 1/99999
Epoch 1866 | Cost: 0.192073 | Acc: 91.67% (Best: 94.44% @ Ep1746) | LR: 0.000090 | Rev: 0/99999
Epoch 1867 | Cost: 0.189200 | Acc: 91.67% (Best: 94.44% @ Ep1746) | LR: 0.000090 | Rev: 0/99999
Epoch 1868 | Cost: 0.201209 | Acc: 91.67% (Best: 94.44% @ Ep1746) | LR: 0.000090 | Rev: 1/99999
Epoch 1869 | Cost: 0.208021 | Acc: 94.44% (Best: 94.44% @ Ep1746) | LR: 0.000090 | Rev: 2/99999
Epoch 1870 | Cost: 0.175021 | Acc: 91.67% (Best: 94.44% @ Ep1746) | LR: 0.000090 | Rev: 0/99999
Epoch 1871 | Cost: 0.205736 | Acc: 94.44% (Best: 94.44% @ Ep1746) | LR: 0.000090 | Rev: 1/99999
Epoch 1872 | Cost: 0.200684 | Acc: 94.44% (Best: 94.44% @ Ep1746) | LR: 0.000090 | Rev: 0/99999
Epoch 1873 | Cost: 0.184133 | Acc: 94.44% (Best: 94.44% @ Ep1746) | LR: 0.000090 | Rev: 0/99999
Epoch 1874 | Cost: 0.167641 | Acc: 94.44% (Best: 94.44% @ Ep1746) | LR: 0.000090 | Rev: 0/99999
Epoch 1875 | Cost: 0.171351 | Acc: 94.44% (Best: 94.44% @ Ep1746) | LR: 0.000090 | Rev: 1/99999
Epoch 1876 | Cost: 0.192763 | Acc: 94.44% (Best: 94.44% @ Ep1746) | LR: 0.000100 | Rev: 2/99999
Epoch 1877 | Cost: 0.172034 | Acc: 94.44% (Best: 94.44% @ Ep1746) | LR: 0.000100 | Rev: 0/99999
Epoch 1878 | Cost: 0.186475 | Acc: 94.44% (Best: 94.44% @ Ep1746) | LR: 0.000100 | Rev: 1/99999
Epoch 1879 | Cost: 0.183233 | Acc: 94.44% (Best: 94.44% @ Ep1746) | LR: 0.000100 | Rev: 0/99999
Epoch 1880 | Cost: 0.202193 | Acc: 94.44% (Best: 94.44% @ Ep1746) | LR: 0.000100 | Rev: 1/99999
Epoch 1881 | Cost: 0.195217 | Acc: 94.44% (Best: 94.44% @ Ep1746) | LR: 0.000100 | Rev: 0/99999
Epoch 1882 | Cost: 0.187245 | Acc: 94.44% (Best: 94.44% @ Ep1746) | LR: 0.000100 | Rev: 0/99999
Epoch 1883 | Cost: 0.228644 | Acc: 94.44% (Best: 94.44% @ Ep1746) | LR: 0.000100 | Rev: 1/99999
Epoch 1884 | Cost: 0.201338 | Acc: 94.44% (Best: 94.44% @ Ep1746) | LR: 0.000100 | Rev: 0/99999
Epoch 1885 | Cost: 0.170039 | Acc: 94.44% (Best: 94.44% @ Ep1746) | LR: 0.000100 | Rev: 0/99999
Epoch 1886 | Cost: 0.196556 | Acc: 94.44% (Best: 94.44% @ Ep1746) | LR: 0.000110 | Rev: 1/99999
Epoch 1887 | Cost: 0.191180 | Acc: 94.44% (Best: 94.44% @ Ep1746) | LR: 0.000110 | Rev: 0/99999
Epoch 1888 | Cost: 0.225131 | Acc: 94.44% (Best: 94.44% @ Ep1746) | LR: 0.000110 | Rev: 1/99999
Epoch 1889 | Cost: 0.188228 | Acc: 94.44% (Best: 94.44% @ Ep1746) | LR: 0.000110 | Rev: 0/99999
Epoch 1890 | Cost: 0.202603 | Acc: 94.44% (Best: 94.44% @ Ep1746) | LR: 0.000110 | Rev: 1/99999
Epoch 1891 | Cost: 0.180160 | Acc: 94.44% (Best: 94.44% @ Ep1746) | LR: 0.000110 | Rev: 0/99999
Epoch 1892 | Cost: 0.204789 | Acc: 94.44% (Best: 94.44% @ Ep1746) | LR: 0.000110 | Rev: 1/99999
Epoch 1893 | Cost: 0.174245 | Acc: 94.44% (Best: 94.44% @ Ep1746) | LR: 0.000110 | Rev: 0/99999
Epoch 1894 | Cost: 0.184410 | Acc: 94.44% (Best: 94.44% @ Ep1746) | LR: 0.000110 | Rev: 1/99999
Epoch 1895 | Cost: 0.188187 | Acc: 94.44% (Best: 94.44% @ Ep1746) | LR: 0.000110 | Rev: 2/99999
Epoch 1896 | Cost: 0.168327 | Acc: 94.44% (Best: 94.44% @ Ep1746) | LR: 0.000120 | Rev: 0/99999
Epoch 1897 | Cost: 0.166670 | Acc: 94.44% (Best: 94.44% @ Ep1746) | LR: 0.000120 | Rev: 0/99999
Epoch 1898 | Cost: 0.205011 | Acc: 91.67% (Best: 94.44% @ Ep1746) | LR: 0.000120 | Rev: 1/99999
Epoch 1899 | Cost: 0.202852 | Acc: 91.67% (Best: 94.44% @ Ep1746) | LR: 0.000120 | Rev: 0/99999
Epoch 1900 | Cost: 0.171966 | Acc: 91.67% (Best: 94.44% @ Ep1746) | LR: 0.000120 | Rev: 0/99999
Epoch 1901 | Cost: 0.180364 | Acc: 91.67% (Best: 94.44% @ Ep1746) | LR: 0.000120 | Rev: 1/99999
Epoch 1902 | Cost: 0.191659 | Acc: 91.67% (Best: 94.44% @ Ep1746) | LR: 0.000120 | Rev: 2/99999
Epoch 1903 | Cost: 0.205606 | Acc: 91.67% (Best: 94.44% @ Ep1746) | LR: 0.000120 | Rev: 3/99999
Epoch 1904 | Cost: 0.203352 | Acc: 91.67% (Best: 94.44% @ Ep1746) | LR: 0.000120 | Rev: 0/99999
Epoch 1905 | Cost: 0.186249 | Acc: 91.67% (Best: 94.44% @ Ep1746) | LR: 0.000120 | Rev: 0/99999
Epoch 1906 | Cost: 0.183836 | Acc: 91.67% (Best: 94.44% @ Ep1746) | LR: 0.000130 | Rev: 0/99999
Epoch 1907 | Cost: 0.186926 | Acc: 94.44% (Best: 94.44% @ Ep1746) | LR: 0.000130 | Rev: 1/99999
Epoch 1908 | Cost: 0.192556 | Acc: 91.67% (Best: 94.44% @ Ep1746) | LR: 0.000130 | Rev: 2/99999
Epoch 1909 | Cost: 0.204759 | Acc: 91.67% (Best: 94.44% @ Ep1746) | LR: 0.000130 | Rev: 3/99999
Epoch 1910 | Cost: 0.206231 | Acc: 91.67% (Best: 94.44% @ Ep1746) | LR: 0.000130 | Rev: 4/99999
Epoch 1911 | Cost: 0.190875 | Acc: 91.67% (Best: 94.44% @ Ep1746) | LR: 0.000130 | Rev: 0/99999
Epoch 1912 | Cost: 0.179009 | Acc: 91.67% (Best: 94.44% @ Ep1746) | LR: 0.000130 | Rev: 0/99999
Epoch 1913 | Cost: 0.181624 | Acc: 91.67% (Best: 94.44% @ Ep1746) | LR: 0.000130 | Rev: 1/99999
Epoch 1914 | Cost: 0.181290 | Acc: 91.67% (Best: 94.44% @ Ep1746) | LR: 0.000130 | Rev: 0/99999
Epoch 1915 | Cost: 0.203510 | Acc: 91.67% (Best: 94.44% @ Ep1746) | LR: 0.000130 | Rev: 1/99999
Epoch 1916 | Cost: 0.195303 | Acc: 91.67% (Best: 94.44% @ Ep1746) | LR: 0.000140 | Rev: 0/99999
Epoch 1917 | Cost: 0.168817 | Acc: 91.67% (Best: 94.44% @ Ep1746) | LR: 0.000140 | Rev: 0/99999
Epoch 1918 | Cost: 0.196764 | Acc: 91.67% (Best: 94.44% @ Ep1746) | LR: 0.000140 | Rev: 1/99999
Epoch 1919 | Cost: 0.177133 | Acc: 91.67% (Best: 94.44% @ Ep1746) | LR: 0.000140 | Rev: 0/99999
Epoch 1920 | Cost: 0.192386 | Acc: 91.67% (Best: 94.44% @ Ep1746) | LR: 0.000140 | Rev: 1/99999
Epoch 1921 | Cost: 0.222967 | Acc: 91.67% (Best: 94.44% @ Ep1746) | LR: 0.000140 | Rev: 2/99999
Epoch 1922 | Cost: 0.203838 | Acc: 91.67% (Best: 94.44% @ Ep1746) | LR: 0.000140 | Rev: 0/99999
Epoch 1923 | Cost: 0.178721 | Acc: 91.67% (Best: 94.44% @ Ep1746) | LR: 0.000140 | Rev: 0/99999
Epoch 1924 | Cost: 0.179585 | Acc: 91.67% (Best: 94.44% @ Ep1746) | LR: 0.000140 | Rev: 1/99999
Epoch 1925 | Cost: 0.199256 | Acc: 91.67% (Best: 94.44% @ Ep1746) | LR: 0.000140 | Rev: 2/99999
Epoch 1926 | Cost: 0.181030 | Acc: 91.67% (Best: 94.44% @ Ep1746) | LR: 0.000150 | Rev: 0/99999
Epoch 1927 | Cost: 0.172469 | Acc: 91.67% (Best: 94.44% @ Ep1746) | LR: 0.000150 | Rev: 0/99999
Epoch 1928 | Cost: 0.178723 | Acc: 91.67% (Best: 94.44% @ Ep1746) | LR: 0.000150 | Rev: 1/99999
Epoch 1929 | Cost: 0.177578 | Acc: 91.67% (Best: 94.44% @ Ep1746) | LR: 0.000150 | Rev: 0/99999
Epoch 1930 | Cost: 0.166931 | Acc: 91.67% (Best: 94.44% @ Ep1746) | LR: 0.000150 | Rev: 0/99999
Epoch 1931 | Cost: 0.179120 | Acc: 91.67% (Best: 94.44% @ Ep1746) | LR: 0.000150 | Rev: 1/99999
Epoch 1932 | Cost: 0.178044 | Acc: 91.67% (Best: 94.44% @ Ep1746) | LR: 0.000150 | Rev: 0/99999
Epoch 1933 | Cost: 0.160418 | Acc: 91.67% (Best: 94.44% @ Ep1746) | LR: 0.000150 | Rev: 0/99999
Epoch 1934 | Cost: 0.174288 | Acc: 94.44% (Best: 94.44% @ Ep1746) | LR: 0.000150 | Rev: 1/99999
Epoch 1935 | Cost: 0.189153 | Acc: 91.67% (Best: 94.44% @ Ep1746) | LR: 0.000150 | Rev: 2/99999
Epoch 1936 | Cost: 0.159182 | Acc: 94.44% (Best: 94.44% @ Ep1746) | LR: 0.000160 | Rev: 0/99999
Epoch 1937 | Cost: 0.160731 | Acc: 94.44% (Best: 94.44% @ Ep1746) | LR: 0.000160 | Rev: 1/99999
Epoch 1938 | Cost: 0.171325 | Acc: 94.44% (Best: 94.44% @ Ep1746) | LR: 0.000160 | Rev: 2/99999
Epoch 1939 | Cost: 0.200251 | Acc: 94.44% (Best: 94.44% @ Ep1746) | LR: 0.000160 | Rev: 3/99999
Epoch 1940 | Cost: 0.178091 | Acc: 94.44% (Best: 94.44% @ Ep1746) | LR: 0.000160 | Rev: 0/99999
Epoch 1941 | Cost: 0.190122 | Acc: 91.67% (Best: 94.44% @ Ep1746) | LR: 0.000160 | Rev: 1/99999
Epoch 1942 | Cost: 0.216540 | Acc: 91.67% (Best: 94.44% @ Ep1746) | LR: 0.000160 | Rev: 2/99999
Epoch 1943 | Cost: 0.201710 | Acc: 91.67% (Best: 94.44% @ Ep1746) | LR: 0.000160 | Rev: 0/99999
Epoch 1944 | Cost: 0.182122 | Acc: 94.44% (Best: 94.44% @ Ep1746) | LR: 0.000160 | Rev: 0/99999
Epoch 1945 | Cost: 0.183959 | Acc: 94.44% (Best: 94.44% @ Ep1746) | LR: 0.000160 | Rev: 1/99999
Epoch 1946 | Cost: 0.174572 | Acc: 94.44% (Best: 94.44% @ Ep1746) | LR: 0.000170 | Rev: 0/99999
Epoch 1947 | Cost: 0.199852 | Acc: 94.44% (Best: 94.44% @ Ep1746) | LR: 0.000170 | Rev: 1/99999
Epoch 1948 | Cost: 0.179995 | Acc: 94.44% (Best: 94.44% @ Ep1746) | LR: 0.000170 | Rev: 0/99999
Epoch 1949 | Cost: 0.148123 | Acc: 94.44% (Best: 94.44% @ Ep1746) | LR: 0.000170 | Rev: 0/99999
Epoch 1950 | Cost: 0.165935 | Acc: 94.44% (Best: 94.44% @ Ep1746) | LR: 0.000170 | Rev: 1/99999
Epoch 1951 | Cost: 0.174048 | Acc: 94.44% (Best: 94.44% @ Ep1746) | LR: 0.000170 | Rev: 2/99999
Epoch 1952 | Cost: 0.190924 | Acc: 94.44% (Best: 94.44% @ Ep1746) | LR: 0.000170 | Rev: 3/99999
Epoch 1953 | Cost: 0.201265 | Acc: 94.44% (Best: 94.44% @ Ep1746) | LR: 0.000170 | Rev: 4/99999
Epoch 1954 | Cost: 0.173947 | Acc: 94.44% (Best: 94.44% @ Ep1746) | LR: 0.000170 | Rev: 0/99999
Epoch 1955 | Cost: 0.195195 | Acc: 94.44% (Best: 94.44% @ Ep1746) | LR: 0.000170 | Rev: 1/99999
Epoch 1956 | Cost: 0.197137 | Acc: 94.44% (Best: 94.44% @ Ep1746) | LR: 0.000180 | Rev: 2/99999
Epoch 1957 | Cost: 0.174683 | Acc: 94.44% (Best: 94.44% @ Ep1746) | LR: 0.000180 | Rev: 0/99999
Epoch 1958 | Cost: 0.209136 | Acc: 94.44% (Best: 94.44% @ Ep1746) | LR: 0.000180 | Rev: 1/99999
Epoch 1959 | Cost: 0.179607 | Acc: 94.44% (Best: 94.44% @ Ep1746) | LR: 0.000180 | Rev: 0/99999
Epoch 1960 | Cost: 0.195706 | Acc: 94.44% (Best: 94.44% @ Ep1746) | LR: 0.000180 | Rev: 1/99999
Epoch 1961 | Cost: 0.205004 | Acc: 94.44% (Best: 94.44% @ Ep1746) | LR: 0.000180 | Rev: 2/99999
Epoch 1962 | Cost: 0.187101 | Acc: 94.44% (Best: 94.44% @ Ep1746) | LR: 0.000180 | Rev: 0/99999
Epoch 1963 | Cost: 0.170003 | Acc: 94.44% (Best: 94.44% @ Ep1746) | LR: 0.000180 | Rev: 0/99999
Epoch 1964 | Cost: 0.169961 | Acc: 94.44% (Best: 94.44% @ Ep1746) | LR: 0.000180 | Rev: 0/99999
Epoch 1965 | Cost: 0.194885 | Acc: 94.44% (Best: 94.44% @ Ep1746) | LR: 0.000180 | Rev: 1/99999
Epoch 1966 | Cost: 0.170098 | Acc: 94.44% (Best: 94.44% @ Ep1746) | LR: 0.000190 | Rev: 0/99999
Epoch 1967 | Cost: 0.173978 | Acc: 94.44% (Best: 94.44% @ Ep1746) | LR: 0.000190 | Rev: 1/99999
Epoch 1968 | Cost: 0.174425 | Acc: 94.44% (Best: 94.44% @ Ep1746) | LR: 0.000190 | Rev: 2/99999
Epoch 1969 | Cost: 0.176950 | Acc: 94.44% (Best: 94.44% @ Ep1746) | LR: 0.000190 | Rev: 3/99999
Epoch 1970 | Cost: 0.175497 | Acc: 94.44% (Best: 94.44% @ Ep1746) | LR: 0.000190 | Rev: 0/99999
Epoch 1971 | Cost: 0.181355 | Acc: 94.44% (Best: 94.44% @ Ep1746) | LR: 0.000190 | Rev: 1/99999
Epoch 1972 | Cost: 0.175745 | Acc: 94.44% (Best: 94.44% @ Ep1746) | LR: 0.000190 | Rev: 0/99999
Epoch 1973 | Cost: 0.194344 | Acc: 94.44% (Best: 94.44% @ Ep1746) | LR: 0.000190 | Rev: 1/99999
Epoch 1974 | Cost: 0.169215 | Acc: 94.44% (Best: 94.44% @ Ep1746) | LR: 0.000190 | Rev: 0/99999
Epoch 1975 | Cost: 0.178671 | Acc: 94.44% (Best: 94.44% @ Ep1746) | LR: 0.000190 | Rev: 1/99999
Epoch 1976 | Cost: 0.211952 | Acc: 94.44% (Best: 94.44% @ Ep1746) | LR: 0.000200 | Rev: 2/99999
Epoch 1977 | Cost: 0.194778 | Acc: 94.44% (Best: 94.44% @ Ep1746) | LR: 0.000200 | Rev: 0/99999
Epoch 1978 | Cost: 0.193104 | Acc: 94.44% (Best: 94.44% @ Ep1746) | LR: 0.000200 | Rev: 0/99999
Epoch 1979 | Cost: 0.186152 | Acc: 94.44% (Best: 94.44% @ Ep1746) | LR: 0.000200 | Rev: 0/99999
Epoch 1980 | Cost: 0.183441 | Acc: 94.44% (Best: 94.44% @ Ep1746) | LR: 0.000200 | Rev: 0/99999
Epoch 1981 | Cost: 0.176874 | Acc: 94.44% (Best: 94.44% @ Ep1746) | LR: 0.000200 | Rev: 0/99999
Epoch 1982 | Cost: 0.184040 | Acc: 94.44% (Best: 94.44% @ Ep1746) | LR: 0.000200 | Rev: 1/99999
Epoch 1983 | Cost: 0.178804 | Acc: 94.44% (Best: 94.44% @ Ep1746) | LR: 0.000200 | Rev: 0/99999
Epoch 1984 | Cost: 0.162321 | Acc: 94.44% (Best: 94.44% @ Ep1746) | LR: 0.000200 | Rev: 0/99999
Epoch 1985 | Cost: 0.246513 | Acc: 94.44% (Best: 94.44% @ Ep1746) | LR: 0.000200 | Rev: 1/99999
Epoch 1986 | Cost: 0.183554 | Acc: 94.44% (Best: 94.44% @ Ep1746) | LR: 0.000210 | Rev: 0/99999
Epoch 1987 | Cost: 0.180321 | Acc: 94.44% (Best: 94.44% @ Ep1746) | LR: 0.000210 | Rev: 0/99999
Epoch 1988 | Cost: 0.206647 | Acc: 94.44% (Best: 94.44% @ Ep1746) | LR: 0.000210 | Rev: 1/99999
Epoch 1989 | Cost: 0.169558 | Acc: 94.44% (Best: 94.44% @ Ep1746) | LR: 0.000210 | Rev: 0/99999
Epoch 1990 | Cost: 0.154193 | Acc: 94.44% (Best: 94.44% @ Ep1746) | LR: 0.000210 | Rev: 0/99999
Epoch 1991 | Cost: 0.184393 | Acc: 94.44% (Best: 94.44% @ Ep1746) | LR: 0.000210 | Rev: 1/99999
Epoch 1992 | Cost: 0.174895 | Acc: 94.44% (Best: 94.44% @ Ep1746) | LR: 0.000210 | Rev: 0/99999
Epoch 1993 | Cost: 0.162152 | Acc: 94.44% (Best: 94.44% @ Ep1746) | LR: 0.000210 | Rev: 0/99999
Epoch 1994 | Cost: 0.176296 | Acc: 94.44% (Best: 94.44% @ Ep1746) | LR: 0.000210 | Rev: 1/99999
Epoch 1995 | Cost: 0.189099 | Acc: 94.44% (Best: 94.44% @ Ep1746) | LR: 0.000210 | Rev: 2/99999
Epoch 1996 | Cost: 0.183931 | Acc: 94.44% (Best: 94.44% @ Ep1746) | LR: 0.000220 | Rev: 0/99999
Epoch 1997 | Cost: 0.182611 | Acc: 94.44% (Best: 94.44% @ Ep1746) | LR: 0.000220 | Rev: 0/99999
Epoch 1998 | Cost: 0.173211 | Acc: 94.44% (Best: 94.44% @ Ep1746) | LR: 0.000220 | Rev: 0/99999
Epoch 1999 | Cost: 0.202340 | Acc: 94.44% (Best: 94.44% @ Ep1746) | LR: 0.000220 | Rev: 1/99999
Epoch 2000 | Cost: 0.174113 | Acc: 94.44% (Best: 94.44% @ Ep1746) | LR: 0.000220 | Rev: 0/99999
Epoch 2001 | Cost: 0.176438 | Acc: 94.44% (Best: 94.44% @ Ep1746) | LR: 0.000220 | Rev: 1/99999
Epoch 2002 | Cost: 0.168973 | Acc: 94.44% (Best: 94.44% @ Ep1746) | LR: 0.000220 | Rev: 0/99999
Epoch 2003 | Cost: 0.192526 | Acc: 94.44% (Best: 94.44% @ Ep1746) | LR: 0.000220 | Rev: 1/99999
Epoch 2004 | Cost: 0.181928 | Acc: 94.44% (Best: 94.44% @ Ep1746) | LR: 0.000220 | Rev: 0/99999
Epoch 2005 | Cost: 0.178670 | Acc: 94.44% (Best: 94.44% @ Ep1746) | LR: 0.000220 | Rev: 0/99999
Epoch 2006 | Cost: 0.187842 | Acc: 94.44% (Best: 94.44% @ Ep1746) | LR: 0.000230 | Rev: 1/99999
Epoch 2007 | Cost: 0.165917 | Acc: 94.44% (Best: 94.44% @ Ep1746) | LR: 0.000230 | Rev: 0/99999
Epoch 2008 | Cost: 0.178589 | Acc: 94.44% (Best: 94.44% @ Ep1746) | LR: 0.000230 | Rev: 1/99999
Epoch 2009 | Cost: 0.173818 | Acc: 94.44% (Best: 94.44% @ Ep1746) | LR: 0.000230 | Rev: 0/99999
Epoch 2010 | Cost: 0.179316 | Acc: 94.44% (Best: 94.44% @ Ep1746) | LR: 0.000230 | Rev: 1/99999
Epoch 2011 | Cost: 0.188637 | Acc: 94.44% (Best: 94.44% @ Ep1746) | LR: 0.000230 | Rev: 2/99999
Epoch 2012 | Cost: 0.196487 | Acc: 94.44% (Best: 94.44% @ Ep1746) | LR: 0.000230 | Rev: 3/99999
Epoch 2013 | Cost: 0.151672 | Acc: 94.44% (Best: 94.44% @ Ep1746) | LR: 0.000230 | Rev: 0/99999
Epoch 2014 | Cost: 0.169380 | Acc: 94.44% (Best: 94.44% @ Ep1746) | LR: 0.000230 | Rev: 1/99999
Epoch 2015 | Cost: 0.164912 | Acc: 94.44% (Best: 94.44% @ Ep1746) | LR: 0.000230 | Rev: 0/99999
Epoch 2016 | Cost: 0.165540 | Acc: 94.44% (Best: 94.44% @ Ep1746) | LR: 0.000240 | Rev: 1/99999
Epoch 2017 | Cost: 0.203320 | Acc: 94.44% (Best: 94.44% @ Ep1746) | LR: 0.000240 | Rev: 2/99999
Epoch 2018 | Cost: 0.164978 | Acc: 94.44% (Best: 94.44% @ Ep1746) | LR: 0.000240 | Rev: 0/99999
Epoch 2019 | Cost: 0.186036 | Acc: 94.44% (Best: 94.44% @ Ep1746) | LR: 0.000240 | Rev: 1/99999
Epoch 2020 | Cost: 0.167065 | Acc: 94.44% (Best: 94.44% @ Ep1746) | LR: 0.000240 | Rev: 0/99999
Epoch 2021 | Cost: 0.164324 | Acc: 94.44% (Best: 94.44% @ Ep1746) | LR: 0.000240 | Rev: 0/99999
Epoch 2022 | Cost: 0.156721 | Acc: 94.44% (Best: 94.44% @ Ep1746) | LR: 0.000240 | Rev: 0/99999
Epoch 2023 | Cost: 0.156199 | Acc: 94.44% (Best: 94.44% @ Ep1746) | LR: 0.000240 | Rev: 0/99999
Epoch 2024 | Cost: 0.161354 | Acc: 94.44% (Best: 94.44% @ Ep1746) | LR: 0.000240 | Rev: 1/99999
Epoch 2025 | Cost: 0.162645 | Acc: 94.44% (Best: 94.44% @ Ep1746) | LR: 0.000240 | Rev: 2/99999
Epoch 2026 | Cost: 0.199928 | Acc: 94.44% (Best: 94.44% @ Ep1746) | LR: 0.000250 | Rev: 3/99999
Epoch 2027 | Cost: 0.164817 | Acc: 94.44% (Best: 94.44% @ Ep1746) | LR: 0.000250 | Rev: 0/99999
Epoch 2028 | Cost: 0.173580 | Acc: 94.44% (Best: 94.44% @ Ep1746) | LR: 0.000250 | Rev: 1/99999
Epoch 2029 | Cost: 0.194049 | Acc: 94.44% (Best: 94.44% @ Ep1746) | LR: 0.000250 | Rev: 2/99999
Epoch 2030 | Cost: 0.170525 | Acc: 94.44% (Best: 94.44% @ Ep1746) | LR: 0.000250 | Rev: 0/99999
Epoch 2031 | Cost: 0.168565 | Acc: 94.44% (Best: 94.44% @ Ep1746) | LR: 0.000250 | Rev: 0/99999
Epoch 2032 | Cost: 0.160934 | Acc: 94.44% (Best: 94.44% @ Ep1746) | LR: 0.000250 | Rev: 0/99999
Epoch 2033 | Cost: 0.198070 | Acc: 94.44% (Best: 94.44% @ Ep1746) | LR: 0.000250 | Rev: 1/99999
Epoch 2034 | Cost: 0.164359 | Acc: 94.44% (Best: 94.44% @ Ep1746) | LR: 0.000250 | Rev: 0/99999
Epoch 2035 | Cost: 0.161856 | Acc: 94.44% (Best: 94.44% @ Ep1746) | LR: 0.000250 | Rev: 0/99999
Epoch 2036 | Cost: 0.165753 | Acc: 94.44% (Best: 94.44% @ Ep1746) | LR: 0.000260 | Rev: 1/99999
Epoch 2037 | Cost: 0.192925 | Acc: 94.44% (Best: 94.44% @ Ep1746) | LR: 0.000260 | Rev: 2/99999
Epoch 2038 | Cost: 0.183140 | Acc: 94.44% (Best: 94.44% @ Ep1746) | LR: 0.000260 | Rev: 0/99999
Epoch 2039 | Cost: 0.160733 | Acc: 94.44% (Best: 94.44% @ Ep1746) | LR: 0.000260 | Rev: 0/99999
Epoch 2040 | Cost: 0.177749 | Acc: 94.44% (Best: 94.44% @ Ep1746) | LR: 0.000260 | Rev: 1/99999
Epoch 2041 | Cost: 0.161012 | Acc: 94.44% (Best: 94.44% @ Ep1746) | LR: 0.000260 | Rev: 0/99999
Epoch 2042 | Cost: 0.176510 | Acc: 94.44% (Best: 94.44% @ Ep1746) | LR: 0.000260 | Rev: 1/99999
Epoch 2043 | Cost: 0.163813 | Acc: 94.44% (Best: 94.44% @ Ep1746) | LR: 0.000260 | Rev: 0/99999
Epoch 2044 | Cost: 0.188679 | Acc: 94.44% (Best: 94.44% @ Ep1746) | LR: 0.000260 | Rev: 1/99999
Epoch 2045 | Cost: 0.183098 | Acc: 94.44% (Best: 94.44% @ Ep1746) | LR: 0.000260 | Rev: 0/99999
Epoch 2046 | Cost: 0.168648 | Acc: 94.44% (Best: 94.44% @ Ep1746) | LR: 0.000270 | Rev: 0/99999
Epoch 2047 | Cost: 0.166616 | Acc: 94.44% (Best: 94.44% @ Ep1746) | LR: 0.000270 | Rev: 0/99999
Epoch 2048 | Cost: 0.157309 | Acc: 94.44% (Best: 94.44% @ Ep1746) | LR: 0.000270 | Rev: 0/99999
Epoch 2049 | Cost: 0.162048 | Acc: 94.44% (Best: 94.44% @ Ep1746) | LR: 0.000270 | Rev: 1/99999
Epoch 2050 | Cost: 0.182353 | Acc: 94.44% (Best: 94.44% @ Ep1746) | LR: 0.000270 | Rev: 2/99999
Epoch 2051 | Cost: 0.162643 | Acc: 94.44% (Best: 94.44% @ Ep1746) | LR: 0.000270 | Rev: 0/99999
Epoch 2052 | Cost: 0.182320 | Acc: 94.44% (Best: 94.44% @ Ep1746) | LR: 0.000270 | Rev: 1/99999
Epoch 2053 | Cost: 0.166550 | Acc: 94.44% (Best: 94.44% @ Ep1746) | LR: 0.000270 | Rev: 0/99999
Epoch 2054 | Cost: 0.149559 | Acc: 94.44% (Best: 94.44% @ Ep1746) | LR: 0.000270 | Rev: 0/99999
Epoch 2055 | Cost: 0.170755 | Acc: 94.44% (Best: 94.44% @ Ep1746) | LR: 0.000270 | Rev: 1/99999
Epoch 2056 | Cost: 0.147609 | Acc: 94.44% (Best: 94.44% @ Ep1746) | LR: 0.000280 | Rev: 0/99999
Epoch 2057 | Cost: 0.162385 | Acc: 94.44% (Best: 94.44% @ Ep1746) | LR: 0.000280 | Rev: 1/99999
Epoch 2058 | Cost: 0.184358 | Acc: 94.44% (Best: 94.44% @ Ep1746) | LR: 0.000280 | Rev: 2/99999
Epoch 2059 | Cost: 0.171678 | Acc: 94.44% (Best: 94.44% @ Ep1746) | LR: 0.000280 | Rev: 0/99999
Epoch 2060 | Cost: 0.155069 | Acc: 94.44% (Best: 94.44% @ Ep1746) | LR: 0.000280 | Rev: 0/99999
Epoch 2061 | Cost: 0.174633 | Acc: 94.44% (Best: 94.44% @ Ep1746) | LR: 0.000280 | Rev: 1/99999
Epoch 2062 | Cost: 0.168356 | Acc: 94.44% (Best: 94.44% @ Ep1746) | LR: 0.000280 | Rev: 0/99999
Epoch 2063 | Cost: 0.155107 | Acc: 94.44% (Best: 94.44% @ Ep1746) | LR: 0.000280 | Rev: 0/99999
Epoch 2064 | Cost: 0.187238 | Acc: 94.44% (Best: 94.44% @ Ep1746) | LR: 0.000280 | Rev: 1/99999
Epoch 2065 | Cost: 0.155817 | Acc: 94.44% (Best: 94.44% @ Ep1746) | LR: 0.000280 | Rev: 0/99999
Epoch 2066 | Cost: 0.166534 | Acc: 94.44% (Best: 94.44% @ Ep1746) | LR: 0.000290 | Rev: 1/99999
Epoch 2067 | Cost: 0.172621 | Acc: 94.44% (Best: 94.44% @ Ep1746) | LR: 0.000290 | Rev: 2/99999
Epoch 2068 | Cost: 0.175214 | Acc: 94.44% (Best: 94.44% @ Ep1746) | LR: 0.000290 | Rev: 3/99999
Epoch 2069 | Cost: 0.150110 | Acc: 94.44% (Best: 94.44% @ Ep1746) | LR: 0.000290 | Rev: 0/99999
Epoch 2070 | Cost: 0.171332 | Acc: 94.44% (Best: 94.44% @ Ep1746) | LR: 0.000290 | Rev: 1/99999
Epoch 2071 | Cost: 0.164025 | Acc: 94.44% (Best: 94.44% @ Ep1746) | LR: 0.000290 | Rev: 0/99999
Epoch 2072 | Cost: 0.177108 | Acc: 94.44% (Best: 94.44% @ Ep1746) | LR: 0.000290 | Rev: 1/99999
Epoch 2073 | Cost: 0.180034 | Acc: 94.44% (Best: 94.44% @ Ep1746) | LR: 0.000290 | Rev: 2/99999
Epoch 2074 | Cost: 0.142297 | Acc: 94.44% (Best: 94.44% @ Ep1746) | LR: 0.000290 | Rev: 0/99999
Epoch 2075 | Cost: 0.148232 | Acc: 94.44% (Best: 94.44% @ Ep1746) | LR: 0.000290 | Rev: 1/99999
Epoch 2076 | Cost: 0.154298 | Acc: 94.44% (Best: 94.44% @ Ep1746) | LR: 0.000300 | Rev: 2/99999
Epoch 2077 | Cost: 0.155981 | Acc: 94.44% (Best: 94.44% @ Ep1746) | LR: 0.000300 | Rev: 3/99999
Epoch 2078 | Cost: 0.182633 | Acc: 94.44% (Best: 94.44% @ Ep1746) | LR: 0.000300 | Rev: 4/99999
Epoch 2079 | Cost: 0.195798 | Acc: 94.44% (Best: 94.44% @ Ep1746) | LR: 0.000300 | Rev: 5/99999
Epoch 2080 | Cost: 0.152119 | Acc: 94.44% (Best: 94.44% @ Ep1746) | LR: 0.000300 | Rev: 0/99999
Epoch 2081 | Cost: 0.207441 | Acc: 94.44% (Best: 94.44% @ Ep1746) | LR: 0.000300 | Rev: 1/99999
Epoch 2082 | Cost: 0.163587 | Acc: 94.44% (Best: 94.44% @ Ep1746) | LR: 0.000300 | Rev: 0/99999
Epoch 2083 | Cost: 0.160079 | Acc: 94.44% (Best: 94.44% @ Ep1746) | LR: 0.000300 | Rev: 0/99999
Epoch 2084 | Cost: 0.150733 | Acc: 94.44% (Best: 94.44% @ Ep1746) | LR: 0.000300 | Rev: 0/99999
Epoch 2085 | Cost: 0.154311 | Acc: 94.44% (Best: 94.44% @ Ep1746) | LR: 0.000300 | Rev: 1/99999
Epoch 2086 | Cost: 0.168671 | Acc: 94.44% (Best: 94.44% @ Ep1746) | LR: 0.000300 | Rev: 2/99999
Epoch 2087 | Cost: 0.145853 | Acc: 94.44% (Best: 94.44% @ Ep1746) | LR: 0.000300 | Rev: 0/99999
Epoch 2088 | Cost: 0.168637 | Acc: 94.44% (Best: 94.44% @ Ep1746) | LR: 0.000300 | Rev: 1/99999
Epoch 2089 | Cost: 0.168620 | Acc: 94.44% (Best: 94.44% @ Ep1746) | LR: 0.000300 | Rev: 0/99999
Epoch 2090 | Cost: 0.184816 | Acc: 94.44% (Best: 94.44% @ Ep1746) | LR: 0.000300 | Rev: 1/99999
Epoch 2091 | Cost: 0.189651 | Acc: 94.44% (Best: 94.44% @ Ep1746) | LR: 0.000300 | Rev: 2/99999
Epoch 2092 | Cost: 0.187226 | Acc: 94.44% (Best: 94.44% @ Ep1746) | LR: 0.000300 | Rev: 0/99999
Epoch 2093 | Cost: 0.158523 | Acc: 94.44% (Best: 94.44% @ Ep1746) | LR: 0.000300 | Rev: 0/99999
Epoch 2094 | Cost: 0.187412 | Acc: 94.44% (Best: 94.44% @ Ep1746) | LR: 0.000300 | Rev: 1/99999
Epoch 2095 | Cost: 0.154832 | Acc: 94.44% (Best: 94.44% @ Ep1746) | LR: 0.000300 | Rev: 0/99999
Epoch 2096 | Cost: 0.158208 | Acc: 94.44% (Best: 94.44% @ Ep1746) | LR: 0.000300 | Rev: 1/99999
Epoch 2097 | Cost: 0.183914 | Acc: 94.44% (Best: 94.44% @ Ep1746) | LR: 0.000300 | Rev: 2/99999
Epoch 2098 | Cost: 0.156827 | Acc: 94.44% (Best: 94.44% @ Ep1746) | LR: 0.000300 | Rev: 0/99999
Epoch 2099 | Cost: 0.183841 | Acc: 94.44% (Best: 94.44% @ Ep1746) | LR: 0.000300 | Rev: 1/99999
Epoch 2100 | Cost: 0.158212 | Acc: 94.44% (Best: 94.44% @ Ep1746) | LR: 0.000300 | Rev: 0/99999
Epoch 2101 | Cost: 0.177565 | Acc: 94.44% (Best: 94.44% @ Ep1746) | LR: 0.000300 | Rev: 1/99999
Epoch 2102 | Cost: 0.135322 | Acc: 94.44% (Best: 94.44% @ Ep1746) | LR: 0.000300 | Rev: 0/99999
Epoch 2103 | Cost: 0.164157 | Acc: 94.44% (Best: 94.44% @ Ep1746) | LR: 0.000300 | Rev: 1/99999
Epoch 2104 | Cost: 0.154997 | Acc: 94.44% (Best: 94.44% @ Ep1746) | LR: 0.000300 | Rev: 0/99999
Epoch 2105 | Cost: 0.178713 | Acc: 94.44% (Best: 94.44% @ Ep1746) | LR: 0.000300 | Rev: 1/99999
Epoch 2106 | Cost: 0.176817 | Acc: 94.44% (Best: 94.44% @ Ep1746) | LR: 0.000300 | Rev: 0/99999
Epoch 2107 | Cost: 0.167893 | Acc: 94.44% (Best: 94.44% @ Ep1746) | LR: 0.000300 | Rev: 0/99999
Epoch 2108 | Cost: 0.135196 | Acc: 94.44% (Best: 94.44% @ Ep1746) | LR: 0.000300 | Rev: 0/99999
Epoch 2109 | Cost: 0.194324 | Acc: 94.44% (Best: 94.44% @ Ep1746) | LR: 0.000300 | Rev: 1/99999
Epoch 2110 | Cost: 0.151128 | Acc: 94.44% (Best: 94.44% @ Ep1746) | LR: 0.000300 | Rev: 0/99999
Epoch 2111 | Cost: 0.149206 | Acc: 94.44% (Best: 94.44% @ Ep1746) | LR: 0.000300 | Rev: 0/99999
Epoch 2112 | Cost: 0.155121 | Acc: 94.44% (Best: 94.44% @ Ep1746) | LR: 0.000300 | Rev: 1/99999
Epoch 2113 | Cost: 0.170637 | Acc: 94.44% (Best: 94.44% @ Ep1746) | LR: 0.000300 | Rev: 2/99999
Epoch 2114 | Cost: 0.161922 | Acc: 94.44% (Best: 94.44% @ Ep1746) | LR: 0.000300 | Rev: 0/99999
Epoch 2115 | Cost: 0.141763 | Acc: 94.44% (Best: 94.44% @ Ep1746) | LR: 0.000300 | Rev: 0/99999
Epoch 2116 | Cost: 0.164153 | Acc: 94.44% (Best: 94.44% @ Ep1746) | LR: 0.000300 | Rev: 1/99999
Epoch 2117 | Cost: 0.167248 | Acc: 94.44% (Best: 94.44% @ Ep1746) | LR: 0.000300 | Rev: 2/99999
Epoch 2118 | Cost: 0.174113 | Acc: 94.44% (Best: 94.44% @ Ep1746) | LR: 0.000300 | Rev: 3/99999
Epoch 2119 | Cost: 0.159103 | Acc: 94.44% (Best: 94.44% @ Ep1746) | LR: 0.000300 | Rev: 0/99999
Epoch 2120 | Cost: 0.148162 | Acc: 94.44% (Best: 94.44% @ Ep1746) | LR: 0.000300 | Rev: 0/99999
Epoch 2121 | Cost: 0.145601 | Acc: 94.44% (Best: 94.44% @ Ep1746) | LR: 0.000300 | Rev: 0/99999
Epoch 2122 | Cost: 0.150418 | Acc: 94.44% (Best: 94.44% @ Ep1746) | LR: 0.000300 | Rev: 1/99999
Epoch 2123 | Cost: 0.174250 | Acc: 94.44% (Best: 94.44% @ Ep1746) | LR: 0.000300 | Rev: 2/99999
Epoch 2124 | Cost: 0.141080 | Acc: 94.44% (Best: 94.44% @ Ep1746) | LR: 0.000300 | Rev: 0/99999
Epoch 2125 | Cost: 0.155373 | Acc: 94.44% (Best: 94.44% @ Ep1746) | LR: 0.000300 | Rev: 1/99999
Epoch 2126 | Cost: 0.168183 | Acc: 94.44% (Best: 94.44% @ Ep1746) | LR: 0.000300 | Rev: 2/99999
Epoch 2127 | Cost: 0.157387 | Acc: 94.44% (Best: 94.44% @ Ep1746) | LR: 0.000300 | Rev: 0/99999
Epoch 2128 | Cost: 0.158814 | Acc: 94.44% (Best: 94.44% @ Ep1746) | LR: 0.000300 | Rev: 1/99999
Epoch 2129 | Cost: 0.165210 | Acc: 94.44% (Best: 94.44% @ Ep1746) | LR: 0.000300 | Rev: 2/99999
Epoch 2130 | Cost: 0.181659 | Acc: 94.44% (Best: 94.44% @ Ep1746) | LR: 0.000300 | Rev: 3/99999
Epoch 2131 | Cost: 0.166544 | Acc: 94.44% (Best: 94.44% @ Ep1746) | LR: 0.000300 | Rev: 0/99999
Epoch 2132 | Cost: 0.180379 | Acc: 94.44% (Best: 94.44% @ Ep1746) | LR: 0.000300 | Rev: 1/99999
Epoch 2133 | Cost: 0.174887 | Acc: 94.44% (Best: 94.44% @ Ep1746) | LR: 0.000300 | Rev: 0/99999
Epoch 2134 | Cost: 0.156281 | Acc: 94.44% (Best: 94.44% @ Ep1746) | LR: 0.000300 | Rev: 0/99999
Epoch 2135 | Cost: 0.140041 | Acc: 94.44% (Best: 94.44% @ Ep1746) | LR: 0.000300 | Rev: 0/99999
Epoch 2136 | Cost: 0.162378 | Acc: 94.44% (Best: 94.44% @ Ep1746) | LR: 0.000300 | Rev: 1/99999
Epoch 2137 | Cost: 0.148329 | Acc: 94.44% (Best: 94.44% @ Ep1746) | LR: 0.000300 | Rev: 0/99999
Epoch 2138 | Cost: 0.188302 | Acc: 94.44% (Best: 94.44% @ Ep1746) | LR: 0.000300 | Rev: 1/99999
Epoch 2139 | Cost: 0.159125 | Acc: 94.44% (Best: 94.44% @ Ep1746) | LR: 0.000300 | Rev: 0/99999
Epoch 2140 | Cost: 0.156130 | Acc: 94.44% (Best: 94.44% @ Ep1746) | LR: 0.000300 | Rev: 0/99999
Epoch 2141 | Cost: 0.164393 | Acc: 94.44% (Best: 94.44% @ Ep1746) | LR: 0.000300 | Rev: 1/99999
Epoch 2142 | Cost: 0.153078 | Acc: 94.44% (Best: 94.44% @ Ep1746) | LR: 0.000300 | Rev: 0/99999
Epoch 2143 | Cost: 0.146778 | Acc: 94.44% (Best: 94.44% @ Ep1746) | LR: 0.000300 | Rev: 0/99999
Epoch 2144 | Cost: 0.138347 | Acc: 94.44% (Best: 94.44% @ Ep1746) | LR: 0.000300 | Rev: 0/99999
Epoch 2145 | Cost: 0.170666 | Acc: 94.44% (Best: 94.44% @ Ep1746) | LR: 0.000300 | Rev: 1/99999
Epoch 2146 | Cost: 0.165523 | Acc: 94.44% (Best: 94.44% @ Ep1746) | LR: 0.000300 | Rev: 0/99999
Epoch 2147 | Cost: 0.148646 | Acc: 94.44% (Best: 94.44% @ Ep1746) | LR: 0.000300 | Rev: 0/99999
Epoch 2148 | Cost: 0.180994 | Acc: 94.44% (Best: 94.44% @ Ep1746) | LR: 0.000300 | Rev: 1/99999
Epoch 2149 | Cost: 0.153566 | Acc: 94.44% (Best: 94.44% @ Ep1746) | LR: 0.000300 | Rev: 0/99999
Epoch 2150 | Cost: 0.164124 | Acc: 94.44% (Best: 94.44% @ Ep1746) | LR: 0.000300 | Rev: 1/99999
Epoch 2151 | Cost: 0.162787 | Acc: 94.44% (Best: 94.44% @ Ep1746) | LR: 0.000300 | Rev: 0/99999
Epoch 2152 | Cost: 0.162962 | Acc: 94.44% (Best: 94.44% @ Ep1746) | LR: 0.000300 | Rev: 1/99999
Epoch 2153 | Cost: 0.145230 | Acc: 94.44% (Best: 94.44% @ Ep1746) | LR: 0.000300 | Rev: 0/99999
Epoch 2154 | Cost: 0.177180 | Acc: 94.44% (Best: 94.44% @ Ep1746) | LR: 0.000300 | Rev: 1/99999
Epoch 2155 | Cost: 0.157227 | Acc: 94.44% (Best: 94.44% @ Ep1746) | LR: 0.000300 | Rev: 0/99999
Epoch 2156 | Cost: 0.143236 | Acc: 94.44% (Best: 94.44% @ Ep1746) | LR: 0.000300 | Rev: 0/99999
Epoch 2157 | Cost: 0.163900 | Acc: 94.44% (Best: 94.44% @ Ep1746) | LR: 0.000300 | Rev: 1/99999
Epoch 2158 | Cost: 0.141923 | Acc: 94.44% (Best: 94.44% @ Ep1746) | LR: 0.000300 | Rev: 0/99999
Epoch 2159 | Cost: 0.179679 | Acc: 94.44% (Best: 94.44% @ Ep1746) | LR: 0.000300 | Rev: 1/99999
Epoch 2160 | Cost: 0.143015 | Acc: 94.44% (Best: 94.44% @ Ep1746) | LR: 0.000300 | Rev: 0/99999
Epoch 2161 | Cost: 0.159918 | Acc: 94.44% (Best: 94.44% @ Ep1746) | LR: 0.000300 | Rev: 1/99999
Epoch 2162 | Cost: 0.128391 | Acc: 94.44% (Best: 94.44% @ Ep1746) | LR: 0.000300 | Rev: 0/99999
Epoch 2163 | Cost: 0.143693 | Acc: 94.44% (Best: 94.44% @ Ep1746) | LR: 0.000300 | Rev: 1/99999
Epoch 2164 | Cost: 0.153552 | Acc: 94.44% (Best: 94.44% @ Ep1746) | LR: 0.000300 | Rev: 2/99999
Epoch 2165 | Cost: 0.146243 | Acc: 94.44% (Best: 94.44% @ Ep1746) | LR: 0.000300 | Rev: 0/99999
Epoch 2166 | Cost: 0.159280 | Acc: 94.44% (Best: 94.44% @ Ep1746) | LR: 0.000300 | Rev: 1/99999
Epoch 2167 | Cost: 0.142578 | Acc: 94.44% (Best: 94.44% @ Ep1746) | LR: 0.000300 | Rev: 0/99999
Epoch 2168 | Cost: 0.144418 | Acc: 94.44% (Best: 94.44% @ Ep1746) | LR: 0.000300 | Rev: 1/99999
Epoch 2169 | Cost: 0.151589 | Acc: 94.44% (Best: 94.44% @ Ep1746) | LR: 0.000300 | Rev: 2/99999
Epoch 2170 | Cost: 0.162450 | Acc: 94.44% (Best: 94.44% @ Ep1746) | LR: 0.000300 | Rev: 3/99999
Epoch 2171 | Cost: 0.141455 | Acc: 94.44% (Best: 94.44% @ Ep1746) | LR: 0.000300 | Rev: 0/99999
Epoch 2172 | Cost: 0.158340 | Acc: 94.44% (Best: 94.44% @ Ep1746) | LR: 0.000300 | Rev: 1/99999
Epoch 2173 | Cost: 0.153350 | Acc: 94.44% (Best: 94.44% @ Ep1746) | LR: 0.000300 | Rev: 0/99999
Epoch 2174 | Cost: 0.145405 | Acc: 94.44% (Best: 94.44% @ Ep1746) | LR: 0.000300 | Rev: 0/99999
Epoch 2175 | Cost: 0.156761 | Acc: 94.44% (Best: 94.44% @ Ep1746) | LR: 0.000300 | Rev: 1/99999
Epoch 2176 | Cost: 0.177319 | Acc: 94.44% (Best: 94.44% @ Ep1746) | LR: 0.000300 | Rev: 2/99999
Epoch 2177 | Cost: 0.153300 | Acc: 94.44% (Best: 94.44% @ Ep1746) | LR: 0.000300 | Rev: 0/99999
Epoch 2178 | Cost: 0.119423 | Acc: 94.44% (Best: 94.44% @ Ep1746) | LR: 0.000300 | Rev: 0/99999
Epoch 2179 | Cost: 0.133618 | Acc: 94.44% (Best: 94.44% @ Ep1746) | LR: 0.000300 | Rev: 1/99999
Epoch 2180 | Cost: 0.155874 | Acc: 94.44% (Best: 94.44% @ Ep1746) | LR: 0.000300 | Rev: 2/99999
Epoch 2181 | Cost: 0.148986 | Acc: 94.44% (Best: 94.44% @ Ep1746) | LR: 0.000300 | Rev: 0/99999
Epoch 2182 | Cost: 0.150388 | Acc: 94.44% (Best: 94.44% @ Ep1746) | LR: 0.000300 | Rev: 1/99999
Epoch 2183 | Cost: 0.159668 | Acc: 94.44% (Best: 94.44% @ Ep1746) | LR: 0.000300 | Rev: 2/99999
Epoch 2184 | Cost: 0.152548 | Acc: 94.44% (Best: 94.44% @ Ep1746) | LR: 0.000300 | Rev: 0/99999
Epoch 2185 | Cost: 0.157155 | Acc: 94.44% (Best: 94.44% @ Ep1746) | LR: 0.000300 | Rev: 1/99999
Epoch 2186 | Cost: 0.146126 | Acc: 94.44% (Best: 94.44% @ Ep1746) | LR: 0.000300 | Rev: 0/99999
Epoch 2187 | Cost: 0.152445 | Acc: 94.44% (Best: 94.44% @ Ep1746) | LR: 0.000300 | Rev: 1/99999
Epoch 2188 | Cost: 0.157537 | Acc: 94.44% (Best: 94.44% @ Ep1746) | LR: 0.000300 | Rev: 2/99999
Epoch 2189 | Cost: 0.158123 | Acc: 94.44% (Best: 94.44% @ Ep1746) | LR: 0.000300 | Rev: 3/99999
Epoch 2190 | Cost: 0.165148 | Acc: 94.44% (Best: 94.44% @ Ep1746) | LR: 0.000300 | Rev: 4/99999
Epoch 2191 | Cost: 0.178834 | Acc: 94.44% (Best: 94.44% @ Ep1746) | LR: 0.000300 | Rev: 5/99999
Epoch 2192 | Cost: 0.142823 | Acc: 94.44% (Best: 94.44% @ Ep1746) | LR: 0.000300 | Rev: 0/99999
Epoch 2193 | Cost: 0.159576 | Acc: 94.44% (Best: 94.44% @ Ep1746) | LR: 0.000300 | Rev: 1/99999
Epoch 2194 | Cost: 0.158485 | Acc: 94.44% (Best: 94.44% @ Ep1746) | LR: 0.000300 | Rev: 0/99999
Epoch 2195 | Cost: 0.160995 | Acc: 94.44% (Best: 94.44% @ Ep1746) | LR: 0.000300 | Rev: 1/99999
Epoch 2196 | Cost: 0.151988 | Acc: 94.44% (Best: 94.44% @ Ep1746) | LR: 0.000300 | Rev: 0/99999
Epoch 2197 | Cost: 0.148947 | Acc: 94.44% (Best: 94.44% @ Ep1746) | LR: 0.000300 | Rev: 0/99999
Epoch 2198 | Cost: 0.151495 | Acc: 94.44% (Best: 94.44% @ Ep1746) | LR: 0.000300 | Rev: 1/99999
Epoch 2199 | Cost: 0.143234 | Acc: 94.44% (Best: 94.44% @ Ep1746) | LR: 0.000300 | Rev: 0/99999
Epoch 2200 | Cost: 0.151929 | Acc: 94.44% (Best: 94.44% @ Ep1746) | LR: 0.000300 | Rev: 1/99999
Epoch 2201 | Cost: 0.167643 | Acc: 94.44% (Best: 94.44% @ Ep1746) | LR: 0.000300 | Rev: 2/99999
Epoch 2202 | Cost: 0.145787 | Acc: 94.44% (Best: 94.44% @ Ep1746) | LR: 0.000300 | Rev: 0/99999
Epoch 2203 | Cost: 0.192459 | Acc: 94.44% (Best: 94.44% @ Ep1746) | LR: 0.000300 | Rev: 1/99999
Epoch 2204 | Cost: 0.144063 | Acc: 94.44% (Best: 94.44% @ Ep1746) | LR: 0.000300 | Rev: 0/99999
Epoch 2205 | Cost: 0.146588 | Acc: 94.44% (Best: 94.44% @ Ep1746) | LR: 0.000300 | Rev: 1/99999
Epoch 2206 | Cost: 0.136878 | Acc: 94.44% (Best: 94.44% @ Ep1746) | LR: 0.000300 | Rev: 0/99999
Epoch 2207 | Cost: 0.154483 | Acc: 94.44% (Best: 94.44% @ Ep1746) | LR: 0.000300 | Rev: 1/99999
Epoch 2208 | Cost: 0.153406 | Acc: 94.44% (Best: 94.44% @ Ep1746) | LR: 0.000300 | Rev: 0/99999
Epoch 2209 | Cost: 0.146123 | Acc: 94.44% (Best: 94.44% @ Ep1746) | LR: 0.000300 | Rev: 0/99999
Epoch 2210 | Cost: 0.153524 | Acc: 94.44% (Best: 94.44% @ Ep1746) | LR: 0.000300 | Rev: 1/99999
Epoch 2211 | Cost: 0.147503 | Acc: 94.44% (Best: 94.44% @ Ep1746) | LR: 0.000300 | Rev: 0/99999
Epoch 2212 | Cost: 0.138667 | Acc: 94.44% (Best: 94.44% @ Ep1746) | LR: 0.000300 | Rev: 0/99999
Epoch 2213 | Cost: 0.152970 | Acc: 94.44% (Best: 94.44% @ Ep1746) | LR: 0.000300 | Rev: 1/99999
Epoch 2214 | Cost: 0.147679 | Acc: 94.44% (Best: 94.44% @ Ep1746) | LR: 0.000300 | Rev: 0/99999
Epoch 2215 | Cost: 0.180418 | Acc: 94.44% (Best: 94.44% @ Ep1746) | LR: 0.000300 | Rev: 1/99999
Epoch 2216 | Cost: 0.166629 | Acc: 94.44% (Best: 94.44% @ Ep1746) | LR: 0.000300 | Rev: 0/99999
Epoch 2217 | Cost: 0.148255 | Acc: 94.44% (Best: 94.44% @ Ep1746) | LR: 0.000300 | Rev: 0/99999
Epoch 2218 | Cost: 0.142134 | Acc: 94.44% (Best: 94.44% @ Ep1746) | LR: 0.000300 | Rev: 0/99999
Epoch 2219 | Cost: 0.152725 | Acc: 94.44% (Best: 94.44% @ Ep1746) | LR: 0.000300 | Rev: 1/99999
Epoch 2220 | Cost: 0.147056 | Acc: 94.44% (Best: 94.44% @ Ep1746) | LR: 0.000300 | Rev: 0/99999
Epoch 2221 | Cost: 0.143820 | Acc: 94.44% (Best: 94.44% @ Ep1746) | LR: 0.000300 | Rev: 0/99999
Epoch 2222 | Cost: 0.154913 | Acc: 94.44% (Best: 94.44% @ Ep1746) | LR: 0.000300 | Rev: 1/99999
Epoch 2223 | Cost: 0.142124 | Acc: 94.44% (Best: 94.44% @ Ep1746) | LR: 0.000300 | Rev: 0/99999
Epoch 2224 | Cost: 0.130227 | Acc: 94.44% (Best: 94.44% @ Ep1746) | LR: 0.000300 | Rev: 0/99999
Epoch 2225 | Cost: 0.147940 | Acc: 94.44% (Best: 94.44% @ Ep1746) | LR: 0.000300 | Rev: 1/99999
Epoch 2226 | Cost: 0.155955 | Acc: 94.44% (Best: 94.44% @ Ep1746) | LR: 0.000300 | Rev: 2/99999
Epoch 2227 | Cost: 0.145998 | Acc: 94.44% (Best: 94.44% @ Ep1746) | LR: 0.000300 | Rev: 0/99999
Epoch 2228 | Cost: 0.152151 | Acc: 94.44% (Best: 94.44% @ Ep1746) | LR: 0.000300 | Rev: 1/99999
Epoch 2229 | Cost: 0.126600 | Acc: 94.44% (Best: 94.44% @ Ep1746) | LR: 0.000300 | Rev: 0/99999
Epoch 2230 | Cost: 0.152584 | Acc: 94.44% (Best: 94.44% @ Ep1746) | LR: 0.000300 | Rev: 1/99999
Epoch 2231 | Cost: 0.148701 | Acc: 94.44% (Best: 94.44% @ Ep1746) | LR: 0.000300 | Rev: 0/99999
Epoch 2232 | Cost: 0.113565 | Acc: 94.44% (Best: 94.44% @ Ep1746) | LR: 0.000300 | Rev: 0/99999
Epoch 2233 | Cost: 0.155077 | Acc: 94.44% (Best: 94.44% @ Ep1746) | LR: 0.000300 | Rev: 1/99999
Epoch 2234 | Cost: 0.166459 | Acc: 94.44% (Best: 94.44% @ Ep1746) | LR: 0.000300 | Rev: 2/99999
Epoch 2235 | Cost: 0.131377 | Acc: 94.44% (Best: 94.44% @ Ep1746) | LR: 0.000300 | Rev: 0/99999
Epoch 2236 | Cost: 0.156578 | Acc: 94.44% (Best: 94.44% @ Ep1746) | LR: 0.000300 | Rev: 1/99999
Epoch 2237 | Cost: 0.167240 | Acc: 94.44% (Best: 94.44% @ Ep1746) | LR: 0.000300 | Rev: 2/99999
Epoch 2238 | Cost: 0.157705 | Acc: 94.44% (Best: 94.44% @ Ep1746) | LR: 0.000300 | Rev: 0/99999
Epoch 2239 | Cost: 0.143891 | Acc: 94.44% (Best: 94.44% @ Ep1746) | LR: 0.000300 | Rev: 0/99999
Epoch 2240 | Cost: 0.145859 | Acc: 94.44% (Best: 94.44% @ Ep1746) | LR: 0.000300 | Rev: 1/99999
Epoch 2241 | Cost: 0.125796 | Acc: 94.44% (Best: 94.44% @ Ep1746) | LR: 0.000300 | Rev: 0/99999
Epoch 2242 | Cost: 0.140921 | Acc: 94.44% (Best: 94.44% @ Ep1746) | LR: 0.000300 | Rev: 1/99999
Epoch 2243 | Cost: 0.140712 | Acc: 94.44% (Best: 94.44% @ Ep1746) | LR: 0.000300 | Rev: 0/99999
Epoch 2244 | Cost: 0.136478 | Acc: 94.44% (Best: 94.44% @ Ep1746) | LR: 0.000300 | Rev: 0/99999
Epoch 2245 | Cost: 0.135685 | Acc: 94.44% (Best: 94.44% @ Ep1746) | LR: 0.000300 | Rev: 0/99999
Epoch 2246 | Cost: 0.178296 | Acc: 94.44% (Best: 94.44% @ Ep1746) | LR: 0.000300 | Rev: 1/99999
Epoch 2247 | Cost: 0.148885 | Acc: 94.44% (Best: 94.44% @ Ep1746) | LR: 0.000300 | Rev: 0/99999
Epoch 2248 | Cost: 0.139906 | Acc: 94.44% (Best: 94.44% @ Ep1746) | LR: 0.000300 | Rev: 0/99999
Epoch 2249 | Cost: 0.163573 | Acc: 94.44% (Best: 94.44% @ Ep1746) | LR: 0.000300 | Rev: 1/99999
Epoch 2250 | Cost: 0.136821 | Acc: 94.44% (Best: 94.44% @ Ep1746) | LR: 0.000300 | Rev: 0/99999
Epoch 2251 | Cost: 0.149787 | Acc: 94.44% (Best: 94.44% @ Ep1746) | LR: 0.000300 | Rev: 1/99999
Epoch 2252 | Cost: 0.143452 | Acc: 94.44% (Best: 94.44% @ Ep1746) | LR: 0.000300 | Rev: 0/99999
Epoch 2253 | Cost: 0.156849 | Acc: 94.44% (Best: 94.44% @ Ep1746) | LR: 0.000300 | Rev: 1/99999
Epoch 2254 | Cost: 0.155803 | Acc: 94.44% (Best: 94.44% @ Ep1746) | LR: 0.000300 | Rev: 0/99999
Epoch 2255 | Cost: 0.131052 | Acc: 94.44% (Best: 94.44% @ Ep1746) | LR: 0.000300 | Rev: 0/99999
Epoch 2256 | Cost: 0.135635 | Acc: 94.44% (Best: 94.44% @ Ep1746) | LR: 0.000300 | Rev: 1/99999
Epoch 2257 | Cost: 0.145568 | Acc: 94.44% (Best: 94.44% @ Ep1746) | LR: 0.000300 | Rev: 2/99999
Epoch 2258 | Cost: 0.159694 | Acc: 94.44% (Best: 94.44% @ Ep1746) | LR: 0.000300 | Rev: 3/99999
Epoch 2259 | Cost: 0.164224 | Acc: 94.44% (Best: 94.44% @ Ep1746) | LR: 0.000300 | Rev: 4/99999
Epoch 2260 | Cost: 0.167425 | Acc: 94.44% (Best: 94.44% @ Ep1746) | LR: 0.000300 | Rev: 5/99999
Epoch 2261 | Cost: 0.120538 | Acc: 94.44% (Best: 94.44% @ Ep1746) | LR: 0.000300 | Rev: 0/99999
Epoch 2262 | Cost: 0.124878 | Acc: 94.44% (Best: 94.44% @ Ep1746) | LR: 0.000300 | Rev: 1/99999
Epoch 2263 | Cost: 0.151966 | Acc: 94.44% (Best: 94.44% @ Ep1746) | LR: 0.000300 | Rev: 2/99999
Epoch 2264 | Cost: 0.162404 | Acc: 94.44% (Best: 94.44% @ Ep1746) | LR: 0.000300 | Rev: 3/99999
Epoch 2265 | Cost: 0.138227 | Acc: 94.44% (Best: 94.44% @ Ep1746) | LR: 0.000300 | Rev: 0/99999
Epoch 2266 | Cost: 0.166942 | Acc: 94.44% (Best: 94.44% @ Ep1746) | LR: 0.000300 | Rev: 1/99999
Epoch 2267 | Cost: 0.161578 | Acc: 94.44% (Best: 94.44% @ Ep1746) | LR: 0.000300 | Rev: 0/99999
Epoch 2268 | Cost: 0.170311 | Acc: 94.44% (Best: 94.44% @ Ep1746) | LR: 0.000300 | Rev: 1/99999
Epoch 2269 | Cost: 0.140198 | Acc: 94.44% (Best: 94.44% @ Ep1746) | LR: 0.000300 | Rev: 0/99999
Epoch 2270 | Cost: 0.130352 | Acc: 94.44% (Best: 94.44% @ Ep1746) | LR: 0.000300 | Rev: 0/99999
Epoch 2271 | Cost: 0.141702 | Acc: 94.44% (Best: 94.44% @ Ep1746) | LR: 0.000300 | Rev: 1/99999
Epoch 2272 | Cost: 0.129367 | Acc: 94.44% (Best: 94.44% @ Ep1746) | LR: 0.000300 | Rev: 0/99999
Epoch 2273 | Cost: 0.137611 | Acc: 94.44% (Best: 94.44% @ Ep1746) | LR: 0.000300 | Rev: 1/99999
Epoch 2274 | Cost: 0.144530 | Acc: 94.44% (Best: 94.44% @ Ep1746) | LR: 0.000300 | Rev: 2/99999
Epoch 2275 | Cost: 0.137937 | Acc: 94.44% (Best: 94.44% @ Ep1746) | LR: 0.000300 | Rev: 0/99999
Epoch 2276 | Cost: 0.144627 | Acc: 94.44% (Best: 94.44% @ Ep1746) | LR: 0.000300 | Rev: 1/99999
Epoch 2277 | Cost: 0.126825 | Acc: 94.44% (Best: 94.44% @ Ep1746) | LR: 0.000300 | Rev: 0/99999
Epoch 2278 | Cost: 0.156116 | Acc: 94.44% (Best: 94.44% @ Ep1746) | LR: 0.000300 | Rev: 1/99999
Epoch 2279 | Cost: 0.148476 | Acc: 94.44% (Best: 94.44% @ Ep1746) | LR: 0.000300 | Rev: 0/99999
Epoch 2280 | Cost: 0.134603 | Acc: 94.44% (Best: 94.44% @ Ep1746) | LR: 0.000300 | Rev: 0/99999
Epoch 2281 | Cost: 0.154259 | Acc: 94.44% (Best: 94.44% @ Ep1746) | LR: 0.000300 | Rev: 1/99999
Epoch 2282 | Cost: 0.140216 | Acc: 94.44% (Best: 94.44% @ Ep1746) | LR: 0.000300 | Rev: 0/99999
Epoch 2283 | Cost: 0.145558 | Acc: 94.44% (Best: 94.44% @ Ep1746) | LR: 0.000300 | Rev: 1/99999
Epoch 2284 | Cost: 0.151669 | Acc: 94.44% (Best: 94.44% @ Ep1746) | LR: 0.000300 | Rev: 2/99999
Epoch 2285 | Cost: 0.160141 | Acc: 94.44% (Best: 94.44% @ Ep1746) | LR: 0.000300 | Rev: 3/99999
Epoch 2286 | Cost: 0.122745 | Acc: 94.44% (Best: 94.44% @ Ep1746) | LR: 0.000300 | Rev: 0/99999
Epoch 2287 | Cost: 0.140577 | Acc: 94.44% (Best: 94.44% @ Ep1746) | LR: 0.000300 | Rev: 1/99999
Epoch 2288 | Cost: 0.161666 | Acc: 94.44% (Best: 94.44% @ Ep1746) | LR: 0.000300 | Rev: 2/99999
Epoch 2289 | Cost: 0.130566 | Acc: 94.44% (Best: 94.44% @ Ep1746) | LR: 0.000300 | Rev: 0/99999
Epoch 2290 | Cost: 0.167443 | Acc: 94.44% (Best: 94.44% @ Ep1746) | LR: 0.000300 | Rev: 1/99999
Epoch 2291 | Cost: 0.140993 | Acc: 94.44% (Best: 94.44% @ Ep1746) | LR: 0.000300 | Rev: 0/99999
Epoch 2292 | Cost: 0.130425 | Acc: 94.44% (Best: 94.44% @ Ep1746) | LR: 0.000300 | Rev: 0/99999
Epoch 2293 | Cost: 0.140762 | Acc: 94.44% (Best: 94.44% @ Ep1746) | LR: 0.000300 | Rev: 1/99999
Epoch 2294 | Cost: 0.157493 | Acc: 94.44% (Best: 94.44% @ Ep1746) | LR: 0.000300 | Rev: 2/99999
Epoch 2295 | Cost: 0.111335 | Acc: 94.44% (Best: 94.44% @ Ep1746) | LR: 0.000300 | Rev: 0/99999
Epoch 2296 | Cost: 0.142325 | Acc: 94.44% (Best: 94.44% @ Ep1746) | LR: 0.000300 | Rev: 1/99999
Epoch 2297 | Cost: 0.143149 | Acc: 94.44% (Best: 94.44% @ Ep1746) | LR: 0.000300 | Rev: 2/99999
Epoch 2298 | Cost: 0.138417 | Acc: 94.44% (Best: 94.44% @ Ep1746) | LR: 0.000300 | Rev: 0/99999
Epoch 2299 | Cost: 0.121707 | Acc: 94.44% (Best: 94.44% @ Ep1746) | LR: 0.000300 | Rev: 0/99999
Epoch 2300 | Cost: 0.141335 | Acc: 94.44% (Best: 94.44% @ Ep1746) | LR: 0.000300 | Rev: 1/99999
Epoch 2301 | Cost: 0.141102 | Acc: 94.44% (Best: 94.44% @ Ep1746) | LR: 0.000300 | Rev: 0/99999
Epoch 2302 | Cost: 0.129731 | Acc: 94.44% (Best: 94.44% @ Ep1746) | LR: 0.000300 | Rev: 0/99999
Epoch 2303 | Cost: 0.126400 | Acc: 94.44% (Best: 94.44% @ Ep1746) | LR: 0.000300 | Rev: 0/99999
Epoch 2304 | Cost: 0.130546 | Acc: 94.44% (Best: 94.44% @ Ep1746) | LR: 0.000300 | Rev: 1/99999
Epoch 2305 | Cost: 0.159881 | Acc: 94.44% (Best: 94.44% @ Ep1746) | LR: 0.000300 | Rev: 2/99999
Epoch 2306 | Cost: 0.132352 | Acc: 94.44% (Best: 94.44% @ Ep1746) | LR: 0.000300 | Rev: 0/99999
Epoch 2307 | Cost: 0.176840 | Acc: 94.44% (Best: 94.44% @ Ep1746) | LR: 0.000300 | Rev: 1/99999
Epoch 2308 | Cost: 0.150535 | Acc: 94.44% (Best: 94.44% @ Ep1746) | LR: 0.000300 | Rev: 0/99999
Epoch 2309 | Cost: 0.140901 | Acc: 94.44% (Best: 94.44% @ Ep1746) | LR: 0.000300 | Rev: 0/99999
Epoch 2310 | Cost: 0.136566 | Acc: 94.44% (Best: 94.44% @ Ep1746) | LR: 0.000300 | Rev: 0/99999
Epoch 2311 | Cost: 0.126596 | Acc: 94.44% (Best: 94.44% @ Ep1746) | LR: 0.000300 | Rev: 0/99999
Epoch 2312 | Cost: 0.140084 | Acc: 94.44% (Best: 94.44% @ Ep1746) | LR: 0.000300 | Rev: 1/99999
Epoch 2313 | Cost: 0.114981 | Acc: 94.44% (Best: 94.44% @ Ep1746) | LR: 0.000300 | Rev: 0/99999
Epoch 2314 | Cost: 0.117808 | Acc: 94.44% (Best: 94.44% @ Ep1746) | LR: 0.000300 | Rev: 1/99999
Epoch 2315 | Cost: 0.129503 | Acc: 94.44% (Best: 94.44% @ Ep1746) | LR: 0.000300 | Rev: 2/99999
Epoch 2316 | Cost: 0.133190 | Acc: 94.44% (Best: 94.44% @ Ep1746) | LR: 0.000300 | Rev: 3/99999
Epoch 2317 | Cost: 0.140803 | Acc: 94.44% (Best: 94.44% @ Ep1746) | LR: 0.000300 | Rev: 4/99999
Epoch 2318 | Cost: 0.152324 | Acc: 94.44% (Best: 94.44% @ Ep1746) | LR: 0.000300 | Rev: 5/99999
Epoch 2319 | Cost: 0.134540 | Acc: 94.44% (Best: 94.44% @ Ep1746) | LR: 0.000300 | Rev: 0/99999
Epoch 2320 | Cost: 0.112662 | Acc: 94.44% (Best: 94.44% @ Ep1746) | LR: 0.000300 | Rev: 0/99999
Epoch 2321 | Cost: 0.115995 | Acc: 94.44% (Best: 94.44% @ Ep1746) | LR: 0.000300 | Rev: 1/99999
Epoch 2322 | Cost: 0.153613 | Acc: 94.44% (Best: 94.44% @ Ep1746) | LR: 0.000300 | Rev: 2/99999
Epoch 2323 | Cost: 0.144958 | Acc: 94.44% (Best: 94.44% @ Ep1746) | LR: 0.000300 | Rev: 0/99999
Epoch 2324 | Cost: 0.128608 | Acc: 94.44% (Best: 94.44% @ Ep1746) | LR: 0.000300 | Rev: 0/99999
Epoch 2325 | Cost: 0.142077 | Acc: 94.44% (Best: 94.44% @ Ep1746) | LR: 0.000300 | Rev: 1/99999
Epoch 2326 | Cost: 0.108722 | Acc: 94.44% (Best: 94.44% @ Ep1746) | LR: 0.000300 | Rev: 0/99999
Epoch 2327 | Cost: 0.137079 | Acc: 94.44% (Best: 94.44% @ Ep1746) | LR: 0.000300 | Rev: 1/99999
Epoch 2328 | Cost: 0.125707 | Acc: 94.44% (Best: 94.44% @ Ep1746) | LR: 0.000300 | Rev: 0/99999
Epoch 2329 | Cost: 0.125062 | Acc: 94.44% (Best: 94.44% @ Ep1746) | LR: 0.000300 | Rev: 0/99999
Epoch 2330 | Cost: 0.120518 | Acc: 94.44% (Best: 94.44% @ Ep1746) | LR: 0.000300 | Rev: 0/99999
Epoch 2331 | Cost: 0.134463 | Acc: 94.44% (Best: 94.44% @ Ep1746) | LR: 0.000300 | Rev: 1/99999
Epoch 2332 | Cost: 0.125305 | Acc: 94.44% (Best: 94.44% @ Ep1746) | LR: 0.000300 | Rev: 0/99999
Epoch 2333 | Cost: 0.141391 | Acc: 94.44% (Best: 94.44% @ Ep1746) | LR: 0.000300 | Rev: 1/99999
Epoch 2334 | Cost: 0.119129 | Acc: 94.44% (Best: 94.44% @ Ep1746) | LR: 0.000300 | Rev: 0/99999
Epoch 2335 | Cost: 0.128908 | Acc: 94.44% (Best: 94.44% @ Ep1746) | LR: 0.000300 | Rev: 1/99999
Epoch 2336 | Cost: 0.107692 | Acc: 94.44% (Best: 94.44% @ Ep1746) | LR: 0.000300 | Rev: 0/99999
Epoch 2337 | Cost: 0.133779 | Acc: 94.44% (Best: 94.44% @ Ep1746) | LR: 0.000300 | Rev: 1/99999
Epoch 2338 | Cost: 0.136507 | Acc: 94.44% (Best: 94.44% @ Ep1746) | LR: 0.000300 | Rev: 2/99999
Epoch 2339 | Cost: 0.120044 | Acc: 94.44% (Best: 94.44% @ Ep1746) | LR: 0.000300 | Rev: 0/99999
Epoch 2340 | Cost: 0.108797 | Acc: 94.44% (Best: 94.44% @ Ep1746) | LR: 0.000300 | Rev: 0/99999
Epoch 2341 | Cost: 0.153572 | Acc: 94.44% (Best: 94.44% @ Ep1746) | LR: 0.000300 | Rev: 1/99999
Epoch 2342 | Cost: 0.138338 | Acc: 94.44% (Best: 94.44% @ Ep1746) | LR: 0.000300 | Rev: 0/99999
Epoch 2343 | Cost: 0.119453 | Acc: 94.44% (Best: 94.44% @ Ep1746) | LR: 0.000300 | Rev: 0/99999
Epoch 2344 | Cost: 0.159770 | Acc: 94.44% (Best: 94.44% @ Ep1746) | LR: 0.000300 | Rev: 1/99999
Epoch 2345 | Cost: 0.124092 | Acc: 94.44% (Best: 94.44% @ Ep1746) | LR: 0.000300 | Rev: 0/99999
Epoch 2346 | Cost: 0.139137 | Acc: 94.44% (Best: 94.44% @ Ep1746) | LR: 0.000300 | Rev: 1/99999
Epoch 2347 | Cost: 0.109872 | Acc: 94.44% (Best: 94.44% @ Ep1746) | LR: 0.000300 | Rev: 0/99999
Epoch 2348 | Cost: 0.122706 | Acc: 94.44% (Best: 94.44% @ Ep1746) | LR: 0.000300 | Rev: 1/99999
Epoch 2349 | Cost: 0.148616 | Acc: 94.44% (Best: 94.44% @ Ep1746) | LR: 0.000300 | Rev: 2/99999
Epoch 2350 | Cost: 0.155969 | Acc: 94.44% (Best: 94.44% @ Ep1746) | LR: 0.000300 | Rev: 3/99999
Epoch 2351 | Cost: 0.115486 | Acc: 94.44% (Best: 94.44% @ Ep1746) | LR: 0.000300 | Rev: 0/99999
Epoch 2352 | Cost: 0.136334 | Acc: 94.44% (Best: 94.44% @ Ep1746) | LR: 0.000300 | Rev: 1/99999
Epoch 2353 | Cost: 0.159846 | Acc: 94.44% (Best: 94.44% @ Ep1746) | LR: 0.000300 | Rev: 2/99999
Epoch 2354 | Cost: 0.121510 | Acc: 94.44% (Best: 94.44% @ Ep1746) | LR: 0.000300 | Rev: 0/99999
Epoch 2355 | Cost: 0.131611 | Acc: 94.44% (Best: 94.44% @ Ep1746) | LR: 0.000300 | Rev: 1/99999
Epoch 2356 | Cost: 0.143394 | Acc: 94.44% (Best: 94.44% @ Ep1746) | LR: 0.000300 | Rev: 2/99999
Epoch 2357 | Cost: 0.116340 | Acc: 94.44% (Best: 94.44% @ Ep1746) | LR: 0.000300 | Rev: 0/99999
Epoch 2358 | Cost: 0.154347 | Acc: 94.44% (Best: 94.44% @ Ep1746) | LR: 0.000300 | Rev: 1/99999
Epoch 2359 | Cost: 0.128414 | Acc: 94.44% (Best: 94.44% @ Ep1746) | LR: 0.000300 | Rev: 0/99999
Epoch 2360 | Cost: 0.116642 | Acc: 94.44% (Best: 94.44% @ Ep1746) | LR: 0.000300 | Rev: 0/99999
Epoch 2361 | Cost: 0.130587 | Acc: 94.44% (Best: 94.44% @ Ep1746) | LR: 0.000300 | Rev: 1/99999
Epoch 2362 | Cost: 0.113191 | Acc: 94.44% (Best: 94.44% @ Ep1746) | LR: 0.000300 | Rev: 0/99999
Epoch 2363 | Cost: 0.132096 | Acc: 94.44% (Best: 94.44% @ Ep1746) | LR: 0.000300 | Rev: 1/99999
Epoch 2364 | Cost: 0.108605 | Acc: 94.44% (Best: 94.44% @ Ep1746) | LR: 0.000300 | Rev: 0/99999
Epoch 2365 | Cost: 0.110174 | Acc: 94.44% (Best: 94.44% @ Ep1746) | LR: 0.000300 | Rev: 1/99999
Epoch 2366 | Cost: 0.123970 | Acc: 94.44% (Best: 94.44% @ Ep1746) | LR: 0.000300 | Rev: 2/99999
Epoch 2367 | Cost: 0.126288 | Acc: 94.44% (Best: 94.44% @ Ep1746) | LR: 0.000300 | Rev: 3/99999
Epoch 2368 | Cost: 0.187751 | Acc: 94.44% (Best: 94.44% @ Ep1746) | LR: 0.000300 | Rev: 4/99999
Epoch 2369 | Cost: 0.115691 | Acc: 94.44% (Best: 94.44% @ Ep1746) | LR: 0.000300 | Rev: 0/99999
Epoch 2370 | Cost: 0.124213 | Acc: 94.44% (Best: 94.44% @ Ep1746) | LR: 0.000300 | Rev: 1/99999
Epoch 2371 | Cost: 0.124473 | Acc: 94.44% (Best: 94.44% @ Ep1746) | LR: 0.000300 | Rev: 2/99999
Epoch 2372 | Cost: 0.139922 | Acc: 94.44% (Best: 94.44% @ Ep1746) | LR: 0.000300 | Rev: 3/99999
Epoch 2373 | Cost: 0.113652 | Acc: 94.44% (Best: 94.44% @ Ep1746) | LR: 0.000300 | Rev: 0/99999
Epoch 2374 | Cost: 0.144291 | Acc: 94.44% (Best: 94.44% @ Ep1746) | LR: 0.000300 | Rev: 1/99999
Epoch 2375 | Cost: 0.112446 | Acc: 94.44% (Best: 94.44% @ Ep1746) | LR: 0.000300 | Rev: 0/99999
Epoch 2376 | Cost: 0.130513 | Acc: 94.44% (Best: 94.44% @ Ep1746) | LR: 0.000300 | Rev: 1/99999
Epoch 2377 | Cost: 0.112103 | Acc: 94.44% (Best: 94.44% @ Ep1746) | LR: 0.000300 | Rev: 0/99999
Epoch 2378 | Cost: 0.140932 | Acc: 94.44% (Best: 94.44% @ Ep1746) | LR: 0.000300 | Rev: 1/99999
Epoch 2379 | Cost: 0.149056 | Acc: 94.44% (Best: 94.44% @ Ep1746) | LR: 0.000300 | Rev: 2/99999
Epoch 2380 | Cost: 0.121292 | Acc: 94.44% (Best: 94.44% @ Ep1746) | LR: 0.000300 | Rev: 0/99999
Epoch 2381 | Cost: 0.112887 | Acc: 94.44% (Best: 94.44% @ Ep1746) | LR: 0.000300 | Rev: 0/99999
Epoch 2382 | Cost: 0.131605 | Acc: 94.44% (Best: 94.44% @ Ep1746) | LR: 0.000300 | Rev: 1/99999
Epoch 2383 | Cost: 0.138808 | Acc: 94.44% (Best: 94.44% @ Ep1746) | LR: 0.000300 | Rev: 2/99999
Epoch 2384 | Cost: 0.132768 | Acc: 94.44% (Best: 94.44% @ Ep1746) | LR: 0.000300 | Rev: 0/99999
Epoch 2385 | Cost: 0.129653 | Acc: 94.44% (Best: 94.44% @ Ep1746) | LR: 0.000300 | Rev: 0/99999
Epoch 2386 | Cost: 0.125162 | Acc: 94.44% (Best: 94.44% @ Ep1746) | LR: 0.000300 | Rev: 0/99999
Epoch 2387 | Cost: 0.154098 | Acc: 94.44% (Best: 94.44% @ Ep1746) | LR: 0.000300 | Rev: 1/99999
Epoch 2388 | Cost: 0.120209 | Acc: 94.44% (Best: 94.44% @ Ep1746) | LR: 0.000300 | Rev: 0/99999
Epoch 2389 | Cost: 0.163878 | Acc: 94.44% (Best: 94.44% @ Ep1746) | LR: 0.000300 | Rev: 1/99999
Epoch 2390 | Cost: 0.143668 | Acc: 94.44% (Best: 94.44% @ Ep1746) | LR: 0.000300 | Rev: 0/99999
Epoch 2391 | Cost: 0.107241 | Acc: 94.44% (Best: 94.44% @ Ep1746) | LR: 0.000300 | Rev: 0/99999
Epoch 2392 | Cost: 0.128929 | Acc: 94.44% (Best: 94.44% @ Ep1746) | LR: 0.000300 | Rev: 1/99999
Epoch 2393 | Cost: 0.122362 | Acc: 94.44% (Best: 94.44% @ Ep1746) | LR: 0.000300 | Rev: 0/99999
Epoch 2394 | Cost: 0.123011 | Acc: 94.44% (Best: 94.44% @ Ep1746) | LR: 0.000300 | Rev: 1/99999
Epoch 2395 | Cost: 0.153989 | Acc: 94.44% (Best: 94.44% @ Ep1746) | LR: 0.000300 | Rev: 2/99999
Epoch 2396 | Cost: 0.123894 | Acc: 94.44% (Best: 94.44% @ Ep1746) | LR: 0.000300 | Rev: 0/99999
Epoch 2397 | Cost: 0.114935 | Acc: 94.44% (Best: 94.44% @ Ep1746) | LR: 0.000300 | Rev: 0/99999
Epoch 2398 | Cost: 0.116580 | Acc: 94.44% (Best: 94.44% @ Ep1746) | LR: 0.000300 | Rev: 1/99999
Epoch 2399 | Cost: 0.144715 | Acc: 94.44% (Best: 94.44% @ Ep1746) | LR: 0.000300 | Rev: 2/99999
Epoch 2400 | Cost: 0.101665 | Acc: 94.44% (Best: 94.44% @ Ep1746) | LR: 0.000300 | Rev: 0/99999
Epoch 2401 | Cost: 0.154131 | Acc: 94.44% (Best: 94.44% @ Ep1746) | LR: 0.000300 | Rev: 1/99999
Epoch 2402 | Cost: 0.139238 | Acc: 94.44% (Best: 94.44% @ Ep1746) | LR: 0.000300 | Rev: 0/99999
Epoch 2403 | Cost: 0.128594 | Acc: 94.44% (Best: 94.44% @ Ep1746) | LR: 0.000300 | Rev: 0/99999
Epoch 2404 | Cost: 0.125231 | Acc: 94.44% (Best: 94.44% @ Ep1746) | LR: 0.000300 | Rev: 0/99999
Epoch 2405 | Cost: 0.131065 | Acc: 94.44% (Best: 94.44% @ Ep1746) | LR: 0.000300 | Rev: 1/99999
Epoch 2406 | Cost: 0.135557 | Acc: 94.44% (Best: 94.44% @ Ep1746) | LR: 0.000300 | Rev: 2/99999
Epoch 2407 | Cost: 0.105211 | Acc: 94.44% (Best: 94.44% @ Ep1746) | LR: 0.000300 | Rev: 0/99999
Epoch 2408 | Cost: 0.139676 | Acc: 94.44% (Best: 94.44% @ Ep1746) | LR: 0.000300 | Rev: 1/99999
Epoch 2409 | Cost: 0.123769 | Acc: 94.44% (Best: 94.44% @ Ep1746) | LR: 0.000300 | Rev: 0/99999
Epoch 2410 | Cost: 0.122128 | Acc: 94.44% (Best: 94.44% @ Ep1746) | LR: 0.000300 | Rev: 0/99999
Epoch 2411 | Cost: 0.153400 | Acc: 94.44% (Best: 94.44% @ Ep1746) | LR: 0.000300 | Rev: 1/99999
Epoch 2412 | Cost: 0.141513 | Acc: 94.44% (Best: 94.44% @ Ep1746) | LR: 0.000300 | Rev: 0/99999
Epoch 2413 | Cost: 0.129127 | Acc: 94.44% (Best: 94.44% @ Ep1746) | LR: 0.000300 | Rev: 0/99999
Epoch 2414 | Cost: 0.139604 | Acc: 94.44% (Best: 94.44% @ Ep1746) | LR: 0.000300 | Rev: 1/99999
Epoch 2415 | Cost: 0.110141 | Acc: 94.44% (Best: 94.44% @ Ep1746) | LR: 0.000300 | Rev: 0/99999
Epoch 2416 | Cost: 0.123713 | Acc: 94.44% (Best: 94.44% @ Ep1746) | LR: 0.000300 | Rev: 1/99999
Epoch 2417 | Cost: 0.120684 | Acc: 94.44% (Best: 94.44% @ Ep1746) | LR: 0.000300 | Rev: 0/99999
Epoch 2418 | Cost: 0.122447 | Acc: 94.44% (Best: 94.44% @ Ep1746) | LR: 0.000300 | Rev: 1/99999
Epoch 2419 | Cost: 0.118127 | Acc: 94.44% (Best: 94.44% @ Ep1746) | LR: 0.000300 | Rev: 0/99999
Epoch 2420 | Cost: 0.144670 | Acc: 94.44% (Best: 94.44% @ Ep1746) | LR: 0.000300 | Rev: 1/99999
Epoch 2421 | Cost: 0.142685 | Acc: 94.44% (Best: 94.44% @ Ep1746) | LR: 0.000300 | Rev: 0/99999
Epoch 2422 | Cost: 0.131987 | Acc: 94.44% (Best: 94.44% @ Ep1746) | LR: 0.000300 | Rev: 0/99999
Epoch 2423 | Cost: 0.148000 | Acc: 94.44% (Best: 94.44% @ Ep1746) | LR: 0.000300 | Rev: 1/99999
Epoch 2424 | Cost: 0.132810 | Acc: 94.44% (Best: 94.44% @ Ep1746) | LR: 0.000300 | Rev: 0/99999
Epoch 2425 | Cost: 0.104555 | Acc: 94.44% (Best: 94.44% @ Ep1746) | LR: 0.000300 | Rev: 0/99999
Epoch 2426 | Cost: 0.132554 | Acc: 94.44% (Best: 94.44% @ Ep1746) | LR: 0.000300 | Rev: 1/99999
Epoch 2427 | Cost: 0.133739 | Acc: 94.44% (Best: 94.44% @ Ep1746) | LR: 0.000300 | Rev: 2/99999
Epoch 2428 | Cost: 0.118579 | Acc: 94.44% (Best: 94.44% @ Ep1746) | LR: 0.000300 | Rev: 0/99999
Epoch 2429 | Cost: 0.126444 | Acc: 94.44% (Best: 94.44% @ Ep1746) | LR: 0.000300 | Rev: 1/99999
Epoch 2430 | Cost: 0.147333 | Acc: 94.44% (Best: 94.44% @ Ep1746) | LR: 0.000300 | Rev: 2/99999
Epoch 2431 | Cost: 0.118644 | Acc: 94.44% (Best: 94.44% @ Ep1746) | LR: 0.000300 | Rev: 0/99999
Epoch 2432 | Cost: 0.121760 | Acc: 94.44% (Best: 94.44% @ Ep1746) | LR: 0.000300 | Rev: 1/99999
Epoch 2433 | Cost: 0.109154 | Acc: 94.44% (Best: 94.44% @ Ep1746) | LR: 0.000300 | Rev: 0/99999
Epoch 2434 | Cost: 0.129560 | Acc: 94.44% (Best: 94.44% @ Ep1746) | LR: 0.000300 | Rev: 1/99999
Epoch 2435 | Cost: 0.107274 | Acc: 94.44% (Best: 94.44% @ Ep1746) | LR: 0.000300 | Rev: 0/99999
Epoch 2436 | Cost: 0.121572 | Acc: 94.44% (Best: 94.44% @ Ep1746) | LR: 0.000300 | Rev: 1/99999
Epoch 2437 | Cost: 0.153001 | Acc: 94.44% (Best: 94.44% @ Ep1746) | LR: 0.000300 | Rev: 2/99999
Epoch 2438 | Cost: 0.117352 | Acc: 94.44% (Best: 94.44% @ Ep1746) | LR: 0.000300 | Rev: 0/99999
Epoch 2439 | Cost: 0.133708 | Acc: 94.44% (Best: 94.44% @ Ep1746) | LR: 0.000300 | Rev: 1/99999
Epoch 2440 | Cost: 0.131930 | Acc: 94.44% (Best: 94.44% @ Ep1746) | LR: 0.000300 | Rev: 0/99999
Epoch 2441 | Cost: 0.126847 | Acc: 94.44% (Best: 94.44% @ Ep1746) | LR: 0.000300 | Rev: 0/99999
Epoch 2442 | Cost: 0.121764 | Acc: 94.44% (Best: 94.44% @ Ep1746) | LR: 0.000300 | Rev: 0/99999
Epoch 2443 | Cost: 0.126726 | Acc: 94.44% (Best: 94.44% @ Ep1746) | LR: 0.000300 | Rev: 1/99999
Epoch 2444 | Cost: 0.133933 | Acc: 94.44% (Best: 94.44% @ Ep1746) | LR: 0.000300 | Rev: 2/99999
Epoch 2445 | Cost: 0.120669 | Acc: 94.44% (Best: 94.44% @ Ep1746) | LR: 0.000300 | Rev: 0/99999
Epoch 2446 | Cost: 0.124568 | Acc: 94.44% (Best: 94.44% @ Ep1746) | LR: 0.000300 | Rev: 1/99999
Epoch 2447 | Cost: 0.126460 | Acc: 94.44% (Best: 94.44% @ Ep1746) | LR: 0.000300 | Rev: 2/99999
Epoch 2448 | Cost: 0.148550 | Acc: 94.44% (Best: 94.44% @ Ep1746) | LR: 0.000300 | Rev: 3/99999
Epoch 2449 | Cost: 0.136425 | Acc: 94.44% (Best: 94.44% @ Ep1746) | LR: 0.000300 | Rev: 0/99999
Epoch 2450 | Cost: 0.116163 | Acc: 94.44% (Best: 94.44% @ Ep1746) | LR: 0.000300 | Rev: 0/99999
Epoch 2451 | Cost: 0.141754 | Acc: 94.44% (Best: 94.44% @ Ep1746) | LR: 0.000300 | Rev: 1/99999
Epoch 2452 | Cost: 0.102512 | Acc: 94.44% (Best: 94.44% @ Ep1746) | LR: 0.000300 | Rev: 0/99999
Epoch 2453 | Cost: 0.113725 | Acc: 94.44% (Best: 94.44% @ Ep1746) | LR: 0.000300 | Rev: 1/99999
Epoch 2454 | Cost: 0.125887 | Acc: 94.44% (Best: 94.44% @ Ep1746) | LR: 0.000300 | Rev: 2/99999
Epoch 2455 | Cost: 0.133480 | Acc: 94.44% (Best: 94.44% @ Ep1746) | LR: 0.000300 | Rev: 3/99999
Epoch 2456 | Cost: 0.110871 | Acc: 94.44% (Best: 94.44% @ Ep1746) | LR: 0.000300 | Rev: 0/99999
Epoch 2457 | Cost: 0.127973 | Acc: 94.44% (Best: 94.44% @ Ep1746) | LR: 0.000300 | Rev: 1/99999
Epoch 2458 | Cost: 0.118127 | Acc: 94.44% (Best: 94.44% @ Ep1746) | LR: 0.000300 | Rev: 0/99999
Epoch 2459 | Cost: 0.130639 | Acc: 94.44% (Best: 94.44% @ Ep1746) | LR: 0.000300 | Rev: 1/99999
Epoch 2460 | Cost: 0.121957 | Acc: 94.44% (Best: 94.44% @ Ep1746) | LR: 0.000300 | Rev: 0/99999
Epoch 2461 | Cost: 0.142958 | Acc: 94.44% (Best: 94.44% @ Ep1746) | LR: 0.000300 | Rev: 1/99999
Epoch 2462 | Cost: 0.137358 | Acc: 94.44% (Best: 94.44% @ Ep1746) | LR: 0.000300 | Rev: 0/99999
Epoch 2463 | Cost: 0.137293 | Acc: 94.44% (Best: 94.44% @ Ep1746) | LR: 0.000300 | Rev: 0/99999
Epoch 2464 | Cost: 0.105613 | Acc: 94.44% (Best: 94.44% @ Ep1746) | LR: 0.000300 | Rev: 0/99999
Epoch 2465 | Cost: 0.102052 | Acc: 94.44% (Best: 94.44% @ Ep1746) | LR: 0.000300 | Rev: 0/99999
Epoch 2466 | Cost: 0.118939 | Acc: 94.44% (Best: 94.44% @ Ep1746) | LR: 0.000300 | Rev: 1/99999
Epoch 2467 | Cost: 0.140325 | Acc: 94.44% (Best: 94.44% @ Ep1746) | LR: 0.000300 | Rev: 2/99999
Epoch 2468 | Cost: 0.114651 | Acc: 94.44% (Best: 94.44% @ Ep1746) | LR: 0.000300 | Rev: 0/99999
Epoch 2469 | Cost: 0.124602 | Acc: 94.44% (Best: 94.44% @ Ep1746) | LR: 0.000300 | Rev: 1/99999
Epoch 2470 | Cost: 0.099963 | Acc: 94.44% (Best: 94.44% @ Ep1746) | LR: 0.000300 | Rev: 0/99999
Epoch 2471 | Cost: 0.104776 | Acc: 94.44% (Best: 94.44% @ Ep1746) | LR: 0.000300 | Rev: 1/99999
Epoch 2472 | Cost: 0.138476 | Acc: 94.44% (Best: 94.44% @ Ep1746) | LR: 0.000300 | Rev: 2/99999
Epoch 2473 | Cost: 0.116747 | Acc: 94.44% (Best: 94.44% @ Ep1746) | LR: 0.000300 | Rev: 0/99999
Epoch 2474 | Cost: 0.126175 | Acc: 94.44% (Best: 94.44% @ Ep1746) | LR: 0.000300 | Rev: 1/99999
Epoch 2475 | Cost: 0.113395 | Acc: 94.44% (Best: 94.44% @ Ep1746) | LR: 0.000300 | Rev: 0/99999
Epoch 2476 | Cost: 0.114702 | Acc: 94.44% (Best: 94.44% @ Ep1746) | LR: 0.000300 | Rev: 1/99999
Epoch 2477 | Cost: 0.105157 | Acc: 94.44% (Best: 94.44% @ Ep1746) | LR: 0.000300 | Rev: 0/99999
Epoch 2478 | Cost: 0.121015 | Acc: 94.44% (Best: 94.44% @ Ep1746) | LR: 0.000300 | Rev: 1/99999
Epoch 2479 | Cost: 0.112625 | Acc: 94.44% (Best: 94.44% @ Ep1746) | LR: 0.000300 | Rev: 0/99999
Epoch 2480 | Cost: 0.113805 | Acc: 94.44% (Best: 94.44% @ Ep1746) | LR: 0.000300 | Rev: 1/99999
Epoch 2481 | Cost: 0.104346 | Acc: 94.44% (Best: 94.44% @ Ep1746) | LR: 0.000300 | Rev: 0/99999
Epoch 2482 | Cost: 0.124762 | Acc: 94.44% (Best: 94.44% @ Ep1746) | LR: 0.000300 | Rev: 1/99999
Epoch 2483 | Cost: 0.121019 | Acc: 94.44% (Best: 94.44% @ Ep1746) | LR: 0.000300 | Rev: 0/99999
Epoch 2484 | Cost: 0.110117 | Acc: 94.44% (Best: 94.44% @ Ep1746) | LR: 0.000300 | Rev: 0/99999
Epoch 2485 | Cost: 0.120134 | Acc: 94.44% (Best: 94.44% @ Ep1746) | LR: 0.000300 | Rev: 1/99999
Epoch 2486 | Cost: 0.113893 | Acc: 94.44% (Best: 94.44% @ Ep1746) | LR: 0.000300 | Rev: 0/99999
Epoch 2487 | Cost: 0.115569 | Acc: 94.44% (Best: 94.44% @ Ep1746) | LR: 0.000300 | Rev: 1/99999
Epoch 2488 | Cost: 0.128140 | Acc: 94.44% (Best: 94.44% @ Ep1746) | LR: 0.000300 | Rev: 2/99999
Epoch 2489 | Cost: 0.116731 | Acc: 94.44% (Best: 94.44% @ Ep1746) | LR: 0.000300 | Rev: 0/99999
Epoch 2490 | Cost: 0.133699 | Acc: 94.44% (Best: 94.44% @ Ep1746) | LR: 0.000300 | Rev: 1/99999
Epoch 2491 | Cost: 0.114174 | Acc: 94.44% (Best: 94.44% @ Ep1746) | LR: 0.000300 | Rev: 0/99999
Epoch 2492 | Cost: 0.132702 | Acc: 94.44% (Best: 94.44% @ Ep1746) | LR: 0.000300 | Rev: 1/99999
Epoch 2493 | Cost: 0.122370 | Acc: 94.44% (Best: 94.44% @ Ep1746) | LR: 0.000300 | Rev: 0/99999
Epoch 2494 | Cost: 0.141905 | Acc: 94.44% (Best: 94.44% @ Ep1746) | LR: 0.000300 | Rev: 1/99999
Epoch 2495 | Cost: 0.110831 | Acc: 94.44% (Best: 94.44% @ Ep1746) | LR: 0.000300 | Rev: 0/99999
Epoch 2496 | Cost: 0.103930 | Acc: 94.44% (Best: 94.44% @ Ep1746) | LR: 0.000300 | Rev: 0/99999
Epoch 2497 | Cost: 0.125262 | Acc: 94.44% (Best: 94.44% @ Ep1746) | LR: 0.000300 | Rev: 1/99999
Epoch 2498 | Cost: 0.123092 | Acc: 94.44% (Best: 94.44% @ Ep1746) | LR: 0.000300 | Rev: 0/99999
Epoch 2499 | Cost: 0.098475 | Acc: 94.44% (Best: 94.44% @ Ep1746) | LR: 0.000300 | Rev: 0/99999
Epoch 2500 | Cost: 0.140561 | Acc: 94.44% (Best: 94.44% @ Ep1746) | LR: 0.000300 | Rev: 1/99999
Epoch 2501 | Cost: 0.111380 | Acc: 94.44% (Best: 94.44% @ Ep1746) | LR: 0.000300 | Rev: 0/99999
Epoch 2502 | Cost: 0.130285 | Acc: 94.44% (Best: 94.44% @ Ep1746) | LR: 0.000300 | Rev: 1/99999
Epoch 2503 | Cost: 0.113911 | Acc: 94.44% (Best: 94.44% @ Ep1746) | LR: 0.000300 | Rev: 0/99999
Epoch 2504 | Cost: 0.123628 | Acc: 94.44% (Best: 94.44% @ Ep1746) | LR: 0.000300 | Rev: 1/99999
Epoch 2505 | Cost: 0.113563 | Acc: 94.44% (Best: 94.44% @ Ep1746) | LR: 0.000300 | Rev: 0/99999
Epoch 2506 | Cost: 0.115868 | Acc: 94.44% (Best: 94.44% @ Ep1746) | LR: 0.000300 | Rev: 1/99999
Epoch 2507 | Cost: 0.132403 | Acc: 94.44% (Best: 94.44% @ Ep1746) | LR: 0.000300 | Rev: 2/99999
Epoch 2508 | Cost: 0.126418 | Acc: 94.44% (Best: 94.44% @ Ep1746) | LR: 0.000300 | Rev: 0/99999
Epoch 2509 | Cost: 0.133879 | Acc: 94.44% (Best: 94.44% @ Ep1746) | LR: 0.000300 | Rev: 1/99999
Epoch 2510 | Cost: 0.102765 | Acc: 94.44% (Best: 94.44% @ Ep1746) | LR: 0.000300 | Rev: 0/99999
Epoch 2511 | Cost: 0.119905 | Acc: 94.44% (Best: 94.44% @ Ep1746) | LR: 0.000300 | Rev: 1/99999
Epoch 2512 | Cost: 0.109373 | Acc: 94.44% (Best: 94.44% @ Ep1746) | LR: 0.000300 | Rev: 0/99999
Epoch 2513 | Cost: 0.109319 | Acc: 94.44% (Best: 94.44% @ Ep1746) | LR: 0.000300 | Rev: 0/99999
Epoch 2514 | Cost: 0.122746 | Acc: 94.44% (Best: 94.44% @ Ep1746) | LR: 0.000300 | Rev: 1/99999
Epoch 2515 | Cost: 0.128567 | Acc: 94.44% (Best: 94.44% @ Ep1746) | LR: 0.000300 | Rev: 2/99999
Epoch 2516 | Cost: 0.138815 | Acc: 94.44% (Best: 94.44% @ Ep1746) | LR: 0.000300 | Rev: 3/99999
Epoch 2517 | Cost: 0.105412 | Acc: 94.44% (Best: 94.44% @ Ep1746) | LR: 0.000300 | Rev: 0/99999
Epoch 2518 | Cost: 0.112633 | Acc: 94.44% (Best: 94.44% @ Ep1746) | LR: 0.000300 | Rev: 1/99999
Epoch 2519 | Cost: 0.102978 | Acc: 94.44% (Best: 94.44% @ Ep1746) | LR: 0.000300 | Rev: 0/99999
Epoch 2520 | Cost: 0.145833 | Acc: 94.44% (Best: 94.44% @ Ep1746) | LR: 0.000300 | Rev: 1/99999
Epoch 2521 | Cost: 0.118567 | Acc: 94.44% (Best: 94.44% @ Ep1746) | LR: 0.000300 | Rev: 0/99999
Epoch 2522 | Cost: 0.095563 | Acc: 94.44% (Best: 94.44% @ Ep1746) | LR: 0.000300 | Rev: 0/99999
Epoch 2523 | Cost: 0.131373 | Acc: 94.44% (Best: 94.44% @ Ep1746) | LR: 0.000300 | Rev: 1/99999
Epoch 2524 | Cost: 0.103295 | Acc: 94.44% (Best: 94.44% @ Ep1746) | LR: 0.000300 | Rev: 0/99999
Epoch 2525 | Cost: 0.124214 | Acc: 94.44% (Best: 94.44% @ Ep1746) | LR: 0.000300 | Rev: 1/99999
Epoch 2526 | Cost: 0.122318 | Acc: 94.44% (Best: 94.44% @ Ep1746) | LR: 0.000300 | Rev: 0/99999
Epoch 2527 | Cost: 0.092901 | Acc: 94.44% (Best: 94.44% @ Ep1746) | LR: 0.000300 | Rev: 0/99999
Epoch 2528 | Cost: 0.133052 | Acc: 94.44% (Best: 94.44% @ Ep1746) | LR: 0.000300 | Rev: 1/99999
Epoch 2529 | Cost: 0.122183 | Acc: 94.44% (Best: 94.44% @ Ep1746) | LR: 0.000300 | Rev: 0/99999
Epoch 2530 | Cost: 0.136818 | Acc: 94.44% (Best: 94.44% @ Ep1746) | LR: 0.000300 | Rev: 1/99999
Epoch 2531 | Cost: 0.133811 | Acc: 94.44% (Best: 94.44% @ Ep1746) | LR: 0.000300 | Rev: 0/99999
Epoch 2532 | Cost: 0.124059 | Acc: 94.44% (Best: 94.44% @ Ep1746) | LR: 0.000300 | Rev: 0/99999
Epoch 2533 | Cost: 0.108912 | Acc: 94.44% (Best: 94.44% @ Ep1746) | LR: 0.000300 | Rev: 0/99999
Epoch 2534 | Cost: 0.105114 | Acc: 94.44% (Best: 94.44% @ Ep1746) | LR: 0.000300 | Rev: 0/99999
Epoch 2535 | Cost: 0.116445 | Acc: 94.44% (Best: 94.44% @ Ep1746) | LR: 0.000300 | Rev: 1/99999
Epoch 2536 | Cost: 0.129224 | Acc: 94.44% (Best: 94.44% @ Ep1746) | LR: 0.000300 | Rev: 2/99999
Epoch 2537 | Cost: 0.104092 | Acc: 94.44% (Best: 94.44% @ Ep1746) | LR: 0.000300 | Rev: 0/99999
Epoch 2538 | Cost: 0.108868 | Acc: 94.44% (Best: 94.44% @ Ep1746) | LR: 0.000300 | Rev: 1/99999
Epoch 2539 | Cost: 0.120130 | Acc: 94.44% (Best: 94.44% @ Ep1746) | LR: 0.000300 | Rev: 2/99999
Epoch 2540 | Cost: 0.120249 | Acc: 94.44% (Best: 94.44% @ Ep1746) | LR: 0.000300 | Rev: 3/99999
Epoch 2541 | Cost: 0.109971 | Acc: 94.44% (Best: 94.44% @ Ep1746) | LR: 0.000300 | Rev: 0/99999
Epoch 2542 | Cost: 0.127346 | Acc: 94.44% (Best: 94.44% @ Ep1746) | LR: 0.000300 | Rev: 1/99999
Epoch 2543 | Cost: 0.100413 | Acc: 94.44% (Best: 94.44% @ Ep1746) | LR: 0.000300 | Rev: 0/99999
Epoch 2544 | Cost: 0.109050 | Acc: 94.44% (Best: 94.44% @ Ep1746) | LR: 0.000300 | Rev: 1/99999
Epoch 2545 | Cost: 0.091681 | Acc: 94.44% (Best: 94.44% @ Ep1746) | LR: 0.000300 | Rev: 0/99999
Epoch 2546 | Cost: 0.106997 | Acc: 94.44% (Best: 94.44% @ Ep1746) | LR: 0.000300 | Rev: 1/99999
Epoch 2547 | Cost: 0.125530 | Acc: 94.44% (Best: 94.44% @ Ep1746) | LR: 0.000300 | Rev: 2/99999
Epoch 2548 | Cost: 0.130053 | Acc: 94.44% (Best: 94.44% @ Ep1746) | LR: 0.000300 | Rev: 3/99999
Epoch 2549 | Cost: 0.113728 | Acc: 94.44% (Best: 94.44% @ Ep1746) | LR: 0.000300 | Rev: 0/99999
Epoch 2550 | Cost: 0.105395 | Acc: 94.44% (Best: 94.44% @ Ep1746) | LR: 0.000300 | Rev: 0/99999
Epoch 2551 | Cost: 0.135216 | Acc: 94.44% (Best: 94.44% @ Ep1746) | LR: 0.000300 | Rev: 1/99999
Epoch 2552 | Cost: 0.119555 | Acc: 94.44% (Best: 94.44% @ Ep1746) | LR: 0.000300 | Rev: 0/99999
Epoch 2553 | Cost: 0.122929 | Acc: 94.44% (Best: 94.44% @ Ep1746) | LR: 0.000300 | Rev: 1/99999
Epoch 2554 | Cost: 0.118670 | Acc: 94.44% (Best: 94.44% @ Ep1746) | LR: 0.000300 | Rev: 0/99999
Epoch 2555 | Cost: 0.141061 | Acc: 94.44% (Best: 94.44% @ Ep1746) | LR: 0.000300 | Rev: 1/99999
Epoch 2556 | Cost: 0.121899 | Acc: 94.44% (Best: 94.44% @ Ep1746) | LR: 0.000300 | Rev: 0/99999
Epoch 2557 | Cost: 0.121933 | Acc: 94.44% (Best: 94.44% @ Ep1746) | LR: 0.000300 | Rev: 1/99999
Epoch 2558 | Cost: 0.117072 | Acc: 94.44% (Best: 94.44% @ Ep1746) | LR: 0.000300 | Rev: 0/99999
Epoch 2559 | Cost: 0.112597 | Acc: 94.44% (Best: 94.44% @ Ep1746) | LR: 0.000300 | Rev: 0/99999
Epoch 2560 | Cost: 0.100427 | Acc: 94.44% (Best: 94.44% @ Ep1746) | LR: 0.000300 | Rev: 0/99999
Epoch 2561 | Cost: 0.109714 | Acc: 94.44% (Best: 94.44% @ Ep1746) | LR: 0.000300 | Rev: 1/99999
Epoch 2562 | Cost: 0.118975 | Acc: 94.44% (Best: 94.44% @ Ep1746) | LR: 0.000300 | Rev: 2/99999
Epoch 2563 | Cost: 0.164239 | Acc: 94.44% (Best: 94.44% @ Ep1746) | LR: 0.000300 | Rev: 3/99999
Epoch 2564 | Cost: 0.122282 | Acc: 94.44% (Best: 94.44% @ Ep1746) | LR: 0.000300 | Rev: 0/99999
Epoch 2565 | Cost: 0.106522 | Acc: 94.44% (Best: 94.44% @ Ep1746) | LR: 0.000300 | Rev: 0/99999
Epoch 2566 | Cost: 0.119896 | Acc: 94.44% (Best: 94.44% @ Ep1746) | LR: 0.000300 | Rev: 1/99999
Epoch 2567 | Cost: 0.100100 | Acc: 94.44% (Best: 94.44% @ Ep1746) | LR: 0.000300 | Rev: 0/99999
Epoch 2568 | Cost: 0.104625 | Acc: 94.44% (Best: 94.44% @ Ep1746) | LR: 0.000300 | Rev: 1/99999
Epoch 2569 | Cost: 0.120658 | Acc: 94.44% (Best: 94.44% @ Ep1746) | LR: 0.000300 | Rev: 2/99999
Epoch 2570 | Cost: 0.092181 | Acc: 94.44% (Best: 94.44% @ Ep1746) | LR: 0.000300 | Rev: 0/99999
Epoch 2571 | Cost: 0.093570 | Acc: 94.44% (Best: 94.44% @ Ep1746) | LR: 0.000300 | Rev: 1/99999
Epoch 2572 | Cost: 0.126770 | Acc: 94.44% (Best: 94.44% @ Ep1746) | LR: 0.000300 | Rev: 2/99999
Epoch 2573 | Cost: 0.116838 | Acc: 94.44% (Best: 94.44% @ Ep1746) | LR: 0.000300 | Rev: 0/99999
Epoch 2574 | Cost: 0.131477 | Acc: 94.44% (Best: 94.44% @ Ep1746) | LR: 0.000300 | Rev: 1/99999
Epoch 2575 | Cost: 0.119256 | Acc: 94.44% (Best: 94.44% @ Ep1746) | LR: 0.000300 | Rev: 0/99999
Epoch 2576 | Cost: 0.124403 | Acc: 94.44% (Best: 94.44% @ Ep1746) | LR: 0.000300 | Rev: 1/99999
Epoch 2577 | Cost: 0.126801 | Acc: 94.44% (Best: 94.44% @ Ep1746) | LR: 0.000300 | Rev: 2/99999
Epoch 2578 | Cost: 0.098003 | Acc: 94.44% (Best: 94.44% @ Ep1746) | LR: 0.000300 | Rev: 0/99999
Epoch 2579 | Cost: 0.102878 | Acc: 94.44% (Best: 94.44% @ Ep1746) | LR: 0.000300 | Rev: 1/99999
Epoch 2580 | Cost: 0.109349 | Acc: 94.44% (Best: 94.44% @ Ep1746) | LR: 0.000300 | Rev: 2/99999
Epoch 2581 | Cost: 0.127340 | Acc: 94.44% (Best: 94.44% @ Ep1746) | LR: 0.000300 | Rev: 3/99999
Epoch 2582 | Cost: 0.124576 | Acc: 94.44% (Best: 94.44% @ Ep1746) | LR: 0.000300 | Rev: 0/99999
Epoch 2583 | Cost: 0.096073 | Acc: 94.44% (Best: 94.44% @ Ep1746) | LR: 0.000300 | Rev: 0/99999
Epoch 2584 | Cost: 0.112145 | Acc: 94.44% (Best: 94.44% @ Ep1746) | LR: 0.000300 | Rev: 1/99999
Epoch 2585 | Cost: 0.113298 | Acc: 94.44% (Best: 94.44% @ Ep1746) | LR: 0.000300 | Rev: 2/99999
Epoch 2586 | Cost: 0.107036 | Acc: 94.44% (Best: 94.44% @ Ep1746) | LR: 0.000300 | Rev: 0/99999
Epoch 2587 | Cost: 0.139610 | Acc: 94.44% (Best: 94.44% @ Ep1746) | LR: 0.000300 | Rev: 1/99999
Epoch 2588 | Cost: 0.117265 | Acc: 94.44% (Best: 94.44% @ Ep1746) | LR: 0.000300 | Rev: 0/99999
Epoch 2589 | Cost: 0.101428 | Acc: 94.44% (Best: 94.44% @ Ep1746) | LR: 0.000300 | Rev: 0/99999
Epoch 2590 | Cost: 0.099149 | Acc: 94.44% (Best: 94.44% @ Ep1746) | LR: 0.000300 | Rev: 0/99999
Epoch 2591 | Cost: 0.123537 | Acc: 94.44% (Best: 94.44% @ Ep1746) | LR: 0.000300 | Rev: 1/99999
Epoch 2592 | Cost: 0.101040 | Acc: 94.44% (Best: 94.44% @ Ep1746) | LR: 0.000300 | Rev: 0/99999
Epoch 2593 | Cost: 0.109550 | Acc: 94.44% (Best: 94.44% @ Ep1746) | LR: 0.000300 | Rev: 1/99999
Epoch 2594 | Cost: 0.103815 | Acc: 94.44% (Best: 94.44% @ Ep1746) | LR: 0.000300 | Rev: 0/99999
Epoch 2595 | Cost: 0.101602 | Acc: 94.44% (Best: 94.44% @ Ep1746) | LR: 0.000300 | Rev: 0/99999
Epoch 2596 | Cost: 0.106028 | Acc: 94.44% (Best: 94.44% @ Ep1746) | LR: 0.000300 | Rev: 1/99999
Epoch 2597 | Cost: 0.087613 | Acc: 94.44% (Best: 94.44% @ Ep1746) | LR: 0.000300 | Rev: 0/99999
Epoch 2598 | Cost: 0.122643 | Acc: 94.44% (Best: 94.44% @ Ep1746) | LR: 0.000300 | Rev: 1/99999
Epoch 2599 | Cost: 0.130965 | Acc: 94.44% (Best: 94.44% @ Ep1746) | LR: 0.000300 | Rev: 2/99999
Epoch 2600 | Cost: 0.122418 | Acc: 94.44% (Best: 94.44% @ Ep1746) | LR: 0.000300 | Rev: 0/99999
Epoch 2601 | Cost: 0.108500 | Acc: 94.44% (Best: 94.44% @ Ep1746) | LR: 0.000300 | Rev: 0/99999
Epoch 2602 | Cost: 0.113232 | Acc: 94.44% (Best: 94.44% @ Ep1746) | LR: 0.000300 | Rev: 1/99999
Epoch 2603 | Cost: 0.110389 | Acc: 94.44% (Best: 94.44% @ Ep1746) | LR: 0.000300 | Rev: 0/99999
Epoch 2604 | Cost: 0.123036 | Acc: 94.44% (Best: 94.44% @ Ep1746) | LR: 0.000300 | Rev: 1/99999
Epoch 2605 | Cost: 0.153452 | Acc: 94.44% (Best: 94.44% @ Ep1746) | LR: 0.000300 | Rev: 2/99999
Epoch 2606 | Cost: 0.101409 | Acc: 94.44% (Best: 94.44% @ Ep1746) | LR: 0.000300 | Rev: 0/99999
Epoch 2607 | Cost: 0.125394 | Acc: 94.44% (Best: 94.44% @ Ep1746) | LR: 0.000300 | Rev: 1/99999
Epoch 2608 | Cost: 0.129265 | Acc: 94.44% (Best: 94.44% @ Ep1746) | LR: 0.000300 | Rev: 2/99999
Epoch 2609 | Cost: 0.109010 | Acc: 94.44% (Best: 94.44% @ Ep1746) | LR: 0.000300 | Rev: 0/99999
Epoch 2610 | Cost: 0.107649 | Acc: 94.44% (Best: 94.44% @ Ep1746) | LR: 0.000300 | Rev: 0/99999
Epoch 2611 | Cost: 0.104276 | Acc: 94.44% (Best: 94.44% @ Ep1746) | LR: 0.000300 | Rev: 0/99999
Epoch 2612 | Cost: 0.108946 | Acc: 94.44% (Best: 94.44% @ Ep1746) | LR: 0.000300 | Rev: 1/99999
Epoch 2613 | Cost: 0.102850 | Acc: 94.44% (Best: 94.44% @ Ep1746) | LR: 0.000300 | Rev: 0/99999
Epoch 2614 | Cost: 0.096477 | Acc: 94.44% (Best: 94.44% @ Ep1746) | LR: 0.000300 | Rev: 0/99999
Epoch 2615 | Cost: 0.130159 | Acc: 94.44% (Best: 94.44% @ Ep1746) | LR: 0.000300 | Rev: 1/99999
Epoch 2616 | Cost: 0.141230 | Acc: 94.44% (Best: 94.44% @ Ep1746) | LR: 0.000300 | Rev: 2/99999
Epoch 2617 | Cost: 0.093221 | Acc: 94.44% (Best: 94.44% @ Ep1746) | LR: 0.000300 | Rev: 0/99999
Epoch 2618 | Cost: 0.096317 | Acc: 94.44% (Best: 94.44% @ Ep1746) | LR: 0.000300 | Rev: 1/99999
Epoch 2619 | Cost: 0.116229 | Acc: 94.44% (Best: 94.44% @ Ep1746) | LR: 0.000300 | Rev: 2/99999
Epoch 2620 | Cost: 0.126095 | Acc: 94.44% (Best: 94.44% @ Ep1746) | LR: 0.000300 | Rev: 3/99999
Epoch 2621 | Cost: 0.134063 | Acc: 94.44% (Best: 94.44% @ Ep1746) | LR: 0.000300 | Rev: 4/99999
Epoch 2622 | Cost: 0.122244 | Acc: 94.44% (Best: 94.44% @ Ep1746) | LR: 0.000300 | Rev: 0/99999
Epoch 2623 | Cost: 0.110506 | Acc: 94.44% (Best: 94.44% @ Ep1746) | LR: 0.000300 | Rev: 0/99999
Epoch 2624 | Cost: 0.085907 | Acc: 94.44% (Best: 94.44% @ Ep1746) | LR: 0.000300 | Rev: 0/99999
Epoch 2625 | Cost: 0.102955 | Acc: 94.44% (Best: 94.44% @ Ep1746) | LR: 0.000300 | Rev: 1/99999
Epoch 2626 | Cost: 0.104189 | Acc: 94.44% (Best: 94.44% @ Ep1746) | LR: 0.000300 | Rev: 2/99999
Epoch 2627 | Cost: 0.095750 | Acc: 94.44% (Best: 94.44% @ Ep1746) | LR: 0.000300 | Rev: 0/99999
Epoch 2628 | Cost: 0.112436 | Acc: 94.44% (Best: 94.44% @ Ep1746) | LR: 0.000300 | Rev: 1/99999
Epoch 2629 | Cost: 0.118351 | Acc: 94.44% (Best: 94.44% @ Ep1746) | LR: 0.000300 | Rev: 2/99999
Epoch 2630 | Cost: 0.109664 | Acc: 94.44% (Best: 94.44% @ Ep1746) | LR: 0.000300 | Rev: 0/99999
Epoch 2631 | Cost: 0.087929 | Acc: 94.44% (Best: 94.44% @ Ep1746) | LR: 0.000300 | Rev: 0/99999
Epoch 2632 | Cost: 0.113374 | Acc: 94.44% (Best: 94.44% @ Ep1746) | LR: 0.000300 | Rev: 1/99999
Epoch 2633 | Cost: 0.102869 | Acc: 94.44% (Best: 94.44% @ Ep1746) | LR: 0.000300 | Rev: 0/99999
Epoch 2634 | Cost: 0.092601 | Acc: 94.44% (Best: 94.44% @ Ep1746) | LR: 0.000300 | Rev: 0/99999
Epoch 2635 | Cost: 0.082789 | Acc: 94.44% (Best: 94.44% @ Ep1746) | LR: 0.000300 | Rev: 0/99999
Epoch 2636 | Cost: 0.109860 | Acc: 94.44% (Best: 94.44% @ Ep1746) | LR: 0.000300 | Rev: 1/99999
Epoch 2637 | Cost: 0.118747 | Acc: 94.44% (Best: 94.44% @ Ep1746) | LR: 0.000300 | Rev: 2/99999
Epoch 2638 | Cost: 0.108584 | Acc: 94.44% (Best: 94.44% @ Ep1746) | LR: 0.000300 | Rev: 0/99999
Epoch 2639 | Cost: 0.097153 | Acc: 94.44% (Best: 94.44% @ Ep1746) | LR: 0.000300 | Rev: 0/99999
Epoch 2640 | Cost: 0.132544 | Acc: 94.44% (Best: 94.44% @ Ep1746) | LR: 0.000300 | Rev: 1/99999
Epoch 2641 | Cost: 0.142050 | Acc: 94.44% (Best: 94.44% @ Ep1746) | LR: 0.000300 | Rev: 2/99999
Epoch 2642 | Cost: 0.096822 | Acc: 94.44% (Best: 94.44% @ Ep1746) | LR: 0.000300 | Rev: 0/99999
Epoch 2643 | Cost: 0.101409 | Acc: 94.44% (Best: 94.44% @ Ep1746) | LR: 0.000300 | Rev: 1/99999
Epoch 2644 | Cost: 0.097284 | Acc: 94.44% (Best: 94.44% @ Ep1746) | LR: 0.000300 | Rev: 0/99999
Epoch 2645 | Cost: 0.089335 | Acc: 94.44% (Best: 94.44% @ Ep1746) | LR: 0.000300 | Rev: 0/99999
Epoch 2646 | Cost: 0.085869 | Acc: 94.44% (Best: 94.44% @ Ep1746) | LR: 0.000300 | Rev: 0/99999
Epoch 2647 | Cost: 0.106533 | Acc: 94.44% (Best: 94.44% @ Ep1746) | LR: 0.000300 | Rev: 1/99999
Epoch 2648 | Cost: 0.113579 | Acc: 94.44% (Best: 94.44% @ Ep1746) | LR: 0.000300 | Rev: 2/99999
Epoch 2649 | Cost: 0.106623 | Acc: 94.44% (Best: 94.44% @ Ep1746) | LR: 0.000300 | Rev: 0/99999
Epoch 2650 | Cost: 0.102063 | Acc: 94.44% (Best: 94.44% @ Ep1746) | LR: 0.000300 | Rev: 0/99999
Epoch 2651 | Cost: 0.114259 | Acc: 94.44% (Best: 94.44% @ Ep1746) | LR: 0.000300 | Rev: 1/99999
Epoch 2652 | Cost: 0.102346 | Acc: 94.44% (Best: 94.44% @ Ep1746) | LR: 0.000300 | Rev: 0/99999
Epoch 2653 | Cost: 0.131342 | Acc: 94.44% (Best: 94.44% @ Ep1746) | LR: 0.000300 | Rev: 1/99999
Epoch 2654 | Cost: 0.105711 | Acc: 94.44% (Best: 94.44% @ Ep1746) | LR: 0.000300 | Rev: 0/99999
Epoch 2655 | Cost: 0.094739 | Acc: 94.44% (Best: 94.44% @ Ep1746) | LR: 0.000300 | Rev: 0/99999
Epoch 2656 | Cost: 0.099087 | Acc: 94.44% (Best: 94.44% @ Ep1746) | LR: 0.000300 | Rev: 1/99999
Epoch 2657 | Cost: 0.098098 | Acc: 94.44% (Best: 94.44% @ Ep1746) | LR: 0.000300 | Rev: 0/99999
Epoch 2658 | Cost: 0.101553 | Acc: 94.44% (Best: 94.44% @ Ep1746) | LR: 0.000300 | Rev: 1/99999
Epoch 2659 | Cost: 0.116049 | Acc: 94.44% (Best: 94.44% @ Ep1746) | LR: 0.000300 | Rev: 2/99999
Epoch 2660 | Cost: 0.097106 | Acc: 94.44% (Best: 94.44% @ Ep1746) | LR: 0.000300 | Rev: 0/99999
Epoch 2661 | Cost: 0.095319 | Acc: 94.44% (Best: 94.44% @ Ep1746) | LR: 0.000300 | Rev: 0/99999
Epoch 2662 | Cost: 0.104351 | Acc: 94.44% (Best: 94.44% @ Ep1746) | LR: 0.000300 | Rev: 1/99999
Epoch 2663 | Cost: 0.093083 | Acc: 94.44% (Best: 94.44% @ Ep1746) | LR: 0.000300 | Rev: 0/99999
Epoch 2664 | Cost: 0.101703 | Acc: 94.44% (Best: 94.44% @ Ep1746) | LR: 0.000300 | Rev: 1/99999
Epoch 2665 | Cost: 0.114194 | Acc: 94.44% (Best: 94.44% @ Ep1746) | LR: 0.000300 | Rev: 2/99999
Epoch 2666 | Cost: 0.089711 | Acc: 94.44% (Best: 94.44% @ Ep1746) | LR: 0.000300 | Rev: 0/99999
Epoch 2667 | Cost: 0.125808 | Acc: 94.44% (Best: 94.44% @ Ep1746) | LR: 0.000300 | Rev: 1/99999
Epoch 2668 | Cost: 0.109588 | Acc: 94.44% (Best: 94.44% @ Ep1746) | LR: 0.000300 | Rev: 0/99999
Epoch 2669 | Cost: 0.100218 | Acc: 94.44% (Best: 94.44% @ Ep1746) | LR: 0.000300 | Rev: 0/99999
Epoch 2670 | Cost: 0.108865 | Acc: 94.44% (Best: 94.44% @ Ep1746) | LR: 0.000300 | Rev: 1/99999
Epoch 2671 | Cost: 0.107270 | Acc: 94.44% (Best: 94.44% @ Ep1746) | LR: 0.000300 | Rev: 0/99999
Epoch 2672 | Cost: 0.124659 | Acc: 94.44% (Best: 94.44% @ Ep1746) | LR: 0.000300 | Rev: 1/99999
Epoch 2673 | Cost: 0.080143 | Acc: 94.44% (Best: 94.44% @ Ep1746) | LR: 0.000300 | Rev: 0/99999
Epoch 2674 | Cost: 0.114681 | Acc: 94.44% (Best: 94.44% @ Ep1746) | LR: 0.000300 | Rev: 1/99999
Epoch 2675 | Cost: 0.108592 | Acc: 94.44% (Best: 94.44% @ Ep1746) | LR: 0.000300 | Rev: 0/99999
Epoch 2676 | Cost: 0.092639 | Acc: 94.44% (Best: 94.44% @ Ep1746) | LR: 0.000300 | Rev: 0/99999
Epoch 2677 | Cost: 0.089943 | Acc: 94.44% (Best: 94.44% @ Ep1746) | LR: 0.000300 | Rev: 0/99999
Epoch 2678 | Cost: 0.118103 | Acc: 94.44% (Best: 94.44% @ Ep1746) | LR: 0.000300 | Rev: 1/99999
Epoch 2679 | Cost: 0.083506 | Acc: 94.44% (Best: 94.44% @ Ep1746) | LR: 0.000300 | Rev: 0/99999
Epoch 2680 | Cost: 0.104466 | Acc: 94.44% (Best: 94.44% @ Ep1746) | LR: 0.000300 | Rev: 1/99999
Epoch 2681 | Cost: 0.102414 | Acc: 94.44% (Best: 94.44% @ Ep1746) | LR: 0.000300 | Rev: 0/99999
Epoch 2682 | Cost: 0.109917 | Acc: 94.44% (Best: 94.44% @ Ep1746) | LR: 0.000300 | Rev: 1/99999
Epoch 2683 | Cost: 0.092625 | Acc: 94.44% (Best: 94.44% @ Ep1746) | LR: 0.000300 | Rev: 0/99999
Epoch 2684 | Cost: 0.088800 | Acc: 94.44% (Best: 94.44% @ Ep1746) | LR: 0.000300 | Rev: 0/99999
Epoch 2685 | Cost: 0.094559 | Acc: 94.44% (Best: 94.44% @ Ep1746) | LR: 0.000300 | Rev: 1/99999
Epoch 2686 | Cost: 0.120488 | Acc: 94.44% (Best: 94.44% @ Ep1746) | LR: 0.000300 | Rev: 2/99999
Epoch 2687 | Cost: 0.101267 | Acc: 94.44% (Best: 94.44% @ Ep1746) | LR: 0.000300 | Rev: 0/99999
Epoch 2688 | Cost: 0.113008 | Acc: 94.44% (Best: 94.44% @ Ep1746) | LR: 0.000300 | Rev: 1/99999
Epoch 2689 | Cost: 0.123558 | Acc: 94.44% (Best: 94.44% @ Ep1746) | LR: 0.000300 | Rev: 2/99999
Epoch 2690 | Cost: 0.094218 | Acc: 94.44% (Best: 94.44% @ Ep1746) | LR: 0.000300 | Rev: 0/99999
Epoch 2691 | Cost: 0.078084 | Acc: 94.44% (Best: 94.44% @ Ep1746) | LR: 0.000300 | Rev: 0/99999
Epoch 2692 | Cost: 0.102298 | Acc: 94.44% (Best: 94.44% @ Ep1746) | LR: 0.000300 | Rev: 1/99999
Epoch 2693 | Cost: 0.098757 | Acc: 94.44% (Best: 94.44% @ Ep1746) | LR: 0.000300 | Rev: 0/99999
Epoch 2694 | Cost: 0.107963 | Acc: 94.44% (Best: 94.44% @ Ep1746) | LR: 0.000300 | Rev: 1/99999
Epoch 2695 | Cost: 0.090121 | Acc: 94.44% (Best: 94.44% @ Ep1746) | LR: 0.000300 | Rev: 0/99999
Epoch 2696 | Cost: 0.083942 | Acc: 94.44% (Best: 94.44% @ Ep1746) | LR: 0.000300 | Rev: 0/99999
Epoch 2697 | Cost: 0.099271 | Acc: 94.44% (Best: 94.44% @ Ep1746) | LR: 0.000300 | Rev: 1/99999
Epoch 2698 | Cost: 0.116562 | Acc: 94.44% (Best: 94.44% @ Ep1746) | LR: 0.000300 | Rev: 2/99999
Epoch 2699 | Cost: 0.107303 | Acc: 94.44% (Best: 94.44% @ Ep1746) | LR: 0.000300 | Rev: 0/99999
Epoch 2700 | Cost: 0.097222 | Acc: 94.44% (Best: 94.44% @ Ep1746) | LR: 0.000300 | Rev: 0/99999
Epoch 2701 | Cost: 0.107513 | Acc: 94.44% (Best: 94.44% @ Ep1746) | LR: 0.000300 | Rev: 1/99999
Epoch 2702 | Cost: 0.131518 | Acc: 94.44% (Best: 94.44% @ Ep1746) | LR: 0.000300 | Rev: 2/99999
Epoch 2703 | Cost: 0.095905 | Acc: 94.44% (Best: 94.44% @ Ep1746) | LR: 0.000300 | Rev: 0/99999
Epoch 2704 | Cost: 0.116395 | Acc: 94.44% (Best: 94.44% @ Ep1746) | LR: 0.000300 | Rev: 1/99999
Epoch 2705 | Cost: 0.105472 | Acc: 94.44% (Best: 94.44% @ Ep1746) | LR: 0.000300 | Rev: 0/99999
Epoch 2706 | Cost: 0.111859 | Acc: 94.44% (Best: 94.44% @ Ep1746) | LR: 0.000300 | Rev: 1/99999
Epoch 2707 | Cost: 0.121670 | Acc: 94.44% (Best: 94.44% @ Ep1746) | LR: 0.000300 | Rev: 2/99999
Epoch 2708 | Cost: 0.094056 | Acc: 94.44% (Best: 94.44% @ Ep1746) | LR: 0.000300 | Rev: 0/99999
Epoch 2709 | Cost: 0.109451 | Acc: 94.44% (Best: 94.44% @ Ep1746) | LR: 0.000300 | Rev: 1/99999
Epoch 2710 | Cost: 0.097078 | Acc: 94.44% (Best: 94.44% @ Ep1746) | LR: 0.000300 | Rev: 0/99999
Epoch 2711 | Cost: 0.116059 | Acc: 94.44% (Best: 94.44% @ Ep1746) | LR: 0.000300 | Rev: 1/99999
Epoch 2712 | Cost: 0.107122 | Acc: 94.44% (Best: 94.44% @ Ep1746) | LR: 0.000300 | Rev: 0/99999
Epoch 2713 | Cost: 0.112671 | Acc: 94.44% (Best: 94.44% @ Ep1746) | LR: 0.000300 | Rev: 1/99999
Epoch 2714 | Cost: 0.105904 | Acc: 94.44% (Best: 94.44% @ Ep1746) | LR: 0.000300 | Rev: 0/99999
Epoch 2715 | Cost: 0.123259 | Acc: 94.44% (Best: 94.44% @ Ep1746) | LR: 0.000300 | Rev: 1/99999
Epoch 2716 | Cost: 0.099556 | Acc: 94.44% (Best: 94.44% @ Ep1746) | LR: 0.000300 | Rev: 0/99999
Epoch 2717 | Cost: 0.112563 | Acc: 94.44% (Best: 94.44% @ Ep1746) | LR: 0.000300 | Rev: 1/99999
Epoch 2718 | Cost: 0.108198 | Acc: 94.44% (Best: 94.44% @ Ep1746) | LR: 0.000300 | Rev: 0/99999
Epoch 2719 | Cost: 0.097926 | Acc: 94.44% (Best: 94.44% @ Ep1746) | LR: 0.000300 | Rev: 0/99999
Epoch 2720 | Cost: 0.115286 | Acc: 94.44% (Best: 94.44% @ Ep1746) | LR: 0.000300 | Rev: 1/99999
Epoch 2721 | Cost: 0.115370 | Acc: 94.44% (Best: 94.44% @ Ep1746) | LR: 0.000300 | Rev: 2/99999
Epoch 2722 | Cost: 0.114120 | Acc: 94.44% (Best: 94.44% @ Ep1746) | LR: 0.000300 | Rev: 0/99999
Epoch 2723 | Cost: 0.084296 | Acc: 94.44% (Best: 94.44% @ Ep1746) | LR: 0.000300 | Rev: 0/99999
Epoch 2724 | Cost: 0.085729 | Acc: 94.44% (Best: 94.44% @ Ep1746) | LR: 0.000300 | Rev: 1/99999
Epoch 2725 | Cost: 0.090547 | Acc: 94.44% (Best: 94.44% @ Ep1746) | LR: 0.000300 | Rev: 2/99999
Epoch 2726 | Cost: 0.089343 | Acc: 94.44% (Best: 94.44% @ Ep1746) | LR: 0.000300 | Rev: 0/99999
Epoch 2727 | Cost: 0.118422 | Acc: 94.44% (Best: 94.44% @ Ep1746) | LR: 0.000300 | Rev: 1/99999
Epoch 2728 | Cost: 0.104991 | Acc: 94.44% (Best: 94.44% @ Ep1746) | LR: 0.000300 | Rev: 0/99999
Epoch 2729 | Cost: 0.102676 | Acc: 94.44% (Best: 94.44% @ Ep1746) | LR: 0.000300 | Rev: 0/99999
Epoch 2730 | Cost: 0.098611 | Acc: 94.44% (Best: 94.44% @ Ep1746) | LR: 0.000300 | Rev: 0/99999
Epoch 2731 | Cost: 0.086722 | Acc: 94.44% (Best: 94.44% @ Ep1746) | LR: 0.000300 | Rev: 0/99999
Epoch 2732 | Cost: 0.095131 | Acc: 94.44% (Best: 94.44% @ Ep1746) | LR: 0.000300 | Rev: 1/99999
Epoch 2733 | Cost: 0.099516 | Acc: 94.44% (Best: 94.44% @ Ep1746) | LR: 0.000300 | Rev: 2/99999
Epoch 2734 | Cost: 0.118296 | Acc: 94.44% (Best: 94.44% @ Ep1746) | LR: 0.000300 | Rev: 3/99999
Epoch 2735 | Cost: 0.107981 | Acc: 94.44% (Best: 94.44% @ Ep1746) | LR: 0.000300 | Rev: 0/99999
Epoch 2736 | Cost: 0.089001 | Acc: 94.44% (Best: 94.44% @ Ep1746) | LR: 0.000300 | Rev: 0/99999
Epoch 2737 | Cost: 0.078293 | Acc: 94.44% (Best: 94.44% @ Ep1746) | LR: 0.000300 | Rev: 0/99999
Epoch 2738 | Cost: 0.118010 | Acc: 94.44% (Best: 94.44% @ Ep1746) | LR: 0.000300 | Rev: 1/99999
Epoch 2739 | Cost: 0.089126 | Acc: 94.44% (Best: 94.44% @ Ep1746) | LR: 0.000300 | Rev: 0/99999
Epoch 2740 | Cost: 0.099824 | Acc: 94.44% (Best: 94.44% @ Ep1746) | LR: 0.000300 | Rev: 1/99999
Epoch 2741 | Cost: 0.097737 | Acc: 94.44% (Best: 94.44% @ Ep1746) | LR: 0.000300 | Rev: 0/99999
Epoch 2742 | Cost: 0.103084 | Acc: 94.44% (Best: 94.44% @ Ep1746) | LR: 0.000300 | Rev: 1/99999
Epoch 2743 | Cost: 0.089689 | Acc: 94.44% (Best: 94.44% @ Ep1746) | LR: 0.000300 | Rev: 0/99999
Epoch 2744 | Cost: 0.097108 | Acc: 94.44% (Best: 94.44% @ Ep1746) | LR: 0.000300 | Rev: 1/99999
Epoch 2745 | Cost: 0.100016 | Acc: 94.44% (Best: 94.44% @ Ep1746) | LR: 0.000300 | Rev: 2/99999
Epoch 2746 | Cost: 0.111384 | Acc: 94.44% (Best: 94.44% @ Ep1746) | LR: 0.000300 | Rev: 3/99999
Epoch 2747 | Cost: 0.107953 | Acc: 94.44% (Best: 94.44% @ Ep1746) | LR: 0.000300 | Rev: 0/99999
Epoch 2748 | Cost: 0.121223 | Acc: 94.44% (Best: 94.44% @ Ep1746) | LR: 0.000300 | Rev: 1/99999
Epoch 2749 | Cost: 0.102655 | Acc: 94.44% (Best: 94.44% @ Ep1746) | LR: 0.000300 | Rev: 0/99999
Epoch 2750 | Cost: 0.103311 | Acc: 94.44% (Best: 94.44% @ Ep1746) | LR: 0.000300 | Rev: 1/99999
Epoch 2751 | Cost: 0.112314 | Acc: 94.44% (Best: 94.44% @ Ep1746) | LR: 0.000300 | Rev: 2/99999
Epoch 2752 | Cost: 0.131944 | Acc: 94.44% (Best: 94.44% @ Ep1746) | LR: 0.000300 | Rev: 3/99999
Epoch 2753 | Cost: 0.107719 | Acc: 94.44% (Best: 94.44% @ Ep1746) | LR: 0.000300 | Rev: 0/99999
Epoch 2754 | Cost: 0.111362 | Acc: 94.44% (Best: 94.44% @ Ep1746) | LR: 0.000300 | Rev: 1/99999
Epoch 2755 | Cost: 0.104049 | Acc: 94.44% (Best: 94.44% @ Ep1746) | LR: 0.000300 | Rev: 0/99999
Epoch 2756 | Cost: 0.089942 | Acc: 94.44% (Best: 94.44% @ Ep1746) | LR: 0.000300 | Rev: 0/99999
Epoch 2757 | Cost: 0.077744 | Acc: 94.44% (Best: 94.44% @ Ep1746) | LR: 0.000300 | Rev: 0/99999
Epoch 2758 | Cost: 0.121668 | Acc: 94.44% (Best: 94.44% @ Ep1746) | LR: 0.000300 | Rev: 1/99999
Epoch 2759 | Cost: 0.102688 | Acc: 94.44% (Best: 94.44% @ Ep1746) | LR: 0.000300 | Rev: 0/99999
Epoch 2760 | Cost: 0.098043 | Acc: 94.44% (Best: 94.44% @ Ep1746) | LR: 0.000300 | Rev: 0/99999
Epoch 2761 | Cost: 0.102348 | Acc: 94.44% (Best: 94.44% @ Ep1746) | LR: 0.000300 | Rev: 1/99999
Epoch 2762 | Cost: 0.092118 | Acc: 94.44% (Best: 94.44% @ Ep1746) | LR: 0.000300 | Rev: 0/99999
Epoch 2763 | Cost: 0.124006 | Acc: 94.44% (Best: 94.44% @ Ep1746) | LR: 0.000300 | Rev: 1/99999
Epoch 2764 | Cost: 0.090543 | Acc: 94.44% (Best: 94.44% @ Ep1746) | LR: 0.000300 | Rev: 0/99999
Epoch 2765 | Cost: 0.096728 | Acc: 94.44% (Best: 94.44% @ Ep1746) | LR: 0.000300 | Rev: 1/99999
Epoch 2766 | Cost: 0.108334 | Acc: 94.44% (Best: 94.44% @ Ep1746) | LR: 0.000300 | Rev: 2/99999
Epoch 2767 | Cost: 0.101900 | Acc: 94.44% (Best: 94.44% @ Ep1746) | LR: 0.000300 | Rev: 0/99999
Epoch 2768 | Cost: 0.118806 | Acc: 94.44% (Best: 94.44% @ Ep1746) | LR: 0.000300 | Rev: 1/99999
Epoch 2769 | Cost: 0.091199 | Acc: 94.44% (Best: 94.44% @ Ep1746) | LR: 0.000300 | Rev: 0/99999
Epoch 2770 | Cost: 0.077346 | Acc: 94.44% (Best: 94.44% @ Ep1746) | LR: 0.000300 | Rev: 0/99999
Epoch 2771 | Cost: 0.116170 | Acc: 94.44% (Best: 94.44% @ Ep1746) | LR: 0.000300 | Rev: 1/99999
Epoch 2772 | Cost: 0.105408 | Acc: 94.44% (Best: 94.44% @ Ep1746) | LR: 0.000300 | Rev: 0/99999
Epoch 2773 | Cost: 0.114887 | Acc: 94.44% (Best: 94.44% @ Ep1746) | LR: 0.000300 | Rev: 1/99999
Epoch 2774 | Cost: 0.133328 | Acc: 94.44% (Best: 94.44% @ Ep1746) | LR: 0.000300 | Rev: 2/99999
Epoch 2775 | Cost: 0.109347 | Acc: 94.44% (Best: 94.44% @ Ep1746) | LR: 0.000300 | Rev: 0/99999
Epoch 2776 | Cost: 0.096691 | Acc: 94.44% (Best: 94.44% @ Ep1746) | LR: 0.000300 | Rev: 0/99999
Epoch 2777 | Cost: 0.117863 | Acc: 94.44% (Best: 94.44% @ Ep1746) | LR: 0.000300 | Rev: 1/99999
Epoch 2778 | Cost: 0.105063 | Acc: 94.44% (Best: 94.44% @ Ep1746) | LR: 0.000300 | Rev: 0/99999
Epoch 2779 | Cost: 0.099407 | Acc: 94.44% (Best: 94.44% @ Ep1746) | LR: 0.000300 | Rev: 0/99999
Epoch 2780 | Cost: 0.115413 | Acc: 94.44% (Best: 94.44% @ Ep1746) | LR: 0.000300 | Rev: 1/99999
Epoch 2781 | Cost: 0.090802 | Acc: 94.44% (Best: 94.44% @ Ep1746) | LR: 0.000300 | Rev: 0/99999
Epoch 2782 | Cost: 0.093074 | Acc: 94.44% (Best: 94.44% @ Ep1746) | LR: 0.000300 | Rev: 1/99999
Epoch 2783 | Cost: 0.106774 | Acc: 94.44% (Best: 94.44% @ Ep1746) | LR: 0.000300 | Rev: 2/99999
Epoch 2784 | Cost: 0.098819 | Acc: 94.44% (Best: 94.44% @ Ep1746) | LR: 0.000300 | Rev: 0/99999
Epoch 2785 | Cost: 0.089228 | Acc: 94.44% (Best: 94.44% @ Ep1746) | LR: 0.000300 | Rev: 0/99999
Epoch 2786 | Cost: 0.115396 | Acc: 94.44% (Best: 94.44% @ Ep1746) | LR: 0.000300 | Rev: 1/99999
Epoch 2787 | Cost: 0.124401 | Acc: 94.44% (Best: 94.44% @ Ep1746) | LR: 0.000300 | Rev: 2/99999
Epoch 2788 | Cost: 0.105726 | Acc: 94.44% (Best: 94.44% @ Ep1746) | LR: 0.000300 | Rev: 0/99999
Epoch 2789 | Cost: 0.087772 | Acc: 94.44% (Best: 94.44% @ Ep1746) | LR: 0.000300 | Rev: 0/99999
Epoch 2790 | Cost: 0.107170 | Acc: 94.44% (Best: 94.44% @ Ep1746) | LR: 0.000300 | Rev: 1/99999
Epoch 2791 | Cost: 0.081219 | Acc: 94.44% (Best: 94.44% @ Ep1746) | LR: 0.000300 | Rev: 0/99999
Epoch 2792 | Cost: 0.082204 | Acc: 94.44% (Best: 94.44% @ Ep1746) | LR: 0.000300 | Rev: 1/99999
Epoch 2793 | Cost: 0.085565 | Acc: 94.44% (Best: 94.44% @ Ep1746) | LR: 0.000300 | Rev: 2/99999
Epoch 2794 | Cost: 0.106276 | Acc: 94.44% (Best: 94.44% @ Ep1746) | LR: 0.000300 | Rev: 3/99999
Epoch 2795 | Cost: 0.092451 | Acc: 94.44% (Best: 94.44% @ Ep1746) | LR: 0.000300 | Rev: 0/99999
Epoch 2796 | Cost: 0.103571 | Acc: 94.44% (Best: 94.44% @ Ep1746) | LR: 0.000300 | Rev: 1/99999
Epoch 2797 | Cost: 0.098841 | Acc: 94.44% (Best: 94.44% @ Ep1746) | LR: 0.000300 | Rev: 0/99999
Epoch 2798 | Cost: 0.105702 | Acc: 94.44% (Best: 94.44% @ Ep1746) | LR: 0.000300 | Rev: 1/99999
Epoch 2799 | Cost: 0.081890 | Acc: 94.44% (Best: 94.44% @ Ep1746) | LR: 0.000300 | Rev: 0/99999
Epoch 2800 | Cost: 0.096605 | Acc: 94.44% (Best: 94.44% @ Ep1746) | LR: 0.000300 | Rev: 1/99999
Epoch 2801 | Cost: 0.105191 | Acc: 94.44% (Best: 94.44% @ Ep1746) | LR: 0.000300 | Rev: 2/99999
Epoch 2802 | Cost: 0.096125 | Acc: 94.44% (Best: 94.44% @ Ep1746) | LR: 0.000300 | Rev: 0/99999
Epoch 2803 | Cost: 0.089161 | Acc: 94.44% (Best: 94.44% @ Ep1746) | LR: 0.000300 | Rev: 0/99999
Epoch 2804 | Cost: 0.094949 | Acc: 94.44% (Best: 94.44% @ Ep1746) | LR: 0.000300 | Rev: 1/99999
Epoch 2805 | Cost: 0.123328 | Acc: 94.44% (Best: 94.44% @ Ep1746) | LR: 0.000300 | Rev: 2/99999
Epoch 2806 | Cost: 0.094505 | Acc: 94.44% (Best: 94.44% @ Ep1746) | LR: 0.000300 | Rev: 0/99999
Epoch 2807 | Cost: 0.103617 | Acc: 94.44% (Best: 94.44% @ Ep1746) | LR: 0.000300 | Rev: 1/99999
Epoch 2808 | Cost: 0.092479 | Acc: 94.44% (Best: 94.44% @ Ep1746) | LR: 0.000300 | Rev: 0/99999
Epoch 2809 | Cost: 0.091511 | Acc: 94.44% (Best: 94.44% @ Ep1746) | LR: 0.000300 | Rev: 0/99999
Epoch 2810 | Cost: 0.096713 | Acc: 94.44% (Best: 94.44% @ Ep1746) | LR: 0.000300 | Rev: 1/99999
Epoch 2811 | Cost: 0.102410 | Acc: 94.44% (Best: 94.44% @ Ep1746) | LR: 0.000300 | Rev: 2/99999
Epoch 2812 | Cost: 0.079251 | Acc: 94.44% (Best: 94.44% @ Ep1746) | LR: 0.000300 | Rev: 0/99999
Epoch 2813 | Cost: 0.089739 | Acc: 94.44% (Best: 94.44% @ Ep1746) | LR: 0.000300 | Rev: 1/99999
Epoch 2814 | Cost: 0.107901 | Acc: 94.44% (Best: 94.44% @ Ep1746) | LR: 0.000300 | Rev: 2/99999
Epoch 2815 | Cost: 0.110194 | Acc: 94.44% (Best: 94.44% @ Ep1746) | LR: 0.000300 | Rev: 3/99999
Epoch 2816 | Cost: 0.091098 | Acc: 94.44% (Best: 94.44% @ Ep1746) | LR: 0.000300 | Rev: 0/99999
Epoch 2817 | Cost: 0.102893 | Acc: 94.44% (Best: 94.44% @ Ep1746) | LR: 0.000300 | Rev: 1/99999
Epoch 2818 | Cost: 0.081108 | Acc: 94.44% (Best: 94.44% @ Ep1746) | LR: 0.000300 | Rev: 0/99999
Epoch 2819 | Cost: 0.106792 | Acc: 94.44% (Best: 94.44% @ Ep1746) | LR: 0.000300 | Rev: 1/99999
Epoch 2820 | Cost: 0.084837 | Acc: 94.44% (Best: 94.44% @ Ep1746) | LR: 0.000300 | Rev: 0/99999
Epoch 2821 | Cost: 0.076995 | Acc: 94.44% (Best: 94.44% @ Ep1746) | LR: 0.000300 | Rev: 0/99999
Epoch 2822 | Cost: 0.114122 | Acc: 94.44% (Best: 94.44% @ Ep1746) | LR: 0.000300 | Rev: 1/99999
Epoch 2823 | Cost: 0.093479 | Acc: 94.44% (Best: 94.44% @ Ep1746) | LR: 0.000300 | Rev: 0/99999
Epoch 2824 | Cost: 0.095520 | Acc: 94.44% (Best: 94.44% @ Ep1746) | LR: 0.000300 | Rev: 1/99999
Epoch 2825 | Cost: 0.088480 | Acc: 94.44% (Best: 94.44% @ Ep1746) | LR: 0.000300 | Rev: 0/99999
Epoch 2826 | Cost: 0.099415 | Acc: 94.44% (Best: 94.44% @ Ep1746) | LR: 0.000300 | Rev: 1/99999
Epoch 2827 | Cost: 0.081880 | Acc: 94.44% (Best: 94.44% @ Ep1746) | LR: 0.000300 | Rev: 0/99999
Epoch 2828 | Cost: 0.090502 | Acc: 94.44% (Best: 94.44% @ Ep1746) | LR: 0.000300 | Rev: 1/99999
Epoch 2829 | Cost: 0.092998 | Acc: 94.44% (Best: 94.44% @ Ep1746) | LR: 0.000300 | Rev: 2/99999
Epoch 2830 | Cost: 0.112807 | Acc: 94.44% (Best: 94.44% @ Ep1746) | LR: 0.000300 | Rev: 3/99999
Epoch 2831 | Cost: 0.097343 | Acc: 94.44% (Best: 94.44% @ Ep1746) | LR: 0.000300 | Rev: 0/99999
Epoch 2832 | Cost: 0.114177 | Acc: 94.44% (Best: 94.44% @ Ep1746) | LR: 0.000300 | Rev: 1/99999
Epoch 2833 | Cost: 0.103340 | Acc: 94.44% (Best: 94.44% @ Ep1746) | LR: 0.000300 | Rev: 0/99999
Epoch 2834 | Cost: 0.091291 | Acc: 94.44% (Best: 94.44% @ Ep1746) | LR: 0.000300 | Rev: 0/99999
Epoch 2835 | Cost: 0.081220 | Acc: 94.44% (Best: 94.44% @ Ep1746) | LR: 0.000300 | Rev: 0/99999
Epoch 2836 | Cost: 0.067889 | Acc: 94.44% (Best: 94.44% @ Ep1746) | LR: 0.000300 | Rev: 0/99999
Epoch 2837 | Cost: 0.092088 | Acc: 94.44% (Best: 94.44% @ Ep1746) | LR: 0.000300 | Rev: 1/99999
Epoch 2838 | Cost: 0.085245 | Acc: 94.44% (Best: 94.44% @ Ep1746) | LR: 0.000300 | Rev: 0/99999
Epoch 2839 | Cost: 0.111046 | Acc: 94.44% (Best: 94.44% @ Ep1746) | LR: 0.000300 | Rev: 1/99999
Epoch 2840 | Cost: 0.104326 | Acc: 94.44% (Best: 94.44% @ Ep1746) | LR: 0.000300 | Rev: 0/99999
Epoch 2841 | Cost: 0.101867 | Acc: 94.44% (Best: 94.44% @ Ep1746) | LR: 0.000300 | Rev: 0/99999
Epoch 2842 | Cost: 0.101626 | Acc: 94.44% (Best: 94.44% @ Ep1746) | LR: 0.000300 | Rev: 0/99999
Epoch 2843 | Cost: 0.096878 | Acc: 94.44% (Best: 94.44% @ Ep1746) | LR: 0.000300 | Rev: 0/99999
Epoch 2844 | Cost: 0.107602 | Acc: 94.44% (Best: 94.44% @ Ep1746) | LR: 0.000300 | Rev: 1/99999
Epoch 2845 | Cost: 0.101173 | Acc: 94.44% (Best: 94.44% @ Ep1746) | LR: 0.000300 | Rev: 0/99999
Epoch 2846 | Cost: 0.092973 | Acc: 94.44% (Best: 94.44% @ Ep1746) | LR: 0.000300 | Rev: 0/99999
Epoch 2847 | Cost: 0.082304 | Acc: 94.44% (Best: 94.44% @ Ep1746) | LR: 0.000300 | Rev: 0/99999
Epoch 2848 | Cost: 0.100249 | Acc: 94.44% (Best: 94.44% @ Ep1746) | LR: 0.000300 | Rev: 1/99999
Epoch 2849 | Cost: 0.083472 | Acc: 94.44% (Best: 94.44% @ Ep1746) | LR: 0.000300 | Rev: 0/99999
Epoch 2850 | Cost: 0.083145 | Acc: 94.44% (Best: 94.44% @ Ep1746) | LR: 0.000300 | Rev: 0/99999
Epoch 2851 | Cost: 0.093661 | Acc: 94.44% (Best: 94.44% @ Ep1746) | LR: 0.000300 | Rev: 1/99999
Epoch 2852 | Cost: 0.110644 | Acc: 94.44% (Best: 94.44% @ Ep1746) | LR: 0.000300 | Rev: 2/99999
Epoch 2853 | Cost: 0.084173 | Acc: 94.44% (Best: 94.44% @ Ep1746) | LR: 0.000300 | Rev: 0/99999
Epoch 2854 | Cost: 0.074320 | Acc: 94.44% (Best: 94.44% @ Ep1746) | LR: 0.000300 | Rev: 0/99999
Epoch 2855 | Cost: 0.066794 | Acc: 94.44% (Best: 94.44% @ Ep1746) | LR: 0.000300 | Rev: 0/99999
Epoch 2856 | Cost: 0.102370 | Acc: 94.44% (Best: 94.44% @ Ep1746) | LR: 0.000300 | Rev: 1/99999
Epoch 2857 | Cost: 0.099382 | Acc: 94.44% (Best: 94.44% @ Ep1746) | LR: 0.000300 | Rev: 0/99999
Epoch 2858 | Cost: 0.092230 | Acc: 94.44% (Best: 94.44% @ Ep1746) | LR: 0.000300 | Rev: 0/99999
Epoch 2859 | Cost: 0.078548 | Acc: 94.44% (Best: 94.44% @ Ep1746) | LR: 0.000300 | Rev: 0/99999
Epoch 2860 | Cost: 0.106344 | Acc: 94.44% (Best: 94.44% @ Ep1746) | LR: 0.000300 | Rev: 1/99999
Epoch 2861 | Cost: 0.078741 | Acc: 94.44% (Best: 94.44% @ Ep1746) | LR: 0.000300 | Rev: 0/99999
Epoch 2862 | Cost: 0.079245 | Acc: 94.44% (Best: 94.44% @ Ep1746) | LR: 0.000300 | Rev: 1/99999
Epoch 2863 | Cost: 0.092594 | Acc: 94.44% (Best: 94.44% @ Ep1746) | LR: 0.000300 | Rev: 2/99999
Epoch 2864 | Cost: 0.105619 | Acc: 94.44% (Best: 94.44% @ Ep1746) | LR: 0.000300 | Rev: 3/99999
Epoch 2865 | Cost: 0.085103 | Acc: 94.44% (Best: 94.44% @ Ep1746) | LR: 0.000300 | Rev: 0/99999
Epoch 2866 | Cost: 0.094654 | Acc: 94.44% (Best: 94.44% @ Ep1746) | LR: 0.000300 | Rev: 1/99999
Epoch 2867 | Cost: 0.096713 | Acc: 94.44% (Best: 94.44% @ Ep1746) | LR: 0.000300 | Rev: 2/99999
Epoch 2868 | Cost: 0.107034 | Acc: 94.44% (Best: 94.44% @ Ep1746) | LR: 0.000300 | Rev: 3/99999
Epoch 2869 | Cost: 0.096943 | Acc: 94.44% (Best: 94.44% @ Ep1746) | LR: 0.000300 | Rev: 0/99999
Epoch 2870 | Cost: 0.073903 | Acc: 94.44% (Best: 94.44% @ Ep1746) | LR: 0.000300 | Rev: 0/99999
Epoch 2871 | Cost: 0.094025 | Acc: 94.44% (Best: 94.44% @ Ep1746) | LR: 0.000300 | Rev: 1/99999
Epoch 2872 | Cost: 0.102880 | Acc: 94.44% (Best: 94.44% @ Ep1746) | LR: 0.000300 | Rev: 2/99999
Epoch 2873 | Cost: 0.099495 | Acc: 94.44% (Best: 94.44% @ Ep1746) | LR: 0.000300 | Rev: 0/99999
Epoch 2874 | Cost: 0.104282 | Acc: 94.44% (Best: 94.44% @ Ep1746) | LR: 0.000300 | Rev: 1/99999
Epoch 2875 | Cost: 0.125654 | Acc: 94.44% (Best: 94.44% @ Ep1746) | LR: 0.000300 | Rev: 2/99999
Epoch 2876 | Cost: 0.091898 | Acc: 94.44% (Best: 94.44% @ Ep1746) | LR: 0.000300 | Rev: 0/99999
Epoch 2877 | Cost: 0.105383 | Acc: 94.44% (Best: 94.44% @ Ep1746) | LR: 0.000300 | Rev: 1/99999
Epoch 2878 | Cost: 0.085711 | Acc: 94.44% (Best: 94.44% @ Ep1746) | LR: 0.000300 | Rev: 0/99999
Epoch 2879 | Cost: 0.080481 | Acc: 94.44% (Best: 94.44% @ Ep1746) | LR: 0.000300 | Rev: 0/99999
Epoch 2880 | Cost: 0.092108 | Acc: 94.44% (Best: 94.44% @ Ep1746) | LR: 0.000300 | Rev: 1/99999
Epoch 2881 | Cost: 0.081877 | Acc: 94.44% (Best: 94.44% @ Ep1746) | LR: 0.000300 | Rev: 0/99999
Epoch 2882 | Cost: 0.084811 | Acc: 94.44% (Best: 94.44% @ Ep1746) | LR: 0.000300 | Rev: 1/99999
Epoch 2883 | Cost: 0.099752 | Acc: 94.44% (Best: 94.44% @ Ep1746) | LR: 0.000300 | Rev: 2/99999
Epoch 2884 | Cost: 0.113872 | Acc: 94.44% (Best: 94.44% @ Ep1746) | LR: 0.000300 | Rev: 3/99999
Epoch 2885 | Cost: 0.105881 | Acc: 94.44% (Best: 94.44% @ Ep1746) | LR: 0.000300 | Rev: 0/99999
Epoch 2886 | Cost: 0.091230 | Acc: 94.44% (Best: 94.44% @ Ep1746) | LR: 0.000300 | Rev: 0/99999
Epoch 2887 | Cost: 0.103720 | Acc: 94.44% (Best: 94.44% @ Ep1746) | LR: 0.000300 | Rev: 1/99999
Epoch 2888 | Cost: 0.102472 | Acc: 94.44% (Best: 94.44% @ Ep1746) | LR: 0.000300 | Rev: 0/99999
Epoch 2889 | Cost: 0.099863 | Acc: 94.44% (Best: 94.44% @ Ep1746) | LR: 0.000300 | Rev: 0/99999
Epoch 2890 | Cost: 0.080798 | Acc: 94.44% (Best: 94.44% @ Ep1746) | LR: 0.000300 | Rev: 0/99999
Epoch 2891 | Cost: 0.118479 | Acc: 94.44% (Best: 94.44% @ Ep1746) | LR: 0.000300 | Rev: 1/99999
Epoch 2892 | Cost: 0.069620 | Acc: 94.44% (Best: 94.44% @ Ep1746) | LR: 0.000300 | Rev: 0/99999
Epoch 2893 | Cost: 0.087883 | Acc: 94.44% (Best: 94.44% @ Ep1746) | LR: 0.000300 | Rev: 1/99999
Epoch 2894 | Cost: 0.089906 | Acc: 94.44% (Best: 94.44% @ Ep1746) | LR: 0.000300 | Rev: 2/99999
Epoch 2895 | Cost: 0.090628 | Acc: 94.44% (Best: 94.44% @ Ep1746) | LR: 0.000300 | Rev: 3/99999
Epoch 2896 | Cost: 0.089450 | Acc: 94.44% (Best: 94.44% @ Ep1746) | LR: 0.000300 | Rev: 0/99999
Epoch 2897 | Cost: 0.088005 | Acc: 94.44% (Best: 94.44% @ Ep1746) | LR: 0.000300 | Rev: 0/99999
Epoch 2898 | Cost: 0.081655 | Acc: 94.44% (Best: 94.44% @ Ep1746) | LR: 0.000300 | Rev: 0/99999
Epoch 2899 | Cost: 0.081423 | Acc: 94.44% (Best: 94.44% @ Ep1746) | LR: 0.000300 | Rev: 0/99999
Epoch 2900 | Cost: 0.091874 | Acc: 94.44% (Best: 94.44% @ Ep1746) | LR: 0.000300 | Rev: 1/99999
Epoch 2901 | Cost: 0.082829 | Acc: 94.44% (Best: 94.44% @ Ep1746) | LR: 0.000300 | Rev: 0/99999
Epoch 2902 | Cost: 0.102427 | Acc: 94.44% (Best: 94.44% @ Ep1746) | LR: 0.000300 | Rev: 1/99999
Epoch 2903 | Cost: 0.095721 | Acc: 94.44% (Best: 94.44% @ Ep1746) | LR: 0.000300 | Rev: 0/99999
Epoch 2904 | Cost: 0.097442 | Acc: 94.44% (Best: 94.44% @ Ep1746) | LR: 0.000300 | Rev: 1/99999
Epoch 2905 | Cost: 0.099231 | Acc: 94.44% (Best: 94.44% @ Ep1746) | LR: 0.000300 | Rev: 2/99999
Epoch 2906 | Cost: 0.072782 | Acc: 94.44% (Best: 94.44% @ Ep1746) | LR: 0.000300 | Rev: 0/99999
Epoch 2907 | Cost: 0.090477 | Acc: 94.44% (Best: 94.44% @ Ep1746) | LR: 0.000300 | Rev: 1/99999
Epoch 2908 | Cost: 0.076861 | Acc: 94.44% (Best: 94.44% @ Ep1746) | LR: 0.000300 | Rev: 0/99999
Epoch 2909 | Cost: 0.097755 | Acc: 94.44% (Best: 94.44% @ Ep1746) | LR: 0.000300 | Rev: 1/99999
Epoch 2910 | Cost: 0.082095 | Acc: 94.44% (Best: 94.44% @ Ep1746) | LR: 0.000300 | Rev: 0/99999
Epoch 2911 | Cost: 0.108287 | Acc: 94.44% (Best: 94.44% @ Ep1746) | LR: 0.000300 | Rev: 1/99999
Epoch 2912 | Cost: 0.088678 | Acc: 94.44% (Best: 94.44% @ Ep1746) | LR: 0.000300 | Rev: 0/99999
Epoch 2913 | Cost: 0.078728 | Acc: 94.44% (Best: 94.44% @ Ep1746) | LR: 0.000300 | Rev: 0/99999
Epoch 2914 | Cost: 0.094469 | Acc: 94.44% (Best: 94.44% @ Ep1746) | LR: 0.000300 | Rev: 1/99999
Epoch 2915 | Cost: 0.090286 | Acc: 94.44% (Best: 94.44% @ Ep1746) | LR: 0.000300 | Rev: 0/99999
Epoch 2916 | Cost: 0.090426 | Acc: 94.44% (Best: 94.44% @ Ep1746) | LR: 0.000300 | Rev: 1/99999
Epoch 2917 | Cost: 0.088441 | Acc: 94.44% (Best: 94.44% @ Ep1746) | LR: 0.000300 | Rev: 0/99999
Epoch 2918 | Cost: 0.080791 | Acc: 94.44% (Best: 94.44% @ Ep1746) | LR: 0.000300 | Rev: 0/99999
Epoch 2919 | Cost: 0.082095 | Acc: 94.44% (Best: 94.44% @ Ep1746) | LR: 0.000300 | Rev: 1/99999
Epoch 2920 | Cost: 0.081938 | Acc: 94.44% (Best: 94.44% @ Ep1746) | LR: 0.000300 | Rev: 0/99999
Epoch 2921 | Cost: 0.094976 | Acc: 94.44% (Best: 94.44% @ Ep1746) | LR: 0.000300 | Rev: 1/99999
Epoch 2922 | Cost: 0.109567 | Acc: 94.44% (Best: 94.44% @ Ep1746) | LR: 0.000300 | Rev: 2/99999
Epoch 2923 | Cost: 0.096150 | Acc: 94.44% (Best: 94.44% @ Ep1746) | LR: 0.000300 | Rev: 0/99999
Epoch 2924 | Cost: 0.082445 | Acc: 94.44% (Best: 94.44% @ Ep1746) | LR: 0.000300 | Rev: 0/99999
Epoch 2925 | Cost: 0.085915 | Acc: 94.44% (Best: 94.44% @ Ep1746) | LR: 0.000300 | Rev: 1/99999
Epoch 2926 | Cost: 0.080242 | Acc: 94.44% (Best: 94.44% @ Ep1746) | LR: 0.000300 | Rev: 0/99999
Epoch 2927 | Cost: 0.077338 | Acc: 94.44% (Best: 94.44% @ Ep1746) | LR: 0.000300 | Rev: 0/99999
Epoch 2928 | Cost: 0.105881 | Acc: 94.44% (Best: 94.44% @ Ep1746) | LR: 0.000300 | Rev: 1/99999
Epoch 2929 | Cost: 0.061326 | Acc: 94.44% (Best: 94.44% @ Ep1746) | LR: 0.000300 | Rev: 0/99999
Epoch 2930 | Cost: 0.072535 | Acc: 94.44% (Best: 94.44% @ Ep1746) | LR: 0.000300 | Rev: 1/99999
Epoch 2931 | Cost: 0.077823 | Acc: 94.44% (Best: 94.44% @ Ep1746) | LR: 0.000300 | Rev: 2/99999
Epoch 2932 | Cost: 0.091774 | Acc: 94.44% (Best: 94.44% @ Ep1746) | LR: 0.000300 | Rev: 3/99999
Epoch 2933 | Cost: 0.107167 | Acc: 94.44% (Best: 94.44% @ Ep1746) | LR: 0.000300 | Rev: 4/99999
Epoch 2934 | Cost: 0.092295 | Acc: 94.44% (Best: 94.44% @ Ep1746) | LR: 0.000300 | Rev: 0/99999
Epoch 2935 | Cost: 0.096956 | Acc: 94.44% (Best: 94.44% @ Ep1746) | LR: 0.000300 | Rev: 1/99999
Epoch 2936 | Cost: 0.103010 | Acc: 94.44% (Best: 94.44% @ Ep1746) | LR: 0.000300 | Rev: 2/99999
Epoch 2937 | Cost: 0.082937 | Acc: 94.44% (Best: 94.44% @ Ep1746) | LR: 0.000300 | Rev: 0/99999
Epoch 2938 | Cost: 0.077463 | Acc: 94.44% (Best: 94.44% @ Ep1746) | LR: 0.000300 | Rev: 0/99999
Epoch 2939 | Cost: 0.069900 | Acc: 94.44% (Best: 94.44% @ Ep1746) | LR: 0.000300 | Rev: 0/99999
Epoch 2940 | Cost: 0.104713 | Acc: 94.44% (Best: 94.44% @ Ep1746) | LR: 0.000300 | Rev: 1/99999
Epoch 2941 | Cost: 0.100386 | Acc: 94.44% (Best: 94.44% @ Ep1746) | LR: 0.000300 | Rev: 0/99999
Epoch 2942 | Cost: 0.079746 | Acc: 94.44% (Best: 94.44% @ Ep1746) | LR: 0.000300 | Rev: 0/99999
Epoch 2943 | Cost: 0.088588 | Acc: 94.44% (Best: 94.44% @ Ep1746) | LR: 0.000300 | Rev: 1/99999
Epoch 2944 | Cost: 0.073539 | Acc: 94.44% (Best: 94.44% @ Ep1746) | LR: 0.000300 | Rev: 0/99999
Epoch 2945 | Cost: 0.062384 | Acc: 94.44% (Best: 94.44% @ Ep1746) | LR: 0.000300 | Rev: 0/99999
Epoch 2946 | Cost: 0.096944 | Acc: 94.44% (Best: 94.44% @ Ep1746) | LR: 0.000300 | Rev: 1/99999
Epoch 2947 | Cost: 0.078661 | Acc: 94.44% (Best: 94.44% @ Ep1746) | LR: 0.000300 | Rev: 0/99999
Epoch 2948 | Cost: 0.085002 | Acc: 94.44% (Best: 94.44% @ Ep1746) | LR: 0.000300 | Rev: 1/99999
Epoch 2949 | Cost: 0.081626 | Acc: 94.44% (Best: 94.44% @ Ep1746) | LR: 0.000300 | Rev: 0/99999
Epoch 2950 | Cost: 0.075289 | Acc: 94.44% (Best: 94.44% @ Ep1746) | LR: 0.000300 | Rev: 0/99999
Epoch 2951 | Cost: 0.089413 | Acc: 94.44% (Best: 94.44% @ Ep1746) | LR: 0.000300 | Rev: 1/99999
Epoch 2952 | Cost: 0.098336 | Acc: 94.44% (Best: 94.44% @ Ep1746) | LR: 0.000300 | Rev: 2/99999
Epoch 2953 | Cost: 0.082155 | Acc: 94.44% (Best: 94.44% @ Ep1746) | LR: 0.000300 | Rev: 0/99999
Epoch 2954 | Cost: 0.090482 | Acc: 94.44% (Best: 94.44% @ Ep1746) | LR: 0.000300 | Rev: 1/99999
Epoch 2955 | Cost: 0.083885 | Acc: 94.44% (Best: 94.44% @ Ep1746) | LR: 0.000300 | Rev: 0/99999
Epoch 2956 | Cost: 0.090600 | Acc: 94.44% (Best: 94.44% @ Ep1746) | LR: 0.000300 | Rev: 1/99999
Epoch 2957 | Cost: 0.062628 | Acc: 94.44% (Best: 94.44% @ Ep1746) | LR: 0.000300 | Rev: 0/99999
Epoch 2958 | Cost: 0.082363 | Acc: 94.44% (Best: 94.44% @ Ep1746) | LR: 0.000300 | Rev: 1/99999
Epoch 2959 | Cost: 0.071153 | Acc: 94.44% (Best: 94.44% @ Ep1746) | LR: 0.000300 | Rev: 0/99999
Epoch 2960 | Cost: 0.079527 | Acc: 94.44% (Best: 94.44% @ Ep1746) | LR: 0.000300 | Rev: 1/99999
Epoch 2961 | Cost: 0.088050 | Acc: 94.44% (Best: 94.44% @ Ep1746) | LR: 0.000300 | Rev: 2/99999
Epoch 2962 | Cost: 0.096774 | Acc: 94.44% (Best: 94.44% @ Ep1746) | LR: 0.000300 | Rev: 3/99999
Epoch 2963 | Cost: 0.077147 | Acc: 94.44% (Best: 94.44% @ Ep1746) | LR: 0.000300 | Rev: 0/99999
Epoch 2964 | Cost: 0.094902 | Acc: 94.44% (Best: 94.44% @ Ep1746) | LR: 0.000300 | Rev: 1/99999
Epoch 2965 | Cost: 0.070487 | Acc: 94.44% (Best: 94.44% @ Ep1746) | LR: 0.000300 | Rev: 0/99999
Epoch 2966 | Cost: 0.101864 | Acc: 94.44% (Best: 94.44% @ Ep1746) | LR: 0.000300 | Rev: 1/99999
Epoch 2967 | Cost: 0.085215 | Acc: 94.44% (Best: 94.44% @ Ep1746) | LR: 0.000300 | Rev: 0/99999
Epoch 2968 | Cost: 0.104504 | Acc: 94.44% (Best: 94.44% @ Ep1746) | LR: 0.000300 | Rev: 1/99999
Epoch 2969 | Cost: 0.090303 | Acc: 94.44% (Best: 94.44% @ Ep1746) | LR: 0.000300 | Rev: 0/99999
Epoch 2970 | Cost: 0.083978 | Acc: 94.44% (Best: 94.44% @ Ep1746) | LR: 0.000300 | Rev: 0/99999
Epoch 2971 | Cost: 0.061302 | Acc: 94.44% (Best: 94.44% @ Ep1746) | LR: 0.000300 | Rev: 0/99999
Epoch 2972 | Cost: 0.074718 | Acc: 94.44% (Best: 94.44% @ Ep1746) | LR: 0.000300 | Rev: 1/99999
Epoch 2973 | Cost: 0.087168 | Acc: 94.44% (Best: 94.44% @ Ep1746) | LR: 0.000300 | Rev: 2/99999
Epoch 2974 | Cost: 0.069167 | Acc: 94.44% (Best: 94.44% @ Ep1746) | LR: 0.000300 | Rev: 0/99999
Epoch 2975 | Cost: 0.077959 | Acc: 94.44% (Best: 94.44% @ Ep1746) | LR: 0.000300 | Rev: 1/99999
Epoch 2976 | Cost: 0.055688 | Acc: 94.44% (Best: 94.44% @ Ep1746) | LR: 0.000300 | Rev: 0/99999
Epoch 2977 | Cost: 0.100936 | Acc: 94.44% (Best: 94.44% @ Ep1746) | LR: 0.000300 | Rev: 1/99999
Epoch 2978 | Cost: 0.094411 | Acc: 94.44% (Best: 94.44% @ Ep1746) | LR: 0.000300 | Rev: 0/99999
Epoch 2979 | Cost: 0.086706 | Acc: 94.44% (Best: 94.44% @ Ep1746) | LR: 0.000300 | Rev: 0/99999
Epoch 2980 | Cost: 0.072618 | Acc: 94.44% (Best: 94.44% @ Ep1746) | LR: 0.000300 | Rev: 0/99999
Epoch 2981 | Cost: 0.120109 | Acc: 94.44% (Best: 94.44% @ Ep1746) | LR: 0.000300 | Rev: 1/99999
Epoch 2982 | Cost: 0.086434 | Acc: 94.44% (Best: 94.44% @ Ep1746) | LR: 0.000300 | Rev: 0/99999
Epoch 2983 | Cost: 0.073570 | Acc: 94.44% (Best: 94.44% @ Ep1746) | LR: 0.000300 | Rev: 0/99999
Epoch 2984 | Cost: 0.099221 | Acc: 94.44% (Best: 94.44% @ Ep1746) | LR: 0.000300 | Rev: 1/99999
Epoch 2985 | Cost: 0.113307 | Acc: 94.44% (Best: 94.44% @ Ep1746) | LR: 0.000300 | Rev: 2/99999
Epoch 2986 | Cost: 0.097390 | Acc: 94.44% (Best: 94.44% @ Ep1746) | LR: 0.000300 | Rev: 0/99999
Epoch 2987 | Cost: 0.095793 | Acc: 94.44% (Best: 94.44% @ Ep1746) | LR: 0.000300 | Rev: 0/99999
Epoch 2988 | Cost: 0.123683 | Acc: 94.44% (Best: 94.44% @ Ep1746) | LR: 0.000300 | Rev: 1/99999
Epoch 2989 | Cost: 0.091395 | Acc: 94.44% (Best: 94.44% @ Ep1746) | LR: 0.000300 | Rev: 0/99999
Epoch 2990 | Cost: 0.084768 | Acc: 94.44% (Best: 94.44% @ Ep1746) | LR: 0.000300 | Rev: 0/99999
Epoch 2991 | Cost: 0.075475 | Acc: 94.44% (Best: 94.44% @ Ep1746) | LR: 0.000300 | Rev: 0/99999
Epoch 2992 | Cost: 0.090403 | Acc: 94.44% (Best: 94.44% @ Ep1746) | LR: 0.000300 | Rev: 1/99999
Epoch 2993 | Cost: 0.072523 | Acc: 94.44% (Best: 94.44% @ Ep1746) | LR: 0.000300 | Rev: 0/99999
Epoch 2994 | Cost: 0.082381 | Acc: 94.44% (Best: 94.44% @ Ep1746) | LR: 0.000300 | Rev: 1/99999
Epoch 2995 | Cost: 0.073081 | Acc: 94.44% (Best: 94.44% @ Ep1746) | LR: 0.000300 | Rev: 0/99999
Epoch 2996 | Cost: 0.070472 | Acc: 94.44% (Best: 94.44% @ Ep1746) | LR: 0.000300 | Rev: 0/99999
Epoch 2997 | Cost: 0.081299 | Acc: 94.44% (Best: 94.44% @ Ep1746) | LR: 0.000300 | Rev: 1/99999
Epoch 2998 | Cost: 0.078311 | Acc: 94.44% (Best: 94.44% @ Ep1746) | LR: 0.000300 | Rev: 0/99999
Epoch 2999 | Cost: 0.065006 | Acc: 94.44% (Best: 94.44% @ Ep1746) | LR: 0.000300 | Rev: 0/99999
Epoch 3000 | Cost: 0.131558 | Acc: 94.44% (Best: 94.44% @ Ep1746) | LR: 0.000300 | Rev: 1/99999

======================================================
[FINISH] Best Acc: 94.44% (Epoch 1746)
======================================================
